{
    "name": "00a395fe-d60c0b47",
    "frames": [
        {
            "timestamp": 10000,
            "objects": [
                {
                    "category": "traffic sign",
                    "id": 0,
                    "attributes": {
                        "occluded": false,
                        "truncated": false,
                        "trafficLightColor": "none"
                    },
                    "box2d": {
                        "x1": 173.437812,
                        "y1": 221.102013,
                        "x2": 190.906368,
                        "y2": 232.331799
                    }
                },
                {
                    "category": "traffic sign",
                    "id": 1,
                    "attributes": {
                        "occluded": false,
                        "truncated": false,
                        "trafficLightColor": "none"
                    },
                    "box2d": {
                        "x1": 180.924336,
                        "y1": 208.624472,
                        "x2": 198.392892,
                        "y2": 219.854259
                    }
                },
                {
                    "category": "traffic sign",
                    "id": 2,
                    "attributes": {
                        "occluded": false,
                        "truncated": false,
                        "trafficLightColor": "none"
                    },
                    "box2d": {
                        "x1": 824.765422,
                        "y1": 187.412653,
                        "x2": 849.720503,
                        "y2": 193.651424
                    }
                },
                {
                    "category": "traffic sign",
                    "id": 3,
                    "attributes": {
                        "occluded": false,
                        "truncated": false,
                        "trafficLightColor": "none"
                    },
                    "box2d": {
                        "x1": 821.02216,
                        "y1": 162.457572,
                        "x2": 833.499701,
                        "y2": 172.439604
                    }
                },
                {
                    "category": "traffic sign",
                    "id": 4,
                    "attributes": {
                        "occluded": false,
                        "truncated": false,
                        "trafficLightColor": "none"
                    },
                    "box2d": {
                        "x1": 330.654821,
                        "y1": 209.872227,
                        "x2": 346.875625,
                        "y2": 218.606505
                    }
                },
                {
                    "category": "traffic light",
                    "id": 5,
                    "attributes": {
                        "occluded": false,
                        "truncated": false,
                        "trafficLightColor": "red"
                    },
                    "box2d": {
                        "x1": 474.146536,
                        "y1": 162.457572,
                        "x2": 481.63306,
                        "y2": 183.66939
                    }
                },
                {
                    "category": "traffic light",
                    "id": 6,
                    "attributes": {
                        "occluded": false,
                        "truncated": false,
                        "trafficLightColor": "red"
                    },
                    "box2d": {
                        "x1": 606.408465,
                        "y1": 182.421637,
                        "x2": 612.647235,
                        "y2": 192.40367
                    }
                },
                {
                    "category": "traffic light",
                    "id": 7,
                    "attributes": {
                        "occluded": false,
                        "truncated": false,
                        "trafficLightColor": "green"
                    },
                    "box2d": {
                        "x1": 728.688361,
                        "y1": 232.331799,
                        "x2": 741.165901,
                        "y2": 243.561585
                    }
                },
                {
                    "category": "traffic light",
                    "id": 8,
                    "attributes": {
                        "occluded": false,
                        "truncated": false,
                        "trafficLightColor": "none"
                    },
                    "box2d": {
                        "x1": 828.508684,
                        "y1": 236.075061,
                        "x2": 845.977241,
                        "y2": 248.552602
                    }
                },
                {
                    "category": "traffic light",
                    "id": 9,
                    "attributes": {
                        "occluded": false,
                        "truncated": false,
                        "trafficLightColor": "red"
                    },
                    "box2d": {
                        "x1": 557.746057,
                        "y1": 206.128964,
                        "x2": 563.984827,
                        "y2": 218.606504
                    }
                },
                {
                    "category": "car",
                    "id": 10,
                    "attributes": {
                        "occluded": true,
                        "truncated": false,
                        "trafficLightColor": "none"
                    },
                    "box2d": {
                        "x1": 554.002795,
                        "y1": 244.809339,
                        "x2": 566.480335,
                        "y2": 257.286879
                    }
                },
                {
                    "category": "car",
                    "id": 11,
                    "attributes": {
                        "occluded": true,
                        "truncated": false,
                        "trafficLightColor": "none"
                    },
                    "box2d": {
                        "x1": 534.03873,
                        "y1": 242.313831,
                        "x2": 560.241564,
                        "y2": 256.039126
                    }
                },
                {
                    "category": "truck",
                    "id": 12,
                    "attributes": {
                        "occluded": true,
                        "truncated": false,
                        "trafficLightColor": "none"
                    },
                    "box2d": {
                        "x1": 511.579158,
                        "y1": 231.084044,
                        "x2": 536.534239,
                        "y2": 253.543617
                    }
                },
                {
                    "category": "truck",
                    "id": 13,
                    "attributes": {
                        "occluded": true,
                        "truncated": false,
                        "trafficLightColor": "none"
                    },
                    "box2d": {
                        "x1": 502.844879,
                        "y1": 233.579554,
                        "x2": 529.047714,
                        "y2": 257.286881
                    }
                },
                {
                    "category": "car",
                    "id": 14,
                    "attributes": {
                        "occluded": true,
                        "truncated": false,
                        "trafficLightColor": "none"
                    },
                    "box2d": {
                        "x1": 491.615092,
                        "y1": 244.809339,
                        "x2": 521.56119,
                        "y2": 262.277895
                    }
                },
                {
                    "category": "truck",
                    "id": 15,
                    "attributes": {
                        "occluded": true,
                        "truncated": false,
                        "trafficLightColor": "none"
                    },
                    "box2d": {
                        "x1": 465.412258,
                        "y1": 232.331799,
                        "x2": 507.835895,
                        "y2": 271.012174
                    }
                },
                {
                    "category": "car",
                    "id": 16,
                    "attributes": {
                        "occluded": true,
                        "truncated": false,
                        "trafficLightColor": "none"
                    },
                    "box2d": {
                        "x1": 441.704931,
                        "y1": 247.304847,
                        "x2": 482.880814,
                        "y2": 277.250944
                    }
                },
                {
                    "category": "car",
                    "id": 17,
                    "attributes": {
                        "occluded": true,
                        "truncated": false,
                        "trafficLightColor": "none"
                    },
                    "box2d": {
                        "x1": 436.713915,
                        "y1": 252.295864,
                        "x2": 464.164504,
                        "y2": 284.737469
                    }
                },
                {
                    "category": "car",
                    "id": 18,
                    "attributes": {
                        "occluded": true,
                        "truncated": false,
                        "trafficLightColor": "none"
                    },
                    "box2d": {
                        "x1": 398.03354,
                        "y1": 249.800356,
                        "x2": 451.686963,
                        "y2": 289.728485
                    }
                },
                {
                    "category": "car",
                    "id": 19,
                    "attributes": {
                        "occluded": true,
                        "truncated": false,
                        "trafficLightColor": "none"
                    },
                    "box2d": {
                        "x1": 328.159314,
                        "y1": 257.286881,
                        "x2": 384.308246,
                        "y2": 292.223994
                    }
                },
                {
                    "category": "car",
                    "id": 20,
                    "attributes": {
                        "occluded": true,
                        "truncated": false,
                        "trafficLightColor": "none"
                    },
                    "box2d": {
                        "x1": 626.372529,
                        "y1": 242.313831,
                        "x2": 647.584348,
                        "y2": 258.534634
                    }
                },
                {
                    "category": "car",
                    "id": 21,
                    "attributes": {
                        "occluded": true,
                        "truncated": false,
                        "trafficLightColor": "none"
                    },
                    "box2d": {
                        "x1": 637.602316,
                        "y1": 246.057093,
                        "x2": 661.309643,
                        "y2": 266.021158
                    }
                },
                {
                    "category": "car",
                    "id": 22,
                    "attributes": {
                        "occluded": true,
                        "truncated": false,
                        "trafficLightColor": "none"
                    },
                    "box2d": {
                        "x1": 739.918147,
                        "y1": 274.755436,
                        "x2": 835.995208,
                        "y2": 345.877417
                    }
                },
                {
                    "category": "car",
                    "id": 23,
                    "attributes": {
                        "occluded": true,
                        "truncated": false,
                        "trafficLightColor": "none"
                    },
                    "box2d": {
                        "x1": 742.413655,
                        "y1": 261.030142,
                        "x2": 855.959273,
                        "y2": 302.206024
                    }
                },
                {
                    "category": "car",
                    "id": 24,
                    "attributes": {
                        "occluded": false,
                        "truncated": false,
                        "trafficLightColor": "none"
                    },
                    "box2d": {
                        "x1": 560.241564,
                        "y1": 242.313831,
                        "x2": 585.196646,
                        "y2": 261.030142
                    }
                },
                {
                    "category": "car",
                    "id": 25,
                    "attributes": {
                        "occluded": false,
                        "truncated": false,
                        "trafficLightColor": "none"
                    },
                    "box2d": {
                        "x1": 456.67798,
                        "y1": 256.039126,
                        "x2": 551.507287,
                        "y2": 342.134155
                    }
                },
                {
                    "category": "car",
                    "id": 26,
                    "attributes": {
                        "occluded": false,
                        "truncated": false,
                        "trafficLightColor": "none"
                    },
                    "box2d": {
                        "x1": 335.645837,
                        "y1": 254.791371,
                        "x2": 442.952685,
                        "y2": 338.390892
                    }
                },
                {
                    "category": "truck",
                    "id": 27,
                    "attributes": {
                        "occluded": false,
                        "truncated": false,
                        "trafficLightColor": "none"
                    },
                    "box2d": {
                        "x1": 655.070873,
                        "y1": 231.084044,
                        "x2": 711.219805,
                        "y2": 288.48073
                    }
                },
                {
                    "category": "car",
                    "id": 28,
                    "attributes": {
                        "occluded": false,
                        "truncated": false,
                        "trafficLightColor": "none"
                    },
                    "box2d": {
                        "x1": 76.112997,
                        "y1": 266.021158,
                        "x2": 248.303055,
                        "y2": 352.116186
                    }
                },
                {
                    "category": "car",
                    "id": 29,
                    "attributes": {
                        "occluded": false,
                        "truncated": true,
                        "trafficLightColor": "none"
                    },
                    "box2d": {
                        "x1": 0,
                        "y1": 285.985223,
                        "x2": 54.901178,
                        "y2": 378.319022
                    }
                },
                {
                    "category": "truck",
                    "id": 30,
                    "attributes": {
                        "occluded": false,
                        "truncated": true,
                        "trafficLightColor": "none"
                    },
                    "box2d": {
                        "x1": 807.296866,
                        "y1": 71.371527,
                        "x2": 1278.947894,
                        "y2": 470.65282
                    }
                },
                {
                    "category": "person",
                    "id": 31,
                    "attributes": {
                        "occluded": true,
                        "truncated": false,
                        "trafficLightColor": "none"
                    },
                    "box2d": {
                        "x1": 237.073268,
                        "y1": 267.268912,
                        "x2": 264.523857,
                        "y2": 334.64763
                    }
                },
                {
                    "category": "person",
                    "id": 32,
                    "attributes": {
                        "occluded": true,
                        "truncated": false,
                        "trafficLightColor": "none"
                    },
                    "box2d": {
                        "x1": 252.046317,
                        "y1": 257.286881,
                        "x2": 277.001397,
                        "y2": 307.197042
                    }
                },
                {
                    "category": "person",
                    "id": 33,
                    "attributes": {
                        "occluded": true,
                        "truncated": false,
                        "trafficLightColor": "none"
                    },
                    "box2d": {
                        "x1": 262.028349,
                        "y1": 249.800356,
                        "x2": 281.992414,
                        "y2": 297.215009
                    }
                },
                {
                    "category": "person",
                    "id": 34,
                    "attributes": {
                        "occluded": true,
                        "truncated": false,
                        "trafficLightColor": "none"
                    },
                    "box2d": {
                        "x1": 289.478938,
                        "y1": 256.039126,
                        "x2": 305.69974,
                        "y2": 302.206026
                    }
                },
                {
                    "category": "person",
                    "id": 35,
                    "attributes": {
                        "occluded": true,
                        "truncated": false,
                        "trafficLightColor": "none"
                    },
                    "box2d": {
                        "x1": 311.938511,
                        "y1": 259.782388,
                        "x2": 326.911559,
                        "y2": 310.940305
                    }
                },
                {
                    "category": "person",
                    "id": 36,
                    "attributes": {
                        "occluded": true,
                        "truncated": false,
                        "trafficLightColor": "none"
                    },
                    "box2d": {
                        "x1": 326.911559,
                        "y1": 264.773404,
                        "x2": 348.123378,
                        "y2": 318.426829
                    }
                },
                {
                    "category": "person",
                    "id": 37,
                    "attributes": {
                        "occluded": true,
                        "truncated": false,
                        "trafficLightColor": "none"
                    },
                    "box2d": {
                        "x1": 72.369734,
                        "y1": 257.286881,
                        "x2": 97.324816,
                        "y2": 295.967255
                    }
                },
                {
                    "category": "person",
                    "id": 38,
                    "attributes": {
                        "occluded": true,
                        "truncated": false,
                        "trafficLightColor": "none"
                    },
                    "box2d": {
                        "x1": 38.680375,
                        "y1": 259.782388,
                        "x2": 67.378717,
                        "y2": 324.665598
                    }
                },
                {
                    "category": "person",
                    "id": 39,
                    "attributes": {
                        "occluded": true,
                        "truncated": false,
                        "trafficLightColor": "none"
                    },
                    "box2d": {
                        "x1": 721.201837,
                        "y1": 249.800356,
                        "x2": 736.174884,
                        "y2": 285.985222
                    }
                },
                {
                    "category": "person",
                    "id": 40,
                    "attributes": {
                        "occluded": true,
                        "truncated": false,
                        "trafficLightColor": "none"
                    },
                    "box2d": {
                        "x1": 766.120982,
                        "y1": 261.030142,
                        "x2": 831.004191,
                        "y2": 393.29207
                    }
                },
                {
                    "category": "area/drivable",
                    "id": 41,
                    "attributes": {},
                    "poly2d": [
                        [
                            609.626949,
                            261.554321,
                            "L"
                        ],
                        [
                            595.807053,
                            298.407377,
                            "C"
                        ],
                        [
                            466.805377,
                            474.483097,
                            "C"
                        ],
                        [
                            351.655556,
                            579.41193,
                            "C"
                        ],
                        [
                            578.916069,
                            570.198666,
                            "C"
                        ],
                        [
                            858.385078,
                            574.805298,
                            "C"
                        ],
                        [
                            964.337614,
                            582.483018,
                            "C"
                        ],
                        [
                            835.335939,
                            479.08973,
                            "C"
                        ],
                        [
                            614.233581,
                            292.265201,
                            "C"
                        ],
                        [
                            617.304669,
                            261.554321,
                            "C"
                        ],
                        [
                            609.626949,
                            261.554321,
                            "L"
                        ]
                    ]
                },
                {
                    "category": "area/alternative",
                    "id": 42,
                    "attributes": {},
                    "poly2d": [
                        [
                            867.598342,
                            485.743745,
                            "L"
                        ],
                        [
                            1280.6437,
                            470.388305,
                            "L"
                        ],
                        [
                            1280.6437,
                            602.44509,
                            "L"
                        ],
                        [
                            1199.275847,
                            584.018562,
                            "C"
                        ],
                        [
                            1102.536574,
                            579.41193,
                            "C"
                        ],
                        [
                            982.764142,
                            579.41193,
                            "C"
                        ],
                        [
                            867.598342,
                            485.743745,
                            "L"
                        ]
                    ]
                },
                {
                    "category": "area/alternative",
                    "id": 43,
                    "attributes": {},
                    "poly2d": [
                        [
                            413.077316,
                            338.331521,
                            "L"
                        ],
                        [
                            0,
                            467.317217,
                            "L"
                        ],
                        [
                            0,
                            648.51141,
                            "L"
                        ],
                        [
                            133.608307,
                            611.658354,
                            "C"
                        ],
                        [
                            231.883124,
                            584.018562,
                            "C"
                        ],
                        [
                            337.83566,
                            577.876386,
                            "C"
                        ],
                        [
                            540.527469,
                            350.615873,
                            "L"
                        ],
                        [
                            413.077316,
                            338.331521,
                            "L"
                        ]
                    ]
                },
                {
                    "category": "area/alternative",
                    "id": 44,
                    "attributes": {},
                    "poly2d": [
                        [
                            328.622396,
                            333.724889,
                            "L"
                        ],
                        [
                            0,
                            396.682193,
                            "L"
                        ],
                        [
                            0,
                            455.032865,
                            "L"
                        ],
                        [
                            362.404364,
                            349.080329,
                            "L"
                        ],
                        [
                            328.622396,
                            333.724889,
                            "L"
                        ]
                    ]
                },
                {
                    "category": "lane/road curb",
                    "id": 45,
                    "attributes": {
                        "direction": "parallel",
                        "style": "solid"
                    },
                    "poly2d": [
                        [
                            331.205654,
                            313.322606,
                            "L"
                        ],
                        [
                            244.979579,
                            331.939543,
                            "L"
                        ]
                    ]
                },
                {
                    "category": "lane/crosswalk",
                    "id": 46,
                    "attributes": {
                        "direction": "vertical",
                        "style": "dashed"
                    },
                    "poly2d": [
                        [
                            339.04439,
                            320.181477,
                            "L"
                        ],
                        [
                            291.032144,
                            323.120993,
                            "L"
                        ]
                    ]
                },
                {
                    "category": "lane/crosswalk",
                    "id": 47,
                    "attributes": {
                        "direction": "vertical",
                        "style": "dashed"
                    },
                    "poly2d": [
                        [
                            260.657049,
                            331.939543,
                            "L"
                        ],
                        [
                            341.004072,
                            329.979864,
                            "L"
                        ]
                    ]
                },
                {
                    "category": "lane/crosswalk",
                    "id": 48,
                    "attributes": {
                        "direction": "vertical",
                        "style": "dashed"
                    },
                    "poly2d": [
                        [
                            735.880304,
                            318.221799,
                            "L"
                        ],
                        [
                            555.589419,
                            315.282284,
                            "L"
                        ]
                    ]
                },
                {
                    "category": "lane/crosswalk",
                    "id": 49,
                    "attributes": {
                        "direction": "vertical",
                        "style": "dashed"
                    },
                    "poly2d": [
                        [
                            744.69888,
                            333.899221,
                            "L"
                        ],
                        [
                            551.670052,
                            327.040349,
                            "L"
                        ]
                    ]
                },
                {
                    "category": "lane/crosswalk",
                    "id": 50,
                    "attributes": {
                        "direction": "vertical",
                        "style": "dashed"
                    },
                    "poly2d": [
                        [
                            697.666475,
                            294.705667,
                            "L"
                        ],
                        [
                            558.528944,
                            292.74599,
                            "L"
                        ]
                    ]
                },
                {
                    "category": "lane/crosswalk",
                    "id": 51,
                    "attributes": {
                        "direction": "vertical",
                        "style": "dashed"
                    },
                    "poly2d": [
                        [
                            659.452646,
                            283.927439,
                            "L"
                        ],
                        [
                            558.528944,
                            280.987923,
                            "L"
                        ]
                    ]
                },
                {
                    "category": "lane/crosswalk",
                    "id": 52,
                    "attributes": {
                        "direction": "vertical",
                        "style": "dashed"
                    },
                    "poly2d": [
                        [
                            460.544768,
                            295.685505,
                            "L"
                        ],
                        [
                            438.008407,
                            295.685505,
                            "L"
                        ]
                    ]
                },
                {
                    "category": "lane/crosswalk",
                    "id": 53,
                    "attributes": {
                        "direction": "vertical",
                        "style": "dashed"
                    },
                    "poly2d": [
                        [
                            466.423819,
                            284.907279,
                            "L"
                        ],
                        [
                            440.947931,
                            284.907279,
                            "L"
                        ]
                    ]
                },
                {
                    "category": "lane/crosswalk",
                    "id": 54,
                    "attributes": {
                        "direction": "vertical",
                        "style": "dashed"
                    },
                    "poly2d": [
                        [
                            462.504451,
                            327.040349,
                            "L"
                        ],
                        [
                            436.048723,
                            327.040349,
                            "L"
                        ]
                    ]
                },
                {
                    "category": "lane/single white",
                    "id": 55,
                    "attributes": {
                        "direction": "vertical",
                        "style": "solid"
                    },
                    "poly2d": [
                        [
                            730.001255,
                            336.838737,
                            "L"
                        ],
                        [
                            545.791002,
                            329.979864,
                            "L"
                        ]
                    ]
                },
                {
                    "category": "lane/single white",
                    "id": 56,
                    "attributes": {
                        "direction": "vertical",
                        "style": "solid"
                    },
                    "poly2d": [
                        [
                            457.605242,
                            331.939543,
                            "L"
                        ],
                        [
                            418.411572,
                            331.939543,
                            "L"
                        ]
                    ]
                },
                {
                    "category": "lane/single white",
                    "id": 57,
                    "attributes": {
                        "direction": "vertical",
                        "style": "solid"
                    },
                    "poly2d": [
                        [
                            340.024229,
                            334.879059,
                            "L"
                        ],
                        [
                            194.027809,
                            338.798415,
                            "L"
                        ]
                    ]
                },
                {
                    "category": "lane/single white",
                    "id": 58,
                    "attributes": {
                        "direction": "parallel",
                        "style": "dashed"
                    },
                    "poly2d": [
                        [
                            281.233725,
                            337.818575,
                            "L"
                        ],
                        [
                            0,
                            391.709712,
                            "L"
                        ]
                    ]
                },
                {
                    "category": "lane/single white",
                    "id": 59,
                    "attributes": {
                        "direction": "parallel",
                        "style": "dashed"
                    },
                    "poly2d": [
                        [
                            298.870878,
                            338.798415,
                            "L"
                        ],
                        [
                            0.019137,
                            398.568584,
                            "L"
                        ]
                    ]
                },
                {
                    "category": "lane/single white",
                    "id": 60,
                    "attributes": {
                        "direction": "parallel",
                        "style": "dashed"
                    },
                    "poly2d": [
                        [
                            409.592996,
                            333.899221,
                            "L"
                        ],
                        [
                            0,
                            462.258108,
                            "L"
                        ]
                    ]
                },
                {
                    "category": "lane/single white",
                    "id": 61,
                    "attributes": {
                        "direction": "parallel",
                        "style": "dashed"
                    },
                    "poly2d": [
                        [
                            414.492205,
                            336.838737,
                            "L"
                        ],
                        [
                            0.019137,
                            474.016174,
                            "L"
                        ]
                    ]
                },
                {
                    "category": "lane/single white",
                    "id": 62,
                    "attributes": {
                        "direction": "parallel",
                        "style": "dashed"
                    },
                    "poly2d": [
                        [
                            556.569261,
                            331.939543,
                            "L"
                        ],
                        [
                            344.923439,
                            578.85893,
                            "L"
                        ]
                    ]
                },
                {
                    "category": "lane/single white",
                    "id": 63,
                    "attributes": {
                        "direction": "parallel",
                        "style": "dashed"
                    },
                    "poly2d": [
                        [
                            564.407996,
                            333.899221,
                            "L"
                        ],
                        [
                            370.399324,
                            574.939573,
                            "L"
                        ]
                    ]
                },
                {
                    "category": "lane/single white",
                    "id": 64,
                    "attributes": {
                        "direction": "parallel",
                        "style": "dashed"
                    },
                    "poly2d": [
                        [
                            671.210747,
                            334.879059,
                            "L"
                        ],
                        [
                            945.566444,
                            565.141186,
                            "L"
                        ]
                    ]
                },
                {
                    "category": "lane/single white",
                    "id": 65,
                    "attributes": {
                        "direction": "parallel",
                        "style": "dashed"
                    },
                    "poly2d": [
                        [
                            679.049481,
                            333.899221,
                            "L"
                        ],
                        [
                            967.122962,
                            567.100864,
                            "L"
                        ]
                    ]
                }
            ]
        }
    ],
    "attributes": {
        "weather": "overcast",
        "scene": "city street",
        "timeofday": "daytime"
    }
}