{
    "name": "00d8944b-e157478b",
    "frames": [
        {
            "timestamp": 10000,
            "objects": [
                {
                    "category": "traffic sign",
                    "id": 0,
                    "attributes": {
                        "occluded": false,
                        "truncated": false,
                        "trafficLightColor": "none"
                    },
                    "box2d": {
                        "x1": 212.345268,
                        "y1": 79.529585,
                        "x2": 274.997199,
                        "y2": 163.662177
                    }
                },
                {
                    "category": "traffic sign",
                    "id": 1,
                    "attributes": {
                        "occluded": false,
                        "truncated": false,
                        "trafficLightColor": "none"
                    },
                    "box2d": {
                        "x1": 885.406012,
                        "y1": 254.954991,
                        "x2": 905.09662,
                        "y2": 278.225709
                    }
                },
                {
                    "category": "traffic sign",
                    "id": 2,
                    "attributes": {
                        "occluded": false,
                        "truncated": false,
                        "trafficLightColor": "none"
                    },
                    "box2d": {
                        "x1": 885.406012,
                        "y1": 310.4467,
                        "x2": 908.67673,
                        "y2": 317.606921
                    }
                },
                {
                    "category": "traffic sign",
                    "id": 3,
                    "attributes": {
                        "occluded": false,
                        "truncated": false,
                        "trafficLightColor": "none"
                    },
                    "box2d": {
                        "x1": 892.566231,
                        "y1": 319.396977,
                        "x2": 903.306563,
                        "y2": 333.717417
                    }
                },
                {
                    "category": "traffic sign",
                    "id": 4,
                    "attributes": {
                        "occluded": false,
                        "truncated": false,
                        "trafficLightColor": "none"
                    },
                    "box2d": {
                        "x1": 969.538604,
                        "y1": 288.966038,
                        "x2": 998.179487,
                        "y2": 301.496424
                    }
                },
                {
                    "category": "traffic sign",
                    "id": 5,
                    "attributes": {
                        "occluded": true,
                        "truncated": false,
                        "trafficLightColor": "none"
                    },
                    "box2d": {
                        "x1": 778.002701,
                        "y1": 274.645598,
                        "x2": 844.234742,
                        "y2": 310.4467
                    }
                },
                {
                    "category": "traffic sign",
                    "id": 6,
                    "attributes": {
                        "occluded": false,
                        "truncated": false,
                        "trafficLightColor": "none"
                    },
                    "box2d": {
                        "x1": 509.494425,
                        "y1": 305.076537,
                        "x2": 527.394975,
                        "y2": 330.137309
                    }
                },
                {
                    "category": "car",
                    "id": 7,
                    "attributes": {
                        "occluded": true,
                        "truncated": false,
                        "trafficLightColor": "none"
                    },
                    "box2d": {
                        "x1": 498.754093,
                        "y1": 349.827915,
                        "x2": 516.654645,
                        "y2": 362.358301
                    }
                },
                {
                    "category": "car",
                    "id": 8,
                    "attributes": {
                        "occluded": true,
                        "truncated": false,
                        "trafficLightColor": "none"
                    },
                    "box2d": {
                        "x1": 473.693324,
                        "y1": 344.457749,
                        "x2": 491.593874,
                        "y2": 364.148355
                    }
                },
                {
                    "category": "car",
                    "id": 9,
                    "attributes": {
                        "occluded": true,
                        "truncated": false,
                        "trafficLightColor": "none"
                    },
                    "box2d": {
                        "x1": 446.842495,
                        "y1": 339.087584,
                        "x2": 475.483377,
                        "y2": 367.728469
                    }
                },
                {
                    "category": "car",
                    "id": 10,
                    "attributes": {
                        "occluded": true,
                        "truncated": false,
                        "trafficLightColor": "none"
                    },
                    "box2d": {
                        "x1": 407.46128,
                        "y1": 348.03786,
                        "x2": 443.262383,
                        "y2": 369.518522
                    }
                },
                {
                    "category": "truck",
                    "id": 11,
                    "attributes": {
                        "occluded": true,
                        "truncated": false,
                        "trafficLightColor": "none"
                    },
                    "box2d": {
                        "x1": 296.477861,
                        "y1": 283.595874,
                        "x2": 382.400509,
                        "y2": 383.838963
                    }
                },
                {
                    "category": "car",
                    "id": 12,
                    "attributes": {
                        "occluded": true,
                        "truncated": false,
                        "trafficLightColor": "none"
                    },
                    "box2d": {
                        "x1": 208.765158,
                        "y1": 342.667695,
                        "x2": 303.638082,
                        "y2": 392.78924
                    }
                },
                {
                    "category": "car",
                    "id": 13,
                    "attributes": {
                        "occluded": true,
                        "truncated": false,
                        "trafficLightColor": "none"
                    },
                    "box2d": {
                        "x1": 192.654661,
                        "y1": 328.347253,
                        "x2": 260.676757,
                        "y2": 371.308577
                    }
                },
                {
                    "category": "car",
                    "id": 14,
                    "attributes": {
                        "occluded": false,
                        "truncated": false,
                        "trafficLightColor": "none"
                    },
                    "box2d": {
                        "x1": 49.450248,
                        "y1": 344.457749,
                        "x2": 212.345265,
                        "y2": 419.640065
                    }
                },
                {
                    "category": "car",
                    "id": 15,
                    "attributes": {
                        "occluded": true,
                        "truncated": true,
                        "trafficLightColor": "none"
                    },
                    "box2d": {
                        "x1": 1.118757,
                        "y1": 331.927363,
                        "x2": 87.041405,
                        "y2": 417.850012
                    }
                },
                {
                    "category": "traffic sign",
                    "id": 16,
                    "attributes": {
                        "occluded": false,
                        "truncated": false,
                        "trafficLightColor": "none"
                    },
                    "box2d": {
                        "x1": 38.709916,
                        "y1": 292.546148,
                        "x2": 65.560742,
                        "y2": 305.076537
                    }
                },
                {
                    "category": "car",
                    "id": 17,
                    "attributes": {
                        "occluded": true,
                        "truncated": false,
                        "trafficLightColor": "none"
                    },
                    "box2d": {
                        "x1": 541.715418,
                        "y1": 344.457749,
                        "x2": 579.306576,
                        "y2": 378.468797
                    }
                },
                {
                    "category": "car",
                    "id": 18,
                    "attributes": {
                        "occluded": true,
                        "truncated": false,
                        "trafficLightColor": "none"
                    },
                    "box2d": {
                        "x1": 702.820384,
                        "y1": 335.507473,
                        "x2": 797.693308,
                        "y2": 426.800287
                    }
                },
                {
                    "category": "car",
                    "id": 19,
                    "attributes": {
                        "occluded": true,
                        "truncated": false,
                        "trafficLightColor": "none"
                    },
                    "box2d": {
                        "x1": 803.063473,
                        "y1": 364.148356,
                        "x2": 885.406011,
                        "y2": 417.85001
                    }
                },
                {
                    "category": "car",
                    "id": 20,
                    "attributes": {
                        "occluded": true,
                        "truncated": false,
                        "trafficLightColor": "none"
                    },
                    "box2d": {
                        "x1": 967.748548,
                        "y1": 353.408025,
                        "x2": 1084.102136,
                        "y2": 398.159403
                    }
                },
                {
                    "category": "car",
                    "id": 21,
                    "attributes": {
                        "occluded": false,
                        "truncated": false,
                        "trafficLightColor": "none"
                    },
                    "box2d": {
                        "x1": 854.975073,
                        "y1": 364.148356,
                        "x2": 987.439156,
                        "y2": 439.330672
                    }
                },
                {
                    "category": "car",
                    "id": 22,
                    "attributes": {
                        "occluded": false,
                        "truncated": false,
                        "trafficLightColor": "none"
                    },
                    "box2d": {
                        "x1": 570.356301,
                        "y1": 306.86659,
                        "x2": 701.030332,
                        "y2": 441.120729
                    }
                },
                {
                    "category": "car",
                    "id": 23,
                    "attributes": {
                        "occluded": false,
                        "truncated": true,
                        "trafficLightColor": "none"
                    },
                    "box2d": {
                        "x1": 1196.87561,
                        "y1": 382.048909,
                        "x2": 1277.428093,
                        "y2": 523.463266
                    }
                },
                {
                    "category": "area/alternative",
                    "id": 24,
                    "attributes": {},
                    "poly2d": [
                        [
                            0,
                            571.471352,
                            "L"
                        ],
                        [
                            0,
                            532.790976,
                            "L"
                        ],
                        [
                            169.254534,
                            452.302325,
                            "C"
                        ],
                        [
                            329.507344,
                            422.348526,
                            "C"
                        ],
                        [
                            506.234742,
                            383.408592,
                            "C"
                        ],
                        [
                            546.672367,
                            389.399352,
                            "L"
                        ],
                        [
                            280.08358,
                            561.633679,
                            "L"
                        ],
                        [
                            0,
                            571.471352,
                            "L"
                        ]
                    ]
                },
                {
                    "category": "area/alternative",
                    "id": 25,
                    "attributes": {},
                    "poly2d": [
                        [
                            822.247294,
                            557.140611,
                            "L"
                        ],
                        [
                            705.427487,
                            443.316185,
                            "L"
                        ],
                        [
                            819.251913,
                            429.836976,
                            "L"
                        ],
                        [
                            1280.52479,
                            572.117508,
                            "L"
                        ],
                        [
                            822.247294,
                            557.140611,
                            "L"
                        ]
                    ]
                },
                {
                    "category": "area/alternative",
                    "id": 26,
                    "attributes": {},
                    "poly2d": [
                        [
                            1217.637403,
                            542.163712,
                            "L"
                        ],
                        [
                            907.615612,
                            446.311564,
                            "L"
                        ],
                        [
                            1006.46314,
                            449.306944,
                            "L"
                        ],
                        [
                            1198.167436,
                            483.753809,
                            "L"
                        ],
                        [
                            1217.637403,
                            542.163712,
                            "L"
                        ]
                    ]
                },
                {
                    "category": "area/drivable",
                    "id": 27,
                    "attributes": {},
                    "poly2d": [
                        [
                            301.051237,
                            566.126749,
                            "L"
                        ],
                        [
                            471.787876,
                            452.302325,
                            "L"
                        ],
                        [
                            693.445969,
                            446.311564,
                            "L"
                        ],
                        [
                            795.288876,
                            551.149852,
                            "L"
                        ],
                        [
                            627.547617,
                            542.163712,
                            "C"
                        ],
                        [
                            462.801737,
                            542.163712,
                            "C"
                        ],
                        [
                            301.051237,
                            566.126749,
                            "C"
                        ]
                    ]
                },
                {
                    "category": "lane/road curb",
                    "id": 28,
                    "attributes": {
                        "direction": "parallel",
                        "style": "solid"
                    },
                    "poly2d": [
                        [
                            539.001655,
                            374.844987,
                            "C"
                        ],
                        [
                            217.397327,
                            433.237596,
                            "C"
                        ],
                        [
                            212.905646,
                            430.542552,
                            "C"
                        ],
                        [
                            0,
                            509.597162,
                            "L"
                        ]
                    ]
                },
                {
                    "category": "lane/road curb",
                    "id": 29,
                    "attributes": {
                        "direction": "parallel",
                        "style": "solid"
                    },
                    "poly2d": [
                        [
                            978.288016,
                            437.729334,
                            "L"
                        ],
                        [
                            1206.465388,
                            484.443422,
                            "L"
                        ]
                    ]
                },
                {
                    "category": "lane/single white",
                    "id": 30,
                    "attributes": {
                        "direction": "parallel",
                        "style": "solid"
                    },
                    "poly2d": [
                        [
                            1278.332277,
                            567.091422,
                            "L"
                        ],
                        [
                            792.332439,
                            419.762379,
                            "L"
                        ]
                    ]
                },
                {
                    "category": "lane/single white",
                    "id": 31,
                    "attributes": {
                        "direction": "parallel",
                        "style": "solid"
                    },
                    "poly2d": [
                        [
                            795.027448,
                            415.270639,
                            "L"
                        ],
                        [
                            1280.632735,
                            558.355872,
                            "L"
                        ]
                    ]
                },
                {
                    "category": "lane/single yellow",
                    "id": 32,
                    "attributes": {
                        "direction": "parallel",
                        "style": "solid"
                    },
                    "poly2d": [
                        [
                            521.034933,
                            382.03177,
                            "C"
                        ],
                        [
                            304.535929,
                            417.965683,
                            "C"
                        ],
                        [
                            170.683848,
                            442.221074,
                            "C"
                        ],
                        [
                            0,
                            523.970727,
                            "L"
                        ]
                    ]
                },
                {
                    "category": "lane/single yellow",
                    "id": 33,
                    "attributes": {
                        "direction": "parallel",
                        "style": "solid"
                    },
                    "poly2d": [
                        [
                            1.796659,
                            528.462465,
                            "C"
                        ],
                        [
                            151.818789,
                            465.578119,
                            "C"
                        ],
                        [
                            216.49899,
                            444.916119,
                            "C"
                        ],
                        [
                            366.521121,
                            410.7789,
                            "L"
                        ]
                    ]
                },
                {
                    "category": "lane/single white",
                    "id": 34,
                    "attributes": {
                        "direction": "parallel",
                        "style": "dashed"
                    },
                    "poly2d": [
                        [
                            563.25673,
                            382.930118,
                            "L"
                        ],
                        [
                            194.040587,
                            576.973248,
                            "L"
                        ]
                    ]
                },
                {
                    "category": "lane/single white",
                    "id": 35,
                    "attributes": {
                        "direction": "parallel",
                        "style": "dashed"
                    },
                    "poly2d": [
                        [
                            572.24009,
                            384.726813,
                            "L"
                        ],
                        [
                            213.803981,
                            576.0749,
                            "L"
                        ]
                    ]
                },
                {
                    "category": "lane/single white",
                    "id": 36,
                    "attributes": {
                        "direction": "parallel",
                        "style": "dashed"
                    },
                    "poly2d": [
                        [
                            688.12545,
                            439.526031,
                            "L"
                        ],
                        [
                            853.419295,
                            591.346813,
                            "L"
                        ]
                    ]
                },
                {
                    "category": "lane/single white",
                    "id": 37,
                    "attributes": {
                        "direction": "parallel",
                        "style": "dashed"
                    },
                    "poly2d": [
                        [
                            694.413803,
                            435.932639,
                            "L"
                        ],
                        [
                            867.792673,
                            589.550118,
                            "L"
                        ]
                    ]
                }
            ]
        }
    ],
    "attributes": {
        "weather": "partly cloudy",
        "scene": "city street",
        "timeofday": "daytime"
    }
}