{
    "name": "00f7eac8-5193d600",
    "frames": [
        {
            "timestamp": 10000,
            "objects": [
                {
                    "category": "traffic light",
                    "id": 0,
                    "attributes": {
                        "occluded": false,
                        "truncated": true,
                        "trafficLightColor": "yellow"
                    },
                    "box2d": {
                        "x1": 261.928408,
                        "y1": 0,
                        "x2": 286.228408,
                        "y2": 31.973684
                    }
                },
                {
                    "category": "traffic light",
                    "id": 1,
                    "attributes": {
                        "occluded": false,
                        "truncated": true,
                        "trafficLightColor": "none"
                    },
                    "box2d": {
                        "x1": 293.90209,
                        "y1": 0,
                        "x2": 323.317881,
                        "y2": 40.926317
                    }
                },
                {
                    "category": "traffic light",
                    "id": 2,
                    "attributes": {
                        "occluded": false,
                        "truncated": false,
                        "trafficLightColor": "none"
                    },
                    "box2d": {
                        "x1": 200.538932,
                        "y1": 166.263159,
                        "x2": 213.328407,
                        "y2": 196.957896
                    }
                },
                {
                    "category": "traffic light",
                    "id": 3,
                    "attributes": {
                        "occluded": false,
                        "truncated": false,
                        "trafficLightColor": "red"
                    },
                    "box2d": {
                        "x1": 658.402094,
                        "y1": 228.931581,
                        "x2": 677.586305,
                        "y2": 248.115792
                    }
                },
                {
                    "category": "traffic light",
                    "id": 4,
                    "attributes": {
                        "occluded": false,
                        "truncated": false,
                        "trafficLightColor": "red"
                    },
                    "box2d": {
                        "x1": 1015.228411,
                        "y1": 104.873685,
                        "x2": 1030.575779,
                        "y2": 143.242107
                    }
                },
                {
                    "category": "traffic sign",
                    "id": 5,
                    "attributes": {
                        "occluded": false,
                        "truncated": false,
                        "trafficLightColor": "none"
                    },
                    "box2d": {
                        "x1": 189.028407,
                        "y1": 196.957896,
                        "x2": 218.444197,
                        "y2": 208.468422
                    }
                },
                {
                    "category": "traffic sign",
                    "id": 6,
                    "attributes": {
                        "occluded": false,
                        "truncated": false,
                        "trafficLightColor": "none"
                    },
                    "box2d": {
                        "x1": 932.096831,
                        "y1": 181.610527,
                        "x2": 964.070516,
                        "y2": 225.094737
                    }
                },
                {
                    "category": "traffic sign",
                    "id": 7,
                    "attributes": {
                        "occluded": false,
                        "truncated": false,
                        "trafficLightColor": "none"
                    },
                    "box2d": {
                        "x1": 941.049464,
                        "y1": 292.878949,
                        "x2": 952.55999,
                        "y2": 308.226317
                    }
                },
                {
                    "category": "traffic sign",
                    "id": 8,
                    "attributes": {
                        "occluded": false,
                        "truncated": false,
                        "trafficLightColor": "none"
                    },
                    "box2d": {
                        "x1": 938.491568,
                        "y1": 309.505266,
                        "x2": 952.55999,
                        "y2": 326.131582
                    }
                },
                {
                    "category": "truck",
                    "id": 9,
                    "attributes": {
                        "occluded": true,
                        "truncated": false,
                        "trafficLightColor": "none"
                    },
                    "box2d": {
                        "x1": 348.984967,
                        "y1": 222.536843,
                        "x2": 406.675661,
                        "y2": 274.717589
                    }
                },
                {
                    "category": "car",
                    "id": 10,
                    "attributes": {
                        "occluded": true,
                        "truncated": false,
                        "trafficLightColor": "none"
                    },
                    "box2d": {
                        "x1": 1021.623149,
                        "y1": 292.878949,
                        "x2": 1043.365254,
                        "y2": 329.968424
                    }
                },
                {
                    "category": "car",
                    "id": 11,
                    "attributes": {
                        "occluded": true,
                        "truncated": true,
                        "trafficLightColor": "none"
                    },
                    "box2d": {
                        "x1": 1259.507358,
                        "y1": 292.878949,
                        "x2": 1278.69157,
                        "y2": 318.457896
                    }
                },
                {
                    "category": "car",
                    "id": 12,
                    "attributes": {
                        "occluded": true,
                        "truncated": false,
                        "trafficLightColor": "none"
                    },
                    "box2d": {
                        "x1": 1244.15999,
                        "y1": 292.878949,
                        "x2": 1273.784273,
                        "y2": 318.922139
                    }
                },
                {
                    "category": "car",
                    "id": 13,
                    "attributes": {
                        "occluded": true,
                        "truncated": false,
                        "trafficLightColor": "none"
                    },
                    "box2d": {
                        "x1": 1218.581043,
                        "y1": 294.157896,
                        "x2": 1244.159992,
                        "y2": 321.015792
                    }
                },
                {
                    "category": "car",
                    "id": 14,
                    "attributes": {
                        "occluded": true,
                        "truncated": false,
                        "trafficLightColor": "none"
                    },
                    "box2d": {
                        "x1": 1203.233675,
                        "y1": 296.715791,
                        "x2": 1230.091571,
                        "y2": 322.29474
                    }
                },
                {
                    "category": "car",
                    "id": 15,
                    "attributes": {
                        "occluded": false,
                        "truncated": false,
                        "trafficLightColor": "none"
                    },
                    "box2d": {
                        "x1": 1129.054727,
                        "y1": 280.089475,
                        "x2": 1205.791571,
                        "y2": 324.852633
                    }
                },
                {
                    "category": "person",
                    "id": 16,
                    "attributes": {
                        "occluded": true,
                        "truncated": false,
                        "trafficLightColor": "none"
                    },
                    "box2d": {
                        "x1": 1065.107357,
                        "y1": 290.321054,
                        "x2": 1076.617885,
                        "y2": 304.389475
                    }
                },
                {
                    "category": "person",
                    "id": 17,
                    "attributes": {
                        "occluded": true,
                        "truncated": false,
                        "trafficLightColor": "none"
                    },
                    "box2d": {
                        "x1": 1088.128411,
                        "y1": 289.042107,
                        "x2": 1108.591569,
                        "y2": 327.410529
                    }
                },
                {
                    "category": "car",
                    "id": 18,
                    "attributes": {
                        "occluded": true,
                        "truncated": false,
                        "trafficLightColor": "none"
                    },
                    "box2d": {
                        "x1": 1039.528412,
                        "y1": 285.205265,
                        "x2": 1098.35999,
                        "y2": 326.131582
                    }
                },
                {
                    "category": "truck",
                    "id": 19,
                    "attributes": {
                        "occluded": true,
                        "truncated": false,
                        "trafficLightColor": "none"
                    },
                    "box2d": {
                        "x1": 1090.686306,
                        "y1": 273.694738,
                        "x2": 1141.8442,
                        "y2": 326.13158
                    }
                },
                {
                    "category": "car",
                    "id": 20,
                    "attributes": {
                        "occluded": true,
                        "truncated": false,
                        "trafficLightColor": "none"
                    },
                    "box2d": {
                        "x1": 900.123147,
                        "y1": 281.368423,
                        "x2": 1019.065253,
                        "y2": 332.526317
                    }
                },
                {
                    "category": "car",
                    "id": 21,
                    "attributes": {
                        "occluded": false,
                        "truncated": false,
                        "trafficLightColor": "none"
                    },
                    "box2d": {
                        "x1": 446.096829,
                        "y1": 243.000002,
                        "x2": 539.459987,
                        "y2": 329.968424
                    }
                },
                {
                    "category": "person",
                    "id": 22,
                    "attributes": {
                        "occluded": false,
                        "truncated": false,
                        "trafficLightColor": "none"
                    },
                    "box2d": {
                        "x1": 256.812617,
                        "y1": 243.000002,
                        "x2": 282.391566,
                        "y2": 296.715791
                    }
                },
                {
                    "category": "person",
                    "id": 23,
                    "attributes": {
                        "occluded": false,
                        "truncated": false,
                        "trafficLightColor": "none"
                    },
                    "box2d": {
                        "x1": 589.338935,
                        "y1": 263.463158,
                        "x2": 614.917882,
                        "y2": 317.178948
                    }
                },
                {
                    "category": "traffic sign",
                    "id": 24,
                    "attributes": {
                        "occluded": false,
                        "truncated": false,
                        "trafficLightColor": "none"
                    },
                    "box2d": {
                        "x1": 1056.154726,
                        "y1": 196.957896,
                        "x2": 1079.17578,
                        "y2": 228.931581
                    }
                },
                {
                    "category": "person",
                    "id": 25,
                    "attributes": {
                        "occluded": true,
                        "truncated": false,
                        "trafficLightColor": "none"
                    },
                    "box2d": {
                        "x1": 336.747547,
                        "y1": 240.25301,
                        "x2": 343.740358,
                        "y2": 275.217067
                    }
                },
                {
                    "category": "area/drivable",
                    "id": 26,
                    "attributes": {},
                    "poly2d": [
                        [
                            442.952685,
                            262.028349,
                            "L"
                        ],
                        [
                            326.911559,
                            325.663806,
                            "C"
                        ],
                        [
                            138.500699,
                            349.371132,
                            "C"
                        ],
                        [
                            0,
                            375.299869,
                            "C"
                        ],
                        [
                            0,
                            581.453384,
                            "L"
                        ],
                        [
                            430.475144,
                            471.651028,
                            "C"
                        ],
                        [
                            873.42783,
                            506.588141,
                            "C"
                        ],
                        [
                            1280.195647,
                            571.471352,
                            "C"
                        ],
                        [
                            1277.700139,
                            323.168296,
                            "L"
                        ],
                        [
                            937.063287,
                            360.600919,
                            "L"
                        ],
                        [
                            868.436814,
                            336.893592,
                            "L"
                        ],
                        [
                            551.507287,
                            316.929527,
                            "L"
                        ],
                        [
                            540.277501,
                            336.893592,
                            "L"
                        ],
                        [
                            442.952685,
                            336.893592,
                            "L"
                        ],
                        [
                            442.952685,
                            262.028349,
                            "L"
                        ]
                    ]
                },
                {
                    "category": "lane/crosswalk",
                    "id": 27,
                    "attributes": {
                        "direction": "vertical",
                        "style": "dashed"
                    },
                    "poly2d": [
                        [
                            978.239169,
                            354.362148,
                            "L"
                        ],
                        [
                            1271.802933,
                            385.305426,
                            "L"
                        ]
                    ]
                },
                {
                    "category": "lane/crosswalk",
                    "id": 28,
                    "attributes": {
                        "direction": "vertical",
                        "style": "dashed"
                    },
                    "poly2d": [
                        [
                            1065.581952,
                            346.875624,
                            "L"
                        ],
                        [
                            1274.561683,
                            368.752925,
                            "L"
                        ]
                    ]
                },
                {
                    "category": "lane/single white",
                    "id": 29,
                    "attributes": {
                        "direction": "parallel",
                        "style": "solid"
                    },
                    "poly2d": [
                        [
                            345.62787,
                            300.708724,
                            "L"
                        ],
                        [
                            0,
                            380.564983,
                            "L"
                        ]
                    ]
                },
                {
                    "category": "lane/single white",
                    "id": 30,
                    "attributes": {
                        "direction": "parallel",
                        "style": "solid"
                    },
                    "poly2d": [
                        [
                            107.306848,
                            316.929527,
                            "C"
                        ],
                        [
                            76.112997,
                            321.920543,
                            "C"
                        ],
                        [
                            51.157916,
                            328.159313,
                            "C"
                        ],
                        [
                            19.964065,
                            340.636854,
                            "L"
                        ]
                    ]
                },
                {
                    "category": "lane/crosswalk",
                    "id": 31,
                    "attributes": {
                        "direction": "vertical",
                        "style": "dashed"
                    },
                    "poly2d": [
                        [
                            66.130964,
                            306.947495,
                            "L"
                        ],
                        [
                            4.991016,
                            328.159313,
                            "L"
                        ]
                    ]
                },
                {
                    "category": "lane/road curb",
                    "id": 32,
                    "attributes": {
                        "direction": "parallel",
                        "style": "solid"
                    },
                    "poly2d": [
                        [
                            0,
                            293.2222,
                            "C"
                        ],
                        [
                            84.847275,
                            295.717708,
                            "C"
                        ],
                        [
                            192.154123,
                            301.956478,
                            "C"
                        ],
                        [
                            262.028349,
                            294.469954,
                            "L"
                        ]
                    ]
                },
                {
                    "category": "lane/road curb",
                    "id": 33,
                    "attributes": {
                        "direction": "parallel",
                        "style": "solid"
                    },
                    "poly2d": [
                        [
                            879.6666,
                            331.902575,
                            "L"
                        ],
                        [
                            603.912957,
                            319.425035,
                            "L"
                        ]
                    ]
                },
                {
                    "category": "lane/road curb",
                    "id": 34,
                    "attributes": {
                        "direction": "parallel",
                        "style": "solid"
                    },
                    "poly2d": [
                        [
                            910.860451,
                            346.875624,
                            "C"
                        ],
                        [
                            929.576762,
                            360.600918,
                            "C"
                        ],
                        [
                            965.761629,
                            356.857656,
                            "C"
                        ],
                        [
                            1000.698742,
                            351.86664,
                            "L"
                        ]
                    ]
                },
                {
                    "category": "lane/road curb",
                    "id": 35,
                    "attributes": {
                        "direction": "parallel",
                        "style": "solid"
                    },
                    "poly2d": [
                        [
                            1008.185267,
                            345.62787,
                            "L"
                        ],
                        [
                            1099.271312,
                            344.380116,
                            "L"
                        ]
                    ]
                },
                {
                    "category": "lane/single white",
                    "id": 36,
                    "attributes": {
                        "direction": "parallel",
                        "style": "solid"
                    },
                    "poly2d": [
                        [
                            1.247754,
                            373.078459,
                            "L"
                        ],
                        [
                            336.893592,
                            298.213216,
                            "L"
                        ]
                    ]
                },
                {
                    "category": "lane/single white",
                    "id": 37,
                    "attributes": {
                        "direction": "parallel",
                        "style": "solid"
                    },
                    "poly2d": [
                        [
                            16.220803,
                            334.398083,
                            "C"
                        ],
                        [
                            38.680375,
                            323.168297,
                            "C"
                        ],
                        [
                            66.130964,
                            313.186265,
                            "C"
                        ],
                        [
                            103.563586,
                            313.186265,
                            "L"
                        ]
                    ]
                }
            ]
        }
    ],
    "attributes": {
        "weather": "overcast",
        "scene": "city street",
        "timeofday": "daytime"
    }
}