{
    "name": "01c231b4-1ebf841a",
    "frames": [
        {
            "timestamp": 10000,
            "objects": [
                {
                    "category": "car",
                    "id": 0,
                    "attributes": {
                        "occluded": true,
                        "truncated": true,
                        "trafficLightColor": "none"
                    },
                    "box2d": {
                        "x1": 0,
                        "y1": 282.149902,
                        "x2": 167.39994,
                        "y2": 457.64984
                    }
                },
                {
                    "category": "car",
                    "id": 1,
                    "attributes": {
                        "occluded": true,
                        "truncated": false,
                        "trafficLightColor": "none"
                    },
                    "box2d": {
                        "x1": 588.599795,
                        "y1": 307.799892,
                        "x2": 606.149789,
                        "y2": 337.499881
                    }
                },
                {
                    "category": "car",
                    "id": 2,
                    "attributes": {
                        "occluded": true,
                        "truncated": false,
                        "trafficLightColor": "none"
                    },
                    "box2d": {
                        "x1": 643.949774,
                        "y1": 314.549889,
                        "x2": 670.949765,
                        "y2": 338.849879
                    }
                },
                {
                    "category": "car",
                    "id": 3,
                    "attributes": {
                        "occluded": true,
                        "truncated": false,
                        "trafficLightColor": "none"
                    },
                    "box2d": {
                        "x1": 550.799808,
                        "y1": 307.799892,
                        "x2": 572.399801,
                        "y2": 340.199881
                    }
                },
                {
                    "category": "car",
                    "id": 4,
                    "attributes": {
                        "occluded": true,
                        "truncated": false,
                        "trafficLightColor": "none"
                    },
                    "box2d": {
                        "x1": 495.449829,
                        "y1": 298.349895,
                        "x2": 554.849807,
                        "y2": 352.349876
                    }
                },
                {
                    "category": "car",
                    "id": 5,
                    "attributes": {
                        "occluded": true,
                        "truncated": false,
                        "trafficLightColor": "none"
                    },
                    "box2d": {
                        "x1": 492.749828,
                        "y1": 307.799892,
                        "x2": 548.099807,
                        "y2": 361.799873
                    }
                },
                {
                    "category": "car",
                    "id": 6,
                    "attributes": {
                        "occluded": true,
                        "truncated": false,
                        "trafficLightColor": "none"
                    },
                    "box2d": {
                        "x1": 583.199796,
                        "y1": 313.199889,
                        "x2": 591.299794,
                        "y2": 330.749883
                    }
                },
                {
                    "category": "bus",
                    "id": 7,
                    "attributes": {
                        "occluded": true,
                        "truncated": false,
                        "trafficLightColor": "none"
                    },
                    "box2d": {
                        "x1": 556.199805,
                        "y1": 298.349895,
                        "x2": 585.899794,
                        "y2": 332.099884
                    }
                },
                {
                    "category": "car",
                    "id": 8,
                    "attributes": {
                        "occluded": true,
                        "truncated": false,
                        "trafficLightColor": "none"
                    },
                    "box2d": {
                        "x1": 885.05974,
                        "y1": 294.299897,
                        "x2": 1043.009684,
                        "y2": 357.749872
                    }
                },
                {
                    "category": "car",
                    "id": 9,
                    "attributes": {
                        "occluded": true,
                        "truncated": false,
                        "trafficLightColor": "none"
                    },
                    "box2d": {
                        "x1": 1021.139676,
                        "y1": 288.899899,
                        "x2": 1115.639643,
                        "y2": 365.849872
                    }
                },
                {
                    "category": "car",
                    "id": 10,
                    "attributes": {
                        "occluded": false,
                        "truncated": true,
                        "trafficLightColor": "none"
                    },
                    "box2d": {
                        "x1": 0,
                        "y1": 386.999861,
                        "x2": 56.69998,
                        "y2": 611.099781
                    }
                },
                {
                    "category": "truck",
                    "id": 11,
                    "attributes": {
                        "occluded": false,
                        "truncated": false,
                        "trafficLightColor": "none"
                    },
                    "box2d": {
                        "x1": 133.649952,
                        "y1": 136.799945,
                        "x2": 507.59982,
                        "y2": 468.899829
                    }
                },
                {
                    "category": "car",
                    "id": 12,
                    "attributes": {
                        "occluded": false,
                        "truncated": false,
                        "trafficLightColor": "none"
                    },
                    "box2d": {
                        "x1": 597.149804,
                        "y1": 306.899893,
                        "x2": 652.499784,
                        "y2": 350.099876
                    }
                },
                {
                    "category": "bike",
                    "id": 13,
                    "attributes": {
                        "occluded": true,
                        "truncated": false,
                        "trafficLightColor": "none"
                    },
                    "box2d": {
                        "x1": 856.439712,
                        "y1": 319.679888,
                        "x2": 913.139694,
                        "y2": 395.279862
                    }
                },
                {
                    "category": "traffic sign",
                    "id": 14,
                    "attributes": {
                        "occluded": false,
                        "truncated": false,
                        "trafficLightColor": "none"
                    },
                    "box2d": {
                        "x1": 744.862241,
                        "y1": 250.762413,
                        "x2": 774.56223,
                        "y2": 260.212409
                    }
                },
                {
                    "category": "traffic sign",
                    "id": 15,
                    "attributes": {
                        "occluded": false,
                        "truncated": false,
                        "trafficLightColor": "none"
                    },
                    "box2d": {
                        "x1": 742.16224,
                        "y1": 241.312416,
                        "x2": 765.11223,
                        "y2": 252.112413
                    }
                },
                {
                    "category": "traffic sign",
                    "id": 16,
                    "attributes": {
                        "occluded": false,
                        "truncated": false,
                        "trafficLightColor": "none"
                    },
                    "box2d": {
                        "x1": 725.962246,
                        "y1": 207.562426,
                        "x2": 755.662239,
                        "y2": 221.062422
                    }
                },
                {
                    "category": "traffic sign",
                    "id": 17,
                    "attributes": {
                        "occluded": false,
                        "truncated": false,
                        "trafficLightColor": "none"
                    },
                    "box2d": {
                        "x1": 874.462194,
                        "y1": 161.662443,
                        "x2": 904.162183,
                        "y2": 185.962433
                    }
                },
                {
                    "category": "traffic sign",
                    "id": 18,
                    "attributes": {
                        "occluded": false,
                        "truncated": false,
                        "trafficLightColor": "none"
                    },
                    "box2d": {
                        "x1": 685.462261,
                        "y1": 258.862409,
                        "x2": 696.262257,
                        "y2": 272.362404
                    }
                },
                {
                    "category": "traffic sign",
                    "id": 19,
                    "attributes": {
                        "occluded": false,
                        "truncated": false,
                        "trafficLightColor": "none"
                    },
                    "box2d": {
                        "x1": 689.51226,
                        "y1": 272.362406,
                        "x2": 700.312256,
                        "y2": 280.462404
                    }
                },
                {
                    "category": "traffic sign",
                    "id": 20,
                    "attributes": {
                        "occluded": false,
                        "truncated": false,
                        "trafficLightColor": "none"
                    },
                    "box2d": {
                        "x1": 990.899653,
                        "y1": 196.199931,
                        "x2": 1035.449636,
                        "y2": 213.749925
                    }
                },
                {
                    "category": "traffic sign",
                    "id": 21,
                    "attributes": {
                        "occluded": true,
                        "truncated": false,
                        "trafficLightColor": "none"
                    },
                    "box2d": {
                        "x1": 1007.099647,
                        "y1": 213.749925,
                        "x2": 1027.34964,
                        "y2": 251.549912
                    }
                },
                {
                    "category": "car",
                    "id": 22,
                    "attributes": {
                        "occluded": false,
                        "truncated": true,
                        "trafficLightColor": "none"
                    },
                    "box2d": {
                        "x1": 1185.299586,
                        "y1": 411.749857,
                        "x2": 1278.449554,
                        "y2": 626.39978
                    }
                },
                {
                    "category": "area/drivable",
                    "id": 23,
                    "attributes": {},
                    "poly2d": [
                        [
                            557.418453,
                            353.686961,
                            "L"
                        ],
                        [
                            707.901765,
                            350.615873,
                            "L"
                        ],
                        [
                            1186.991495,
                            521.061257,
                            "L"
                        ],
                        [
                            1214.631287,
                            617.80053,
                            "L"
                        ],
                        [
                            899.844766,
                            587.08965,
                            "C"
                        ],
                        [
                            578.916069,
                            574.805298,
                            "C"
                        ],
                        [
                            297.911516,
                            577.876386,
                            "C"
                        ],
                        [
                            557.418453,
                            353.686961,
                            "L"
                        ]
                    ]
                },
                {
                    "category": "lane/road curb",
                    "id": 24,
                    "attributes": {
                        "direction": "parallel",
                        "style": "solid"
                    },
                    "poly2d": [
                        [
                            1192.92464,
                            516.702599,
                            "L"
                        ],
                        [
                            817.004779,
                            385.654837,
                            "L"
                        ]
                    ]
                },
                {
                    "category": "lane/road curb",
                    "id": 25,
                    "attributes": {
                        "direction": "parallel",
                        "style": "solid"
                    },
                    "poly2d": [
                        [
                            672.47782,
                            340.724176,
                            "C"
                        ],
                        [
                            700.185061,
                            355.701063,
                            "C"
                        ],
                        [
                            757.039173,
                            354.710665,
                            "C"
                        ],
                        [
                            832.28083,
                            356.246209,
                            "L"
                        ]
                    ]
                },
                {
                    "category": "lane/crosswalk",
                    "id": 26,
                    "attributes": {
                        "direction": "vertical",
                        "style": "dashed"
                    },
                    "poly2d": [
                        [
                            808.018646,
                            375.171017,
                            "L"
                        ],
                        [
                            755.599542,
                            357.198753,
                            "L"
                        ]
                    ]
                },
                {
                    "category": "lane/crosswalk",
                    "id": 27,
                    "attributes": {
                        "direction": "vertical",
                        "style": "dashed"
                    },
                    "poly2d": [
                        [
                            822.995533,
                            372.17564,
                            "L"
                        ],
                        [
                            764.585673,
                            354.203377,
                            "L"
                        ]
                    ]
                },
                {
                    "category": "lane/crosswalk",
                    "id": 28,
                    "attributes": {
                        "direction": "vertical",
                        "style": "dashed"
                    },
                    "poly2d": [
                        [
                            951.796762,
                            367.682574,
                            "C"
                        ],
                        [
                            936.07103,
                            363.189508,
                            "C"
                        ],
                        [
                            918.098765,
                            355.701063,
                            "C"
                        ],
                        [
                            897.131123,
                            357.947596,
                            "L"
                        ]
                    ]
                },
                {
                    "category": "lane/crosswalk",
                    "id": 29,
                    "attributes": {
                        "direction": "vertical",
                        "style": "dashed"
                    },
                    "poly2d": [
                        [
                            972.015558,
                            366.933731,
                            "L"
                        ],
                        [
                            914.354543,
                            352.705687,
                            "L"
                        ]
                    ]
                },
                {
                    "category": "lane/single white",
                    "id": 30,
                    "attributes": {
                        "direction": "vertical",
                        "style": "solid"
                    },
                    "poly2d": [
                        [
                            1020.69044,
                            360.942975,
                            "L"
                        ],
                        [
                            972.015558,
                            354.203377,
                            "L"
                        ]
                    ]
                },
                {
                    "category": "lane/single white",
                    "id": 31,
                    "attributes": {
                        "direction": "vertical",
                        "style": "solid"
                    },
                    "poly2d": [
                        [
                            1037.165016,
                            357.198753,
                            "L"
                        ],
                        [
                            998.225111,
                            351.956844,
                            "L"
                        ]
                    ]
                }
            ]
        }
    ],
    "attributes": {
        "weather": "overcast",
        "scene": "city street",
        "timeofday": "dawn/dusk"
    }
}