{
    "name": "01c4035b-bcaeb067",
    "frames": [
        {
            "timestamp": 10000,
            "objects": [
                {
                    "category": "traffic light",
                    "id": 0,
                    "attributes": {
                        "occluded": false,
                        "truncated": false,
                        "trafficLightColor": "green"
                    },
                    "box2d": {
                        "x1": 431.871752,
                        "y1": 334.748593,
                        "x2": 438.013927,
                        "y2": 350.104033
                    }
                },
                {
                    "category": "traffic light",
                    "id": 1,
                    "attributes": {
                        "occluded": false,
                        "truncated": false,
                        "trafficLightColor": "green"
                    },
                    "box2d": {
                        "x1": 352.023465,
                        "y1": 343.961857,
                        "x2": 361.236729,
                        "y2": 359.317297
                    }
                },
                {
                    "category": "traffic light",
                    "id": 2,
                    "attributes": {
                        "occluded": false,
                        "truncated": false,
                        "trafficLightColor": "none"
                    },
                    "box2d": {
                        "x1": 424.19403,
                        "y1": 331.677504,
                        "x2": 430.336207,
                        "y2": 351.639576
                    }
                },
                {
                    "category": "traffic light",
                    "id": 3,
                    "attributes": {
                        "occluded": false,
                        "truncated": false,
                        "trafficLightColor": "none"
                    },
                    "box2d": {
                        "x1": 266.032999,
                        "y1": 377.743826,
                        "x2": 279.852896,
                        "y2": 390.028178
                    }
                },
                {
                    "category": "traffic sign",
                    "id": 4,
                    "attributes": {
                        "occluded": false,
                        "truncated": false,
                        "trafficLightColor": "none"
                    },
                    "box2d": {
                        "x1": 156.049636,
                        "y1": 358.878561,
                        "x2": 174.476165,
                        "y2": 369.627368
                    }
                },
                {
                    "category": "traffic sign",
                    "id": 5,
                    "attributes": {
                        "occluded": false,
                        "truncated": false,
                        "trafficLightColor": "none"
                    },
                    "box2d": {
                        "x1": 564.504341,
                        "y1": 363.485191,
                        "x2": 582.93087,
                        "y2": 388.053895
                    }
                },
                {
                    "category": "traffic sign",
                    "id": 6,
                    "attributes": {
                        "occluded": false,
                        "truncated": false,
                        "trafficLightColor": "none"
                    },
                    "box2d": {
                        "x1": 539.935637,
                        "y1": 366.556279,
                        "x2": 552.219989,
                        "y2": 375.769543
                    }
                },
                {
                    "category": "traffic sign",
                    "id": 7,
                    "attributes": {
                        "occluded": false,
                        "truncated": false,
                        "trafficLightColor": "none"
                    },
                    "box2d": {
                        "x1": 518.438022,
                        "y1": 355.807472,
                        "x2": 530.722374,
                        "y2": 375.769543
                    }
                },
                {
                    "category": "car",
                    "id": 8,
                    "attributes": {
                        "occluded": true,
                        "truncated": false,
                        "trafficLightColor": "none"
                    },
                    "box2d": {
                        "x1": 453.945173,
                        "y1": 398.583348,
                        "x2": 467.76507,
                        "y2": 415.474332
                    }
                },
                {
                    "category": "car",
                    "id": 9,
                    "attributes": {
                        "occluded": true,
                        "truncated": false,
                        "trafficLightColor": "none"
                    },
                    "box2d": {
                        "x1": 469.300613,
                        "y1": 392.441171,
                        "x2": 478.513877,
                        "y2": 409.332154
                    }
                },
                {
                    "category": "car",
                    "id": 10,
                    "attributes": {
                        "occluded": true,
                        "truncated": false,
                        "trafficLightColor": "none"
                    },
                    "box2d": {
                        "x1": 480.049422,
                        "y1": 393.976714,
                        "x2": 490.798229,
                        "y2": 409.332154
                    }
                },
                {
                    "category": "car",
                    "id": 11,
                    "attributes": {
                        "occluded": true,
                        "truncated": false,
                        "trafficLightColor": "none"
                    },
                    "box2d": {
                        "x1": 486.191597,
                        "y1": 393.976714,
                        "x2": 507.689212,
                        "y2": 415.474331
                    }
                },
                {
                    "category": "car",
                    "id": 12,
                    "attributes": {
                        "occluded": true,
                        "truncated": false,
                        "trafficLightColor": "none"
                    },
                    "box2d": {
                        "x1": 504.618126,
                        "y1": 395.512261,
                        "x2": 526.115742,
                        "y2": 423.152052
                    }
                },
                {
                    "category": "car",
                    "id": 13,
                    "attributes": {
                        "occluded": false,
                        "truncated": false,
                        "trafficLightColor": "none"
                    },
                    "box2d": {
                        "x1": 515.366933,
                        "y1": 401.654436,
                        "x2": 558.362166,
                        "y2": 430.829772
                    }
                },
                {
                    "category": "car",
                    "id": 14,
                    "attributes": {
                        "occluded": true,
                        "truncated": false,
                        "trafficLightColor": "none"
                    },
                    "box2d": {
                        "x1": 696.561125,
                        "y1": 380.156819,
                        "x2": 797.907029,
                        "y2": 460.005108
                    }
                },
                {
                    "category": "car",
                    "id": 15,
                    "attributes": {
                        "occluded": true,
                        "truncated": false,
                        "trafficLightColor": "none"
                    },
                    "box2d": {
                        "x1": 791.764854,
                        "y1": 384.763451,
                        "x2": 847.356444,
                        "y2": 419.512213
                    }
                },
                {
                    "category": "car",
                    "id": 16,
                    "attributes": {
                        "occluded": true,
                        "truncated": false,
                        "trafficLightColor": "none"
                    },
                    "box2d": {
                        "x1": 779.480502,
                        "y1": 386.298996,
                        "x2": 1005.205472,
                        "y2": 504.535884
                    }
                },
                {
                    "category": "car",
                    "id": 17,
                    "attributes": {
                        "occluded": false,
                        "truncated": false,
                        "trafficLightColor": "none"
                    },
                    "box2d": {
                        "x1": 598.286309,
                        "y1": 390.905628,
                        "x2": 741.091903,
                        "y2": 481.502724
                    }
                },
                {
                    "category": "car",
                    "id": 18,
                    "attributes": {
                        "occluded": true,
                        "truncated": false,
                        "trafficLightColor": "none"
                    },
                    "box2d": {
                        "x1": 590.608588,
                        "y1": 400.118893,
                        "x2": 622.855013,
                        "y2": 443.114126
                    }
                },
                {
                    "category": "car",
                    "id": 19,
                    "attributes": {
                        "occluded": false,
                        "truncated": true,
                        "trafficLightColor": "none"
                    },
                    "box2d": {
                        "x1": 969.887959,
                        "y1": 349.44594,
                        "x2": 1280,
                        "y2": 584.384173
                    }
                },
                {
                    "category": "car",
                    "id": 20,
                    "attributes": {
                        "occluded": false,
                        "truncated": false,
                        "trafficLightColor": "none"
                    },
                    "box2d": {
                        "x1": 432.447557,
                        "y1": 397.047803,
                        "x2": 455.480718,
                        "y2": 421.616509
                    }
                },
                {
                    "category": "traffic sign",
                    "id": 21,
                    "attributes": {
                        "occluded": false,
                        "truncated": false,
                        "trafficLightColor": "none"
                    },
                    "box2d": {
                        "x1": 266.856843,
                        "y1": 362.137253,
                        "x2": 282.044332,
                        "y2": 372.262246
                    }
                },
                {
                    "category": "car",
                    "id": 22,
                    "attributes": {
                        "occluded": true,
                        "truncated": false,
                        "trafficLightColor": "none"
                    },
                    "box2d": {
                        "x1": 260.106847,
                        "y1": 406.012223,
                        "x2": 278.669335,
                        "y2": 421.199712
                    }
                },
                {
                    "category": "area/drivable",
                    "id": 23,
                    "attributes": {},
                    "poly2d": [
                        [
                            333.229028,
                            423.810145,
                            "L"
                        ],
                        [
                            0,
                            497.516258,
                            "L"
                        ],
                        [
                            0,
                            664.874543,
                            "L"
                        ],
                        [
                            0,
                            720.562005,
                            "L"
                        ],
                        [
                            542.256648,
                            639.562061,
                            "C"
                        ],
                        [
                            1186.991495,
                            644.928482,
                            "C"
                        ],
                        [
                            1280.811619,
                            686.812028,
                            "C"
                        ],
                        [
                            1280.811619,
                            607.499582,
                            "L"
                        ],
                        [
                            765.006495,
                            491.062162,
                            "L"
                        ],
                        [
                            601.319107,
                            496.124659,
                            "L"
                        ],
                        [
                            582.756619,
                            433.687202,
                            "L"
                        ],
                        [
                            516.944165,
                            437.0622,
                            "L"
                        ],
                        [
                            484.881688,
                            421.87471,
                            "L"
                        ],
                        [
                            333.229028,
                            423.810145,
                            "L"
                        ]
                    ]
                },
                {
                    "category": "lane/crosswalk",
                    "id": 24,
                    "attributes": {
                        "direction": "vertical",
                        "style": "dashed"
                    },
                    "poly2d": [
                        [
                            490.491505,
                            421.559074,
                            "L"
                        ],
                        [
                            304.535928,
                            429.644204,
                            "L"
                        ]
                    ]
                },
                {
                    "category": "lane/crosswalk",
                    "id": 25,
                    "attributes": {
                        "direction": "vertical",
                        "style": "dashed"
                    },
                    "poly2d": [
                        [
                            432.099658,
                            418.864031,
                            "L"
                        ],
                        [
                            316.214299,
                            424.254118,
                            "L"
                        ]
                    ]
                }
            ]
        }
    ],
    "attributes": {
        "weather": "overcast",
        "scene": "highway",
        "timeofday": "daytime"
    }
}