{
    "name": "01c5cd64-6e208afd",
    "frames": [
        {
            "timestamp": 10000,
            "objects": [
                {
                    "category": "car",
                    "id": 0,
                    "attributes": {
                        "occluded": true,
                        "truncated": false,
                        "trafficLightColor": "none"
                    },
                    "box2d": {
                        "x1": 597.10603,
                        "y1": 379.831682,
                        "x2": 619.146856,
                        "y2": 404.076592
                    }
                },
                {
                    "category": "car",
                    "id": 1,
                    "attributes": {
                        "occluded": true,
                        "truncated": false,
                        "trafficLightColor": "none"
                    },
                    "box2d": {
                        "x1": 560.738667,
                        "y1": 375.423516,
                        "x2": 598.208071,
                        "y2": 412.89292
                    }
                },
                {
                    "category": "car",
                    "id": 2,
                    "attributes": {
                        "occluded": true,
                        "truncated": false,
                        "trafficLightColor": "none"
                    },
                    "box2d": {
                        "x1": 730.453029,
                        "y1": 367.709227,
                        "x2": 791.065301,
                        "y2": 415.097004
                    }
                },
                {
                    "category": "car",
                    "id": 3,
                    "attributes": {
                        "occluded": false,
                        "truncated": false,
                        "trafficLightColor": "none"
                    },
                    "box2d": {
                        "x1": 495.71823,
                        "y1": 361.096979,
                        "x2": 571.759081,
                        "y2": 425.015375
                    }
                },
                {
                    "category": "car",
                    "id": 4,
                    "attributes": {
                        "occluded": true,
                        "truncated": false,
                        "trafficLightColor": "none"
                    },
                    "box2d": {
                        "x1": 113.309895,
                        "y1": 310.403079,
                        "x2": 447.228413,
                        "y2": 521.99501
                    }
                },
                {
                    "category": "car",
                    "id": 5,
                    "attributes": {
                        "occluded": true,
                        "truncated": false,
                        "trafficLightColor": "none"
                    },
                    "box2d": {
                        "x1": 0,
                        "y1": 377.627598,
                        "x2": 129.840514,
                        "y2": 450.362326
                    }
                },
                {
                    "category": "traffic sign",
                    "id": 6,
                    "attributes": {
                        "occluded": true,
                        "truncated": false,
                        "trafficLightColor": "none"
                    },
                    "box2d": {
                        "x1": 267.595678,
                        "y1": 309.301036,
                        "x2": 308.371207,
                        "y2": 321.423491
                    }
                },
                {
                    "category": "car",
                    "id": 7,
                    "attributes": {
                        "occluded": false,
                        "truncated": false,
                        "trafficLightColor": "none"
                    },
                    "box2d": {
                        "x1": 615.840733,
                        "y1": 342.362276,
                        "x2": 733.759153,
                        "y2": 449.260283
                    }
                },
                {
                    "category": "car",
                    "id": 8,
                    "attributes": {
                        "occluded": true,
                        "truncated": false,
                        "trafficLightColor": "none"
                    },
                    "box2d": {
                        "x1": 861.595945,
                        "y1": 320.694022,
                        "x2": 1087.514413,
                        "y2": 493.341936
                    }
                },
                {
                    "category": "car",
                    "id": 9,
                    "attributes": {
                        "occluded": true,
                        "truncated": false,
                        "trafficLightColor": "none"
                    },
                    "box2d": {
                        "x1": 991.83718,
                        "y1": 243.55113,
                        "x2": 1278.347643,
                        "y2": 640.286003
                    }
                },
                {
                    "category": "traffic sign",
                    "id": 10,
                    "attributes": {
                        "occluded": false,
                        "truncated": false,
                        "trafficLightColor": "none"
                    },
                    "box2d": {
                        "x1": 984.419925,
                        "y1": 157.071021,
                        "x2": 1043.930157,
                        "y2": 178.009806
                    }
                },
                {
                    "category": "traffic sign",
                    "id": 11,
                    "attributes": {
                        "occluded": false,
                        "truncated": false,
                        "trafficLightColor": "none"
                    },
                    "box2d": {
                        "x1": 1034.011784,
                        "y1": 139.438361,
                        "x2": 1060.460776,
                        "y2": 155.96898
                    }
                },
                {
                    "category": "traffic sign",
                    "id": 12,
                    "attributes": {
                        "occluded": false,
                        "truncated": false,
                        "trafficLightColor": "none"
                    },
                    "box2d": {
                        "x1": 1130.99142,
                        "y1": 133.928154,
                        "x2": 1180.583279,
                        "y2": 169.193476
                    }
                },
                {
                    "category": "traffic sign",
                    "id": 13,
                    "attributes": {
                        "occluded": false,
                        "truncated": false,
                        "trafficLightColor": "none"
                    },
                    "box2d": {
                        "x1": 993.236255,
                        "y1": 176.907765,
                        "x2": 1027.399536,
                        "y2": 200.050634
                    }
                },
                {
                    "category": "person",
                    "id": 14,
                    "attributes": {
                        "occluded": false,
                        "truncated": false,
                        "trafficLightColor": "none"
                    },
                    "box2d": {
                        "x1": 466.460509,
                        "y1": 373.071118,
                        "x2": 484.093171,
                        "y2": 417.15277
                    }
                },
                {
                    "category": "person",
                    "id": 15,
                    "attributes": {
                        "occluded": false,
                        "truncated": false,
                        "trafficLightColor": "none"
                    },
                    "box2d": {
                        "x1": 484.093169,
                        "y1": 370.867034,
                        "x2": 503.929913,
                        "y2": 413.846645
                    }
                },
                {
                    "category": "car",
                    "id": 16,
                    "attributes": {
                        "occluded": false,
                        "truncated": true,
                        "trafficLightColor": "none"
                    },
                    "box2d": {
                        "x1": 1.399077,
                        "y1": 382.989489,
                        "x2": 211.888967,
                        "y2": 657.397775
                    }
                },
                {
                    "category": "area/drivable",
                    "id": 17,
                    "attributes": {},
                    "poly2d": [
                        [
                            456.072548,
                            438.141881,
                            "L"
                        ],
                        [
                            457.608092,
                            484.208201,
                            "L"
                        ],
                        [
                            145.892659,
                            640.83369,
                            "L"
                        ],
                        [
                            557.418453,
                            600.909546,
                            "C"
                        ],
                        [
                            996.584038,
                            620.871618,
                            "C"
                        ],
                        [
                            1196.204759,
                            645.440322,
                            "C"
                        ],
                        [
                            859.920622,
                            468.852761,
                            "L"
                        ],
                        [
                            855.31399,
                            430.464161,
                            "L"
                        ],
                        [
                            741.683733,
                            422.786441,
                            "L"
                        ],
                        [
                            740.148189,
                            451.961777,
                            "L"
                        ],
                        [
                            614.233581,
                            453.497321,
                            "L"
                        ],
                        [
                            612.698037,
                            427.393073,
                            "L"
                        ],
                        [
                            456.072548,
                            438.141881,
                            "L"
                        ]
                    ]
                },
                {
                    "category": "lane/road curb",
                    "id": 18,
                    "attributes": {
                        "direction": "parallel",
                        "style": "solid"
                    },
                    "poly2d": [
                        [
                            447.824839,
                            440.320805,
                            "L"
                        ],
                        [
                            510.727811,
                            431.334666,
                            "L"
                        ]
                    ]
                }
            ]
        }
    ],
    "attributes": {
        "weather": "overcast",
        "scene": "city street",
        "timeofday": "daytime"
    }
}