{
    "name": "0a022bf4-abaf66af",
    "frames": [
        {
            "timestamp": 10000,
            "objects": [
                {
                    "category": "traffic light",
                    "id": 0,
                    "attributes": {
                        "occluded": false,
                        "truncated": false,
                        "trafficLightColor": "green"
                    },
                    "box2d": {
                        "x1": 26.701937,
                        "y1": 193.152326,
                        "x2": 45.418248,
                        "y2": 240.56698
                    }
                },
                {
                    "category": "traffic light",
                    "id": 1,
                    "attributes": {
                        "occluded": false,
                        "truncated": false,
                        "trafficLightColor": "green"
                    },
                    "box2d": {
                        "x1": 484.62767,
                        "y1": 214.364145,
                        "x2": 494.609703,
                        "y2": 241.814733
                    }
                },
                {
                    "category": "traffic light",
                    "id": 2,
                    "attributes": {
                        "occluded": false,
                        "truncated": false,
                        "trafficLightColor": "red"
                    },
                    "box2d": {
                        "x1": 379.816331,
                        "y1": 221.850668,
                        "x2": 391.046118,
                        "y2": 249.301257
                    }
                },
                {
                    "category": "traffic light",
                    "id": 3,
                    "attributes": {
                        "occluded": false,
                        "truncated": false,
                        "trafficLightColor": "red"
                    },
                    "box2d": {
                        "x1": 411.010181,
                        "y1": 266.769813,
                        "x2": 418.496706,
                        "y2": 279.247354
                    }
                },
                {
                    "category": "traffic light",
                    "id": 4,
                    "attributes": {
                        "occluded": false,
                        "truncated": false,
                        "trafficLightColor": "none"
                    },
                    "box2d": {
                        "x1": 497.105211,
                        "y1": 218.107405,
                        "x2": 509.582751,
                        "y2": 241.814733
                    }
                },
                {
                    "category": "traffic light",
                    "id": 5,
                    "attributes": {
                        "occluded": false,
                        "truncated": false,
                        "trafficLightColor": "none"
                    },
                    "box2d": {
                        "x1": 853.962866,
                        "y1": 206.877619,
                        "x2": 866.440406,
                        "y2": 235.575961
                    }
                },
                {
                    "category": "traffic light",
                    "id": 6,
                    "attributes": {
                        "occluded": false,
                        "truncated": false,
                        "trafficLightColor": "none"
                    },
                    "box2d": {
                        "x1": 835.246556,
                        "y1": 209.373127,
                        "x2": 847.724097,
                        "y2": 233.080454
                    }
                },
                {
                    "category": "traffic sign",
                    "id": 7,
                    "attributes": {
                        "occluded": false,
                        "truncated": false,
                        "trafficLightColor": "none"
                    },
                    "box2d": {
                        "x1": 4.242364,
                        "y1": 166.94949,
                        "x2": 27.949691,
                        "y2": 186.913555
                    }
                },
                {
                    "category": "traffic sign",
                    "id": 8,
                    "attributes": {
                        "occluded": false,
                        "truncated": false,
                        "trafficLightColor": "none"
                    },
                    "box2d": {
                        "x1": 284.987023,
                        "y1": 221.850668,
                        "x2": 293.721301,
                        "y2": 239.319224
                    }
                },
                {
                    "category": "traffic sign",
                    "id": 9,
                    "attributes": {
                        "occluded": false,
                        "truncated": false,
                        "trafficLightColor": "none"
                    },
                    "box2d": {
                        "x1": 379.816331,
                        "y1": 297.963668,
                        "x2": 401.028149,
                        "y2": 305.450192
                    }
                },
                {
                    "category": "traffic sign",
                    "id": 10,
                    "attributes": {
                        "occluded": false,
                        "truncated": false,
                        "trafficLightColor": "none"
                    },
                    "box2d": {
                        "x1": 349.870234,
                        "y1": 229.337194,
                        "x2": 357.356758,
                        "y2": 243.062491
                    }
                },
                {
                    "category": "traffic sign",
                    "id": 11,
                    "attributes": {
                        "occluded": false,
                        "truncated": false,
                        "trafficLightColor": "none"
                    },
                    "box2d": {
                        "x1": 866.440408,
                        "y1": 216.859654,
                        "x2": 887.652226,
                        "y2": 236.823719
                    }
                },
                {
                    "category": "traffic sign",
                    "id": 12,
                    "attributes": {
                        "occluded": false,
                        "truncated": false,
                        "trafficLightColor": "none"
                    },
                    "box2d": {
                        "x1": 1213.815157,
                        "y1": 68.376924,
                        "x2": 1266.220824,
                        "y2": 127.021363
                    }
                },
                {
                    "category": "traffic light",
                    "id": 13,
                    "attributes": {
                        "occluded": false,
                        "truncated": false,
                        "trafficLightColor": "none"
                    },
                    "box2d": {
                        "x1": 497.604334,
                        "y1": 296.715914,
                        "x2": 507.586368,
                        "y2": 305.450193
                    }
                },
                {
                    "category": "traffic sign",
                    "id": 14,
                    "attributes": {
                        "occluded": true,
                        "truncated": false,
                        "trafficLightColor": "none"
                    },
                    "box2d": {
                        "x1": 1215.06291,
                        "y1": 125.773609,
                        "x2": 1257.486546,
                        "y2": 170.692754
                    }
                },
                {
                    "category": "person",
                    "id": 15,
                    "attributes": {
                        "occluded": false,
                        "truncated": false,
                        "trafficLightColor": "none"
                    },
                    "box2d": {
                        "x1": 822.269914,
                        "y1": 342.134156,
                        "x2": 834.747456,
                        "y2": 379.566777
                    }
                },
                {
                    "category": "bus",
                    "id": 16,
                    "attributes": {
                        "occluded": false,
                        "truncated": true,
                        "trafficLightColor": "none"
                    },
                    "box2d": {
                        "x1": 834.435516,
                        "y1": 161.209819,
                        "x2": 1278.635955,
                        "y2": 497.229985
                    }
                },
                {
                    "category": "car",
                    "id": 17,
                    "attributes": {
                        "occluded": true,
                        "truncated": false,
                        "trafficLightColor": "none"
                    },
                    "box2d": {
                        "x1": 622.317328,
                        "y1": 336.269714,
                        "x2": 638.538129,
                        "y2": 356.233779
                    }
                },
                {
                    "category": "car",
                    "id": 18,
                    "attributes": {
                        "occluded": true,
                        "truncated": false,
                        "trafficLightColor": "none"
                    },
                    "box2d": {
                        "x1": 631.051607,
                        "y1": 336.269714,
                        "x2": 665.988722,
                        "y2": 362.472549
                    }
                },
                {
                    "category": "car",
                    "id": 19,
                    "attributes": {
                        "occluded": true,
                        "truncated": false,
                        "trafficLightColor": "none"
                    },
                    "box2d": {
                        "x1": 546.204331,
                        "y1": 330.030943,
                        "x2": 561.177381,
                        "y2": 358.729286
                    }
                },
                {
                    "category": "car",
                    "id": 20,
                    "attributes": {
                        "occluded": true,
                        "truncated": false,
                        "trafficLightColor": "none"
                    },
                    "box2d": {
                        "x1": 428.915452,
                        "y1": 327.535436,
                        "x2": 437.649731,
                        "y2": 337.517469
                    }
                },
                {
                    "category": "car",
                    "id": 21,
                    "attributes": {
                        "occluded": true,
                        "truncated": false,
                        "trafficLightColor": "none"
                    },
                    "box2d": {
                        "x1": 374.014274,
                        "y1": 327.535436,
                        "x2": 448.72353,
                        "y2": 434.396657
                    }
                },
                {
                    "category": "car",
                    "id": 22,
                    "attributes": {
                        "occluded": false,
                        "truncated": false,
                        "trafficLightColor": "none"
                    },
                    "box2d": {
                        "x1": 512.358984,
                        "y1": 333.32858,
                        "x2": 533.570803,
                        "y2": 352.04489
                    }
                },
                {
                    "category": "car",
                    "id": 23,
                    "attributes": {
                        "occluded": false,
                        "truncated": false,
                        "trafficLightColor": "none"
                    },
                    "box2d": {
                        "x1": 553.534868,
                        "y1": 322.098794,
                        "x2": 624.65685,
                        "y2": 376.999972
                    }
                },
                {
                    "category": "car",
                    "id": 24,
                    "attributes": {
                        "occluded": false,
                        "truncated": false,
                        "trafficLightColor": "none"
                    },
                    "box2d": {
                        "x1": 648.364175,
                        "y1": 339.56735,
                        "x2": 690.787813,
                        "y2": 367.017938
                    }
                },
                {
                    "category": "car",
                    "id": 25,
                    "attributes": {
                        "occluded": false,
                        "truncated": false,
                        "trafficLightColor": "none"
                    },
                    "box2d": {
                        "x1": 31.973678,
                        "y1": 237.251518,
                        "x2": 387.583581,
                        "y2": 564.163076
                    }
                },
                {
                    "category": "truck",
                    "id": 26,
                    "attributes": {
                        "occluded": false,
                        "truncated": false,
                        "trafficLightColor": "none"
                    },
                    "box2d": {
                        "x1": 454.962299,
                        "y1": 313.00801,
                        "x2": 494.890428,
                        "y2": 347.945123
                    }
                },
                {
                    "category": "area/alternative",
                    "id": 27,
                    "attributes": {},
                    "poly2d": [
                        [
                            1280.095537,
                            523.489548,
                            "L"
                        ],
                        [
                            1280.095537,
                            623.007093,
                            "L"
                        ],
                        [
                            618.931516,
                            395.34367,
                            "L"
                        ],
                        [
                            632.564058,
                            378.984622,
                            "L"
                        ],
                        [
                            1280.095537,
                            523.489548,
                            "L"
                        ]
                    ]
                },
                {
                    "category": "area/alternative",
                    "id": 28,
                    "attributes": {},
                    "poly2d": [
                        [
                            715.722553,
                            640.729396,
                            "L"
                        ],
                        [
                            875.223274,
                            642.092649,
                            "C"
                        ],
                        [
                            1030.634235,
                            688.443287,
                            "C"
                        ],
                        [
                            1127.42527,
                            719.79813,
                            "C"
                        ],
                        [
                            1280.095537,
                            719.79813,
                            "L"
                        ],
                        [
                            1280.095537,
                            632.549871,
                            "L"
                        ],
                        [
                            485.332622,
                            355.809302,
                            "L"
                        ],
                        [
                            448.524763,
                            359.899066,
                            "L"
                        ],
                        [
                            715.722553,
                            640.729396,
                            "L"
                        ]
                    ]
                },
                {
                    "category": "area/drivable",
                    "id": 29,
                    "attributes": {},
                    "poly2d": [
                        [
                            0.015979,
                            593.231826,
                            "L"
                        ],
                        [
                            406.93514,
                            571.73421,
                            "L"
                        ],
                        [
                            408.470684,
                            622.407162,
                            "L"
                        ],
                        [
                            270.271724,
                            627.013794,
                            "C"
                        ],
                        [
                            129.001675,
                            627.013794,
                            "C"
                        ],
                        [
                            0,
                            645.440322,
                            "C"
                        ],
                        [
                            0.015979,
                            593.231826,
                            "L"
                        ]
                    ]
                },
                {
                    "category": "lane/crosswalk",
                    "id": 30,
                    "attributes": {
                        "direction": "vertical",
                        "style": "dashed"
                    },
                    "poly2d": [
                        [
                            551.913881,
                            366.184886,
                            "L"
                        ],
                        [
                            444.080294,
                            366.184886,
                            "L"
                        ]
                    ]
                },
                {
                    "category": "lane/crosswalk",
                    "id": 31,
                    "attributes": {
                        "direction": "vertical",
                        "style": "dashed"
                    },
                    "poly2d": [
                        [
                            550.416191,
                            360.19413,
                            "L"
                        ],
                        [
                            445.577983,
                            358.696441,
                            "L"
                        ]
                    ]
                },
                {
                    "category": "lane/crosswalk",
                    "id": 32,
                    "attributes": {
                        "direction": "vertical",
                        "style": "dashed"
                    },
                    "poly2d": [
                        [
                            722.65039,
                            375.171017,
                            "L"
                        ],
                        [
                            624.551781,
                            369.180264,
                            "L"
                        ]
                    ]
                },
                {
                    "category": "lane/road curb",
                    "id": 33,
                    "attributes": {
                        "direction": "parallel",
                        "style": "solid"
                    },
                    "poly2d": [
                        [
                            689.70124,
                            367.682574,
                            "L"
                        ],
                        [
                            739.124966,
                            375.919861,
                            "L"
                        ]
                    ]
                },
                {
                    "category": "lane/road curb",
                    "id": 34,
                    "attributes": {
                        "direction": "parallel",
                        "style": "solid"
                    },
                    "poly2d": [
                        [
                            801.279047,
                            381.161773,
                            "L"
                        ],
                        [
                            750.357631,
                            375.919861,
                            "L"
                        ]
                    ]
                },
                {
                    "category": "lane/crosswalk",
                    "id": 35,
                    "attributes": {
                        "direction": "vertical",
                        "style": "dashed"
                    },
                    "poly2d": [
                        [
                            843.21433,
                            385.654837,
                            "L"
                        ],
                        [
                            819.251312,
                            379.664083,
                            "L"
                        ]
                    ]
                },
                {
                    "category": "lane/crosswalk",
                    "id": 36,
                    "attributes": {
                        "direction": "vertical",
                        "style": "dashed"
                    },
                    "poly2d": [
                        [
                            699.436216,
                            370.67795,
                            "L"
                        ],
                        [
                            624.551781,
                            364.687196,
                            "L"
                        ]
                    ]
                },
                {
                    "category": "lane/single white",
                    "id": 37,
                    "attributes": {
                        "direction": "parallel",
                        "style": "dashed"
                    },
                    "poly2d": [
                        [
                            843.21433,
                            388.650215,
                            "L"
                        ],
                        [
                            752.604164,
                            378.91524,
                            "L"
                        ]
                    ]
                },
                {
                    "category": "lane/single white",
                    "id": 38,
                    "attributes": {
                        "direction": "parallel",
                        "style": "dashed"
                    },
                    "poly2d": [
                        [
                            665.73822,
                            372.924483,
                            "L"
                        ],
                        [
                            811.014024,
                            400.631724,
                            "L"
                        ]
                    ]
                },
                {
                    "category": "lane/single white",
                    "id": 39,
                    "attributes": {
                        "direction": "parallel",
                        "style": "dashed"
                    },
                    "poly2d": [
                        [
                            690.450083,
                            372.924483,
                            "L"
                        ],
                        [
                            821.497843,
                            397.636348,
                            "L"
                        ]
                    ]
                },
                {
                    "category": "lane/crosswalk",
                    "id": 40,
                    "attributes": {
                        "direction": "vertical",
                        "style": "dashed"
                    },
                    "poly2d": [
                        [
                            843.963175,
                            399.882881,
                            "L"
                        ],
                        [
                            447.824516,
                            388.650215,
                            "L"
                        ]
                    ]
                },
                {
                    "category": "lane/crosswalk",
                    "id": 41,
                    "attributes": {
                        "direction": "vertical",
                        "style": "dashed"
                    },
                    "poly2d": [
                        [
                            870.172727,
                            420.101678,
                            "C"
                        ],
                        [
                            739.124966,
                            411.115547,
                            "C"
                        ],
                        [
                            596.844542,
                            406.62248,
                            "C"
                        ],
                        [
                            450.07105,
                            406.62248,
                            "L"
                        ]
                    ]
                },
                {
                    "category": "lane/single white",
                    "id": 42,
                    "attributes": {
                        "direction": "parallel",
                        "style": "dashed"
                    },
                    "poly2d": [
                        [
                            444.829138,
                            366.184886,
                            "L"
                        ],
                        [
                            462.801403,
                            388.650215,
                            "L"
                        ]
                    ]
                },
                {
                    "category": "lane/single white",
                    "id": 43,
                    "attributes": {
                        "direction": "parallel",
                        "style": "dashed"
                    },
                    "poly2d": [
                        [
                            451.568738,
                            366.184886,
                            "L"
                        ],
                        [
                            474.034068,
                            388.650215,
                            "L"
                        ]
                    ]
                },
                {
                    "category": "lane/single white",
                    "id": 44,
                    "attributes": {
                        "direction": "vertical",
                        "style": "solid"
                    },
                    "poly2d": [
                        [
                            935.322185,
                            432.083188,
                            "C"
                        ],
                        [
                            773.571806,
                            420.850522,
                            "C"
                        ],
                        [
                            654.505555,
                            417.855144,
                            "C"
                        ],
                        [
                            502.490153,
                            417.855144,
                            "L"
                        ]
                    ]
                },
                {
                    "category": "lane/single white",
                    "id": 45,
                    "attributes": {
                        "direction": "vertical",
                        "style": "solid"
                    },
                    "poly2d": [
                        [
                            930.829119,
                            435.827409,
                            "C"
                        ],
                        [
                            789.297538,
                            426.841277,
                            "C"
                        ],
                        [
                            649.263645,
                            423.097056,
                            "C"
                        ],
                        [
                            504.736686,
                            423.8459,
                            "L"
                        ]
                    ]
                },
                {
                    "category": "lane/single white",
                    "id": 46,
                    "attributes": {
                        "direction": "parallel",
                        "style": "solid"
                    },
                    "poly2d": [
                        [
                            415.624209,
                            432.083188,
                            "C"
                        ],
                        [
                            413.36208,
                            494.986113,
                            "C"
                        ],
                        [
                            402.145011,
                            557.889039,
                            "C"
                        ],
                        [
                            408.88461,
                            620.791963,
                            "L"
                        ]
                    ]
                },
                {
                    "category": "lane/single white",
                    "id": 47,
                    "attributes": {
                        "direction": "parallel",
                        "style": "solid"
                    },
                    "poly2d": [
                        [
                            432.84763,
                            441.818164,
                            "L"
                        ],
                        [
                            456.061804,
                            623.787339,
                            "L"
                        ]
                    ]
                },
                {
                    "category": "lane/single white",
                    "id": 48,
                    "attributes": {
                        "direction": "parallel",
                        "style": "solid"
                    },
                    "poly2d": [
                        [
                            480.773667,
                            411.86439,
                            "L"
                        ],
                        [
                            662.742842,
                            626.782717,
                            "L"
                        ]
                    ]
                },
                {
                    "category": "lane/single white",
                    "id": 49,
                    "attributes": {
                        "direction": "parallel",
                        "style": "solid"
                    },
                    "poly2d": [
                        [
                            490.508644,
                            408.869013,
                            "L"
                        ],
                        [
                            715.161948,
                            639.513071,
                            "L"
                        ]
                    ]
                },
                {
                    "category": "lane/single white",
                    "id": 50,
                    "attributes": {
                        "direction": "parallel",
                        "style": "solid"
                    },
                    "poly2d": [
                        [
                            694.194306,
                            426.841277,
                            "L"
                        ],
                        [
                            1279.774988,
                            631.275784,
                            "L"
                        ]
                    ]
                },
                {
                    "category": "lane/single white",
                    "id": 51,
                    "attributes": {
                        "direction": "parallel",
                        "style": "solid"
                    },
                    "poly2d": [
                        [
                            704.678125,
                            427.590122,
                            "L"
                        ],
                        [
                            1279.774988,
                            621.540806,
                            "L"
                        ]
                    ]
                },
                {
                    "category": "lane/single white",
                    "id": 52,
                    "attributes": {
                        "direction": "parallel",
                        "style": "solid"
                    },
                    "poly2d": [
                        [
                            1278.292894,
                            522.693353,
                            "L"
                        ],
                        [
                            893.386902,
                            436.576254,
                            "L"
                        ]
                    ]
                },
                {
                    "category": "lane/single white",
                    "id": 53,
                    "attributes": {
                        "direction": "parallel",
                        "style": "solid"
                    },
                    "poly2d": [
                        [
                            1277.544051,
                            515.953754,
                            "L"
                        ],
                        [
                            900.126501,
                            435.078565,
                            "L"
                        ]
                    ]
                },
                {
                    "category": "lane/crosswalk",
                    "id": 54,
                    "attributes": {
                        "direction": "vertical",
                        "style": "dashed"
                    },
                    "poly2d": [
                        [
                            42.699724,
                            363.938353,
                            "L"
                        ],
                        [
                            14.24364,
                            369.180264,
                            "L"
                        ]
                    ]
                }
            ]
        }
    ],
    "attributes": {
        "weather": "clear",
        "scene": "city street",
        "timeofday": "daytime"
    }
}