{
    "name": "0a0c3694-f3444902",
    "frames": [
        {
            "timestamp": 10000,
            "objects": [
                {
                    "category": "traffic light",
                    "id": 0,
                    "attributes": {
                        "occluded": false,
                        "truncated": false,
                        "trafficLightColor": "green"
                    },
                    "box2d": {
                        "x1": 437.111743,
                        "y1": 243.316069,
                        "x2": 460.604189,
                        "y2": 271.702776
                    }
                },
                {
                    "category": "traffic light",
                    "id": 1,
                    "attributes": {
                        "occluded": true,
                        "truncated": false,
                        "trafficLightColor": "none"
                    },
                    "box2d": {
                        "x1": 238.404807,
                        "y1": 303.026036,
                        "x2": 265.812659,
                        "y2": 321.624222
                    }
                },
                {
                    "category": "traffic light",
                    "id": 2,
                    "attributes": {
                        "occluded": false,
                        "truncated": false,
                        "trafficLightColor": "yellow"
                    },
                    "box2d": {
                        "x1": 206.102693,
                        "y1": 304.98374,
                        "x2": 227.637435,
                        "y2": 326.518482
                    }
                },
                {
                    "category": "traffic light",
                    "id": 3,
                    "attributes": {
                        "occluded": false,
                        "truncated": false,
                        "trafficLightColor": "green"
                    },
                    "box2d": {
                        "x1": 647.564903,
                        "y1": 259.956553,
                        "x2": 662.247681,
                        "y2": 285.406702
                    }
                },
                {
                    "category": "traffic light",
                    "id": 4,
                    "attributes": {
                        "occluded": false,
                        "truncated": false,
                        "trafficLightColor": "green"
                    },
                    "box2d": {
                        "x1": 393.063407,
                        "y1": 319.666519,
                        "x2": 409.70389,
                        "y2": 336.307001
                    }
                },
                {
                    "category": "traffic light",
                    "id": 5,
                    "attributes": {
                        "occluded": false,
                        "truncated": false,
                        "trafficLightColor": "green"
                    },
                    "box2d": {
                        "x1": 548.700861,
                        "y1": 315.098546,
                        "x2": 561.425936,
                        "y2": 327.823621
                    }
                },
                {
                    "category": "traffic light",
                    "id": 6,
                    "attributes": {
                        "occluded": false,
                        "truncated": false,
                        "trafficLightColor": "green"
                    },
                    "box2d": {
                        "x1": 603.516567,
                        "y1": 319.013954,
                        "x2": 615.262789,
                        "y2": 331.739028
                    }
                },
                {
                    "category": "traffic sign",
                    "id": 7,
                    "attributes": {
                        "occluded": false,
                        "truncated": false,
                        "trafficLightColor": "none"
                    },
                    "box2d": {
                        "x1": 662.13893,
                        "y1": 278.881025,
                        "x2": 705.208414,
                        "y2": 293.563804
                    }
                },
                {
                    "category": "traffic sign",
                    "id": 8,
                    "attributes": {
                        "occluded": false,
                        "truncated": false,
                        "trafficLightColor": "none"
                    },
                    "box2d": {
                        "x1": 374.465222,
                        "y1": 240.379515,
                        "x2": 393.063407,
                        "y2": 260.935406
                    }
                },
                {
                    "category": "car",
                    "id": 9,
                    "attributes": {
                        "occluded": true,
                        "truncated": false,
                        "trafficLightColor": "none"
                    },
                    "box2d": {
                        "x1": 547.667642,
                        "y1": 357.770372,
                        "x2": 562.35042,
                        "y2": 372.45315
                    }
                },
                {
                    "category": "car",
                    "id": 10,
                    "attributes": {
                        "occluded": true,
                        "truncated": false,
                        "trafficLightColor": "none"
                    },
                    "box2d": {
                        "x1": 541.79453,
                        "y1": 359.728075,
                        "x2": 553.540752,
                        "y2": 372.45315
                    }
                },
                {
                    "category": "car",
                    "id": 11,
                    "attributes": {
                        "occluded": true,
                        "truncated": false,
                        "trafficLightColor": "none"
                    },
                    "box2d": {
                        "x1": 531.027158,
                        "y1": 358.749223,
                        "x2": 544.731086,
                        "y2": 370.495445
                    }
                },
                {
                    "category": "car",
                    "id": 12,
                    "attributes": {
                        "occluded": true,
                        "truncated": false,
                        "trafficLightColor": "none"
                    },
                    "box2d": {
                        "x1": 519.280935,
                        "y1": 358.749223,
                        "x2": 533.963714,
                        "y2": 374.410854
                    }
                },
                {
                    "category": "car",
                    "id": 13,
                    "attributes": {
                        "occluded": true,
                        "truncated": false,
                        "trafficLightColor": "none"
                    },
                    "box2d": {
                        "x1": 488.936526,
                        "y1": 351.897259,
                        "x2": 522.21749,
                        "y2": 378.326261
                    }
                },
                {
                    "category": "car",
                    "id": 14,
                    "attributes": {
                        "occluded": true,
                        "truncated": false,
                        "trafficLightColor": "none"
                    },
                    "box2d": {
                        "x1": 624.01809,
                        "y1": 356.791519,
                        "x2": 640.658573,
                        "y2": 373.432003
                    }
                },
                {
                    "category": "car",
                    "id": 15,
                    "attributes": {
                        "occluded": true,
                        "truncated": false,
                        "trafficLightColor": "none"
                    },
                    "box2d": {
                        "x1": 630.870053,
                        "y1": 355.812667,
                        "x2": 657.299054,
                        "y2": 380.283964
                    }
                },
                {
                    "category": "car",
                    "id": 16,
                    "attributes": {
                        "occluded": false,
                        "truncated": false,
                        "trafficLightColor": "none"
                    },
                    "box2d": {
                        "x1": 440.972782,
                        "y1": 348.960703,
                        "x2": 499.703897,
                        "y2": 385.178224
                    }
                },
                {
                    "category": "car",
                    "id": 17,
                    "attributes": {
                        "occluded": false,
                        "truncated": false,
                        "trafficLightColor": "none"
                    },
                    "box2d": {
                        "x1": 642.616275,
                        "y1": 355.323241,
                        "x2": 695.474278,
                        "y2": 392.519614
                    }
                },
                {
                    "category": "car",
                    "id": 18,
                    "attributes": {
                        "occluded": false,
                        "truncated": false,
                        "trafficLightColor": "none"
                    },
                    "box2d": {
                        "x1": 562.350419,
                        "y1": 339.661611,
                        "x2": 630.870053,
                        "y2": 399.371577
                    }
                },
                {
                    "category": "car",
                    "id": 19,
                    "attributes": {
                        "occluded": true,
                        "truncated": false,
                        "trafficLightColor": "none"
                    },
                    "box2d": {
                        "x1": 48.453169,
                        "y1": 345.534722,
                        "x2": 218.7734,
                        "y2": 388.604205
                    }
                },
                {
                    "category": "car",
                    "id": 20,
                    "attributes": {
                        "occluded": false,
                        "truncated": true,
                        "trafficLightColor": "none"
                    },
                    "box2d": {
                        "x1": 0,
                        "y1": 352.386687,
                        "x2": 59.22054,
                        "y2": 395.45617
                    }
                },
                {
                    "category": "person",
                    "id": 21,
                    "attributes": {
                        "occluded": false,
                        "truncated": false,
                        "trafficLightColor": "none"
                    },
                    "box2d": {
                        "x1": 57.262837,
                        "y1": 342.598167,
                        "x2": 80.755282,
                        "y2": 408.181245
                    }
                },
                {
                    "category": "person",
                    "id": 22,
                    "attributes": {
                        "occluded": true,
                        "truncated": false,
                        "trafficLightColor": "none"
                    },
                    "box2d": {
                        "x1": 310.78548,
                        "y1": 335.746203,
                        "x2": 328.404814,
                        "y2": 385.667649
                    }
                },
                {
                    "category": "car",
                    "id": 23,
                    "attributes": {
                        "occluded": true,
                        "truncated": false,
                        "trafficLightColor": "none"
                    },
                    "box2d": {
                        "x1": 693.679721,
                        "y1": 351.734128,
                        "x2": 752.410835,
                        "y2": 410.465243
                    }
                },
                {
                    "category": "car",
                    "id": 24,
                    "attributes": {
                        "occluded": true,
                        "truncated": false,
                        "trafficLightColor": "none"
                    },
                    "box2d": {
                        "x1": 726.960687,
                        "y1": 341.945609,
                        "x2": 819.951618,
                        "y2": 430.04228
                    }
                },
                {
                    "category": "car",
                    "id": 25,
                    "attributes": {
                        "occluded": true,
                        "truncated": false,
                        "trafficLightColor": "none"
                    },
                    "box2d": {
                        "x1": 781.776393,
                        "y1": 337.05135,
                        "x2": 897.280917,
                        "y2": 458.428986
                    }
                },
                {
                    "category": "car",
                    "id": 26,
                    "attributes": {
                        "occluded": true,
                        "truncated": false,
                        "trafficLightColor": "none"
                    },
                    "box2d": {
                        "x1": 829.740151,
                        "y1": 326.283978,
                        "x2": 1116.54376,
                        "y2": 504.435026
                    }
                },
                {
                    "category": "car",
                    "id": 27,
                    "attributes": {
                        "occluded": false,
                        "truncated": true,
                        "trafficLightColor": "none"
                    },
                    "box2d": {
                        "x1": 1011.050779,
                        "y1": 308.357469,
                        "x2": 1279.256201,
                        "y2": 655.849894
                    }
                },
                {
                    "category": "area/drivable",
                    "id": 28,
                    "attributes": {},
                    "poly2d": [
                        [
                            271.807268,
                            620.871618,
                            "L"
                        ],
                        [
                            551.276277,
                            605.516178,
                            "C"
                        ],
                        [
                            830.745285,
                            614.729442,
                            "C"
                        ],
                        [
                            959.730982,
                            642.369234,
                            "C"
                        ],
                        [
                            655.693269,
                            405.895457,
                            "L"
                        ],
                        [
                            551.276277,
                            402.824369,
                            "L"
                        ],
                        [
                            271.807268,
                            620.871618,
                            "L"
                        ]
                    ]
                },
                {
                    "category": "lane/single white",
                    "id": 29,
                    "attributes": {
                        "direction": "parallel",
                        "style": "dashed"
                    },
                    "poly2d": [
                        [
                            400.310528,
                            402.868423,
                            "L"
                        ],
                        [
                            3.836842,
                            503.905266,
                            "L"
                        ]
                    ]
                },
                {
                    "category": "lane/single white",
                    "id": 30,
                    "attributes": {
                        "direction": "parallel",
                        "style": "dashed"
                    },
                    "poly2d": [
                        [
                            406.705265,
                            406.705265,
                            "L"
                        ],
                        [
                            2.557895,
                            510.300003,
                            "L"
                        ]
                    ]
                },
                {
                    "category": "lane/road curb",
                    "id": 31,
                    "attributes": {
                        "direction": "parallel",
                        "style": "solid"
                    },
                    "poly2d": [
                        [
                            331.24737,
                            401.589476,
                            "L"
                        ],
                        [
                            2.557895,
                            454.026318,
                            "L"
                        ]
                    ]
                },
                {
                    "category": "lane/road curb",
                    "id": 32,
                    "attributes": {
                        "direction": "parallel",
                        "style": "solid"
                    },
                    "poly2d": [
                        [
                            441.236844,
                            386.242107,
                            "L"
                        ],
                        [
                            369.615791,
                            387.521055,
                            "L"
                        ]
                    ]
                },
                {
                    "category": "lane/crosswalk",
                    "id": 33,
                    "attributes": {
                        "direction": "vertical",
                        "style": "dashed"
                    },
                    "poly2d": [
                        [
                            338.921054,
                            397.752634,
                            "L"
                        ],
                        [
                            564.015792,
                            396.473686,
                            "L"
                        ]
                    ]
                },
                {
                    "category": "lane/crosswalk",
                    "id": 34,
                    "attributes": {
                        "direction": "vertical",
                        "style": "dashed"
                    },
                    "poly2d": [
                        [
                            360.66316,
                            391.357897,
                            "L"
                        ],
                        [
                            561.457898,
                            391.357897,
                            "L"
                        ]
                    ]
                },
                {
                    "category": "lane/crosswalk",
                    "id": 35,
                    "attributes": {
                        "direction": "vertical",
                        "style": "dashed"
                    },
                    "poly2d": [
                        [
                            365.778949,
                            387.521055,
                            "L"
                        ],
                        [
                            328.689475,
                            399.031581,
                            "L"
                        ]
                    ]
                },
                {
                    "category": "lane/crosswalk",
                    "id": 36,
                    "attributes": {
                        "direction": "vertical",
                        "style": "dashed"
                    },
                    "poly2d": [
                        [
                            630.521056,
                            397.752634,
                            "L"
                        ],
                        [
                            697.026319,
                            402.868423,
                            "L"
                        ]
                    ]
                },
                {
                    "category": "lane/crosswalk",
                    "id": 37,
                    "attributes": {
                        "direction": "vertical",
                        "style": "dashed"
                    },
                    "poly2d": [
                        [
                            630.521056,
                            392.636844,
                            "L"
                        ],
                        [
                            697.026319,
                            396.473686,
                            "L"
                        ]
                    ]
                },
                {
                    "category": "lane/crosswalk",
                    "id": 38,
                    "attributes": {
                        "direction": "vertical",
                        "style": "dashed"
                    },
                    "poly2d": [
                        [
                            492.394739,
                            383.684213,
                            "L"
                        ],
                        [
                            560.17895,
                            383.684213,
                            "L"
                        ]
                    ]
                },
                {
                    "category": "lane/crosswalk",
                    "id": 39,
                    "attributes": {
                        "direction": "vertical",
                        "style": "dashed"
                    },
                    "poly2d": [
                        [
                            446.352634,
                            387.521055,
                            "L"
                        ],
                        [
                            560.17895,
                            388.800002,
                            "L"
                        ]
                    ]
                },
                {
                    "category": "lane/single white",
                    "id": 40,
                    "attributes": {
                        "direction": "vertical",
                        "style": "solid"
                    },
                    "poly2d": [
                        [
                            630.521056,
                            401.589476,
                            "L"
                        ],
                        [
                            697.026319,
                            406.705265,
                            "L"
                        ]
                    ]
                },
                {
                    "category": "lane/single white",
                    "id": 41,
                    "attributes": {
                        "direction": "parallel",
                        "style": "solid"
                    },
                    "poly2d": [
                        [
                            661.215793,
                            407.984213,
                            "L"
                        ],
                        [
                            963.047373,
                            643.31053,
                            "L"
                        ]
                    ]
                },
                {
                    "category": "lane/single white",
                    "id": 42,
                    "attributes": {
                        "direction": "parallel",
                        "style": "solid"
                    },
                    "poly2d": [
                        [
                            666.331582,
                            407.984213,
                            "L"
                        ],
                        [
                            993.74211,
                            648.426319,
                            "L"
                        ]
                    ]
                },
                {
                    "category": "lane/double yellow",
                    "id": 43,
                    "attributes": {
                        "direction": "parallel",
                        "style": "solid"
                    },
                    "poly2d": [
                        [
                            534.600003,
                            399.031581,
                            "L"
                        ],
                        [
                            190.563159,
                            626.684214,
                            "L"
                        ]
                    ]
                },
                {
                    "category": "lane/double yellow",
                    "id": 44,
                    "attributes": {
                        "direction": "parallel",
                        "style": "solid"
                    },
                    "poly2d": [
                        [
                            548.668424,
                            402.868423,
                            "L"
                        ],
                        [
                            267.300001,
                            624.126319,
                            "L"
                        ]
                    ]
                }
            ]
        }
    ],
    "attributes": {
        "weather": "overcast",
        "scene": "city street",
        "timeofday": "daytime"
    }
}