{
    "name": "0a0eaeaf-9ad0c6dd",
    "frames": [
        {
            "timestamp": 10000,
            "objects": [
                {
                    "category": "car",
                    "id": 0,
                    "attributes": {
                        "occluded": true,
                        "truncated": false,
                        "trafficLightColor": "none"
                    },
                    "box2d": {
                        "x1": 669.159042,
                        "y1": 314.74279,
                        "x2": 682.383529,
                        "y2": 339.869316
                    }
                },
                {
                    "category": "car",
                    "id": 1,
                    "attributes": {
                        "occluded": true,
                        "truncated": false,
                        "trafficLightColor": "none"
                    },
                    "box2d": {
                        "x1": 674.448835,
                        "y1": 313.420342,
                        "x2": 691.64067,
                        "y2": 339.869314
                    }
                },
                {
                    "category": "car",
                    "id": 2,
                    "attributes": {
                        "occluded": true,
                        "truncated": false,
                        "trafficLightColor": "none"
                    },
                    "box2d": {
                        "x1": 683.705977,
                        "y1": 313.420342,
                        "x2": 707.510053,
                        "y2": 341.191763
                    }
                },
                {
                    "category": "car",
                    "id": 3,
                    "attributes": {
                        "occluded": true,
                        "truncated": false,
                        "trafficLightColor": "none"
                    },
                    "box2d": {
                        "x1": 696.930464,
                        "y1": 298.873405,
                        "x2": 744.538617,
                        "y2": 349.126457
                    }
                },
                {
                    "category": "car",
                    "id": 4,
                    "attributes": {
                        "occluded": true,
                        "truncated": false,
                        "trafficLightColor": "none"
                    },
                    "box2d": {
                        "x1": 734.934339,
                        "y1": 297.550957,
                        "x2": 812.958812,
                        "y2": 359.706045
                    }
                },
                {
                    "category": "car",
                    "id": 5,
                    "attributes": {
                        "occluded": true,
                        "truncated": false,
                        "trafficLightColor": "none"
                    },
                    "box2d": {
                        "x1": 779.897593,
                        "y1": 305.485649,
                        "x2": 846.020027,
                        "y2": 366.31829
                    }
                },
                {
                    "category": "car",
                    "id": 6,
                    "attributes": {
                        "occluded": true,
                        "truncated": false,
                        "trafficLightColor": "none"
                    },
                    "box2d": {
                        "x1": 824.860848,
                        "y1": 283.004022,
                        "x2": 957.105717,
                        "y2": 384.832571
                    }
                },
                {
                    "category": "car",
                    "id": 7,
                    "attributes": {
                        "occluded": true,
                        "truncated": false,
                        "trafficLightColor": "none"
                    },
                    "box2d": {
                        "x1": 946.261634,
                        "y1": 256.995867,
                        "x2": 1231.910553,
                        "y2": 431.559094
                    }
                },
                {
                    "category": "car",
                    "id": 8,
                    "attributes": {
                        "occluded": true,
                        "truncated": false,
                        "trafficLightColor": "none"
                    },
                    "box2d": {
                        "x1": 361.469314,
                        "y1": 323.118301,
                        "x2": 394.530533,
                        "y2": 362.791763
                    }
                },
                {
                    "category": "car",
                    "id": 9,
                    "attributes": {
                        "occluded": true,
                        "truncated": false,
                        "trafficLightColor": "none"
                    },
                    "box2d": {
                        "x1": 316.50606,
                        "y1": 336.342789,
                        "x2": 364.114213,
                        "y2": 370.726455
                    }
                },
                {
                    "category": "car",
                    "id": 10,
                    "attributes": {
                        "occluded": true,
                        "truncated": false,
                        "trafficLightColor": "none"
                    },
                    "box2d": {
                        "x1": 239.804033,
                        "y1": 340.310136,
                        "x2": 321.795852,
                        "y2": 383.950942
                    }
                },
                {
                    "category": "car",
                    "id": 11,
                    "attributes": {
                        "occluded": true,
                        "truncated": false,
                        "trafficLightColor": "none"
                    },
                    "box2d": {
                        "x1": 447.42848,
                        "y1": 329.730546,
                        "x2": 480.489697,
                        "y2": 361.469314
                    }
                },
                {
                    "category": "car",
                    "id": 12,
                    "attributes": {
                        "occluded": false,
                        "truncated": false,
                        "trafficLightColor": "none"
                    },
                    "box2d": {
                        "x1": 381.306043,
                        "y1": 320.473405,
                        "x2": 463.297864,
                        "y2": 383.95094
                    }
                },
                {
                    "category": "car",
                    "id": 13,
                    "attributes": {
                        "occluded": false,
                        "truncated": false,
                        "trafficLightColor": "none"
                    },
                    "box2d": {
                        "x1": 470.203963,
                        "y1": 280.703508,
                        "x2": 631.542703,
                        "y2": 430.14021
                    }
                },
                {
                    "category": "person",
                    "id": 14,
                    "attributes": {
                        "occluded": true,
                        "truncated": false,
                        "trafficLightColor": "none"
                    },
                    "box2d": {
                        "x1": 1175.823618,
                        "y1": 238.305252,
                        "x2": 1275.254366,
                        "y2": 495.103292
                    }
                },
                {
                    "category": "traffic light",
                    "id": 15,
                    "attributes": {
                        "occluded": false,
                        "truncated": false,
                        "trafficLightColor": "none"
                    },
                    "box2d": {
                        "x1": 605.11474,
                        "y1": 266.001114,
                        "x2": 614.371882,
                        "y2": 280.548051
                    }
                },
                {
                    "category": "traffic sign",
                    "id": 16,
                    "attributes": {
                        "occluded": false,
                        "truncated": false,
                        "trafficLightColor": "none"
                    },
                    "box2d": {
                        "x1": 650.077995,
                        "y1": 287.727054,
                        "x2": 665.947378,
                        "y2": 298.306642
                    }
                },
                {
                    "category": "person",
                    "id": 17,
                    "attributes": {
                        "occluded": true,
                        "truncated": false,
                        "trafficLightColor": "none"
                    },
                    "box2d": {
                        "x1": 956.931744,
                        "y1": 276.329891,
                        "x2": 973.081811,
                        "y2": 317.181055
                    }
                },
                {
                    "category": "person",
                    "id": 18,
                    "attributes": {
                        "occluded": true,
                        "truncated": false,
                        "trafficLightColor": "none"
                    },
                    "box2d": {
                        "x1": 973.08181,
                        "y1": 270.895351,
                        "x2": 994.240987,
                        "y2": 317.181055
                    }
                },
                {
                    "category": "person",
                    "id": 19,
                    "attributes": {
                        "occluded": true,
                        "truncated": false,
                        "trafficLightColor": "none"
                    },
                    "box2d": {
                        "x1": 234.539039,
                        "y1": 323.314782,
                        "x2": 252.158373,
                        "y2": 352.68034
                    }
                },
                {
                    "category": "person",
                    "id": 20,
                    "attributes": {
                        "occluded": true,
                        "truncated": false,
                        "trafficLightColor": "none"
                    },
                    "box2d": {
                        "x1": 255.094929,
                        "y1": 318.909949,
                        "x2": 275.650819,
                        "y2": 342.402395
                    }
                },
                {
                    "category": "car",
                    "id": 21,
                    "attributes": {
                        "occluded": false,
                        "truncated": false,
                        "trafficLightColor": "none"
                    },
                    "box2d": {
                        "x1": 636.847171,
                        "y1": 305.695448,
                        "x2": 666.212729,
                        "y2": 335.061005
                    }
                },
                {
                    "category": "area/drivable",
                    "id": 22,
                    "attributes": {},
                    "poly2d": [
                        [
                            858.385078,
                            587.08965,
                            "L"
                        ],
                        [
                            667.977621,
                            590.160738,
                            "C"
                        ],
                        [
                            425.361668,
                            599.374002,
                            "C"
                        ],
                        [
                            213.456596,
                            625.47825,
                            "C"
                        ],
                        [
                            425.361668,
                            444.284057,
                            "L"
                        ],
                        [
                            686.404149,
                            427.393073,
                            "L"
                        ],
                        [
                            858.385078,
                            587.08965,
                            "L"
                        ]
                    ]
                },
                {
                    "category": "area/alternative",
                    "id": 23,
                    "attributes": {},
                    "poly2d": [
                        [
                            632.660109,
                            362.900225,
                            "L"
                        ],
                        [
                            638.802285,
                            335.260433,
                            "L"
                        ],
                        [
                            1174.707143,
                            468.852761,
                            "L"
                        ],
                        [
                            1171.636055,
                            485.743745,
                            "L"
                        ],
                        [
                            1280.6437,
                            510.312449,
                            "L"
                        ],
                        [
                            1280.6437,
                            593.231826,
                            "L"
                        ],
                        [
                            1156.280615,
                            580.947474,
                            "C"
                        ],
                        [
                            1030.366006,
                            582.483018,
                            "C"
                        ],
                        [
                            912.129118,
                            590.160738,
                            "C"
                        ],
                        [
                            632.660109,
                            362.900225,
                            "L"
                        ]
                    ]
                },
                {
                    "category": "lane/road curb",
                    "id": 24,
                    "attributes": {
                        "direction": "parallel",
                        "style": "solid"
                    },
                    "poly2d": [
                        [
                            0.569521,
                            512.999647,
                            "L"
                        ],
                        [
                            381.944259,
                            384.749735,
                            "L"
                        ]
                    ]
                },
                {
                    "category": "lane/single white",
                    "id": 25,
                    "attributes": {
                        "direction": "parallel",
                        "style": "solid"
                    },
                    "poly2d": [
                        [
                            71.444472,
                            538.31213,
                            "L"
                        ],
                        [
                            412.319238,
                            389.812232,
                            "L"
                        ]
                    ]
                },
                {
                    "category": "lane/single white",
                    "id": 26,
                    "attributes": {
                        "direction": "parallel",
                        "style": "solid"
                    },
                    "poly2d": [
                        [
                            79.881966,
                            543.374626,
                            "L"
                        ],
                        [
                            410.631739,
                            391.499731,
                            "L"
                        ]
                    ]
                },
                {
                    "category": "lane/double yellow",
                    "id": 27,
                    "attributes": {
                        "direction": "parallel",
                        "style": "solid"
                    },
                    "poly2d": [
                        [
                            263.81934,
                            543.374626,
                            "L"
                        ],
                        [
                            476.444194,
                            389.812232,
                            "L"
                        ]
                    ]
                },
                {
                    "category": "lane/double yellow",
                    "id": 28,
                    "attributes": {
                        "direction": "parallel",
                        "style": "solid"
                    },
                    "poly2d": [
                        [
                            312.756806,
                            543.374626,
                            "L"
                        ],
                        [
                            474.756695,
                            408.374719,
                            "L"
                        ]
                    ]
                },
                {
                    "category": "lane/single white",
                    "id": 29,
                    "attributes": {
                        "direction": "parallel",
                        "style": "solid"
                    },
                    "poly2d": [
                        [
                            861.193929,
                            592.312093,
                            "L"
                        ],
                        [
                            628.319089,
                            367.874747,
                            "L"
                        ]
                    ]
                },
                {
                    "category": "lane/single white",
                    "id": 30,
                    "attributes": {
                        "direction": "parallel",
                        "style": "solid"
                    },
                    "poly2d": [
                        [
                            910.131395,
                            590.624594,
                            "L"
                        ],
                        [
                            630.006588,
                            359.437253,
                            "L"
                        ]
                    ]
                },
                {
                    "category": "lane/single white",
                    "id": 31,
                    "attributes": {
                        "direction": "parallel",
                        "style": "solid"
                    },
                    "poly2d": [
                        [
                            1176.756212,
                            469.124677,
                            "L"
                        ],
                        [
                            761.631498,
                            361.124752,
                            "L"
                        ]
                    ]
                }
            ]
        }
    ],
    "attributes": {
        "weather": "clear",
        "scene": "city street",
        "timeofday": "daytime"
    }
}