{
    "name": "0a172b0e-136b7a63",
    "frames": [
        {
            "timestamp": 10000,
            "objects": [
                {
                    "category": "traffic sign",
                    "id": 0,
                    "attributes": {
                        "occluded": false,
                        "truncated": false,
                        "trafficLightColor": "none"
                    },
                    "box2d": {
                        "x1": 330.660247,
                        "y1": 201.373654,
                        "x2": 351.816233,
                        "y2": 210.776314
                    }
                },
                {
                    "category": "traffic sign",
                    "id": 1,
                    "attributes": {
                        "occluded": false,
                        "truncated": false,
                        "trafficLightColor": "none"
                    },
                    "box2d": {
                        "x1": 400.004872,
                        "y1": 211.951647,
                        "x2": 437.615514,
                        "y2": 221.354307
                    }
                },
                {
                    "category": "traffic sign",
                    "id": 2,
                    "attributes": {
                        "occluded": false,
                        "truncated": false,
                        "trafficLightColor": "none"
                    },
                    "box2d": {
                        "x1": 835.66147,
                        "y1": 220.178976,
                        "x2": 854.466792,
                        "y2": 229.581637
                    }
                },
                {
                    "category": "traffic sign",
                    "id": 3,
                    "attributes": {
                        "occluded": false,
                        "truncated": false,
                        "trafficLightColor": "none"
                    },
                    "box2d": {
                        "x1": 1012.353185,
                        "y1": 182.176551,
                        "x2": 1031.158507,
                        "y2": 216.261198
                    }
                },
                {
                    "category": "traffic sign",
                    "id": 4,
                    "attributes": {
                        "occluded": false,
                        "truncated": false,
                        "trafficLightColor": "none"
                    },
                    "box2d": {
                        "x1": 1069.944482,
                        "y1": 116.357926,
                        "x2": 1099.327797,
                        "y2": 146.916574
                    }
                },
                {
                    "category": "traffic sign",
                    "id": 5,
                    "attributes": {
                        "occluded": false,
                        "truncated": false,
                        "trafficLightColor": "none"
                    },
                    "box2d": {
                        "x1": 1058.191157,
                        "y1": 148.091905,
                        "x2": 1109.90579,
                        "y2": 162.195896
                    }
                },
                {
                    "category": "traffic light",
                    "id": 6,
                    "attributes": {
                        "occluded": false,
                        "truncated": false,
                        "trafficLightColor": "green"
                    },
                    "box2d": {
                        "x1": 192.754546,
                        "y1": 209.796867,
                        "x2": 204.507871,
                        "y2": 233.303519
                    }
                },
                {
                    "category": "traffic light",
                    "id": 7,
                    "attributes": {
                        "occluded": true,
                        "truncated": false,
                        "trafficLightColor": "none"
                    },
                    "box2d": {
                        "x1": 178.650553,
                        "y1": 239.180183,
                        "x2": 197.455875,
                        "y2": 257.985504
                    }
                },
                {
                    "category": "traffic light",
                    "id": 8,
                    "attributes": {
                        "occluded": false,
                        "truncated": false,
                        "trafficLightColor": "green"
                    },
                    "box2d": {
                        "x1": 334.675955,
                        "y1": 232.128186,
                        "x2": 345.253947,
                        "y2": 254.459508
                    }
                },
                {
                    "category": "traffic light",
                    "id": 9,
                    "attributes": {
                        "occluded": false,
                        "truncated": false,
                        "trafficLightColor": "green"
                    },
                    "box2d": {
                        "x1": 667.823992,
                        "y1": 202.392277,
                        "x2": 678.401985,
                        "y2": 220.022265
                    }
                },
                {
                    "category": "car",
                    "id": 10,
                    "attributes": {
                        "occluded": true,
                        "truncated": false,
                        "trafficLightColor": "none"
                    },
                    "box2d": {
                        "x1": 578.263634,
                        "y1": 288.250318,
                        "x2": 597.068955,
                        "y2": 304.704974
                    }
                },
                {
                    "category": "car",
                    "id": 11,
                    "attributes": {
                        "occluded": true,
                        "truncated": false,
                        "trafficLightColor": "none"
                    },
                    "box2d": {
                        "x1": 526.549,
                        "y1": 287.074985,
                        "x2": 547.704987,
                        "y2": 304.704974
                    }
                },
                {
                    "category": "car",
                    "id": 12,
                    "attributes": {
                        "occluded": false,
                        "truncated": false,
                        "trafficLightColor": "none"
                    },
                    "box2d": {
                        "x1": 544.178989,
                        "y1": 278.847656,
                        "x2": 579.438966,
                        "y2": 305.880305
                    }
                },
                {
                    "category": "car",
                    "id": 13,
                    "attributes": {
                        "occluded": true,
                        "truncated": false,
                        "trafficLightColor": "none"
                    },
                    "box2d": {
                        "x1": 632.328932,
                        "y1": 282.373654,
                        "x2": 660.536915,
                        "y2": 304.704974
                    }
                },
                {
                    "category": "car",
                    "id": 14,
                    "attributes": {
                        "occluded": false,
                        "truncated": false,
                        "trafficLightColor": "none"
                    },
                    "box2d": {
                        "x1": 598.030604,
                        "y1": 275.32166,
                        "x2": 634.679599,
                        "y2": 307.312744
                    }
                },
                {
                    "category": "car",
                    "id": 15,
                    "attributes": {
                        "occluded": true,
                        "truncated": false,
                        "trafficLightColor": "none"
                    },
                    "box2d": {
                        "x1": 511.269677,
                        "y1": 294.126981,
                        "x2": 526.548999,
                        "y2": 307.055639
                    }
                },
                {
                    "category": "car",
                    "id": 16,
                    "attributes": {
                        "occluded": true,
                        "truncated": false,
                        "trafficLightColor": "none"
                    },
                    "box2d": {
                        "x1": 702.848888,
                        "y1": 283.548987,
                        "x2": 715.777546,
                        "y2": 308.230973
                    }
                },
                {
                    "category": "car",
                    "id": 17,
                    "attributes": {
                        "occluded": true,
                        "truncated": false,
                        "trafficLightColor": "none"
                    },
                    "box2d": {
                        "x1": 711.076217,
                        "y1": 281.198322,
                        "x2": 743.985529,
                        "y2": 310.581637
                    }
                },
                {
                    "category": "car",
                    "id": 18,
                    "attributes": {
                        "occluded": false,
                        "truncated": false,
                        "trafficLightColor": "none"
                    },
                    "box2d": {
                        "x1": 657.010919,
                        "y1": 271.795662,
                        "x2": 705.199555,
                        "y2": 314.107637
                    }
                },
                {
                    "category": "car",
                    "id": 19,
                    "attributes": {
                        "occluded": true,
                        "truncated": false,
                        "trafficLightColor": "none"
                    },
                    "box2d": {
                        "x1": 779.539341,
                        "y1": 278.847656,
                        "x2": 844.182634,
                        "y2": 329.386957
                    }
                },
                {
                    "category": "car",
                    "id": 20,
                    "attributes": {
                        "occluded": true,
                        "truncated": false,
                        "trafficLightColor": "none"
                    },
                    "box2d": {
                        "x1": 885.319273,
                        "y1": 281.198322,
                        "x2": 928.806579,
                        "y2": 291.776314
                    }
                },
                {
                    "category": "car",
                    "id": 21,
                    "attributes": {
                        "occluded": true,
                        "truncated": false,
                        "trafficLightColor": "none"
                    },
                    "box2d": {
                        "x1": 813.623985,
                        "y1": 283.548987,
                        "x2": 913.527255,
                        "y2": 342.315616
                    }
                },
                {
                    "category": "car",
                    "id": 22,
                    "attributes": {
                        "occluded": true,
                        "truncated": false,
                        "trafficLightColor": "none"
                    },
                    "box2d": {
                        "x1": 954.076231,
                        "y1": 279.25903,
                        "x2": 1019.953608,
                        "y2": 304.704974
                    }
                },
                {
                    "category": "car",
                    "id": 23,
                    "attributes": {
                        "occluded": false,
                        "truncated": false,
                        "trafficLightColor": "none"
                    },
                    "box2d": {
                        "x1": 869.452282,
                        "y1": 287.074985,
                        "x2": 1009.31686,
                        "y2": 364.646936
                    }
                },
                {
                    "category": "car",
                    "id": 24,
                    "attributes": {
                        "occluded": false,
                        "truncated": false,
                        "trafficLightColor": "none"
                    },
                    "box2d": {
                        "x1": 333.794455,
                        "y1": 271.971961,
                        "x2": 486.587692,
                        "y2": 371.875233
                    }
                },
                {
                    "category": "car",
                    "id": 25,
                    "attributes": {
                        "occluded": true,
                        "truncated": false,
                        "trafficLightColor": "none"
                    },
                    "box2d": {
                        "x1": 467.782371,
                        "y1": 277.848627,
                        "x2": 513.620342,
                        "y2": 309.582606
                    }
                },
                {
                    "category": "person",
                    "id": 26,
                    "attributes": {
                        "occluded": true,
                        "truncated": false,
                        "trafficLightColor": "none"
                    },
                    "box2d": {
                        "x1": 1003.969113,
                        "y1": 274.5577,
                        "x2": 1019.248436,
                        "y2": 319.22034
                    }
                },
                {
                    "category": "person",
                    "id": 27,
                    "attributes": {
                        "occluded": true,
                        "truncated": false,
                        "trafficLightColor": "none"
                    },
                    "box2d": {
                        "x1": 1012.196441,
                        "y1": 271.031702,
                        "x2": 1035.703092,
                        "y2": 326.272333
                    }
                },
                {
                    "category": "person",
                    "id": 28,
                    "attributes": {
                        "occluded": true,
                        "truncated": false,
                        "trafficLightColor": "none"
                    },
                    "box2d": {
                        "x1": 1033.352426,
                        "y1": 271.031702,
                        "x2": 1060.385077,
                        "y2": 323.921669
                    }
                },
                {
                    "category": "person",
                    "id": 29,
                    "attributes": {
                        "occluded": false,
                        "truncated": false,
                        "trafficLightColor": "none"
                    },
                    "box2d": {
                        "x1": 1042.755088,
                        "y1": 274.5577,
                        "x2": 1076.839732,
                        "y2": 326.272333
                    }
                },
                {
                    "category": "person",
                    "id": 30,
                    "attributes": {
                        "occluded": false,
                        "truncated": false,
                        "trafficLightColor": "none"
                    },
                    "box2d": {
                        "x1": 263.2745,
                        "y1": 273.147296,
                        "x2": 284.430487,
                        "y2": 313.108604
                    }
                },
                {
                    "category": "person",
                    "id": 31,
                    "attributes": {
                        "occluded": false,
                        "truncated": false,
                        "trafficLightColor": "none"
                    },
                    "box2d": {
                        "x1": 24.681985,
                        "y1": 274.322628,
                        "x2": 47.013306,
                        "y2": 321.335931
                    }
                },
                {
                    "category": "person",
                    "id": 32,
                    "attributes": {
                        "occluded": false,
                        "truncated": false,
                        "trafficLightColor": "none"
                    },
                    "box2d": {
                        "x1": 50.539301,
                        "y1": 274.322628,
                        "x2": 71.695287,
                        "y2": 318.985267
                    }
                },
                {
                    "category": "traffic light",
                    "id": 33,
                    "attributes": {
                        "occluded": false,
                        "truncated": false,
                        "trafficLightColor": "green"
                    },
                    "box2d": {
                        "x1": 479.829531,
                        "y1": 206.858536,
                        "x2": 488.056859,
                        "y2": 224.488525
                    }
                },
                {
                    "category": "car",
                    "id": 34,
                    "attributes": {
                        "occluded": true,
                        "truncated": true,
                        "trafficLightColor": "none"
                    },
                    "box2d": {
                        "x1": 0,
                        "y1": 274.44016,
                        "x2": 104.604601,
                        "y2": 320.278131
                    }
                },
                {
                    "category": "traffic sign",
                    "id": 35,
                    "attributes": {
                        "occluded": true,
                        "truncated": false,
                        "trafficLightColor": "none"
                    },
                    "box2d": {
                        "x1": 1073.66632,
                        "y1": 263.2745,
                        "x2": 1092.471642,
                        "y2": 298.534477
                    }
                },
                {
                    "category": "traffic light",
                    "id": 36,
                    "attributes": {
                        "occluded": true,
                        "truncated": false,
                        "trafficLightColor": "none"
                    },
                    "box2d": {
                        "x1": 823.597955,
                        "y1": 181.305703,
                        "x2": 830.312981,
                        "y2": 201.450781
                    }
                },
                {
                    "category": "area/drivable",
                    "id": 37,
                    "attributes": {},
                    "poly2d": [
                        [
                            565.23258,
                            311.93851,
                            "L"
                        ],
                        [
                            300.708725,
                            526.552206,
                            "L"
                        ],
                        [
                            521.56119,
                            519.065682,
                            "C"
                        ],
                        [
                            743.661409,
                            539.029746,
                            "C"
                        ],
                        [
                            837.242964,
                            554.002795,
                            "C"
                        ],
                        [
                            640.097824,
                            314.434019,
                            "L"
                        ],
                        [
                            565.23258,
                            311.93851,
                            "L"
                        ]
                    ]
                },
                {
                    "category": "area/alternative",
                    "id": 38,
                    "attributes": {},
                    "poly2d": [
                        [
                            652.575364,
                            318.17728,
                            "L"
                        ],
                        [
                            855.959274,
                            551.507288,
                            "L"
                        ],
                        [
                            1054.352166,
                            595.178678,
                            "C"
                        ],
                        [
                            1207.825913,
                            653.823118,
                            "C"
                        ],
                        [
                            1280.195648,
                            692.503494,
                            "C"
                        ],
                        [
                            1280.195648,
                            536.534237,
                            "L"
                        ],
                        [
                            718.706329,
                            314.434019,
                            "L"
                        ],
                        [
                            652.575364,
                            318.17728,
                            "L"
                        ]
                    ]
                },
                {
                    "category": "area/alternative",
                    "id": 39,
                    "attributes": {},
                    "poly2d": [
                        [
                            898.382911,
                            376.821721,
                            "L"
                        ],
                        [
                            1019.415053,
                            369.335196,
                            "L"
                        ],
                        [
                            1280.195648,
                            429.227391,
                            "L"
                        ],
                        [
                            1280.195648,
                            521.56119,
                            "L"
                        ],
                        [
                            898.382911,
                            376.821721,
                            "L"
                        ]
                    ]
                },
                {
                    "category": "area/alternative",
                    "id": 40,
                    "attributes": {},
                    "poly2d": [
                        [
                            462.91675,
                            383.060491,
                            "L"
                        ],
                        [
                            291.974446,
                            371.830705,
                            "L"
                        ],
                        [
                            0,
                            460.421241,
                            "L"
                        ],
                        [
                            0,
                            537.781992,
                            "L"
                        ],
                        [
                            94.829308,
                            527.79996,
                            "C"
                        ],
                        [
                            202.136156,
                            517.817927,
                            "C"
                        ],
                        [
                            283.240167,
                            522.808945,
                            "C"
                        ],
                        [
                            462.91675,
                            383.060491,
                            "L"
                        ]
                    ]
                },
                {
                    "category": "area/alternative",
                    "id": 41,
                    "attributes": {},
                    "poly2d": [
                        [
                            324.41605,
                            331.902575,
                            "L"
                        ],
                        [
                            326.911559,
                            356.857656,
                            "L"
                        ],
                        [
                            0,
                            451.686963,
                            "L"
                        ],
                        [
                            0,
                            394.290278,
                            "L"
                        ],
                        [
                            324.41605,
                            331.902575,
                            "L"
                        ]
                    ]
                },
                {
                    "category": "lane/road curb",
                    "id": 42,
                    "attributes": {
                        "direction": "parallel",
                        "style": "solid"
                    },
                    "poly2d": [
                        [
                            1004.261758,
                            362.388385,
                            "L"
                        ],
                        [
                            1280.6437,
                            426.881233,
                            "L"
                        ]
                    ]
                },
                {
                    "category": "lane/road curb",
                    "id": 43,
                    "attributes": {
                        "direction": "parallel",
                        "style": "solid"
                    },
                    "poly2d": [
                        [
                            279.484988,
                            316.322066,
                            "L"
                        ],
                        [
                            0,
                            357.781753,
                            "L"
                        ]
                    ]
                },
                {
                    "category": "lane/single white",
                    "id": 44,
                    "attributes": {
                        "direction": "parallel",
                        "style": "solid"
                    },
                    "poly2d": [
                        [
                            333.229028,
                            328.606417,
                            "L"
                        ],
                        [
                            0,
                            393.099265,
                            "L"
                        ]
                    ]
                },
                {
                    "category": "lane/single white",
                    "id": 45,
                    "attributes": {
                        "direction": "parallel",
                        "style": "solid"
                    },
                    "poly2d": [
                        [
                            284.091619,
                            328.606417,
                            "L"
                        ],
                        [
                            0,
                            374.672737,
                            "L"
                        ]
                    ]
                },
                {
                    "category": "lane/single white",
                    "id": 46,
                    "attributes": {
                        "direction": "parallel",
                        "style": "dashed"
                    },
                    "poly2d": [
                        [
                            643.408917,
                            322.464241,
                            "L"
                        ],
                        [
                            833.816374,
                            555.86693,
                            "L"
                        ]
                    ]
                },
                {
                    "category": "lane/single white",
                    "id": 47,
                    "attributes": {
                        "direction": "parallel",
                        "style": "dashed"
                    },
                    "poly2d": [
                        [
                            856.849534,
                            555.86693,
                            "L"
                        ],
                        [
                            654.157724,
                            322.464241,
                            "L"
                        ]
                    ]
                },
                {
                    "category": "lane/single white",
                    "id": 48,
                    "attributes": {
                        "direction": "parallel",
                        "style": "dashed"
                    },
                    "poly2d": [
                        [
                            557.418453,
                            319.393152,
                            "L"
                        ],
                        [
                            302.518148,
                            528.227138,
                            "L"
                        ]
                    ]
                },
                {
                    "category": "lane/single white",
                    "id": 49,
                    "attributes": {
                        "direction": "parallel",
                        "style": "dashed"
                    },
                    "poly2d": [
                        [
                            548.20519,
                            319.393152,
                            "L"
                        ],
                        [
                            279.484988,
                            526.691594,
                            "L"
                        ]
                    ]
                },
                {
                    "category": "lane/single white",
                    "id": 50,
                    "attributes": {
                        "direction": "parallel",
                        "style": "dashed"
                    },
                    "poly2d": [
                        [
                            336.300116,
                            357.781753,
                            "L"
                        ],
                        [
                            18.442506,
                            445.307761,
                            "L"
                        ]
                    ]
                },
                {
                    "category": "lane/single white",
                    "id": 51,
                    "attributes": {
                        "direction": "parallel",
                        "style": "dashed"
                    },
                    "poly2d": [
                        [
                            773.930157,
                            339.355225,
                            "L"
                        ],
                        [
                            1280.6437,
                            532.83377,
                            "L"
                        ]
                    ]
                },
                {
                    "category": "lane/single white",
                    "id": 52,
                    "attributes": {
                        "direction": "parallel",
                        "style": "dashed"
                    },
                    "poly2d": [
                        [
                            781.607877,
                            334.748593,
                            "L"
                        ],
                        [
                            1280.6437,
                            520.549418,
                            "L"
                        ]
                    ]
                },
                {
                    "category": "lane/single white",
                    "id": 53,
                    "attributes": {
                        "direction": "parallel",
                        "style": "solid"
                    },
                    "poly2d": [
                        [
                            741.683733,
                            323.999785,
                            "L"
                        ],
                        [
                            773.930157,
                            334.748593,
                            "L"
                        ]
                    ]
                },
                {
                    "category": "lane/single white",
                    "id": 54,
                    "attributes": {
                        "direction": "vertical",
                        "style": "solid"
                    },
                    "poly2d": [
                        [
                            778.536789,
                            322.464241,
                            "L"
                        ],
                        [
                            483.71234,
                            316.322066,
                            "L"
                        ]
                    ]
                },
                {
                    "category": "lane/crosswalk",
                    "id": 55,
                    "attributes": {
                        "direction": "vertical",
                        "style": "dashed"
                    },
                    "poly2d": [
                        [
                            760.110261,
                            311.715433,
                            "L"
                        ],
                        [
                            486.783429,
                            307.108801,
                            "L"
                        ]
                    ]
                },
                {
                    "category": "lane/crosswalk",
                    "id": 56,
                    "attributes": {
                        "direction": "vertical",
                        "style": "dashed"
                    },
                    "poly2d": [
                        [
                            773.930157,
                            319.393152,
                            "L"
                        ],
                        [
                            483.71234,
                            313.250977,
                            "L"
                        ]
                    ]
                }
            ]
        }
    ],
    "attributes": {
        "weather": "clear",
        "scene": "city street",
        "timeofday": "daytime"
    }
}