{
    "name": "0a43ee66-9617d2ce",
    "frames": [
        {
            "timestamp": 10000,
            "objects": [
                {
                    "category": "car",
                    "id": 0,
                    "attributes": {
                        "occluded": false,
                        "truncated": false,
                        "trafficLightColor": "none"
                    },
                    "box2d": {
                        "x1": 100.276623,
                        "y1": 318.45425,
                        "x2": 455.802827,
                        "y2": 507.865647
                    }
                },
                {
                    "category": "car",
                    "id": 1,
                    "attributes": {
                        "occluded": false,
                        "truncated": false,
                        "trafficLightColor": "none"
                    },
                    "box2d": {
                        "x1": 742.249567,
                        "y1": 318.049083,
                        "x2": 954.957554,
                        "y2": 493.279947
                    }
                },
                {
                    "category": "car",
                    "id": 2,
                    "attributes": {
                        "occluded": false,
                        "truncated": true,
                        "trafficLightColor": "none"
                    },
                    "box2d": {
                        "x1": 1045.105222,
                        "y1": 347.423044,
                        "x2": 1279.084008,
                        "y2": 496.318632
                    }
                },
                {
                    "category": "car",
                    "id": 3,
                    "attributes": {
                        "occluded": false,
                        "truncated": false,
                        "trafficLightColor": "none"
                    },
                    "box2d": {
                        "x1": 457.626057,
                        "y1": 327.165138,
                        "x2": 570.057418,
                        "y2": 419.338598
                    }
                },
                {
                    "category": "car",
                    "id": 4,
                    "attributes": {
                        "occluded": true,
                        "truncated": false,
                        "trafficLightColor": "none"
                    },
                    "box2d": {
                        "x1": 545.747936,
                        "y1": 334.255406,
                        "x2": 598.418484,
                        "y2": 408.196753
                    }
                },
                {
                    "category": "car",
                    "id": 5,
                    "attributes": {
                        "occluded": true,
                        "truncated": false,
                        "trafficLightColor": "none"
                    },
                    "box2d": {
                        "x1": 601.45717,
                        "y1": 349.246257,
                        "x2": 639.542036,
                        "y2": 379.025384
                    }
                },
                {
                    "category": "car",
                    "id": 6,
                    "attributes": {
                        "occluded": true,
                        "truncated": false,
                        "trafficLightColor": "none"
                    },
                    "box2d": {
                        "x1": 633.464663,
                        "y1": 350.664321,
                        "x2": 648.658091,
                        "y2": 370.922224
                    }
                },
                {
                    "category": "car",
                    "id": 7,
                    "attributes": {
                        "occluded": true,
                        "truncated": false,
                        "trafficLightColor": "none"
                    },
                    "box2d": {
                        "x1": 644.606509,
                        "y1": 348.638529,
                        "x2": 653.722564,
                        "y2": 367.883538
                    }
                },
                {
                    "category": "car",
                    "id": 8,
                    "attributes": {
                        "occluded": true,
                        "truncated": false,
                        "trafficLightColor": "none"
                    },
                    "box2d": {
                        "x1": 650.68388,
                        "y1": 350.664321,
                        "x2": 658.78704,
                        "y2": 366.870643
                    }
                },
                {
                    "category": "car",
                    "id": 9,
                    "attributes": {
                        "occluded": true,
                        "truncated": false,
                        "trafficLightColor": "none"
                    },
                    "box2d": {
                        "x1": 686.135212,
                        "y1": 335.470892,
                        "x2": 761.089452,
                        "y2": 415.489611
                    }
                },
                {
                    "category": "car",
                    "id": 10,
                    "attributes": {
                        "occluded": true,
                        "truncated": false,
                        "trafficLightColor": "none"
                    },
                    "box2d": {
                        "x1": 954.870754,
                        "y1": 335.123606,
                        "x2": 1159.475576,
                        "y2": 455.658129
                    }
                },
                {
                    "category": "car",
                    "id": 11,
                    "attributes": {
                        "occluded": true,
                        "truncated": false,
                        "trafficLightColor": "none"
                    },
                    "box2d": {
                        "x1": 948.793383,
                        "y1": 370.574937,
                        "x2": 971.077076,
                        "y2": 424.258381
                    }
                },
                {
                    "category": "car",
                    "id": 12,
                    "attributes": {
                        "occluded": true,
                        "truncated": false,
                        "trafficLightColor": "none"
                    },
                    "box2d": {
                        "x1": 681.099669,
                        "y1": 352.342824,
                        "x2": 694.267306,
                        "y2": 372.600727
                    }
                },
                {
                    "category": "traffic sign",
                    "id": 13,
                    "attributes": {
                        "occluded": false,
                        "truncated": false,
                        "trafficLightColor": "none"
                    },
                    "box2d": {
                        "x1": 487.781386,
                        "y1": 282.453057,
                        "x2": 505.000606,
                        "y2": 294.607799
                    }
                },
                {
                    "category": "traffic sign",
                    "id": 14,
                    "attributes": {
                        "occluded": false,
                        "truncated": false,
                        "trafficLightColor": "none"
                    },
                    "box2d": {
                        "x1": 421.706251,
                        "y1": 237.017469,
                        "x2": 457.157584,
                        "y2": 257.072794
                    }
                },
                {
                    "category": "traffic light",
                    "id": 15,
                    "attributes": {
                        "occluded": false,
                        "truncated": false,
                        "trafficLightColor": "none"
                    },
                    "box2d": {
                        "x1": 430.822299,
                        "y1": 297.588601,
                        "x2": 447.028631,
                        "y2": 313.997504
                    }
                },
                {
                    "category": "traffic light",
                    "id": 16,
                    "attributes": {
                        "occluded": false,
                        "truncated": false,
                        "trafficLightColor": "green"
                    },
                    "box2d": {
                        "x1": 599.77321,
                        "y1": 247.956737,
                        "x2": 608.889265,
                        "y2": 275.304908
                    }
                },
                {
                    "category": "traffic light",
                    "id": 17,
                    "attributes": {
                        "occluded": false,
                        "truncated": false,
                        "trafficLightColor": "green"
                    },
                    "box2d": {
                        "x1": 831.726207,
                        "y1": 270.240431,
                        "x2": 842.868054,
                        "y2": 297.588601
                    }
                },
                {
                    "category": "traffic light",
                    "id": 18,
                    "attributes": {
                        "occluded": false,
                        "truncated": false,
                        "trafficLightColor": "none"
                    },
                    "box2d": {
                        "x1": 844.893845,
                        "y1": 272.26622,
                        "x2": 856.035692,
                        "y2": 293.537019
                    }
                },
                {
                    "category": "traffic light",
                    "id": 19,
                    "attributes": {
                        "occluded": false,
                        "truncated": false,
                        "trafficLightColor": "none"
                    },
                    "box2d": {
                        "x1": 419.680451,
                        "y1": 294.549915,
                        "x2": 431.835193,
                        "y2": 311.769135
                    }
                },
                {
                    "category": "traffic light",
                    "id": 20,
                    "attributes": {
                        "occluded": false,
                        "truncated": false,
                        "trafficLightColor": "none"
                    },
                    "box2d": {
                        "x1": 598.760314,
                        "y1": 324.93677,
                        "x2": 610.915056,
                        "y2": 338.104407
                    }
                },
                {
                    "category": "area/drivable",
                    "id": 21,
                    "attributes": {},
                    "poly2d": [
                        [
                            1.551523,
                            605.516178,
                            "L"
                        ],
                        [
                            422.29058,
                            600.909546,
                            "C"
                        ],
                        [
                            846.100726,
                            593.231826,
                            "C"
                        ],
                        [
                            1280.6437,
                            656.18913,
                            "C"
                        ],
                        [
                            1280.6437,
                            517.990169,
                            "L"
                        ],
                        [
                            757.039173,
                            488.814833,
                            "L"
                        ],
                        [
                            721.721661,
                            427.393073,
                            "L"
                        ],
                        [
                            502.138868,
                            424.321985,
                            "L"
                        ],
                        [
                            403.864052,
                            516.454625,
                            "L"
                        ],
                        [
                            112.110691,
                            511.847993,
                            "L"
                        ],
                        [
                            0,
                            537.952242,
                            "L"
                        ],
                        [
                            1.551523,
                            605.516178,
                            "L"
                        ]
                    ]
                },
                {
                    "category": "lane/road curb",
                    "id": 22,
                    "attributes": {
                        "direction": "parallel",
                        "style": "solid"
                    },
                    "poly2d": [
                        [
                            145.987223,
                            487.871831,
                            "C"
                        ],
                        [
                            92.3338,
                            506.588141,
                            "C"
                        ],
                        [
                            36.184867,
                            509.083649,
                            "C"
                        ],
                        [
                            6.238769,
                            535.286483,
                            "L"
                        ]
                    ]
                },
                {
                    "category": "lane/road curb",
                    "id": 23,
                    "attributes": {
                        "direction": "parallel",
                        "style": "solid"
                    },
                    "poly2d": [
                        [
                            596.426431,
                            383.060491,
                            "C"
                        ],
                        [
                            612.647235,
                            384.308245,
                            "C"
                        ],
                        [
                            620.13376,
                            384.308245,
                            "C"
                        ],
                        [
                            626.372529,
                            381.812737,
                            "L"
                        ]
                    ]
                },
                {
                    "category": "lane/crosswalk",
                    "id": 24,
                    "attributes": {
                        "direction": "vertical",
                        "style": "dashed"
                    },
                    "poly2d": [
                        [
                            630.115792,
                            386.803753,
                            "L"
                        ],
                        [
                            676.282691,
                            388.051507,
                            "L"
                        ]
                    ]
                },
                {
                    "category": "lane/crosswalk",
                    "id": 25,
                    "attributes": {
                        "direction": "vertical",
                        "style": "dashed"
                    },
                    "poly2d": [
                        [
                            631.363546,
                            380.564983,
                            "L"
                        ],
                        [
                            675.034937,
                            381.812737,
                            "L"
                        ]
                    ]
                },
                {
                    "category": "lane/crosswalk",
                    "id": 26,
                    "attributes": {
                        "direction": "vertical",
                        "style": "dashed"
                    },
                    "poly2d": [
                        [
                            598.921941,
                            390.547015,
                            "L"
                        ],
                        [
                            682.521462,
                            394.290278,
                            "L"
                        ]
                    ]
                },
                {
                    "category": "lane/crosswalk",
                    "id": 27,
                    "attributes": {
                        "direction": "vertical",
                        "style": "dashed"
                    },
                    "poly2d": [
                        [
                            597.674187,
                            398.033539,
                            "L"
                        ],
                        [
                            683.769215,
                            401.776803,
                            "L"
                        ]
                    ]
                }
            ]
        }
    ],
    "attributes": {
        "weather": "overcast",
        "scene": "city street",
        "timeofday": "daytime"
    }
}