{
    "name": "0a56c2e8-e46ca9b7",
    "frames": [
        {
            "timestamp": 10000,
            "objects": [
                {
                    "category": "person",
                    "id": 0,
                    "attributes": {
                        "occluded": false,
                        "truncated": false,
                        "trafficLightColor": "none"
                    },
                    "box2d": {
                        "x1": 60.390526,
                        "y1": 243.958552,
                        "x2": 106.402354,
                        "y2": 363.781023
                    }
                },
                {
                    "category": "person",
                    "id": 1,
                    "attributes": {
                        "occluded": false,
                        "truncated": false,
                        "trafficLightColor": "none"
                    },
                    "box2d": {
                        "x1": 231.017724,
                        "y1": 255.461509,
                        "x2": 263.609436,
                        "y2": 327.354992
                    }
                },
                {
                    "category": "person",
                    "id": 2,
                    "attributes": {
                        "occluded": false,
                        "truncated": false,
                        "trafficLightColor": "none"
                    },
                    "box2d": {
                        "x1": 376.721849,
                        "y1": 269.840204,
                        "x2": 404.520661,
                        "y2": 351.319484
                    }
                },
                {
                    "category": "person",
                    "id": 3,
                    "attributes": {
                        "occluded": false,
                        "truncated": false,
                        "trafficLightColor": "none"
                    },
                    "box2d": {
                        "x1": 880.455517,
                        "y1": 272.715944,
                        "x2": 910.17149,
                        "y2": 349.402326
                    }
                },
                {
                    "category": "person",
                    "id": 4,
                    "attributes": {
                        "occluded": false,
                        "truncated": false,
                        "trafficLightColor": "none"
                    },
                    "box2d": {
                        "x1": 842.112326,
                        "y1": 276.550263,
                        "x2": 869.91114,
                        "y2": 345.568006
                    }
                },
                {
                    "category": "person",
                    "id": 5,
                    "attributes": {
                        "occluded": false,
                        "truncated": false,
                        "trafficLightColor": "none"
                    },
                    "box2d": {
                        "x1": 807.603454,
                        "y1": 288.05322,
                        "x2": 834.443687,
                        "y2": 362.822441
                    }
                },
                {
                    "category": "person",
                    "id": 6,
                    "attributes": {
                        "occluded": true,
                        "truncated": false,
                        "trafficLightColor": "none"
                    },
                    "box2d": {
                        "x1": 4.707304,
                        "y1": 251.010962,
                        "x2": 24.83748,
                        "y2": 277.851197
                    }
                },
                {
                    "category": "person",
                    "id": 7,
                    "attributes": {
                        "occluded": true,
                        "truncated": false,
                        "trafficLightColor": "none"
                    },
                    "box2d": {
                        "x1": 203.133315,
                        "y1": 276.892617,
                        "x2": 229.97355,
                        "y2": 320.987287
                    }
                },
                {
                    "category": "person",
                    "id": 8,
                    "attributes": {
                        "occluded": true,
                        "truncated": false,
                        "trafficLightColor": "none"
                    },
                    "box2d": {
                        "x1": 789.869728,
                        "y1": 278.755001,
                        "x2": 826.29576,
                        "y2": 359.275701
                    }
                },
                {
                    "category": "person",
                    "id": 9,
                    "attributes": {
                        "occluded": true,
                        "truncated": true,
                        "trafficLightColor": "none"
                    },
                    "box2d": {
                        "x1": 0.188289,
                        "y1": 233.345706,
                        "x2": 64.413134,
                        "y2": 432.730298
                    }
                },
                {
                    "category": "bike",
                    "id": 10,
                    "attributes": {
                        "occluded": true,
                        "truncated": false,
                        "trafficLightColor": "none"
                    },
                    "box2d": {
                        "x1": 332.62718,
                        "y1": 285.177481,
                        "x2": 378.639007,
                        "y2": 332.14789
                    }
                },
                {
                    "category": "car",
                    "id": 11,
                    "attributes": {
                        "occluded": true,
                        "truncated": false,
                        "trafficLightColor": "none"
                    },
                    "box2d": {
                        "x1": 485.999941,
                        "y1": 267.124235,
                        "x2": 492.71,
                        "y2": 283.42009
                    }
                },
                {
                    "category": "car",
                    "id": 12,
                    "attributes": {
                        "occluded": true,
                        "truncated": false,
                        "trafficLightColor": "none"
                    },
                    "box2d": {
                        "x1": 489.834261,
                        "y1": 268.082813,
                        "x2": 500.378638,
                        "y2": 284.378669
                    }
                },
                {
                    "category": "car",
                    "id": 13,
                    "attributes": {
                        "occluded": true,
                        "truncated": false,
                        "trafficLightColor": "none"
                    },
                    "box2d": {
                        "x1": 411.230722,
                        "y1": 233.573942,
                        "x2": 486.958521,
                        "y2": 317.92896
                    }
                },
                {
                    "category": "car",
                    "id": 14,
                    "attributes": {
                        "occluded": true,
                        "truncated": false,
                        "trafficLightColor": "none"
                    },
                    "box2d": {
                        "x1": 374.804688,
                        "y1": 262.331334,
                        "x2": 472.579826,
                        "y2": 339.017716
                    }
                },
                {
                    "category": "car",
                    "id": 15,
                    "attributes": {
                        "occluded": true,
                        "truncated": false,
                        "trafficLightColor": "none"
                    },
                    "box2d": {
                        "x1": 640.011778,
                        "y1": 270.63903,
                        "x2": 677.39639,
                        "y2": 313.77512
                    }
                },
                {
                    "category": "car",
                    "id": 16,
                    "attributes": {
                        "occluded": true,
                        "truncated": false,
                        "trafficLightColor": "none"
                    },
                    "box2d": {
                        "x1": 663.976272,
                        "y1": 275.431931,
                        "x2": 759.83425,
                        "y2": 348.283994
                    }
                },
                {
                    "category": "car",
                    "id": 17,
                    "attributes": {
                        "occluded": false,
                        "truncated": false,
                        "trafficLightColor": "none"
                    },
                    "box2d": {
                        "x1": 468.266217,
                        "y1": 250.668608,
                        "x2": 669.567969,
                        "y2": 407.87569
                    }
                },
                {
                    "category": "traffic light",
                    "id": 18,
                    "attributes": {
                        "occluded": false,
                        "truncated": true,
                        "trafficLightColor": "green"
                    },
                    "box2d": {
                        "x1": 792.745469,
                        "y1": 0,
                        "x2": 814.792803,
                        "y2": 48.887569
                    }
                },
                {
                    "category": "traffic light",
                    "id": 19,
                    "attributes": {
                        "occluded": false,
                        "truncated": true,
                        "trafficLightColor": "none"
                    },
                    "box2d": {
                        "x1": 819.585701,
                        "y1": 0.95858,
                        "x2": 850.260253,
                        "y2": 53.680467
                    }
                },
                {
                    "category": "traffic light",
                    "id": 20,
                    "attributes": {
                        "occluded": false,
                        "truncated": false,
                        "trafficLightColor": "none"
                    },
                    "box2d": {
                        "x1": 26.840234,
                        "y1": 176.857967,
                        "x2": 48.887569,
                        "y2": 206.57394
                    }
                },
                {
                    "category": "traffic light",
                    "id": 21,
                    "attributes": {
                        "occluded": false,
                        "truncated": false,
                        "trafficLightColor": "none"
                    },
                    "box2d": {
                        "x1": 976.792784,
                        "y1": 213.283999,
                        "x2": 1005.550177,
                        "y2": 240.124233
                    }
                },
                {
                    "category": "traffic light",
                    "id": 22,
                    "attributes": {
                        "occluded": false,
                        "truncated": true,
                        "trafficLightColor": "none"
                    },
                    "box2d": {
                        "x1": 0.95858,
                        "y1": 173.982229,
                        "x2": 16.295856,
                        "y2": 206.57394
                    }
                },
                {
                    "category": "traffic sign",
                    "id": 23,
                    "attributes": {
                        "occluded": false,
                        "truncated": false,
                        "trafficLightColor": "none"
                    },
                    "box2d": {
                        "x1": 36.426031,
                        "y1": 100.011818,
                        "x2": 49.846149,
                        "y2": 123.017733
                    }
                },
                {
                    "category": "traffic sign",
                    "id": 24,
                    "attributes": {
                        "occluded": false,
                        "truncated": true,
                        "trafficLightColor": "none"
                    },
                    "box2d": {
                        "x1": 0,
                        "y1": 83.715963,
                        "x2": 24.923074,
                        "y2": 101.928979
                    }
                },
                {
                    "category": "traffic sign",
                    "id": 25,
                    "attributes": {
                        "occluded": false,
                        "truncated": false,
                        "trafficLightColor": "none"
                    },
                    "box2d": {
                        "x1": 940.047245,
                        "y1": 160.721872,
                        "x2": 991.810551,
                        "y2": 180.852048
                    }
                },
                {
                    "category": "traffic sign",
                    "id": 26,
                    "attributes": {
                        "occluded": false,
                        "truncated": false,
                        "trafficLightColor": "none"
                    },
                    "box2d": {
                        "x1": 938.130085,
                        "y1": 139.633118,
                        "x2": 960.177419,
                        "y2": 157.846134
                    }
                },
                {
                    "category": "area/drivable",
                    "id": 27,
                    "attributes": {},
                    "poly2d": [
                        [
                            96.42621,
                            358.77076,
                            "L"
                        ],
                        [
                            71.138403,
                            423.570765,
                            "L"
                        ],
                        [
                            0,
                            439.375644,
                            "L"
                        ],
                        [
                            0,
                            629.034195,
                            "L"
                        ],
                        [
                            507.353072,
                            576.878094,
                            "C"
                        ],
                        [
                            834.514073,
                            587.941509,
                            "C"
                        ],
                        [
                            1280.195222,
                            641.678099,
                            "C"
                        ],
                        [
                            1280.195222,
                            385.639053,
                            "L"
                        ],
                        [
                            1109.518972,
                            376.156126,
                            "C"
                        ],
                        [
                            839.255536,
                            377.736615,
                            "C"
                        ],
                        [
                            760.23114,
                            357.190273,
                            "C"
                        ],
                        [
                            673.304304,
                            350.86832,
                            "L"
                        ],
                        [
                            668.562839,
                            415.668325,
                            "L"
                        ],
                        [
                            478.904289,
                            417.248813,
                            "L"
                        ],
                        [
                            453.616482,
                            352.448808,
                            "L"
                        ],
                        [
                            96.42621,
                            358.77076,
                            "L"
                        ]
                    ]
                },
                {
                    "category": "lane/road curb",
                    "id": 28,
                    "attributes": {
                        "direction": "parallel",
                        "style": "solid"
                    },
                    "poly2d": [
                        [
                            209.622679,
                            355.609902,
                            "C"
                        ],
                        [
                            313.186265,
                            353.114394,
                            "C"
                        ],
                        [
                            330.654821,
                            353.114394,
                            "C"
                        ],
                        [
                            375.573967,
                            336.893592,
                            "L"
                        ]
                    ]
                },
                {
                    "category": "lane/road curb",
                    "id": 29,
                    "attributes": {
                        "direction": "parallel",
                        "style": "solid"
                    },
                    "poly2d": [
                        [
                            754.891196,
                            349.371132,
                            "C"
                        ],
                        [
                            814.78339,
                            380.564983,
                            "C"
                        ],
                        [
                            935.815532,
                            365.591935,
                            "C"
                        ],
                        [
                            1280.195648,
                            378.069475,
                            "L"
                        ]
                    ]
                },
                {
                    "category": "lane/crosswalk",
                    "id": 30,
                    "attributes": {
                        "direction": "vertical",
                        "style": "dashed"
                    },
                    "poly2d": [
                        [
                            864.693552,
                            369.335197,
                            "C"
                        ],
                        [
                            1039.379118,
                            388.051507,
                            "C"
                        ],
                        [
                            1169.145538,
                            432.970653,
                            "C"
                        ],
                        [
                            1280.195648,
                            472.898782,
                            "L"
                        ]
                    ]
                },
                {
                    "category": "lane/crosswalk",
                    "id": 31,
                    "attributes": {
                        "direction": "vertical",
                        "style": "dashed"
                    },
                    "poly2d": [
                        [
                            1276.452386,
                            455.430226,
                            "C"
                        ],
                        [
                            1162.906768,
                            425.484129,
                            "C"
                        ],
                        [
                            1055.59992,
                            381.812737,
                            "C"
                        ],
                        [
                            897.135157,
                            370.582951,
                            "L"
                        ]
                    ]
                },
                {
                    "category": "lane/crosswalk",
                    "id": 32,
                    "attributes": {
                        "direction": "vertical",
                        "style": "dashed"
                    },
                    "poly2d": [
                        [
                            671.291675,
                            360.600918,
                            "L"
                        ],
                        [
                            803.553604,
                            369.335197,
                            "L"
                        ]
                    ]
                },
                {
                    "category": "lane/crosswalk",
                    "id": 33,
                    "attributes": {
                        "direction": "vertical",
                        "style": "dashed"
                    },
                    "poly2d": [
                        [
                            668.796167,
                            348.123378,
                            "L"
                        ],
                        [
                            751.147934,
                            351.86664,
                            "L"
                        ]
                    ]
                },
                {
                    "category": "lane/crosswalk",
                    "id": 34,
                    "attributes": {
                        "direction": "vertical",
                        "style": "dashed"
                    },
                    "poly2d": [
                        [
                            466.660012,
                            353.114394,
                            "L"
                        ],
                        [
                            310.690757,
                            353.114394,
                            "L"
                        ]
                    ]
                },
                {
                    "category": "lane/crosswalk",
                    "id": 35,
                    "attributes": {
                        "direction": "vertical",
                        "style": "dashed"
                    },
                    "poly2d": [
                        [
                            401.776802,
                            339.3891,
                            "L"
                        ],
                        [
                            470.403274,
                            340.636854,
                            "L"
                        ]
                    ]
                },
                {
                    "category": "lane/crosswalk",
                    "id": 36,
                    "attributes": {
                        "direction": "vertical",
                        "style": "dashed"
                    },
                    "poly2d": [
                        [
                            57.396686,
                            399.281294,
                            "C"
                        ],
                        [
                            137.252945,
                            384.308245,
                            "C"
                        ],
                        [
                            202.136155,
                            369.335197,
                            "C"
                        ],
                        [
                            296.965462,
                            354.362148,
                            "L"
                        ]
                    ]
                },
                {
                    "category": "lane/crosswalk",
                    "id": 37,
                    "attributes": {
                        "direction": "vertical",
                        "style": "dashed"
                    },
                    "poly2d": [
                        [
                            7.486524,
                            577.710122,
                            "C"
                        ],
                        [
                            521.56119,
                            546.516271,
                            "C"
                        ],
                        [
                            840.986225,
                            557.746057,
                            "C"
                        ],
                        [
                            1280.195648,
                            567.728089,
                            "L"
                        ]
                    ]
                },
                {
                    "category": "lane/crosswalk",
                    "id": 38,
                    "attributes": {
                        "direction": "vertical",
                        "style": "dashed"
                    },
                    "poly2d": [
                        [
                            1278.947894,
                            585.196646,
                            "C"
                        ],
                        [
                            857.207027,
                            577.710122,
                            "C"
                        ],
                        [
                            504.092633,
                            566.480335,
                            "C"
                        ],
                        [
                            6.23877,
                            593.930924,
                            "L"
                        ]
                    ]
                },
                {
                    "category": "lane/single yellow",
                    "id": 39,
                    "attributes": {
                        "direction": "parallel",
                        "style": "dashed"
                    },
                    "poly2d": [
                        [
                            59.892194,
                            429.227391,
                            "L"
                        ],
                        [
                            1079.307247,
                            432.970653,
                            "L"
                        ]
                    ]
                },
                {
                    "category": "lane/single yellow",
                    "id": 40,
                    "attributes": {
                        "direction": "parallel",
                        "style": "dashed"
                    },
                    "poly2d": [
                        [
                            96.077061,
                            400.529048,
                            "L"
                        ],
                        [
                            1013.176283,
                            414.254342,
                            "L"
                        ]
                    ]
                },
                {
                    "category": "lane/single yellow",
                    "id": 41,
                    "attributes": {
                        "direction": "parallel",
                        "style": "dashed"
                    },
                    "poly2d": [
                        [
                            687.512478,
                            369.335197,
                            "C"
                        ],
                        [
                            789.828309,
                            379.317229,
                            "C"
                        ],
                        [
                            857.207027,
                            475.39429,
                            "C"
                        ],
                        [
                            923.337992,
                            539.029746,
                            "L"
                        ]
                    ]
                },
                {
                    "category": "lane/single yellow",
                    "id": 42,
                    "attributes": {
                        "direction": "parallel",
                        "style": "dashed"
                    },
                    "poly2d": [
                        [
                            789.828309,
                            374.326213,
                            "C"
                        ],
                        [
                            895.887403,
                            400.529048,
                            "C"
                        ],
                        [
                            973.248153,
                            459.173488,
                            "C"
                        ],
                        [
                            1054.352166,
                            515.32242,
                            "L"
                        ]
                    ]
                }
            ]
        }
    ],
    "attributes": {
        "weather": "overcast",
        "scene": "city street",
        "timeofday": "daytime"
    }
}