{
    "name": "0a71fa0a-5320a5e5",
    "frames": [
        {
            "timestamp": 10000,
            "objects": [
                {
                    "category": "traffic light",
                    "id": 0,
                    "attributes": {
                        "occluded": false,
                        "truncated": false,
                        "trafficLightColor": "none"
                    },
                    "box2d": {
                        "x1": 366.656395,
                        "y1": 227.872839,
                        "x2": 397.554407,
                        "y2": 305.117869
                    }
                },
                {
                    "category": "traffic light",
                    "id": 1,
                    "attributes": {
                        "occluded": false,
                        "truncated": false,
                        "trafficLightColor": "none"
                    },
                    "box2d": {
                        "x1": 479.949107,
                        "y1": 99.131121,
                        "x2": 510.847119,
                        "y2": 182.813237
                    }
                },
                {
                    "category": "traffic light",
                    "id": 2,
                    "attributes": {
                        "occluded": false,
                        "truncated": false,
                        "trafficLightColor": "none"
                    },
                    "box2d": {
                        "x1": 1096.621931,
                        "y1": 109.43046,
                        "x2": 1171.292127,
                        "y2": 209.848999
                    }
                },
                {
                    "category": "traffic light",
                    "id": 3,
                    "attributes": {
                        "occluded": false,
                        "truncated": false,
                        "trafficLightColor": "red"
                    },
                    "box2d": {
                        "x1": 348.632554,
                        "y1": 271.645023,
                        "x2": 370.518646,
                        "y2": 297.393366
                    }
                },
                {
                    "category": "traffic light",
                    "id": 4,
                    "attributes": {
                        "occluded": false,
                        "truncated": false,
                        "trafficLightColor": "none"
                    },
                    "box2d": {
                        "x1": 330.608714,
                        "y1": 253.621183,
                        "x2": 346.05772,
                        "y2": 297.393366
                    }
                },
                {
                    "category": "motor",
                    "id": 5,
                    "attributes": {
                        "occluded": false,
                        "truncated": true,
                        "trafficLightColor": "none"
                    },
                    "box2d": {
                        "x1": 1186.741132,
                        "y1": 356.614556,
                        "x2": 1278.147752,
                        "y2": 592.2119
                    }
                },
                {
                    "category": "car",
                    "id": 6,
                    "attributes": {
                        "occluded": false,
                        "truncated": false,
                        "trafficLightColor": "none"
                    },
                    "box2d": {
                        "x1": 604.828571,
                        "y1": 369.488728,
                        "x2": 732.282871,
                        "y2": 472.482102
                    }
                },
                {
                    "category": "car",
                    "id": 7,
                    "attributes": {
                        "occluded": true,
                        "truncated": false,
                        "trafficLightColor": "none"
                    },
                    "box2d": {
                        "x1": 563.631223,
                        "y1": 378.500648,
                        "x2": 624.13983,
                        "y2": 431.284751
                    }
                },
                {
                    "category": "car",
                    "id": 8,
                    "attributes": {
                        "occluded": true,
                        "truncated": false,
                        "trafficLightColor": "none"
                    },
                    "box2d": {
                        "x1": 582.942479,
                        "y1": 372.063562,
                        "x2": 630.576914,
                        "y2": 379.788065
                    }
                },
                {
                    "category": "traffic sign",
                    "id": 9,
                    "attributes": {
                        "occluded": false,
                        "truncated": false,
                        "trafficLightColor": "none"
                    },
                    "box2d": {
                        "x1": 485.098773,
                        "y1": 77.24503,
                        "x2": 513.421952,
                        "y2": 102.993374
                    }
                },
                {
                    "category": "traffic sign",
                    "id": 10,
                    "attributes": {
                        "occluded": false,
                        "truncated": false,
                        "trafficLightColor": "none"
                    },
                    "box2d": {
                        "x1": 505.69745,
                        "y1": 261.345687,
                        "x2": 540.457714,
                        "y2": 290.956281
                    }
                },
                {
                    "category": "traffic sign",
                    "id": 11,
                    "attributes": {
                        "occluded": false,
                        "truncated": false,
                        "trafficLightColor": "none"
                    },
                    "box2d": {
                        "x1": 509.5597,
                        "y1": 292.243698,
                        "x2": 532.73321,
                        "y2": 314.12979
                    }
                },
                {
                    "category": "traffic sign",
                    "id": 12,
                    "attributes": {
                        "occluded": false,
                        "truncated": false,
                        "trafficLightColor": "none"
                    },
                    "box2d": {
                        "x1": 543.032546,
                        "y1": 298.680785,
                        "x2": 559.76897,
                        "y2": 354.039722
                    }
                },
                {
                    "category": "traffic sign",
                    "id": 13,
                    "attributes": {
                        "occluded": false,
                        "truncated": false,
                        "trafficLightColor": "none"
                    },
                    "box2d": {
                        "x1": 983.329219,
                        "y1": 112.005294,
                        "x2": 1048.987495,
                        "y2": 209.848999
                    }
                },
                {
                    "category": "traffic sign",
                    "id": 14,
                    "attributes": {
                        "occluded": false,
                        "truncated": false,
                        "trafficLightColor": "none"
                    },
                    "box2d": {
                        "x1": 951.14379,
                        "y1": 112.005294,
                        "x2": 984.616636,
                        "y2": 211.136416
                    }
                },
                {
                    "category": "traffic sign",
                    "id": 15,
                    "attributes": {
                        "occluded": false,
                        "truncated": false,
                        "trafficLightColor": "none"
                    },
                    "box2d": {
                        "x1": 1144.256366,
                        "y1": 3.862252,
                        "x2": 1231.800732,
                        "y2": 96.556287
                    }
                },
                {
                    "category": "traffic sign",
                    "id": 16,
                    "attributes": {
                        "occluded": false,
                        "truncated": false,
                        "trafficLightColor": "none"
                    },
                    "box2d": {
                        "x1": 1206.052389,
                        "y1": 180.238405,
                        "x2": 1267.848413,
                        "y2": 234.309926
                    }
                },
                {
                    "category": "traffic sign",
                    "id": 17,
                    "attributes": {
                        "occluded": false,
                        "truncated": false,
                        "trafficLightColor": "none"
                    },
                    "box2d": {
                        "x1": 998.778225,
                        "y1": 211.136416,
                        "x2": 1045.125245,
                        "y2": 257.483434
                    }
                },
                {
                    "category": "traffic sign",
                    "id": 18,
                    "attributes": {
                        "occluded": true,
                        "truncated": false,
                        "trafficLightColor": "none"
                    },
                    "box2d": {
                        "x1": 1036.113324,
                        "y1": 230.447674,
                        "x2": 1067.011336,
                        "y2": 269.070189
                    }
                },
                {
                    "category": "traffic sign",
                    "id": 19,
                    "attributes": {
                        "occluded": true,
                        "truncated": false,
                        "trafficLightColor": "none"
                    },
                    "box2d": {
                        "x1": 1081.172924,
                        "y1": 234.309925,
                        "x2": 1122.370274,
                        "y2": 279.369526
                    }
                },
                {
                    "category": "traffic sign",
                    "id": 20,
                    "attributes": {
                        "occluded": true,
                        "truncated": false,
                        "trafficLightColor": "none"
                    },
                    "box2d": {
                        "x1": 1123.657691,
                        "y1": 320.566876,
                        "x2": 1139.106697,
                        "y2": 351.464888
                    }
                },
                {
                    "category": "traffic sign",
                    "id": 21,
                    "attributes": {
                        "occluded": true,
                        "truncated": false,
                        "trafficLightColor": "none"
                    },
                    "box2d": {
                        "x1": 1123.657691,
                        "y1": 14.161589,
                        "x2": 1162.280206,
                        "y2": 97.843705
                    }
                },
                {
                    "category": "area/drivable",
                    "id": 22,
                    "attributes": {},
                    "poly2d": [
                        [
                            480.851902,
                            469.525625,
                            "L"
                        ],
                        [
                            315.076406,
                            480.851902,
                            "C"
                        ],
                        [
                            146.211927,
                            480.851902,
                            "C"
                        ],
                        [
                            0,
                            480.851902,
                            "C"
                        ],
                        [
                            0,
                            619.856198,
                            "L"
                        ],
                        [
                            252.267057,
                            596.173984,
                            "C"
                        ],
                        [
                            486.000208,
                            579.699401,
                            "C"
                        ],
                        [
                            716.644374,
                            598.233308,
                            "C"
                        ],
                        [
                            900.953774,
                            600.29263,
                            "C"
                        ],
                        [
                            1074.966561,
                            619.856198,
                            "C"
                        ],
                        [
                            1261.335286,
                            638.390104,
                            "C"
                        ],
                        [
                            1066.72927,
                            633.241796,
                            "C"
                        ],
                        [
                            625.004504,
                            473.644272,
                            "C"
                        ],
                        [
                            973.030077,
                            493.207838,
                            "C"
                        ],
                        [
                            480.851902,
                            469.525625,
                            "L"
                        ]
                    ]
                },
                {
                    "category": "lane/road curb",
                    "id": 23,
                    "attributes": {
                        "direction": "parallel",
                        "style": "solid"
                    },
                    "poly2d": [
                        [
                            1.247754,
                            472.898782,
                            "C"
                        ],
                        [
                            479.137552,
                            469.15552,
                            "C"
                        ],
                        [
                            482.880815,
                            481.63306,
                            "C"
                        ],
                        [
                            565.232582,
                            429.227391,
                            "L"
                        ]
                    ]
                },
                {
                    "category": "lane/road curb",
                    "id": 24,
                    "attributes": {
                        "direction": "parallel",
                        "style": "solid"
                    },
                    "poly2d": [
                        [
                            739.918147,
                            429.227391,
                            "C"
                        ],
                        [
                            834.747455,
                            470.403274,
                            "C"
                        ],
                        [
                            855.959273,
                            461.668997,
                            "C"
                        ],
                        [
                            1049.184789,
                            480.113239,
                            "L"
                        ]
                    ]
                },
                {
                    "category": "lane/road curb",
                    "id": 25,
                    "attributes": {
                        "direction": "parallel",
                        "style": "solid"
                    },
                    "poly2d": [
                        [
                            850.968258,
                            519.065683,
                            "C"
                        ],
                        [
                            869.684568,
                            566.480336,
                            "C"
                        ],
                        [
                            1121.730884,
                            595.178678,
                            "C"
                        ],
                        [
                            1258.983829,
                            638.85007,
                            "L"
                        ]
                    ]
                },
                {
                    "category": "lane/single white",
                    "id": 26,
                    "attributes": {
                        "direction": "vertical",
                        "style": "solid"
                    },
                    "poly2d": [
                        [
                            1146.685965,
                            615.142743,
                            "L"
                        ],
                        [
                            983.230186,
                            616.390497,
                            "L"
                        ]
                    ]
                },
                {
                    "category": "lane/single white",
                    "id": 27,
                    "attributes": {
                        "direction": "vertical",
                        "style": "solid"
                    },
                    "poly2d": [
                        [
                            834.747455,
                            602.665203,
                            "L"
                        ],
                        [
                            1076.811739,
                            596.426432,
                            "L"
                        ]
                    ]
                },
                {
                    "category": "lane/crosswalk",
                    "id": 28,
                    "attributes": {
                        "direction": "vertical",
                        "style": "dashed"
                    },
                    "poly2d": [
                        [
                            974.495907,
                            582.701138,
                            "L"
                        ],
                        [
                            615.142743,
                            590.187661,
                            "L"
                        ]
                    ]
                },
                {
                    "category": "lane/crosswalk",
                    "id": 29,
                    "attributes": {
                        "direction": "vertical",
                        "style": "dashed"
                    },
                    "poly2d": [
                        [
                            1.247754,
                            530.295468,
                            "L"
                        ],
                        [
                            849.720503,
                            521.56119,
                            "L"
                        ]
                    ]
                },
                {
                    "category": "lane/crosswalk",
                    "id": 30,
                    "attributes": {
                        "direction": "vertical",
                        "style": "dashed"
                    },
                    "poly2d": [
                        [
                            160.960272,
                            475.394289,
                            "L"
                        ],
                        [
                            0,
                            512.826912,
                            "L"
                        ]
                    ]
                },
                {
                    "category": "lane/crosswalk",
                    "id": 31,
                    "attributes": {
                        "direction": "vertical",
                        "style": "dashed"
                    },
                    "poly2d": [
                        [
                            892.144141,
                            471.651028,
                            "L"
                        ],
                        [
                            959.522859,
                            492.862847,
                            "L"
                        ]
                    ]
                }
            ]
        }
    ],
    "attributes": {
        "weather": "clear",
        "scene": "city street",
        "timeofday": "daytime"
    }
}