{
    "name": "0a9fa6b4-51db4df5",
    "frames": [
        {
            "timestamp": 10000,
            "objects": [
                {
                    "category": "car",
                    "id": 0,
                    "attributes": {
                        "occluded": true,
                        "truncated": false,
                        "trafficLightColor": "none"
                    },
                    "box2d": {
                        "x1": 587.692154,
                        "y1": 363.096426,
                        "x2": 601.417449,
                        "y2": 371.830705
                    }
                },
                {
                    "category": "car",
                    "id": 1,
                    "attributes": {
                        "occluded": true,
                        "truncated": false,
                        "trafficLightColor": "none"
                    },
                    "box2d": {
                        "x1": 596.426431,
                        "y1": 361.848672,
                        "x2": 618.886004,
                        "y2": 373.078459
                    }
                },
                {
                    "category": "car",
                    "id": 2,
                    "attributes": {
                        "occluded": true,
                        "truncated": false,
                        "trafficLightColor": "none"
                    },
                    "box2d": {
                        "x1": 620.133758,
                        "y1": 361.848672,
                        "x2": 641.345577,
                        "y2": 379.31723
                    }
                },
                {
                    "category": "car",
                    "id": 3,
                    "attributes": {
                        "occluded": true,
                        "truncated": false,
                        "trafficLightColor": "none"
                    },
                    "box2d": {
                        "x1": 635.106808,
                        "y1": 358.105411,
                        "x2": 656.318626,
                        "y2": 383.060491
                    }
                },
                {
                    "category": "car",
                    "id": 4,
                    "attributes": {
                        "occluded": true,
                        "truncated": false,
                        "trafficLightColor": "none"
                    },
                    "box2d": {
                        "x1": 642.593331,
                        "y1": 355.609901,
                        "x2": 685.016968,
                        "y2": 386.803753
                    }
                },
                {
                    "category": "car",
                    "id": 5,
                    "attributes": {
                        "occluded": true,
                        "truncated": false,
                        "trafficLightColor": "none"
                    },
                    "box2d": {
                        "x1": 672.539429,
                        "y1": 349.371132,
                        "x2": 709.97205,
                        "y2": 391.794768
                    }
                },
                {
                    "category": "car",
                    "id": 6,
                    "attributes": {
                        "occluded": true,
                        "truncated": false,
                        "trafficLightColor": "none"
                    },
                    "box2d": {
                        "x1": 682.52146,
                        "y1": 340.636853,
                        "x2": 799.810341,
                        "y2": 401.776801
                    }
                },
                {
                    "category": "car",
                    "id": 7,
                    "attributes": {
                        "occluded": true,
                        "truncated": false,
                        "trafficLightColor": "none"
                    },
                    "box2d": {
                        "x1": 721.201837,
                        "y1": 346.875624,
                        "x2": 808.544619,
                        "y2": 420.493113
                    }
                },
                {
                    "category": "car",
                    "id": 8,
                    "attributes": {
                        "occluded": true,
                        "truncated": false,
                        "trafficLightColor": "none"
                    },
                    "box2d": {
                        "x1": 752.395689,
                        "y1": 341.884609,
                        "x2": 880.914354,
                        "y2": 424.236376
                    }
                },
                {
                    "category": "car",
                    "id": 9,
                    "attributes": {
                        "occluded": true,
                        "truncated": false,
                        "trafficLightColor": "none"
                    },
                    "box2d": {
                        "x1": 792.323818,
                        "y1": 336.893592,
                        "x2": 988.221202,
                        "y2": 452.934718
                    }
                },
                {
                    "category": "car",
                    "id": 10,
                    "attributes": {
                        "occluded": true,
                        "truncated": false,
                        "trafficLightColor": "none"
                    },
                    "box2d": {
                        "x1": 892.14414,
                        "y1": 331.902574,
                        "x2": 1045.617888,
                        "y2": 476.642043
                    }
                },
                {
                    "category": "car",
                    "id": 11,
                    "attributes": {
                        "occluded": false,
                        "truncated": false,
                        "trafficLightColor": "none"
                    },
                    "box2d": {
                        "x1": 568.975843,
                        "y1": 363.096426,
                        "x2": 585.196647,
                        "y2": 371.830705
                    }
                },
                {
                    "category": "car",
                    "id": 12,
                    "attributes": {
                        "occluded": true,
                        "truncated": false,
                        "trafficLightColor": "none"
                    },
                    "box2d": {
                        "x1": 555.250549,
                        "y1": 363.096426,
                        "x2": 576.462368,
                        "y2": 375.573967
                    }
                },
                {
                    "category": "car",
                    "id": 13,
                    "attributes": {
                        "occluded": true,
                        "truncated": false,
                        "trafficLightColor": "none"
                    },
                    "box2d": {
                        "x1": 531.543222,
                        "y1": 363.096426,
                        "x2": 556.498303,
                        "y2": 376.82172
                    }
                },
                {
                    "category": "car",
                    "id": 14,
                    "attributes": {
                        "occluded": true,
                        "truncated": false,
                        "trafficLightColor": "none"
                    },
                    "box2d": {
                        "x1": 526.552207,
                        "y1": 365.591936,
                        "x2": 547.764026,
                        "y2": 381.812738
                    }
                },
                {
                    "category": "car",
                    "id": 15,
                    "attributes": {
                        "occluded": true,
                        "truncated": false,
                        "trafficLightColor": "none"
                    },
                    "box2d": {
                        "x1": 505.340387,
                        "y1": 361.848672,
                        "x2": 536.534239,
                        "y2": 386.803753
                    }
                },
                {
                    "category": "car",
                    "id": 16,
                    "attributes": {
                        "occluded": true,
                        "truncated": false,
                        "trafficLightColor": "none"
                    },
                    "box2d": {
                        "x1": 469.15552,
                        "y1": 366.83969,
                        "x2": 527.79996,
                        "y2": 393.042524
                    }
                },
                {
                    "category": "car",
                    "id": 17,
                    "attributes": {
                        "occluded": true,
                        "truncated": false,
                        "trafficLightColor": "none"
                    },
                    "box2d": {
                        "x1": 431.722899,
                        "y1": 364.34418,
                        "x2": 486.624078,
                        "y2": 403.024557
                    }
                },
                {
                    "category": "car",
                    "id": 18,
                    "attributes": {
                        "occluded": true,
                        "truncated": false,
                        "trafficLightColor": "none"
                    },
                    "box2d": {
                        "x1": 391.794768,
                        "y1": 356.857657,
                        "x2": 466.660011,
                        "y2": 408.015572
                    }
                },
                {
                    "category": "car",
                    "id": 19,
                    "attributes": {
                        "occluded": true,
                        "truncated": false,
                        "trafficLightColor": "none"
                    },
                    "box2d": {
                        "x1": 177.181075,
                        "y1": 351.86664,
                        "x2": 431.722899,
                        "y2": 429.227391
                    }
                },
                {
                    "category": "car",
                    "id": 20,
                    "attributes": {
                        "occluded": false,
                        "truncated": true,
                        "trafficLightColor": "none"
                    },
                    "box2d": {
                        "x1": 1008.185267,
                        "y1": 284.487922,
                        "x2": 1277.70014,
                        "y2": 520.313437
                    }
                },
                {
                    "category": "car",
                    "id": 21,
                    "attributes": {
                        "occluded": false,
                        "truncated": true,
                        "trafficLightColor": "none"
                    },
                    "box2d": {
                        "x1": 0,
                        "y1": 381.812738,
                        "x2": 27.450588,
                        "y2": 494.110601
                    }
                },
                {
                    "category": "traffic sign",
                    "id": 22,
                    "attributes": {
                        "occluded": false,
                        "truncated": false,
                        "trafficLightColor": "none"
                    },
                    "box2d": {
                        "x1": 142.243961,
                        "y1": 230.834498,
                        "x2": 185.915352,
                        "y2": 247.0553
                    }
                },
                {
                    "category": "traffic sign",
                    "id": 23,
                    "attributes": {
                        "occluded": true,
                        "truncated": false,
                        "trafficLightColor": "none"
                    },
                    "box2d": {
                        "x1": 152.225994,
                        "y1": 247.0553,
                        "x2": 187.163107,
                        "y2": 267.019365
                    }
                },
                {
                    "category": "area/drivable",
                    "id": 24,
                    "attributes": {},
                    "poly2d": [
                        [
                            591.200421,
                            387.468929,
                            "L"
                        ],
                        [
                            620.375757,
                            384.397841,
                            "L"
                        ],
                        [
                            1280.195648,
                            596.426431,
                            "L"
                        ],
                        [
                            1280.195648,
                            707.476542,
                            "L"
                        ],
                        [
                            1029.397086,
                            668.796167,
                            "C"
                        ],
                        [
                            744.909163,
                            628.868038,
                            "C"
                        ],
                        [
                            449.191455,
                            652.575364,
                            "C"
                        ],
                        [
                            495.980714,
                            563.54465,
                            "C"
                        ],
                        [
                            603.484773,
                            399.753281,
                            "C"
                        ],
                        [
                            591.200421,
                            387.468929,
                            "C"
                        ]
                    ]
                },
                {
                    "category": "area/alternative",
                    "id": 25,
                    "attributes": {},
                    "poly2d": [
                        [
                            581.453385,
                            386.803753,
                            "L"
                        ],
                        [
                            560.241566,
                            381.812737,
                            "L"
                        ],
                        [
                            0,
                            581.453385,
                            "L"
                        ],
                        [
                            0,
                            631.363546,
                            "L"
                        ],
                        [
                            126.023158,
                            613.894989,
                            "C"
                        ],
                        [
                            270.762626,
                            626.372529,
                            "C"
                        ],
                        [
                            345.62787,
                            665.052906,
                            "C"
                        ],
                        [
                            396.186332,
                            654.653586,
                            "L"
                        ],
                        [
                            476.018642,
                            563.54465,
                            "C"
                        ],
                        [
                            581.987157,
                            402.824369,
                            "C"
                        ],
                        [
                            581.453385,
                            386.803753,
                            "C"
                        ]
                    ]
                },
                {
                    "category": "lane/road curb",
                    "id": 26,
                    "attributes": {
                        "direction": "parallel",
                        "style": "solid"
                    },
                    "poly2d": [
                        [
                            441.391648,
                            428.4048,
                            "C"
                        ],
                        [
                            289.363346,
                            499.025903,
                            "C"
                        ],
                        [
                            159.894081,
                            562.781065,
                            "C"
                        ],
                        [
                            0.999985,
                            564.742761,
                            "L"
                        ]
                    ]
                },
                {
                    "category": "lane/single white",
                    "id": 27,
                    "attributes": {
                        "direction": "parallel",
                        "style": "dashed"
                    },
                    "poly2d": [
                        [
                            589.49664,
                            376.419823,
                            "C"
                        ],
                        [
                            599.304918,
                            416.634618,
                            "C"
                        ],
                        [
                            495.337175,
                            554.934275,
                            "C"
                        ],
                        [
                            451.199926,
                            651.057442,
                            "L"
                        ]
                    ]
                },
                {
                    "category": "lane/single white",
                    "id": 28,
                    "attributes": {
                        "direction": "parallel",
                        "style": "dashed"
                    },
                    "poly2d": [
                        [
                            584.592501,
                            377.400671,
                            "C"
                        ],
                        [
                            590.477468,
                            416.634618,
                            "C"
                        ],
                        [
                            473.758964,
                            554.934275,
                            "C"
                        ],
                        [
                            414.909299,
                            655.961685,
                            "L"
                        ]
                    ]
                }
            ]
        }
    ],
    "attributes": {
        "weather": "partly cloudy",
        "scene": "city street",
        "timeofday": "daytime"
    }
}