{
    "name": "0ab72d5d-af77406b",
    "frames": [
        {
            "timestamp": 10000,
            "objects": [
                {
                    "category": "car",
                    "id": 0,
                    "attributes": {
                        "occluded": true,
                        "truncated": false,
                        "trafficLightColor": "none"
                    },
                    "box2d": {
                        "x1": 373.631066,
                        "y1": 341.696796,
                        "x2": 383.61053,
                        "y2": 351.676259
                    }
                },
                {
                    "category": "car",
                    "id": 1,
                    "attributes": {
                        "occluded": true,
                        "truncated": false,
                        "trafficLightColor": "none"
                    },
                    "box2d": {
                        "x1": 369.639282,
                        "y1": 363.651614,
                        "x2": 380.616693,
                        "y2": 375.626969
                    }
                },
                {
                    "category": "car",
                    "id": 2,
                    "attributes": {
                        "occluded": true,
                        "truncated": false,
                        "trafficLightColor": "none"
                    },
                    "box2d": {
                        "x1": 389.598206,
                        "y1": 357.663936,
                        "x2": 401.573561,
                        "y2": 370.637238
                    }
                },
                {
                    "category": "car",
                    "id": 3,
                    "attributes": {
                        "occluded": true,
                        "truncated": false,
                        "trafficLightColor": "none"
                    },
                    "box2d": {
                        "x1": 390.596153,
                        "y1": 364.64956,
                        "x2": 411.553024,
                        "y2": 384.608484
                    }
                },
                {
                    "category": "car",
                    "id": 4,
                    "attributes": {
                        "occluded": false,
                        "truncated": false,
                        "trafficLightColor": "none"
                    },
                    "box2d": {
                        "x1": 401.573562,
                        "y1": 355.668044,
                        "x2": 442.489358,
                        "y2": 395.585893
                    }
                },
                {
                    "category": "car",
                    "id": 5,
                    "attributes": {
                        "occluded": true,
                        "truncated": false,
                        "trafficLightColor": "none"
                    },
                    "box2d": {
                        "x1": 438.497572,
                        "y1": 361.655722,
                        "x2": 467.438013,
                        "y2": 385.606431
                    }
                },
                {
                    "category": "car",
                    "id": 6,
                    "attributes": {
                        "occluded": true,
                        "truncated": false,
                        "trafficLightColor": "none"
                    },
                    "box2d": {
                        "x1": 445.483196,
                        "y1": 365.647506,
                        "x2": 479.413367,
                        "y2": 393.590001
                    }
                },
                {
                    "category": "car",
                    "id": 7,
                    "attributes": {
                        "occluded": true,
                        "truncated": false,
                        "trafficLightColor": "none"
                    },
                    "box2d": {
                        "x1": 470.431852,
                        "y1": 362.653667,
                        "x2": 499.372293,
                        "y2": 395.585893
                    }
                },
                {
                    "category": "car",
                    "id": 8,
                    "attributes": {
                        "occluded": true,
                        "truncated": false,
                        "trafficLightColor": "none"
                    },
                    "box2d": {
                        "x1": 483.405153,
                        "y1": 365.647506,
                        "x2": 519.331217,
                        "y2": 403.569463
                    }
                },
                {
                    "category": "car",
                    "id": 9,
                    "attributes": {
                        "occluded": true,
                        "truncated": false,
                        "trafficLightColor": "none"
                    },
                    "box2d": {
                        "x1": 499.372293,
                        "y1": 361.655722,
                        "x2": 539.290141,
                        "y2": 407.561249
                    }
                },
                {
                    "category": "car",
                    "id": 10,
                    "attributes": {
                        "occluded": true,
                        "truncated": false,
                        "trafficLightColor": "none"
                    },
                    "box2d": {
                        "x1": 517.335323,
                        "y1": 355.668044,
                        "x2": 589.187452,
                        "y2": 414.546873
                    }
                },
                {
                    "category": "car",
                    "id": 11,
                    "attributes": {
                        "occluded": true,
                        "truncated": false,
                        "trafficLightColor": "none"
                    },
                    "box2d": {
                        "x1": 552.263442,
                        "y1": 358.661883,
                        "x2": 646.070389,
                        "y2": 428.51812
                    }
                },
                {
                    "category": "car",
                    "id": 12,
                    "attributes": {
                        "occluded": true,
                        "truncated": false,
                        "trafficLightColor": "none"
                    },
                    "box2d": {
                        "x1": 608.148441,
                        "y1": 360.657775,
                        "x2": 716.924579,
                        "y2": 444.485258
                    }
                },
                {
                    "category": "car",
                    "id": 13,
                    "attributes": {
                        "occluded": true,
                        "truncated": false,
                        "trafficLightColor": "none"
                    },
                    "box2d": {
                        "x1": 682.994406,
                        "y1": 343.69269,
                        "x2": 870.608296,
                        "y2": 466.440076
                    }
                },
                {
                    "category": "car",
                    "id": 14,
                    "attributes": {
                        "occluded": false,
                        "truncated": true,
                        "trafficLightColor": "none"
                    },
                    "box2d": {
                        "x1": 845.260454,
                        "y1": 343.69269,
                        "x2": 1278.369117,
                        "y2": 546.275774
                    }
                },
                {
                    "category": "truck",
                    "id": 15,
                    "attributes": {
                        "occluded": false,
                        "truncated": false,
                        "trafficLightColor": "none"
                    },
                    "box2d": {
                        "x1": 305.049287,
                        "y1": 337.305826,
                        "x2": 372.909629,
                        "y2": 403.170276
                    }
                },
                {
                    "category": "car",
                    "id": 16,
                    "attributes": {
                        "occluded": true,
                        "truncated": false,
                        "trafficLightColor": "none"
                    },
                    "box2d": {
                        "x1": 295.069825,
                        "y1": 369.240104,
                        "x2": 312.03491,
                        "y2": 398.180544
                    }
                },
                {
                    "category": "car",
                    "id": 17,
                    "attributes": {
                        "occluded": true,
                        "truncated": false,
                        "trafficLightColor": "none"
                    },
                    "box2d": {
                        "x1": 283.09447,
                        "y1": 366.246265,
                        "x2": 303.053393,
                        "y2": 401.174383
                    }
                },
                {
                    "category": "car",
                    "id": 18,
                    "attributes": {
                        "occluded": true,
                        "truncated": false,
                        "trafficLightColor": "none"
                    },
                    "box2d": {
                        "x1": 245.172512,
                        "y1": 363.252426,
                        "x2": 295.641569,
                        "y2": 411.652818
                    }
                },
                {
                    "category": "car",
                    "id": 19,
                    "attributes": {
                        "occluded": true,
                        "truncated": false,
                        "trafficLightColor": "none"
                    },
                    "box2d": {
                        "x1": 179.879808,
                        "y1": 375.726754,
                        "x2": 254.725775,
                        "y2": 434.605583
                    }
                },
                {
                    "category": "car",
                    "id": 20,
                    "attributes": {
                        "occluded": true,
                        "truncated": false,
                        "trafficLightColor": "none"
                    },
                    "box2d": {
                        "x1": 101.042055,
                        "y1": 370.737023,
                        "x2": 205.826408,
                        "y2": 453.56656
                    }
                },
                {
                    "category": "car",
                    "id": 21,
                    "attributes": {
                        "occluded": true,
                        "truncated": false,
                        "trafficLightColor": "none"
                    },
                    "box2d": {
                        "x1": 47.152958,
                        "y1": 386.704163,
                        "x2": 149.941421,
                        "y2": 479.513162
                    }
                },
                {
                    "category": "car",
                    "id": 22,
                    "attributes": {
                        "occluded": false,
                        "truncated": true,
                        "trafficLightColor": "none"
                    },
                    "box2d": {
                        "x1": 1.247434,
                        "y1": 369.739078,
                        "x2": 67.111884,
                        "y2": 498.474141
                    }
                },
                {
                    "category": "traffic sign",
                    "id": 23,
                    "attributes": {
                        "occluded": false,
                        "truncated": false,
                        "trafficLightColor": "none"
                    },
                    "box2d": {
                        "x1": 770.092228,
                        "y1": 220.213466,
                        "x2": 799.032669,
                        "y2": 247.158013
                    }
                },
                {
                    "category": "traffic sign",
                    "id": 24,
                    "attributes": {
                        "occluded": false,
                        "truncated": false,
                        "trafficLightColor": "none"
                    },
                    "box2d": {
                        "x1": 772.088121,
                        "y1": 250.151852,
                        "x2": 799.032669,
                        "y2": 283.084077
                    }
                },
                {
                    "category": "area/drivable",
                    "id": 25,
                    "attributes": {},
                    "poly2d": [
                        [
                            383.90198,
                            402.824369,
                            "L"
                        ],
                        [
                            365.475452,
                            697.648818,
                            "L"
                        ],
                        [
                            726.328293,
                            643.904778,
                            "C"
                        ],
                        [
                            1025.933107,
                            617.048202,
                            "C"
                        ],
                        [
                            1280.524791,
                            609.559753,
                            "C"
                        ],
                        [
                            446.327149,
                            396.887801,
                            "L"
                        ],
                        [
                            383.90198,
                            402.824369,
                            "L"
                        ]
                    ]
                }
            ]
        }
    ],
    "attributes": {
        "weather": "overcast",
        "scene": "city street",
        "timeofday": "daytime"
    }
}