{
    "name": "0ac20953-2830f7c0",
    "frames": [
        {
            "timestamp": 10000,
            "objects": [
                {
                    "category": "traffic sign",
                    "id": 0,
                    "attributes": {
                        "occluded": false,
                        "truncated": false,
                        "trafficLightColor": "none"
                    },
                    "box2d": {
                        "x1": 374.397874,
                        "y1": 289.009892,
                        "x2": 387.967959,
                        "y2": 308.924837
                    }
                },
                {
                    "category": "traffic sign",
                    "id": 1,
                    "attributes": {
                        "occluded": false,
                        "truncated": false,
                        "trafficLightColor": "none"
                    },
                    "box2d": {
                        "x1": 435.896622,
                        "y1": 285.815152,
                        "x2": 449.474268,
                        "y2": 294.600687
                    }
                },
                {
                    "category": "traffic sign",
                    "id": 2,
                    "attributes": {
                        "occluded": false,
                        "truncated": false,
                        "trafficLightColor": "none"
                    },
                    "box2d": {
                        "x1": 443.883472,
                        "y1": 294.600687,
                        "x2": 455.863748,
                        "y2": 300.990168
                    }
                },
                {
                    "category": "traffic sign",
                    "id": 3,
                    "attributes": {
                        "occluded": false,
                        "truncated": false,
                        "trafficLightColor": "none"
                    },
                    "box2d": {
                        "x1": 594.036262,
                        "y1": 304.983593,
                        "x2": 610.009961,
                        "y2": 316.963868
                    }
                },
                {
                    "category": "car",
                    "id": 4,
                    "attributes": {
                        "occluded": true,
                        "truncated": false,
                        "trafficLightColor": "none"
                    },
                    "box2d": {
                        "x1": 528.250296,
                        "y1": 321.071388,
                        "x2": 540.23057,
                        "y2": 332.252979
                    }
                },
                {
                    "category": "car",
                    "id": 5,
                    "attributes": {
                        "occluded": true,
                        "truncated": false,
                        "trafficLightColor": "none"
                    },
                    "box2d": {
                        "x1": 519.464762,
                        "y1": 321.870072,
                        "x2": 530.646352,
                        "y2": 330.655609
                    }
                },
                {
                    "category": "car",
                    "id": 6,
                    "attributes": {
                        "occluded": true,
                        "truncated": false,
                        "trafficLightColor": "none"
                    },
                    "box2d": {
                        "x1": 517.068705,
                        "y1": 322.668758,
                        "x2": 528.250296,
                        "y2": 333.051664
                    }
                },
                {
                    "category": "car",
                    "id": 7,
                    "attributes": {
                        "occluded": true,
                        "truncated": false,
                        "trafficLightColor": "none"
                    },
                    "box2d": {
                        "x1": 511.477911,
                        "y1": 321.870072,
                        "x2": 518.666076,
                        "y2": 333.850348
                    }
                },
                {
                    "category": "car",
                    "id": 8,
                    "attributes": {
                        "occluded": true,
                        "truncated": false,
                        "trafficLightColor": "none"
                    },
                    "box2d": {
                        "x1": 495.504208,
                        "y1": 321.071388,
                        "x2": 512.276596,
                        "y2": 336.246405
                    }
                },
                {
                    "category": "car",
                    "id": 9,
                    "attributes": {
                        "occluded": true,
                        "truncated": false,
                        "trafficLightColor": "none"
                    },
                    "box2d": {
                        "x1": 482.725248,
                        "y1": 321.870072,
                        "x2": 501.095007,
                        "y2": 340.239828
                    }
                },
                {
                    "category": "car",
                    "id": 10,
                    "attributes": {
                        "occluded": true,
                        "truncated": false,
                        "trafficLightColor": "none"
                    },
                    "box2d": {
                        "x1": 464.355492,
                        "y1": 326.662183,
                        "x2": 490.712099,
                        "y2": 345.031939
                    }
                },
                {
                    "category": "car",
                    "id": 11,
                    "attributes": {
                        "occluded": true,
                        "truncated": false,
                        "trafficLightColor": "none"
                    },
                    "box2d": {
                        "x1": 441.992312,
                        "y1": 320.272703,
                        "x2": 466.751549,
                        "y2": 357.8109
                    }
                },
                {
                    "category": "car",
                    "id": 12,
                    "attributes": {
                        "occluded": true,
                        "truncated": false,
                        "trafficLightColor": "none"
                    },
                    "box2d": {
                        "x1": 411.64228,
                        "y1": 323.467443,
                        "x2": 456.368643,
                        "y2": 357.012216
                    }
                },
                {
                    "category": "car",
                    "id": 13,
                    "attributes": {
                        "occluded": false,
                        "truncated": false,
                        "trafficLightColor": "none"
                    },
                    "box2d": {
                        "x1": 376.500137,
                        "y1": 329.058239,
                        "x2": 438.797571,
                        "y2": 370.589863
                    }
                },
                {
                    "category": "car",
                    "id": 14,
                    "attributes": {
                        "occluded": true,
                        "truncated": false,
                        "trafficLightColor": "none"
                    },
                    "box2d": {
                        "x1": 552.210847,
                        "y1": 320.272703,
                        "x2": 570.580603,
                        "y2": 333.051664
                    }
                },
                {
                    "category": "car",
                    "id": 15,
                    "attributes": {
                        "occluded": true,
                        "truncated": false,
                        "trafficLightColor": "none"
                    },
                    "box2d": {
                        "x1": 561.795068,
                        "y1": 321.071388,
                        "x2": 570.580603,
                        "y2": 333.85035
                    }
                },
                {
                    "category": "car",
                    "id": 16,
                    "attributes": {
                        "occluded": true,
                        "truncated": false,
                        "trafficLightColor": "none"
                    },
                    "box2d": {
                        "x1": 568.184548,
                        "y1": 311.487167,
                        "x2": 594.541155,
                        "y2": 339.441143
                    }
                },
                {
                    "category": "car",
                    "id": 17,
                    "attributes": {
                        "occluded": true,
                        "truncated": false,
                        "trafficLightColor": "none"
                    },
                    "box2d": {
                        "x1": 573.775344,
                        "y1": 317.077963,
                        "x2": 596.93721,
                        "y2": 337.843774
                    }
                },
                {
                    "category": "car",
                    "id": 18,
                    "attributes": {
                        "occluded": true,
                        "truncated": false,
                        "trafficLightColor": "none"
                    },
                    "box2d": {
                        "x1": 576.171399,
                        "y1": 320.272703,
                        "x2": 604.92406,
                        "y2": 346.62931
                    }
                },
                {
                    "category": "car",
                    "id": 19,
                    "attributes": {
                        "occluded": true,
                        "truncated": false,
                        "trafficLightColor": "none"
                    },
                    "box2d": {
                        "x1": 580.164824,
                        "y1": 322.668758,
                        "x2": 609.71617,
                        "y2": 349.025365
                    }
                },
                {
                    "category": "car",
                    "id": 20,
                    "attributes": {
                        "occluded": false,
                        "truncated": false,
                        "trafficLightColor": "none"
                    },
                    "box2d": {
                        "x1": 602.528005,
                        "y1": 305.097687,
                        "x2": 663.228069,
                        "y2": 365.797751
                    }
                },
                {
                    "category": "car",
                    "id": 21,
                    "attributes": {
                        "occluded": true,
                        "truncated": false,
                        "trafficLightColor": "none"
                    },
                    "box2d": {
                        "x1": 717.698411,
                        "y1": 309.091112,
                        "x2": 807.949821,
                        "y2": 328.259554
                    }
                },
                {
                    "category": "car",
                    "id": 22,
                    "attributes": {
                        "occluded": true,
                        "truncated": false,
                        "trafficLightColor": "none"
                    },
                    "box2d": {
                        "x1": 662.589143,
                        "y1": 324.266128,
                        "x2": 792.774804,
                        "y2": 420.907019
                    }
                },
                {
                    "category": "car",
                    "id": 23,
                    "attributes": {
                        "occluded": true,
                        "truncated": false,
                        "trafficLightColor": "none"
                    },
                    "box2d": {
                        "x1": 724.533216,
                        "y1": 311.487167,
                        "x2": 971.201017,
                        "y2": 490.670076
                    }
                },
                {
                    "category": "car",
                    "id": 24,
                    "attributes": {
                        "occluded": false,
                        "truncated": true,
                        "trafficLightColor": "none"
                    },
                    "box2d": {
                        "x1": 856.335588,
                        "y1": 309.828538,
                        "x2": 1279.638662,
                        "y2": 636.490718
                    }
                },
                {
                    "category": "car",
                    "id": 25,
                    "attributes": {
                        "occluded": true,
                        "truncated": false,
                        "trafficLightColor": "none"
                    },
                    "box2d": {
                        "x1": 253.023411,
                        "y1": 332.412717,
                        "x2": 330.495863,
                        "y2": 421.86544
                    }
                },
                {
                    "category": "car",
                    "id": 26,
                    "attributes": {
                        "occluded": true,
                        "truncated": false,
                        "trafficLightColor": "none"
                    },
                    "box2d": {
                        "x1": 93.136794,
                        "y1": 318.83507,
                        "x2": 273.789224,
                        "y2": 460.92995
                    }
                },
                {
                    "category": "car",
                    "id": 27,
                    "attributes": {
                        "occluded": false,
                        "truncated": true,
                        "trafficLightColor": "none"
                    },
                    "box2d": {
                        "x1": 0.638938,
                        "y1": 295.992683,
                        "x2": 90.091663,
                        "y2": 543.585046
                    }
                },
                {
                    "category": "area/drivable",
                    "id": 28,
                    "attributes": {},
                    "poly2d": [
                        [
                            537.781992,
                            340.636854,
                            "L"
                        ],
                        [
                            560.241565,
                            336.893592,
                            "L"
                        ],
                        [
                            580.20563,
                            366.839689,
                            "L"
                        ],
                        [
                            617.638251,
                            371.830705,
                            "L"
                        ],
                        [
                            915.193892,
                            610.87458,
                            "L"
                        ],
                        [
                            770.068992,
                            590.624594,
                            "C"
                        ],
                        [
                            581.069122,
                            592.312093,
                            "C"
                        ],
                        [
                            417.381734,
                            610.87458,
                            "C"
                        ],
                        [
                            537.781992,
                            340.636854,
                            "L"
                        ]
                    ]
                },
                {
                    "category": "lane/double yellow",
                    "id": 29,
                    "attributes": {
                        "direction": "parallel",
                        "style": "solid"
                    },
                    "poly2d": [
                        [
                            532.849749,
                            354.710665,
                            "L"
                        ],
                        [
                            419.219492,
                            612.682058,
                            "L"
                        ]
                    ]
                },
                {
                    "category": "lane/double yellow",
                    "id": 30,
                    "attributes": {
                        "direction": "parallel",
                        "style": "solid"
                    },
                    "poly2d": [
                        [
                            520.565397,
                            353.175121,
                            "L"
                        ],
                        [
                            351.655556,
                            620.359778,
                            "L"
                        ]
                    ]
                },
                {
                    "category": "lane/crosswalk",
                    "id": 31,
                    "attributes": {
                        "direction": "vertical",
                        "style": "dashed"
                    },
                    "poly2d": [
                        [
                            463.750268,
                            356.246209,
                            "L"
                        ],
                        [
                            574.309437,
                            357.781753,
                            "L"
                        ]
                    ]
                },
                {
                    "category": "lane/crosswalk",
                    "id": 32,
                    "attributes": {
                        "direction": "vertical",
                        "style": "dashed"
                    },
                    "poly2d": [
                        [
                            465.285812,
                            348.568489,
                            "L"
                        ],
                        [
                            580.451613,
                            351.639577,
                            "L"
                        ]
                    ]
                },
                {
                    "category": "lane/crosswalk",
                    "id": 33,
                    "attributes": {
                        "direction": "vertical",
                        "style": "dashed"
                    },
                    "poly2d": [
                        [
                            566.631717,
                            347.032945,
                            "L"
                        ],
                        [
                            489.854516,
                            347.032945,
                            "L"
                        ]
                    ]
                },
                {
                    "category": "lane/crosswalk",
                    "id": 34,
                    "attributes": {
                        "direction": "vertical",
                        "style": "dashed"
                    },
                    "poly2d": [
                        [
                            566.631717,
                            343.961857,
                            "L"
                        ],
                        [
                            492.925604,
                            340.890769,
                            "L"
                        ]
                    ]
                }
            ]
        }
    ],
    "attributes": {
        "weather": "partly cloudy",
        "scene": "residential",
        "timeofday": "dawn/dusk"
    }
}