{
    "name": "0ac3cbf4-73c76d25",
    "frames": [
        {
            "timestamp": 10000,
            "objects": [
                {
                    "category": "traffic light",
                    "id": 0,
                    "attributes": {
                        "occluded": false,
                        "truncated": true,
                        "trafficLightColor": "none"
                    },
                    "box2d": {
                        "x1": 296.42221,
                        "y1": 0,
                        "x2": 340.848826,
                        "y2": 51.788979
                    }
                },
                {
                    "category": "traffic light",
                    "id": 1,
                    "attributes": {
                        "occluded": false,
                        "truncated": true,
                        "trafficLightColor": "none"
                    },
                    "box2d": {
                        "x1": 347.580129,
                        "y1": 0,
                        "x2": 387.967959,
                        "y2": 47.750196
                    }
                },
                {
                    "category": "traffic sign",
                    "id": 2,
                    "attributes": {
                        "occluded": false,
                        "truncated": false,
                        "trafficLightColor": "none"
                    },
                    "box2d": {
                        "x1": 327.386213,
                        "y1": 38.326369,
                        "x2": 436.433356,
                        "y2": 100.254376
                    }
                },
                {
                    "category": "traffic sign",
                    "id": 3,
                    "attributes": {
                        "occluded": false,
                        "truncated": false,
                        "trafficLightColor": "none"
                    },
                    "box2d": {
                        "x1": 422.389398,
                        "y1": 250.741118,
                        "x2": 458.738446,
                        "y2": 276.320076
                    }
                },
                {
                    "category": "traffic sign",
                    "id": 4,
                    "attributes": {
                        "occluded": false,
                        "truncated": false,
                        "trafficLightColor": "none"
                    },
                    "box2d": {
                        "x1": 417.004354,
                        "y1": 222.469634,
                        "x2": 456.045924,
                        "y2": 246.702332
                    }
                },
                {
                    "category": "traffic sign",
                    "id": 5,
                    "attributes": {
                        "occluded": false,
                        "truncated": false,
                        "trafficLightColor": "none"
                    },
                    "box2d": {
                        "x1": 423.73566,
                        "y1": 194.198152,
                        "x2": 443.929574,
                        "y2": 215.73833
                    }
                },
                {
                    "category": "traffic sign",
                    "id": 6,
                    "attributes": {
                        "occluded": false,
                        "truncated": false,
                        "trafficLightColor": "none"
                    },
                    "box2d": {
                        "x1": 68.659312,
                        "y1": 296.177426,
                        "x2": 110.93191,
                        "y2": 329.833952
                    }
                },
                {
                    "category": "car",
                    "id": 7,
                    "attributes": {
                        "occluded": false,
                        "truncated": false,
                        "trafficLightColor": "none"
                    },
                    "box2d": {
                        "x1": 456.920985,
                        "y1": 296.177426,
                        "x2": 852.721729,
                        "y2": 521.003018
                    }
                },
                {
                    "category": "car",
                    "id": 8,
                    "attributes": {
                        "occluded": false,
                        "truncated": true,
                        "trafficLightColor": "none"
                    },
                    "box2d": {
                        "x1": 1067.584996,
                        "y1": 339.257778,
                        "x2": 1278.947978,
                        "y2": 457.728749
                    }
                },
                {
                    "category": "car",
                    "id": 9,
                    "attributes": {
                        "occluded": false,
                        "truncated": true,
                        "trafficLightColor": "none"
                    },
                    "box2d": {
                        "x1": 0,
                        "y1": 359.451693,
                        "x2": 146.742454,
                        "y2": 526.388061
                    }
                },
                {
                    "category": "traffic sign",
                    "id": 10,
                    "attributes": {
                        "occluded": false,
                        "truncated": false,
                        "trafficLightColor": "none"
                    },
                    "box2d": {
                        "x1": 890.825051,
                        "y1": 304.438009,
                        "x2": 909.164689,
                        "y2": 326.445576
                    }
                },
                {
                    "category": "area/drivable",
                    "id": 11,
                    "attributes": {},
                    "poly2d": [
                        [
                            0,
                            550.009799,
                            "L"
                        ],
                        [
                            0,
                            706.478104,
                            "L"
                        ],
                        [
                            368.270135,
                            666.965906,
                            "C"
                        ],
                        [
                            671.723816,
                            636.936634,
                            "C"
                        ],
                        [
                            1088.972629,
                            670.126881,
                            "C"
                        ],
                        [
                            970.436035,
                            617.970779,
                            "C"
                        ],
                        [
                            630.63113,
                            540.526871,
                            "C"
                        ],
                        [
                            361.948182,
                            508.917113,
                            "C"
                        ],
                        [
                            0,
                            550.009799,
                            "L"
                        ]
                    ]
                },
                {
                    "category": "area/alternative",
                    "id": 12,
                    "attributes": {},
                    "poly2d": [
                        [
                            709.655526,
                            556.33175,
                            "L"
                        ],
                        [
                            867.70432,
                            575.297606,
                            "C"
                        ],
                        [
                            1071.587261,
                            638.517122,
                            "C"
                        ],
                        [
                            1122.162876,
                            676.448833,
                            "C"
                        ],
                        [
                            1280.195222,
                            701.73664,
                            "L"
                        ],
                        [
                            1280.195222,
                            464.66345,
                            "L"
                        ],
                        [
                            1013.068825,
                            448.874691,
                            "L"
                        ],
                        [
                            842.416512,
                            467.824428,
                            "L"
                        ],
                        [
                            826.611632,
                            515.239065,
                            "L"
                        ],
                        [
                            709.655526,
                            556.33175,
                            "L"
                        ]
                    ]
                },
                {
                    "category": "lane/single white",
                    "id": 13,
                    "attributes": {
                        "direction": "parallel",
                        "style": "solid"
                    },
                    "poly2d": [
                        [
                            140.996207,
                            440.457177,
                            "L"
                        ],
                        [
                            470.403274,
                            464.164504,
                            "L"
                        ]
                    ]
                },
                {
                    "category": "lane/single white",
                    "id": 14,
                    "attributes": {
                        "direction": "parallel",
                        "style": "dashed"
                    },
                    "poly2d": [
                        [
                            142.243961,
                            479.137553,
                            "C"
                        ],
                        [
                            595.178678,
                            520.313436,
                            "C"
                        ],
                        [
                            794.819324,
                            582.701137,
                            "C"
                        ],
                        [
                            1191.60511,
                            688.760231,
                            "L"
                        ]
                    ]
                },
                {
                    "category": "lane/single white",
                    "id": 15,
                    "attributes": {
                        "direction": "parallel",
                        "style": "dashed"
                    },
                    "poly2d": [
                        [
                            1201.587143,
                            682.521461,
                            "C"
                        ],
                        [
                            889.648632,
                            598.921942,
                            "C"
                        ],
                        [
                            606.408465,
                            509.083648,
                            "C"
                        ],
                        [
                            143.491714,
                            474.146536,
                            "L"
                        ]
                    ]
                },
                {
                    "category": "lane/crosswalk",
                    "id": 16,
                    "attributes": {
                        "direction": "vertical",
                        "style": "dashed"
                    },
                    "poly2d": [
                        [
                            1276.452386,
                            455.430226,
                            "L"
                        ],
                        [
                            996.955479,
                            450.439208,
                            "L"
                        ]
                    ]
                },
                {
                    "category": "lane/crosswalk",
                    "id": 17,
                    "attributes": {
                        "direction": "vertical",
                        "style": "dashed"
                    },
                    "poly2d": [
                        [
                            1273.956879,
                            449.191455,
                            "L"
                        ],
                        [
                            1009.433022,
                            444.20044,
                            "L"
                        ]
                    ]
                }
            ]
        }
    ],
    "attributes": {
        "weather": "snowy",
        "scene": "city street",
        "timeofday": "dawn/dusk"
    }
}