{
    "name": "0ace96c3-48481887",
    "frames": [
        {
            "timestamp": 10000,
            "objects": [
                {
                    "category": "traffic sign",
                    "id": 0,
                    "attributes": {
                        "occluded": false,
                        "truncated": false,
                        "trafficLightColor": "none"
                    },
                    "box2d": {
                        "x1": 809.792374,
                        "y1": 174.935112,
                        "x2": 831.004192,
                        "y2": 194.899177
                    }
                },
                {
                    "category": "traffic sign",
                    "id": 1,
                    "attributes": {
                        "occluded": false,
                        "truncated": false,
                        "trafficLightColor": "none"
                    },
                    "box2d": {
                        "x1": 666.300658,
                        "y1": 231.084044,
                        "x2": 682.521461,
                        "y2": 237.322813
                    }
                },
                {
                    "category": "traffic light",
                    "id": 2,
                    "attributes": {
                        "occluded": false,
                        "truncated": false,
                        "trafficLightColor": "green"
                    },
                    "box2d": {
                        "x1": 514.074667,
                        "y1": 184.917145,
                        "x2": 524.056698,
                        "y2": 204.88121
                    }
                },
                {
                    "category": "traffic light",
                    "id": 3,
                    "attributes": {
                        "occluded": false,
                        "truncated": false,
                        "trafficLightColor": "none"
                    },
                    "box2d": {
                        "x1": 502.844878,
                        "y1": 182.421637,
                        "x2": 512.826912,
                        "y2": 206.128964
                    }
                },
                {
                    "category": "traffic sign",
                    "id": 4,
                    "attributes": {
                        "occluded": false,
                        "truncated": false,
                        "trafficLightColor": "none"
                    },
                    "box2d": {
                        "x1": 450.439209,
                        "y1": 217.35875,
                        "x2": 467.907766,
                        "y2": 227.340784
                    }
                },
                {
                    "category": "traffic light",
                    "id": 5,
                    "attributes": {
                        "occluded": false,
                        "truncated": false,
                        "trafficLightColor": "none"
                    },
                    "box2d": {
                        "x1": 446.695946,
                        "y1": 232.331799,
                        "x2": 461.668995,
                        "y2": 244.80934
                    }
                },
                {
                    "category": "traffic light",
                    "id": 6,
                    "attributes": {
                        "occluded": false,
                        "truncated": false,
                        "trafficLightColor": "none"
                    },
                    "box2d": {
                        "x1": 672.539429,
                        "y1": 237.322815,
                        "x2": 686.264723,
                        "y2": 248.552602
                    }
                },
                {
                    "category": "car",
                    "id": 7,
                    "attributes": {
                        "occluded": true,
                        "truncated": false,
                        "trafficLightColor": "none"
                    },
                    "box2d": {
                        "x1": 627.620282,
                        "y1": 252.295864,
                        "x2": 651.327609,
                        "y2": 287.232978
                    }
                },
                {
                    "category": "car",
                    "id": 8,
                    "attributes": {
                        "occluded": true,
                        "truncated": false,
                        "trafficLightColor": "none"
                    },
                    "box2d": {
                        "x1": 642.593331,
                        "y1": 253.543618,
                        "x2": 668.796167,
                        "y2": 293.471747
                    }
                },
                {
                    "category": "car",
                    "id": 9,
                    "attributes": {
                        "occluded": true,
                        "truncated": false,
                        "trafficLightColor": "none"
                    },
                    "box2d": {
                        "x1": 661.309643,
                        "y1": 262.277896,
                        "x2": 686.264723,
                        "y2": 302.206025
                    }
                },
                {
                    "category": "car",
                    "id": 10,
                    "attributes": {
                        "occluded": true,
                        "truncated": false,
                        "trafficLightColor": "none"
                    },
                    "box2d": {
                        "x1": 776.103015,
                        "y1": 263.525651,
                        "x2": 932.072271,
                        "y2": 388.301055
                    }
                },
                {
                    "category": "car",
                    "id": 11,
                    "attributes": {
                        "occluded": true,
                        "truncated": false,
                        "trafficLightColor": "none"
                    },
                    "box2d": {
                        "x1": 426.731883,
                        "y1": 249.800355,
                        "x2": 457.925735,
                        "y2": 290.976238
                    }
                },
                {
                    "category": "car",
                    "id": 12,
                    "attributes": {
                        "occluded": true,
                        "truncated": false,
                        "trafficLightColor": "none"
                    },
                    "box2d": {
                        "x1": 447.943702,
                        "y1": 251.048111,
                        "x2": 471.651029,
                        "y2": 277.250945
                    }
                },
                {
                    "category": "person",
                    "id": 13,
                    "attributes": {
                        "occluded": true,
                        "truncated": false,
                        "trafficLightColor": "none"
                    },
                    "box2d": {
                        "x1": 366.839689,
                        "y1": 242.313831,
                        "x2": 380.564983,
                        "y2": 276.003189
                    }
                },
                {
                    "category": "car",
                    "id": 14,
                    "attributes": {
                        "occluded": true,
                        "truncated": false,
                        "trafficLightColor": "none"
                    },
                    "box2d": {
                        "x1": 366.839689,
                        "y1": 251.048111,
                        "x2": 432.970653,
                        "y2": 302.206025
                    }
                },
                {
                    "category": "car",
                    "id": 15,
                    "attributes": {
                        "occluded": true,
                        "truncated": false,
                        "trafficLightColor": "none"
                    },
                    "box2d": {
                        "x1": 229.586743,
                        "y1": 243.561584,
                        "x2": 346.875623,
                        "y2": 322.17009
                    }
                },
                {
                    "category": "car",
                    "id": 16,
                    "attributes": {
                        "occluded": true,
                        "truncated": false,
                        "trafficLightColor": "none"
                    },
                    "box2d": {
                        "x1": 99.820324,
                        "y1": 249.800355,
                        "x2": 253.294072,
                        "y2": 344.629663
                    }
                },
                {
                    "category": "car",
                    "id": 17,
                    "attributes": {
                        "occluded": false,
                        "truncated": false,
                        "trafficLightColor": "none"
                    },
                    "box2d": {
                        "x1": 427.979637,
                        "y1": 236.075062,
                        "x2": 651.327609,
                        "y2": 410.760628
                    }
                },
                {
                    "category": "car",
                    "id": 18,
                    "attributes": {
                        "occluded": false,
                        "truncated": true,
                        "trafficLightColor": "none"
                    },
                    "box2d": {
                        "x1": 0,
                        "y1": 213.615488,
                        "x2": 117.28888,
                        "y2": 363.345973
                    }
                },
                {
                    "category": "car",
                    "id": 19,
                    "attributes": {
                        "occluded": false,
                        "truncated": false,
                        "trafficLightColor": "none"
                    },
                    "box2d": {
                        "x1": 673.787183,
                        "y1": 246.057093,
                        "x2": 779.846277,
                        "y2": 327.161106
                    }
                },
                {
                    "category": "car",
                    "id": 20,
                    "attributes": {
                        "occluded": false,
                        "truncated": true,
                        "trafficLightColor": "none"
                    },
                    "box2d": {
                        "x1": 850.968256,
                        "y1": 181.173883,
                        "x2": 1278.947893,
                        "y2": 526.801753
                    }
                },
                {
                    "category": "area/drivable",
                    "id": 21,
                    "attributes": {},
                    "poly2d": [
                        [
                            137.252946,
                            572.719106,
                            "L"
                        ],
                        [
                            386.973068,
                            408.454705,
                            "L"
                        ],
                        [
                            652.622181,
                            423.810145,
                            "L"
                        ],
                        [
                            663.805152,
                            333.15033,
                            "L"
                        ],
                        [
                            733.679377,
                            333.15033,
                            "L"
                        ],
                        [
                            1019.415053,
                            571.471352,
                            "L"
                        ],
                        [
                            732.431623,
                            547.764025,
                            "C"
                        ],
                        [
                            482.880816,
                            511.579158,
                            "C"
                        ],
                        [
                            137.252946,
                            572.719106,
                            "C"
                        ]
                    ]
                },
                {
                    "category": "lane/double yellow",
                    "id": 22,
                    "attributes": {
                        "direction": "parallel",
                        "style": "solid"
                    },
                    "poly2d": [
                        [
                            429.557985,
                            376.612466,
                            "L"
                        ],
                        [
                            135.8602,
                            573.409961,
                            "L"
                        ]
                    ]
                },
                {
                    "category": "lane/double yellow",
                    "id": 23,
                    "attributes": {
                        "direction": "parallel",
                        "style": "solid"
                    },
                    "poly2d": [
                        [
                            428.559013,
                            359.629941,
                            "L"
                        ],
                        [
                            32.966078,
                            586.396598,
                            "L"
                        ]
                    ]
                }
            ]
        }
    ],
    "attributes": {
        "weather": "undefined",
        "scene": "residential",
        "timeofday": "daytime"
    }
}