{
    "name": "0b099136-bc2d1314",
    "frames": [
        {
            "timestamp": 10000,
            "objects": [
                {
                    "category": "car",
                    "id": 0,
                    "attributes": {
                        "occluded": true,
                        "truncated": false,
                        "trafficLightColor": "none"
                    },
                    "box2d": {
                        "x1": 337.454912,
                        "y1": 241.869598,
                        "x2": 358.44493,
                        "y2": 259.630382
                    }
                },
                {
                    "category": "car",
                    "id": 1,
                    "attributes": {
                        "occluded": true,
                        "truncated": false,
                        "trafficLightColor": "none"
                    },
                    "box2d": {
                        "x1": 301.933342,
                        "y1": 237.025747,
                        "x2": 322.923361,
                        "y2": 253.171915
                    }
                },
                {
                    "category": "car",
                    "id": 2,
                    "attributes": {
                        "occluded": true,
                        "truncated": false,
                        "trafficLightColor": "none"
                    },
                    "box2d": {
                        "x1": 277.714091,
                        "y1": 240.254981,
                        "x2": 298.70411,
                        "y2": 253.171916
                    }
                },
                {
                    "category": "car",
                    "id": 3,
                    "attributes": {
                        "occluded": true,
                        "truncated": false,
                        "trafficLightColor": "none"
                    },
                    "box2d": {
                        "x1": 276.099474,
                        "y1": 248.328064,
                        "x2": 310.006427,
                        "y2": 270.932698
                    }
                },
                {
                    "category": "car",
                    "id": 4,
                    "attributes": {
                        "occluded": true,
                        "truncated": false,
                        "trafficLightColor": "none"
                    },
                    "box2d": {
                        "x1": 248.650989,
                        "y1": 241.869598,
                        "x2": 282.557942,
                        "y2": 272.547316
                    }
                },
                {
                    "category": "car",
                    "id": 5,
                    "attributes": {
                        "occluded": true,
                        "truncated": false,
                        "trafficLightColor": "none"
                    },
                    "box2d": {
                        "x1": 224.431736,
                        "y1": 243.484215,
                        "x2": 279.328708,
                        "y2": 275.77655
                    }
                },
                {
                    "category": "car",
                    "id": 6,
                    "attributes": {
                        "occluded": false,
                        "truncated": false,
                        "trafficLightColor": "none"
                    },
                    "box2d": {
                        "x1": 159.847062,
                        "y1": 246.713447,
                        "x2": 264.797155,
                        "y2": 275.776548
                    }
                },
                {
                    "category": "car",
                    "id": 7,
                    "attributes": {
                        "occluded": true,
                        "truncated": false,
                        "trafficLightColor": "none"
                    },
                    "box2d": {
                        "x1": 142.086279,
                        "y1": 249.942681,
                        "x2": 171.149381,
                        "y2": 269.318084
                    }
                },
                {
                    "category": "car",
                    "id": 8,
                    "attributes": {
                        "occluded": true,
                        "truncated": false,
                        "trafficLightColor": "none"
                    },
                    "box2d": {
                        "x1": 132.398577,
                        "y1": 241.869596,
                        "x2": 143.700893,
                        "y2": 258.015764
                    }
                },
                {
                    "category": "car",
                    "id": 9,
                    "attributes": {
                        "occluded": true,
                        "truncated": false,
                        "trafficLightColor": "none"
                    },
                    "box2d": {
                        "x1": 77.501608,
                        "y1": 240.254979,
                        "x2": 129.169345,
                        "y2": 264.474232
                    }
                },
                {
                    "category": "car",
                    "id": 10,
                    "attributes": {
                        "occluded": true,
                        "truncated": true,
                        "trafficLightColor": "none"
                    },
                    "box2d": {
                        "x1": 1.614617,
                        "y1": 246.713447,
                        "x2": 82.345457,
                        "y2": 279.005782
                    }
                },
                {
                    "category": "car",
                    "id": 11,
                    "attributes": {
                        "occluded": false,
                        "truncated": true,
                        "trafficLightColor": "none"
                    },
                    "box2d": {
                        "x1": 0,
                        "y1": 249.942681,
                        "x2": 56.511589,
                        "y2": 285.46425
                    }
                },
                {
                    "category": "car",
                    "id": 12,
                    "attributes": {
                        "occluded": true,
                        "truncated": false,
                        "trafficLightColor": "none"
                    },
                    "box2d": {
                        "x1": 557.365714,
                        "y1": 227.338045,
                        "x2": 578.355733,
                        "y2": 246.713448
                    }
                },
                {
                    "category": "car",
                    "id": 13,
                    "attributes": {
                        "occluded": true,
                        "truncated": false,
                        "trafficLightColor": "none"
                    },
                    "box2d": {
                        "x1": 521.844146,
                        "y1": 224.108813,
                        "x2": 563.824184,
                        "y2": 253.171916
                    }
                },
                {
                    "category": "car",
                    "id": 14,
                    "attributes": {
                        "occluded": true,
                        "truncated": false,
                        "trafficLightColor": "none"
                    },
                    "box2d": {
                        "x1": 1013.333514,
                        "y1": 170.826458,
                        "x2": 1039.167384,
                        "y2": 191.816477
                    }
                },
                {
                    "category": "car",
                    "id": 15,
                    "attributes": {
                        "occluded": true,
                        "truncated": false,
                        "trafficLightColor": "none"
                    },
                    "box2d": {
                        "x1": 872.861854,
                        "y1": 204.733411,
                        "x2": 890.622639,
                        "y2": 219.264962
                    }
                },
                {
                    "category": "car",
                    "id": 16,
                    "attributes": {
                        "occluded": false,
                        "truncated": false,
                        "trafficLightColor": "none"
                    },
                    "box2d": {
                        "x1": 710.431393,
                        "y1": 214.421111,
                        "x2": 739.494495,
                        "y2": 237.025747
                    }
                },
                {
                    "category": "car",
                    "id": 17,
                    "attributes": {
                        "occluded": false,
                        "truncated": false,
                        "trafficLightColor": "none"
                    },
                    "box2d": {
                        "x1": 586.105899,
                        "y1": 217.650345,
                        "x2": 624.856702,
                        "y2": 240.254981
                    }
                },
                {
                    "category": "person",
                    "id": 18,
                    "attributes": {
                        "occluded": false,
                        "truncated": false,
                        "trafficLightColor": "none"
                    },
                    "box2d": {
                        "x1": 665.222123,
                        "y1": 217.973268,
                        "x2": 684.597525,
                        "y2": 251.880221
                    }
                },
                {
                    "category": "person",
                    "id": 19,
                    "attributes": {
                        "occluded": true,
                        "truncated": false,
                        "trafficLightColor": "none"
                    },
                    "box2d": {
                        "x1": 855.746906,
                        "y1": 201.8271,
                        "x2": 867.049223,
                        "y2": 232.504821
                    }
                },
                {
                    "category": "person",
                    "id": 20,
                    "attributes": {
                        "occluded": true,
                        "truncated": false,
                        "trafficLightColor": "none"
                    },
                    "box2d": {
                        "x1": 845.413367,
                        "y1": 205.056334,
                        "x2": 855.101069,
                        "y2": 226.046353
                    }
                },
                {
                    "category": "area/drivable",
                    "id": 21,
                    "attributes": {},
                    "poly2d": [
                        [
                            714.413626,
                            247.118819,
                            "L"
                        ],
                        [
                            675.473691,
                            500.228398,
                            "L"
                        ],
                        [
                            820.749603,
                            503.223776,
                            "L"
                        ],
                        [
                            945.057858,
                            488.246879,
                            "C"
                        ],
                        [
                            1117.292186,
                            491.24226,
                            "C"
                        ],
                        [
                            1280.524791,
                            521.196055,
                            "C"
                        ],
                        [
                            1280.524791,
                            452.302324,
                            "L"
                        ],
                        [
                            754.85125,
                            244.123439,
                            "L"
                        ],
                        [
                            714.413626,
                            247.118819,
                            "L"
                        ]
                    ]
                },
                {
                    "category": "area/alternative",
                    "id": 22,
                    "attributes": {},
                    "poly2d": [
                        [
                            657.501413,
                            254.607268,
                            "L"
                        ],
                        [
                            10.499414,
                            542.163712,
                            "L"
                        ],
                        [
                            160.268395,
                            533.177573,
                            "C"
                        ],
                        [
                            413.377973,
                            507.716847,
                            "C"
                        ],
                        [
                            654.506032,
                            501.726088,
                            "C"
                        ],
                        [
                            703.929796,
                            262.095717,
                            "L"
                        ],
                        [
                            657.501413,
                            254.607268,
                            "L"
                        ]
                    ]
                },
                {
                    "category": "lane/road curb",
                    "id": 23,
                    "attributes": {
                        "direction": "parallel",
                        "style": "solid"
                    },
                    "poly2d": [
                        [
                            10.499414,
                            546.656781,
                            "L"
                        ],
                        [
                            669.482932,
                            245.62113,
                            "L"
                        ]
                    ]
                },
                {
                    "category": "lane/road curb",
                    "id": 24,
                    "attributes": {
                        "direction": "parallel",
                        "style": "solid"
                    },
                    "poly2d": [
                        [
                            1280.52479,
                            438.823115,
                            "L"
                        ],
                        [
                            751.855871,
                            244.123441,
                            "L"
                        ]
                    ]
                },
                {
                    "category": "lane/single white",
                    "id": 25,
                    "attributes": {
                        "direction": "parallel",
                        "style": "dashed"
                    },
                    "poly2d": [
                        [
                            708.422867,
                            257.602648,
                            "L"
                        ],
                        [
                            669.482932,
                            462.786152,
                            "L"
                        ]
                    ]
                },
                {
                    "category": "lane/single white",
                    "id": 26,
                    "attributes": {
                        "direction": "parallel",
                        "style": "solid"
                    },
                    "poly2d": [
                        [
                            3.010965,
                            304.031031,
                            "C"
                        ],
                        [
                            184.231432,
                            293.547204,
                            "C"
                        ],
                        [
                            381.926487,
                            283.063376,
                            "C"
                        ],
                        [
                            527.202399,
                            254.607268,
                            "L"
                        ]
                    ]
                },
                {
                    "category": "lane/single white",
                    "id": 27,
                    "attributes": {
                        "direction": "parallel",
                        "style": "solid"
                    },
                    "poly2d": [
                        [
                            0,
                            347.464037,
                            "L"
                        ],
                        [
                            179.738363,
                            317.510241,
                            "L"
                        ]
                    ]
                }
            ]
        }
    ],
    "attributes": {
        "weather": "partly cloudy",
        "scene": "city street",
        "timeofday": "daytime"
    }
}