{
    "name": "0b1afd00-1f158b3e",
    "frames": [
        {
            "timestamp": 10000,
            "objects": [
                {
                    "category": "car",
                    "id": 0,
                    "attributes": {
                        "occluded": true,
                        "truncated": false,
                        "trafficLightColor": "none"
                    },
                    "box2d": {
                        "x1": 590.892562,
                        "y1": 399.172985,
                        "x2": 604.878186,
                        "y2": 421.899622
                    }
                },
                {
                    "category": "car",
                    "id": 1,
                    "attributes": {
                        "occluded": true,
                        "truncated": false,
                        "trafficLightColor": "none"
                    },
                    "box2d": {
                        "x1": 601.38178,
                        "y1": 399.172985,
                        "x2": 624.108417,
                        "y2": 423.647825
                    }
                },
                {
                    "category": "car",
                    "id": 2,
                    "attributes": {
                        "occluded": true,
                        "truncated": false,
                        "trafficLightColor": "none"
                    },
                    "box2d": {
                        "x1": 611.870997,
                        "y1": 393.928376,
                        "x2": 650.33146,
                        "y2": 427.14423
                    }
                },
                {
                    "category": "car",
                    "id": 3,
                    "attributes": {
                        "occluded": true,
                        "truncated": false,
                        "trafficLightColor": "none"
                    },
                    "box2d": {
                        "x1": 732.496993,
                        "y1": 393.928376,
                        "x2": 772.705659,
                        "y2": 437.633447
                    }
                },
                {
                    "category": "car",
                    "id": 4,
                    "attributes": {
                        "occluded": true,
                        "truncated": false,
                        "trafficLightColor": "none"
                    },
                    "box2d": {
                        "x1": 758.720036,
                        "y1": 378.194551,
                        "x2": 844.381975,
                        "y2": 449.870867
                    }
                },
                {
                    "category": "car",
                    "id": 5,
                    "attributes": {
                        "occluded": true,
                        "truncated": false,
                        "trafficLightColor": "none"
                    },
                    "box2d": {
                        "x1": 821.655338,
                        "y1": 381.690956,
                        "x2": 945.77774,
                        "y2": 470.849301
                    }
                },
                {
                    "category": "car",
                    "id": 6,
                    "attributes": {
                        "occluded": true,
                        "truncated": false,
                        "trafficLightColor": "none"
                    },
                    "box2d": {
                        "x1": 416.072277,
                        "y1": 402.086655,
                        "x2": 428.309698,
                        "y2": 417.820482
                    }
                },
                {
                    "category": "car",
                    "id": 7,
                    "attributes": {
                        "occluded": true,
                        "truncated": false,
                        "trafficLightColor": "none"
                    },
                    "box2d": {
                        "x1": 409.079466,
                        "y1": 405.58306,
                        "x2": 424.813292,
                        "y2": 421.316886
                    }
                },
                {
                    "category": "car",
                    "id": 8,
                    "attributes": {
                        "occluded": true,
                        "truncated": false,
                        "trafficLightColor": "none"
                    },
                    "box2d": {
                        "x1": 400.338452,
                        "y1": 403.834859,
                        "x2": 419.568683,
                        "y2": 426.561496
                    }
                },
                {
                    "category": "car",
                    "id": 9,
                    "attributes": {
                        "occluded": true,
                        "truncated": false,
                        "trafficLightColor": "none"
                    },
                    "box2d": {
                        "x1": 393.345642,
                        "y1": 407.331262,
                        "x2": 417.820482,
                        "y2": 426.561494
                    }
                },
                {
                    "category": "car",
                    "id": 10,
                    "attributes": {
                        "occluded": true,
                        "truncated": false,
                        "trafficLightColor": "none"
                    },
                    "box2d": {
                        "x1": 354.885178,
                        "y1": 400.338452,
                        "x2": 405.58306,
                        "y2": 437.050712
                    }
                },
                {
                    "category": "car",
                    "id": 11,
                    "attributes": {
                        "occluded": true,
                        "truncated": false,
                        "trafficLightColor": "none"
                    },
                    "box2d": {
                        "x1": 354.885178,
                        "y1": 405.58306,
                        "x2": 381.108221,
                        "y2": 445.791725
                    }
                },
                {
                    "category": "car",
                    "id": 12,
                    "attributes": {
                        "occluded": true,
                        "truncated": false,
                        "trafficLightColor": "none"
                    },
                    "box2d": {
                        "x1": 240.81653,
                        "y1": 374.326213,
                        "x2": 358.381584,
                        "y2": 452.934718
                    }
                },
                {
                    "category": "car",
                    "id": 13,
                    "attributes": {
                        "occluded": true,
                        "truncated": false,
                        "trafficLightColor": "none"
                    },
                    "box2d": {
                        "x1": 183.561298,
                        "y1": 400.338452,
                        "x2": 270.97144,
                        "y2": 468.518363
                    }
                },
                {
                    "category": "car",
                    "id": 14,
                    "attributes": {
                        "occluded": false,
                        "truncated": false,
                        "trafficLightColor": "none"
                    },
                    "box2d": {
                        "x1": 463.273755,
                        "y1": 395.530894,
                        "x2": 489.496797,
                        "y2": 418.257531
                    }
                },
                {
                    "category": "car",
                    "id": 15,
                    "attributes": {
                        "occluded": false,
                        "truncated": false,
                        "trafficLightColor": "none"
                    },
                    "box2d": {
                        "x1": 445.791726,
                        "y1": 399.0273,
                        "x2": 463.273755,
                        "y2": 411.26472
                    }
                },
                {
                    "category": "truck",
                    "id": 16,
                    "attributes": {
                        "occluded": true,
                        "truncated": false,
                        "trafficLightColor": "none"
                    },
                    "box2d": {
                        "x1": 541.942883,
                        "y1": 379.797069,
                        "x2": 599.633577,
                        "y2": 432.243154
                    }
                },
                {
                    "category": "car",
                    "id": 17,
                    "attributes": {
                        "occluded": false,
                        "truncated": false,
                        "trafficLightColor": "none"
                    },
                    "box2d": {
                        "x1": 482.503987,
                        "y1": 383.293474,
                        "x2": 587.396158,
                        "y2": 461.962602
                    }
                },
                {
                    "category": "car",
                    "id": 18,
                    "attributes": {
                        "occluded": false,
                        "truncated": true,
                        "trafficLightColor": "none"
                    },
                    "box2d": {
                        "x1": 0.699281,
                        "y1": 390.548514,
                        "x2": 201.74261,
                        "y2": 490.196077
                    }
                },
                {
                    "category": "car",
                    "id": 19,
                    "attributes": {
                        "occluded": false,
                        "truncated": false,
                        "trafficLightColor": "none"
                    },
                    "box2d": {
                        "x1": 904.520152,
                        "y1": 369.57008,
                        "x2": 1154.51316,
                        "y2": 505.929902
                    }
                },
                {
                    "category": "car",
                    "id": 20,
                    "attributes": {
                        "occluded": false,
                        "truncated": false,
                        "trafficLightColor": "none"
                    },
                    "box2d": {
                        "x1": 645.786132,
                        "y1": 376.562893,
                        "x2": 734.944477,
                        "y2": 453.483819
                    }
                },
                {
                    "category": "traffic sign",
                    "id": 21,
                    "attributes": {
                        "occluded": false,
                        "truncated": false,
                        "trafficLightColor": "none"
                    },
                    "box2d": {
                        "x1": 723.755979,
                        "y1": 363.626192,
                        "x2": 739.489805,
                        "y2": 372.367207
                    }
                },
                {
                    "category": "traffic sign",
                    "id": 22,
                    "attributes": {
                        "occluded": false,
                        "truncated": false,
                        "trafficLightColor": "none"
                    },
                    "box2d": {
                        "x1": 875.849627,
                        "y1": 318.172917,
                        "x2": 900.324466,
                        "y2": 335.654946
                    }
                },
                {
                    "category": "traffic light",
                    "id": 23,
                    "attributes": {
                        "occluded": false,
                        "truncated": false,
                        "trafficLightColor": "green"
                    },
                    "box2d": {
                        "x1": 421.316886,
                        "y1": 372.367207,
                        "x2": 430.0579,
                        "y2": 388.101032
                    }
                },
                {
                    "category": "area/alternative",
                    "id": 24,
                    "attributes": {},
                    "poly2d": [
                        [
                            483.194189,
                            462.374682,
                            "L"
                        ],
                        [
                            140.631924,
                            563.624614,
                            "L"
                        ],
                        [
                            289.131823,
                            560.249615,
                            "C"
                        ],
                        [
                            408.944239,
                            556.874617,
                            "C"
                        ],
                        [
                            547.319146,
                            553.49962,
                            "C"
                        ],
                        [
                            621.569094,
                            469.124677,
                            "L"
                        ],
                        [
                            483.194189,
                            462.374682,
                            "L"
                        ]
                    ]
                },
                {
                    "category": "area/drivable",
                    "id": 25,
                    "attributes": {},
                    "poly2d": [
                        [
                            638.444082,
                            460.687183,
                            "L"
                        ],
                        [
                            565.881632,
                            550.124622,
                            "L"
                        ],
                        [
                            732.944017,
                            541.687128,
                            "C"
                        ],
                        [
                            881.443916,
                            545.062126,
                            "C"
                        ],
                        [
                            1056.943794,
                            550.124622,
                            "C"
                        ],
                        [
                            775.131488,
                            455.624687,
                            "L"
                        ],
                        [
                            638.444082,
                            460.687183,
                            "L"
                        ]
                    ]
                },
                {
                    "category": "lane/road curb",
                    "id": 26,
                    "attributes": {
                        "direction": "parallel",
                        "style": "solid"
                    },
                    "poly2d": [
                        [
                            1276.323633,
                            536.534605,
                            "L"
                        ],
                        [
                            1130.961891,
                            506.184441,
                            "L"
                        ]
                    ]
                },
                {
                    "category": "lane/single white",
                    "id": 27,
                    "attributes": {
                        "direction": "parallel",
                        "style": "dashed"
                    },
                    "poly2d": [
                        [
                            605.423289,
                            428.711657,
                            "C"
                        ],
                        [
                            660.53296,
                            452.67231,
                            "C"
                        ],
                        [
                            585.456017,
                            499.794934,
                            "C"
                        ],
                        [
                            547.917545,
                            552.508374,
                            "L"
                        ]
                    ]
                },
                {
                    "category": "lane/single white",
                    "id": 28,
                    "attributes": {
                        "direction": "parallel",
                        "style": "dashed"
                    },
                    "poly2d": [
                        [
                            559.099218,
                            558.099194,
                            "C"
                        ],
                        [
                            595.838999,
                            503.788375,
                            "C"
                        ],
                        [
                            678.90285,
                            443.088049,
                            "C"
                        ],
                        [
                            608.618053,
                            424.718213,
                            "L"
                        ]
                    ]
                },
                {
                    "category": "lane/single white",
                    "id": 29,
                    "attributes": {
                        "direction": "parallel",
                        "style": "dashed"
                    },
                    "poly2d": [
                        [
                            460.860239,
                            419.926082,
                            "C"
                        ],
                        [
                            489.613111,
                            456.665754,
                            "C"
                        ],
                        [
                            199.68832,
                            463.85395,
                            "C"
                        ],
                        [
                            0,
                            528.547719,
                            "L"
                        ]
                    ]
                },
                {
                    "category": "lane/single white",
                    "id": 30,
                    "attributes": {
                        "direction": "parallel",
                        "style": "dashed"
                    },
                    "poly2d": [
                        [
                            0,
                            536.534605,
                            "C"
                        ],
                        [
                            171.734139,
                            471.840835,
                            "C"
                        ],
                        [
                            507.983002,
                            464.652639,
                            "C"
                        ],
                        [
                            465.652384,
                            420.724772,
                            "L"
                        ]
                    ]
                },
                {
                    "category": "lane/crosswalk",
                    "id": 31,
                    "attributes": {
                        "direction": "vertical",
                        "style": "dashed"
                    },
                    "poly2d": [
                        [
                            456.068094,
                            420.724772,
                            "L"
                        ],
                        [
                            416.13355,
                            423.919525,
                            "L"
                        ]
                    ]
                },
                {
                    "category": "lane/crosswalk",
                    "id": 32,
                    "attributes": {
                        "direction": "vertical",
                        "style": "dashed"
                    },
                    "poly2d": [
                        [
                            467.249766,
                            415.133952,
                            "L"
                        ],
                        [
                            420.925695,
                            416.731328,
                            "L"
                        ]
                    ]
                },
                {
                    "category": "lane/double yellow",
                    "id": 33,
                    "attributes": {
                        "direction": "parallel",
                        "style": "solid"
                    },
                    "poly2d": [
                        [
                            475.236675,
                            452.67231,
                            "C"
                        ],
                        [
                            413.737477,
                            476.632967,
                            "C"
                        ],
                        [
                            225.24643,
                            531.742474,
                            "C"
                        ],
                        [
                            91.865051,
                            562.092636,
                            "L"
                        ]
                    ]
                },
                {
                    "category": "lane/double yellow",
                    "id": 34,
                    "attributes": {
                        "direction": "parallel",
                        "style": "solid"
                    },
                    "poly2d": [
                        [
                            128.604831,
                            566.086079,
                            "C"
                        ],
                        [
                            247.609775,
                            530.943785,
                            "C"
                        ],
                        [
                            389.776751,
                            495.002802,
                            "C"
                        ],
                        [
                            491.210492,
                            456.665754,
                            "L"
                        ]
                    ]
                }
            ]
        }
    ],
    "attributes": {
        "weather": "clear",
        "scene": "city street",
        "timeofday": "daytime"
    }
}