{
    "name": "0b2867ef-a6ca437b",
    "frames": [
        {
            "timestamp": 10000,
            "objects": [
                {
                    "category": "car",
                    "id": 0,
                    "attributes": {
                        "occluded": false,
                        "truncated": true,
                        "trafficLightColor": "none"
                    },
                    "box2d": {
                        "x1": 895.183009,
                        "y1": 287.820696,
                        "x2": 1278.892956,
                        "y2": 595.180194
                    }
                },
                {
                    "category": "car",
                    "id": 1,
                    "attributes": {
                        "occluded": false,
                        "truncated": true,
                        "trafficLightColor": "none"
                    },
                    "box2d": {
                        "x1": 0,
                        "y1": 398.411842,
                        "x2": 34.156578,
                        "y2": 446.375586
                    }
                },
                {
                    "category": "car",
                    "id": 2,
                    "attributes": {
                        "occluded": true,
                        "truncated": false,
                        "trafficLightColor": "none"
                    },
                    "box2d": {
                        "x1": 285.405248,
                        "y1": 374.20112,
                        "x2": 337.284399,
                        "y2": 404.545529
                    }
                },
                {
                    "category": "car",
                    "id": 3,
                    "attributes": {
                        "occluded": true,
                        "truncated": false,
                        "trafficLightColor": "none"
                    },
                    "box2d": {
                        "x1": 125.852387,
                        "y1": 385.807511,
                        "x2": 165.006463,
                        "y2": 429.855848
                    }
                },
                {
                    "category": "car",
                    "id": 4,
                    "attributes": {
                        "occluded": true,
                        "truncated": false,
                        "trafficLightColor": "none"
                    },
                    "box2d": {
                        "x1": 84.740607,
                        "y1": 389.72292,
                        "x2": 144.450574,
                        "y2": 433.771255
                    }
                },
                {
                    "category": "car",
                    "id": 5,
                    "attributes": {
                        "occluded": true,
                        "truncated": false,
                        "trafficLightColor": "none"
                    },
                    "box2d": {
                        "x1": 8.390159,
                        "y1": 386.786365,
                        "x2": 93.550275,
                        "y2": 440.623219
                    }
                },
                {
                    "category": "traffic light",
                    "id": 6,
                    "attributes": {
                        "occluded": false,
                        "truncated": false,
                        "trafficLightColor": "green"
                    },
                    "box2d": {
                        "x1": 222.758726,
                        "y1": 311.274921,
                        "x2": 238.187293,
                        "y2": 331.504517
                    }
                },
                {
                    "category": "traffic light",
                    "id": 7,
                    "attributes": {
                        "occluded": false,
                        "truncated": false,
                        "trafficLightColor": "green"
                    },
                    "box2d": {
                        "x1": 489.247989,
                        "y1": 320.543411,
                        "x2": 502.951914,
                        "y2": 336.20504
                    }
                },
                {
                    "category": "traffic sign",
                    "id": 8,
                    "attributes": {
                        "occluded": false,
                        "truncated": false,
                        "trafficLightColor": "none"
                    },
                    "box2d": {
                        "x1": 702.163095,
                        "y1": 250.586088,
                        "x2": 729.570949,
                        "y2": 262.332311
                    }
                },
                {
                    "category": "traffic sign",
                    "id": 9,
                    "attributes": {
                        "occluded": false,
                        "truncated": false,
                        "trafficLightColor": "none"
                    },
                    "box2d": {
                        "x1": 700.235054,
                        "y1": 262.613169,
                        "x2": 736.452574,
                        "y2": 299.809542
                    }
                },
                {
                    "category": "traffic sign",
                    "id": 10,
                    "attributes": {
                        "occluded": false,
                        "truncated": false,
                        "trafficLightColor": "none"
                    },
                    "box2d": {
                        "x1": 480.196777,
                        "y1": 325.259691,
                        "x2": 541.661044,
                        "y2": 337.005914
                    }
                },
                {
                    "category": "car",
                    "id": 11,
                    "attributes": {
                        "occluded": false,
                        "truncated": false,
                        "trafficLightColor": "none"
                    },
                    "box2d": {
                        "x1": 466.655413,
                        "y1": 366.929633,
                        "x2": 500.915231,
                        "y2": 395.316338
                    }
                },
                {
                    "category": "car",
                    "id": 12,
                    "attributes": {
                        "occluded": true,
                        "truncated": false,
                        "trafficLightColor": "none"
                    },
                    "box2d": {
                        "x1": 323.580471,
                        "y1": 368.887337,
                        "x2": 378.396177,
                        "y2": 430.555006
                    }
                },
                {
                    "category": "car",
                    "id": 13,
                    "attributes": {
                        "occluded": false,
                        "truncated": false,
                        "trafficLightColor": "none"
                    },
                    "box2d": {
                        "x1": 345.861001,
                        "y1": 371.311166,
                        "x2": 474.090601,
                        "y2": 465.280951
                    }
                },
                {
                    "category": "car",
                    "id": 14,
                    "attributes": {
                        "occluded": true,
                        "truncated": false,
                        "trafficLightColor": "none"
                    },
                    "box2d": {
                        "x1": 500.519603,
                        "y1": 375.226573,
                        "x2": 524.012048,
                        "y2": 394.803611
                    }
                },
                {
                    "category": "person",
                    "id": 15,
                    "attributes": {
                        "occluded": true,
                        "truncated": false,
                        "trafficLightColor": "none"
                    },
                    "box2d": {
                        "x1": 546.199362,
                        "y1": 357.607238,
                        "x2": 561.860993,
                        "y2": 398.719018
                    }
                },
                {
                    "category": "person",
                    "id": 16,
                    "attributes": {
                        "occluded": true,
                        "truncated": false,
                        "trafficLightColor": "none"
                    },
                    "box2d": {
                        "x1": 591.22655,
                        "y1": 376.205425,
                        "x2": 603.951623,
                        "y2": 414.38065
                    }
                },
                {
                    "category": "person",
                    "id": 17,
                    "attributes": {
                        "occluded": true,
                        "truncated": false,
                        "trafficLightColor": "none"
                    },
                    "box2d": {
                        "x1": 599.057365,
                        "y1": 371.311166,
                        "x2": 614.718995,
                        "y2": 415.359502
                    }
                },
                {
                    "category": "person",
                    "id": 18,
                    "attributes": {
                        "occluded": true,
                        "truncated": false,
                        "trafficLightColor": "none"
                    },
                    "box2d": {
                        "x1": 727.307338,
                        "y1": 369.353448,
                        "x2": 753.73634,
                        "y2": 419.274894
                    }
                },
                {
                    "category": "car",
                    "id": 19,
                    "attributes": {
                        "occluded": false,
                        "truncated": false,
                        "trafficLightColor": "none"
                    },
                    "box2d": {
                        "x1": 630.736569,
                        "y1": 381.766148,
                        "x2": 740.367983,
                        "y2": 452.243484
                    }
                },
                {
                    "category": "area/drivable",
                    "id": 20,
                    "attributes": {},
                    "poly2d": [
                        [
                            371.43111,
                            470.985403,
                            "L"
                        ],
                        [
                            576.89454,
                            469.404915,
                            "L"
                        ],
                        [
                            855.060416,
                            643.258587,
                            "L"
                        ],
                        [
                            690.689671,
                            627.453708,
                            "C"
                        ],
                        [
                            423.587211,
                            625.873219,
                            "C"
                        ],
                        [
                            213.382317,
                            643.258587,
                            "C"
                        ],
                        [
                            371.43111,
                            470.985403,
                            "L"
                        ]
                    ]
                },
                {
                    "category": "area/alternative",
                    "id": 21,
                    "attributes": {},
                    "poly2d": [
                        [
                            298.728665,
                            434.63418,
                            "L"
                        ],
                        [
                            0,
                            515.239065,
                            "L"
                        ],
                        [
                            0,
                            660.643953,
                            "L"
                        ],
                        [
                            53.753036,
                            648.000051,
                            "C"
                        ],
                        [
                            143.840848,
                            641.678099,
                            "C"
                        ],
                        [
                            188.09451,
                            643.258587,
                            "C"
                        ],
                        [
                            355.62623,
                            472.565891,
                            "L"
                        ],
                        [
                            298.728665,
                            434.63418,
                            "L"
                        ]
                    ]
                },
                {
                    "category": "area/alternative",
                    "id": 22,
                    "attributes": {},
                    "poly2d": [
                        [
                            485.226242,
                            403.024422,
                            "L"
                        ],
                        [
                            900.894566,
                            648.000051,
                            "L"
                        ],
                        [
                            989.40189,
                            648.000051,
                            "C"
                        ],
                        [
                            1066.845798,
                            659.063466,
                            "C"
                        ],
                        [
                            1123.743364,
                            674.868344,
                            "C"
                        ],
                        [
                            1164.83605,
                            654.322002,
                            "L"
                        ],
                        [
                            510.514047,
                            403.024422,
                            "L"
                        ],
                        [
                            485.226242,
                            403.024422,
                            "L"
                        ]
                    ]
                },
                {
                    "category": "area/alternative",
                    "id": 23,
                    "attributes": {},
                    "poly2d": [
                        [
                            753.909188,
                            458.341499,
                            "L"
                        ],
                        [
                            890.896387,
                            486.624077,
                            "L"
                        ],
                        [
                            870.865295,
                            532.624432,
                            "L"
                        ],
                        [
                            701.753087,
                            467.824427,
                            "L"
                        ],
                        [
                            753.909188,
                            458.341499,
                            "L"
                        ]
                    ]
                },
                {
                    "category": "lane/single white",
                    "id": 24,
                    "attributes": {
                        "direction": "parallel",
                        "style": "solid"
                    },
                    "poly2d": [
                        [
                            309.918744,
                            434.962927,
                            "L"
                        ],
                        [
                            2.777902,
                            516.805846,
                            "L"
                        ]
                    ]
                },
                {
                    "category": "lane/single white",
                    "id": 25,
                    "attributes": {
                        "direction": "parallel",
                        "style": "solid"
                    },
                    "poly2d": [
                        [
                            300.722909,
                            431.284594,
                            "L"
                        ],
                        [
                            0,
                            504.851262,
                            "L"
                        ]
                    ]
                },
                {
                    "category": "lane/crosswalk",
                    "id": 26,
                    "attributes": {
                        "direction": "vertical",
                        "style": "dashed"
                    },
                    "poly2d": [
                        [
                            580.27625,
                            416.57126,
                            "L"
                        ],
                        [
                            468.08708,
                            416.57126,
                            "L"
                        ]
                    ]
                },
                {
                    "category": "lane/crosswalk",
                    "id": 27,
                    "attributes": {
                        "direction": "vertical",
                        "style": "dashed"
                    },
                    "poly2d": [
                        [
                            560.965,
                            410.134176,
                            "L"
                        ],
                        [
                            469.926248,
                            410.134176,
                            "L"
                        ]
                    ]
                },
                {
                    "category": "lane/single white",
                    "id": 28,
                    "attributes": {
                        "direction": "parallel",
                        "style": "dashed"
                    },
                    "poly2d": [
                        [
                            502.111665,
                            422.088759,
                            "L"
                        ],
                        [
                            635.451251,
                            505.770845,
                            "L"
                        ]
                    ]
                },
                {
                    "category": "lane/single white",
                    "id": 29,
                    "attributes": {
                        "direction": "parallel",
                        "style": "dashed"
                    },
                    "poly2d": [
                        [
                            508.548749,
                            421.169177,
                            "L"
                        ],
                        [
                            640.968753,
                            499.333762,
                            "L"
                        ]
                    ]
                },
                {
                    "category": "lane/single white",
                    "id": 30,
                    "attributes": {
                        "direction": "parallel",
                        "style": "dashed"
                    },
                    "poly2d": [
                        [
                            646.486252,
                            461.630844,
                            "L"
                        ],
                        [
                            754.997088,
                            502.092512,
                            "L"
                        ]
                    ]
                },
                {
                    "category": "lane/single white",
                    "id": 31,
                    "attributes": {
                        "direction": "parallel",
                        "style": "dashed"
                    },
                    "poly2d": [
                        [
                            652.923335,
                            457.952512,
                            "L"
                        ],
                        [
                            755.916671,
                            494.735845,
                            "L"
                        ]
                    ]
                },
                {
                    "category": "lane/single white",
                    "id": 32,
                    "attributes": {
                        "direction": "parallel",
                        "style": "solid"
                    },
                    "poly2d": [
                        [
                            652.003752,
                            515.886262,
                            "L"
                        ],
                        [
                            863.507925,
                            650.145432,
                            "L"
                        ]
                    ]
                },
                {
                    "category": "lane/single white",
                    "id": 33,
                    "attributes": {
                        "direction": "parallel",
                        "style": "solid"
                    },
                    "poly2d": [
                        [
                            667.636669,
                            514.047097,
                            "L"
                        ],
                        [
                            894.773758,
                            646.467099,
                            "L"
                        ]
                    ]
                },
                {
                    "category": "lane/single white",
                    "id": 34,
                    "attributes": {
                        "direction": "parallel",
                        "style": "solid"
                    },
                    "poly2d": [
                        [
                            894.773758,
                            510.368762,
                            "C"
                        ],
                        [
                            693.385003,
                            502.092512,
                            "C"
                        ],
                        [
                            829.483339,
                            508.529595,
                            "C"
                        ],
                        [
                            1193.638348,
                            649.225849,
                            "L"
                        ]
                    ]
                },
                {
                    "category": "lane/single white",
                    "id": 35,
                    "attributes": {
                        "direction": "parallel",
                        "style": "solid"
                    },
                    "poly2d": [
                        [
                            889.256258,
                            501.172929,
                            "C"
                        ],
                        [
                            608.783334,
                            486.459595,
                            "C"
                        ],
                        [
                            943.511676,
                            560.026263,
                            "C"
                        ],
                        [
                            1175.246681,
                            653.823766,
                            "L"
                        ]
                    ]
                },
                {
                    "category": "lane/single white",
                    "id": 36,
                    "attributes": {
                        "direction": "parallel",
                        "style": "dashed"
                    },
                    "poly2d": [
                        [
                            377.967912,
                            465.309178,
                            "L"
                        ],
                        [
                            201.407908,
                            656.582516,
                            "L"
                        ]
                    ]
                },
                {
                    "category": "lane/single white",
                    "id": 37,
                    "attributes": {
                        "direction": "parallel",
                        "style": "dashed"
                    },
                    "poly2d": [
                        [
                            370.611245,
                            462.550427,
                            "L"
                        ],
                        [
                            192.212074,
                            650.145432,
                            "L"
                        ]
                    ]
                }
            ]
        }
    ],
    "attributes": {
        "weather": "clear",
        "scene": "city street",
        "timeofday": "night"
    }
}