{
    "name": "0b2f5d0d-8fddc1fc",
    "frames": [
        {
            "timestamp": 10000,
            "objects": [
                {
                    "category": "traffic sign",
                    "id": 0,
                    "attributes": {
                        "occluded": false,
                        "truncated": false,
                        "trafficLightColor": "none"
                    },
                    "box2d": {
                        "x1": 544.332701,
                        "y1": 243.935915,
                        "x2": 652.887303,
                        "y2": 281.368537
                    }
                },
                {
                    "category": "traffic sign",
                    "id": 1,
                    "attributes": {
                        "occluded": false,
                        "truncated": false,
                        "trafficLightColor": "none"
                    },
                    "box2d": {
                        "x1": 630.42773,
                        "y1": 328.78319,
                        "x2": 642.905271,
                        "y2": 340.012979
                    }
                },
                {
                    "category": "traffic sign",
                    "id": 2,
                    "attributes": {
                        "occluded": true,
                        "truncated": false,
                        "trafficLightColor": "none"
                    },
                    "box2d": {
                        "x1": 145.051407,
                        "y1": 352.490517,
                        "x2": 165.015473,
                        "y2": 366.215814
                    }
                },
                {
                    "category": "car",
                    "id": 3,
                    "attributes": {
                        "occluded": true,
                        "truncated": false,
                        "trafficLightColor": "none"
                    },
                    "box2d": {
                        "x1": 608.155332,
                        "y1": 346.875624,
                        "x2": 621.880628,
                        "y2": 359.353162
                    }
                },
                {
                    "category": "car",
                    "id": 4,
                    "attributes": {
                        "occluded": true,
                        "truncated": false,
                        "trafficLightColor": "none"
                    },
                    "box2d": {
                        "x1": 600.668808,
                        "y1": 339.3891,
                        "x2": 611.898595,
                        "y2": 354.362147
                    }
                },
                {
                    "category": "car",
                    "id": 5,
                    "attributes": {
                        "occluded": true,
                        "truncated": false,
                        "trafficLightColor": "none"
                    },
                    "box2d": {
                        "x1": 583.200251,
                        "y1": 346.875624,
                        "x2": 606.907578,
                        "y2": 366.839688
                    }
                },
                {
                    "category": "car",
                    "id": 6,
                    "attributes": {
                        "occluded": true,
                        "truncated": false,
                        "trafficLightColor": "none"
                    },
                    "box2d": {
                        "x1": 534.537843,
                        "y1": 314.434019,
                        "x2": 589.439022,
                        "y2": 371.830702
                    }
                },
                {
                    "category": "car",
                    "id": 7,
                    "attributes": {
                        "occluded": true,
                        "truncated": false,
                        "trafficLightColor": "none"
                    },
                    "box2d": {
                        "x1": 523.308057,
                        "y1": 348.123378,
                        "x2": 566.979448,
                        "y2": 386.803753
                    }
                },
                {
                    "category": "car",
                    "id": 8,
                    "attributes": {
                        "occluded": true,
                        "truncated": false,
                        "trafficLightColor": "none"
                    },
                    "box2d": {
                        "x1": 525.803565,
                        "y1": 330.654821,
                        "x2": 564.483938,
                        "y2": 358.105411
                    }
                },
                {
                    "category": "car",
                    "id": 9,
                    "attributes": {
                        "occluded": false,
                        "truncated": false,
                        "trafficLightColor": "none"
                    },
                    "box2d": {
                        "x1": 607.34428,
                        "y1": 343.756239,
                        "x2": 656.006689,
                        "y2": 378.693352
                    }
                },
                {
                    "category": "truck",
                    "id": 10,
                    "attributes": {
                        "occluded": false,
                        "truncated": false,
                        "trafficLightColor": "none"
                    },
                    "box2d": {
                        "x1": 130.546249,
                        "y1": 175.398566,
                        "x2": 533.570802,
                        "y2": 486.089322
                    }
                },
                {
                    "category": "car",
                    "id": 11,
                    "attributes": {
                        "occluded": true,
                        "truncated": false,
                        "trafficLightColor": "none"
                    },
                    "box2d": {
                        "x1": 179.208655,
                        "y1": 349.905877,
                        "x2": 244.091866,
                        "y2": 366.126678
                    }
                },
                {
                    "category": "car",
                    "id": 12,
                    "attributes": {
                        "occluded": true,
                        "truncated": false,
                        "trafficLightColor": "none"
                    },
                    "box2d": {
                        "x1": 106.838922,
                        "y1": 364.878925,
                        "x2": 150.510315,
                        "y2": 391.081761
                    }
                },
                {
                    "category": "car",
                    "id": 13,
                    "attributes": {
                        "occluded": true,
                        "truncated": true,
                        "trafficLightColor": "none"
                    },
                    "box2d": {
                        "x1": 0,
                        "y1": 366.483188,
                        "x2": 159.244589,
                        "y2": 478.781051
                    }
                },
                {
                    "category": "area/alternative",
                    "id": 14,
                    "attributes": {},
                    "poly2d": [
                        [
                            137.256927,
                            488.024659,
                            "L"
                        ],
                        [
                            0,
                            530.212129,
                            "L"
                        ],
                        [
                            0,
                            720.562004,
                            "L"
                        ],
                        [
                            98.444452,
                            720.562004,
                            "L"
                        ],
                        [
                            376.881762,
                            504.899648,
                            "L"
                        ],
                        [
                            137.256927,
                            488.024659,
                            "L"
                        ]
                    ]
                },
                {
                    "category": "area/alternative",
                    "id": 15,
                    "attributes": {},
                    "poly2d": [
                        [
                            663.756566,
                            380.024735,
                            "L"
                        ],
                        [
                            788.631479,
                            474.524669,
                            "C"
                        ],
                        [
                            898.318903,
                            555.524612,
                            "C"
                        ],
                        [
                            1016.443821,
                            656.774544,
                            "C"
                        ],
                        [
                            1280.811619,
                            670.274534,
                            "L"
                        ],
                        [
                            1280.811619,
                            504.899648,
                            "L"
                        ],
                        [
                            692.444046,
                            368.212241,
                            "L"
                        ],
                        [
                            663.756566,
                            380.024735,
                            "L"
                        ]
                    ]
                },
                {
                    "category": "area/drivable",
                    "id": 16,
                    "attributes": {},
                    "poly2d": [
                        [
                            570.944129,
                            385.08723,
                            "L"
                        ],
                        [
                            145.694421,
                            720.562004,
                            "L"
                        ],
                        [
                            415.694235,
                            720.562004,
                            "L"
                        ],
                        [
                            447.756713,
                            692.212019,
                            "C"
                        ],
                        [
                            511.881669,
                            675.33703,
                            "C"
                        ],
                        [
                            547.319144,
                            685.462024,
                            "C"
                        ],
                        [
                            705.944036,
                            653.399545,
                            "C"
                        ],
                        [
                            837.568945,
                            651.712047,
                            "C"
                        ],
                        [
                            987.756341,
                            655.087045,
                            "C"
                        ],
                        [
                            876.811606,
                            562.520946,
                            "C"
                        ],
                        [
                            766.252437,
                            464.246129,
                            "C"
                        ],
                        [
                            660.299901,
                            385.933385,
                            "C"
                        ],
                        [
                            570.944129,
                            385.08723,
                            "L"
                        ]
                    ]
                },
                {
                    "category": "lane/single white",
                    "id": 17,
                    "attributes": {
                        "direction": "parallel",
                        "style": "solid"
                    },
                    "poly2d": [
                        [
                            994.481621,
                            657.485828,
                            "L"
                        ],
                        [
                            653.008345,
                            378.915524,
                            "L"
                        ]
                    ]
                },
                {
                    "category": "lane/single white",
                    "id": 18,
                    "attributes": {
                        "direction": "parallel",
                        "style": "solid"
                    },
                    "poly2d": [
                        [
                            1010.956209,
                            652.992759,
                            "L"
                        ],
                        [
                            660.496793,
                            377.417833,
                            "L"
                        ]
                    ]
                },
                {
                    "category": "lane/single white",
                    "id": 19,
                    "attributes": {
                        "direction": "parallel",
                        "style": "dashed"
                    },
                    "poly2d": [
                        [
                            163.263775,
                            694.928074,
                            "L"
                        ],
                        [
                            600.5892,
                            366.934004,
                            "L"
                        ]
                    ]
                },
                {
                    "category": "lane/single white",
                    "id": 20,
                    "attributes": {
                        "direction": "parallel",
                        "style": "dashed"
                    },
                    "poly2d": [
                        [
                            121.32846,
                            688.937314,
                            "L"
                        ],
                        [
                            587.109991,
                            365.436315,
                            "L"
                        ]
                    ]
                },
                {
                    "category": "lane/single white",
                    "id": 21,
                    "attributes": {
                        "direction": "parallel",
                        "style": "solid"
                    },
                    "poly2d": [
                        [
                            1.513275,
                            524.191435,
                            "L"
                        ],
                        [
                            148.286876,
                            482.25612,
                            "L"
                        ]
                    ]
                }
            ]
        }
    ],
    "attributes": {
        "weather": "clear",
        "scene": "highway",
        "timeofday": "daytime"
    }
}