{
    "name": "0b396e6f-06f3ce96",
    "frames": [
        {
            "timestamp": 10000,
            "objects": [
                {
                    "category": "traffic sign",
                    "id": 0,
                    "attributes": {
                        "occluded": false,
                        "truncated": false,
                        "trafficLightColor": "none"
                    },
                    "box2d": {
                        "x1": 832.135474,
                        "y1": 191.579211,
                        "x2": 856.817459,
                        "y2": 211.559865
                    }
                },
                {
                    "category": "traffic sign",
                    "id": 1,
                    "attributes": {
                        "occluded": false,
                        "truncated": false,
                        "trafficLightColor": "none"
                    },
                    "box2d": {
                        "x1": 673.465575,
                        "y1": 169.247894,
                        "x2": 692.270896,
                        "y2": 193.929878
                    }
                },
                {
                    "category": "traffic sign",
                    "id": 2,
                    "attributes": {
                        "occluded": false,
                        "truncated": false,
                        "trafficLightColor": "none"
                    },
                    "box2d": {
                        "x1": 673.465575,
                        "y1": 193.929877,
                        "x2": 691.095563,
                        "y2": 210.384534
                    }
                },
                {
                    "category": "traffic sign",
                    "id": 3,
                    "attributes": {
                        "occluded": false,
                        "truncated": false,
                        "trafficLightColor": "none"
                    },
                    "box2d": {
                        "x1": 672.29024,
                        "y1": 212.7352,
                        "x2": 692.270894,
                        "y2": 235.066519
                    }
                },
                {
                    "category": "traffic sign",
                    "id": 4,
                    "attributes": {
                        "occluded": false,
                        "truncated": false,
                        "trafficLightColor": "none"
                    },
                    "box2d": {
                        "x1": 635.85493,
                        "y1": 246.428073,
                        "x2": 646.432926,
                        "y2": 258.181398
                    }
                },
                {
                    "category": "traffic sign",
                    "id": 5,
                    "attributes": {
                        "occluded": false,
                        "truncated": false,
                        "trafficLightColor": "none"
                    },
                    "box2d": {
                        "x1": 453.286607,
                        "y1": 264.058061,
                        "x2": 459.163271,
                        "y2": 276.986721
                    }
                },
                {
                    "category": "traffic light",
                    "id": 6,
                    "attributes": {
                        "occluded": false,
                        "truncated": false,
                        "trafficLightColor": "none"
                    },
                    "box2d": {
                        "x1": 604.356032,
                        "y1": 263.509563,
                        "x2": 607.88203,
                        "y2": 275.262888
                    }
                },
                {
                    "category": "traffic light",
                    "id": 7,
                    "attributes": {
                        "occluded": false,
                        "truncated": false,
                        "trafficLightColor": "none"
                    },
                    "box2d": {
                        "x1": 599.654702,
                        "y1": 262.33423,
                        "x2": 603.180698,
                        "y2": 274.087556
                    }
                },
                {
                    "category": "traffic light",
                    "id": 8,
                    "attributes": {
                        "occluded": false,
                        "truncated": false,
                        "trafficLightColor": "none"
                    },
                    "box2d": {
                        "x1": 585.550711,
                        "y1": 238.827578,
                        "x2": 590.252042,
                        "y2": 249.405574
                    }
                },
                {
                    "category": "traffic light",
                    "id": 9,
                    "attributes": {
                        "occluded": false,
                        "truncated": false,
                        "trafficLightColor": "none"
                    },
                    "box2d": {
                        "x1": 579.674048,
                        "y1": 238.827578,
                        "x2": 585.550711,
                        "y2": 248.230238
                    }
                },
                {
                    "category": "traffic light",
                    "id": 10,
                    "attributes": {
                        "occluded": false,
                        "truncated": false,
                        "trafficLightColor": "none"
                    },
                    "box2d": {
                        "x1": 517.38142,
                        "y1": 251.756236,
                        "x2": 522.082751,
                        "y2": 263.509565
                    }
                },
                {
                    "category": "person",
                    "id": 11,
                    "attributes": {
                        "occluded": true,
                        "truncated": false,
                        "trafficLightColor": "none"
                    },
                    "box2d": {
                        "x1": 813.021631,
                        "y1": 265.625166,
                        "x2": 831.826952,
                        "y2": 308.328929
                    }
                },
                {
                    "category": "bike",
                    "id": 12,
                    "attributes": {
                        "occluded": true,
                        "truncated": false,
                        "trafficLightColor": "none"
                    },
                    "box2d": {
                        "x1": 693.152396,
                        "y1": 297.652978,
                        "x2": 722.535711,
                        "y2": 323.510295
                    }
                },
                {
                    "category": "bike",
                    "id": 13,
                    "attributes": {
                        "occluded": true,
                        "truncated": false,
                        "trafficLightColor": "none"
                    },
                    "box2d": {
                        "x1": 696.678392,
                        "y1": 298.82831,
                        "x2": 727.237042,
                        "y2": 323.510295
                    }
                },
                {
                    "category": "bike",
                    "id": 14,
                    "attributes": {
                        "occluded": true,
                        "truncated": false,
                        "trafficLightColor": "none"
                    },
                    "box2d": {
                        "x1": 701.379723,
                        "y1": 300.003645,
                        "x2": 724.886375,
                        "y2": 323.510295
                    }
                },
                {
                    "category": "bike",
                    "id": 15,
                    "attributes": {
                        "occluded": true,
                        "truncated": false,
                        "trafficLightColor": "none"
                    },
                    "box2d": {
                        "x1": 706.081054,
                        "y1": 290.600983,
                        "x2": 742.516365,
                        "y2": 324.685628
                    }
                },
                {
                    "category": "bike",
                    "id": 16,
                    "attributes": {
                        "occluded": true,
                        "truncated": false,
                        "trafficLightColor": "none"
                    },
                    "box2d": {
                        "x1": 713.133048,
                        "y1": 291.776316,
                        "x2": 754.269689,
                        "y2": 327.036293
                    }
                },
                {
                    "category": "bike",
                    "id": 17,
                    "attributes": {
                        "occluded": true,
                        "truncated": false,
                        "trafficLightColor": "none"
                    },
                    "box2d": {
                        "x1": 720.185044,
                        "y1": 288.250318,
                        "x2": 773.075012,
                        "y2": 332.912956
                    }
                },
                {
                    "category": "bike",
                    "id": 18,
                    "attributes": {
                        "occluded": true,
                        "truncated": false,
                        "trafficLightColor": "none"
                    },
                    "box2d": {
                        "x1": 741.341031,
                        "y1": 292.951648,
                        "x2": 776.601008,
                        "y2": 331.737624
                    }
                },
                {
                    "category": "bike",
                    "id": 19,
                    "attributes": {
                        "occluded": true,
                        "truncated": false,
                        "trafficLightColor": "none"
                    },
                    "box2d": {
                        "x1": 757.795687,
                        "y1": 290.600983,
                        "x2": 780.127006,
                        "y2": 330.562291
                    }
                },
                {
                    "category": "person",
                    "id": 20,
                    "attributes": {
                        "occluded": true,
                        "truncated": false,
                        "trafficLightColor": "none"
                    },
                    "box2d": {
                        "x1": 726.061708,
                        "y1": 274.146327,
                        "x2": 754.269687,
                        "y2": 331.737624
                    }
                },
                {
                    "category": "car",
                    "id": 21,
                    "attributes": {
                        "occluded": true,
                        "truncated": false,
                        "trafficLightColor": "none"
                    },
                    "box2d": {
                        "x1": 470.133036,
                        "y1": 290.072087,
                        "x2": 493.639688,
                        "y2": 318.280067
                    }
                },
                {
                    "category": "car",
                    "id": 22,
                    "attributes": {
                        "occluded": true,
                        "truncated": false,
                        "trafficLightColor": "none"
                    },
                    "box2d": {
                        "x1": 440.749721,
                        "y1": 287.721422,
                        "x2": 470.133038,
                        "y2": 322.981399
                    }
                },
                {
                    "category": "car",
                    "id": 23,
                    "attributes": {
                        "occluded": true,
                        "truncated": false,
                        "trafficLightColor": "none"
                    },
                    "box2d": {
                        "x1": 484.237027,
                        "y1": 291.247418,
                        "x2": 523.023002,
                        "y2": 325.332063
                    }
                },
                {
                    "category": "car",
                    "id": 24,
                    "attributes": {
                        "occluded": true,
                        "truncated": false,
                        "trafficLightColor": "none"
                    },
                    "box2d": {
                        "x1": 602.945618,
                        "y1": 294.773417,
                        "x2": 615.874276,
                        "y2": 308.87741
                    }
                },
                {
                    "category": "car",
                    "id": 25,
                    "attributes": {
                        "occluded": false,
                        "truncated": false,
                        "trafficLightColor": "none"
                    },
                    "box2d": {
                        "x1": 331.230105,
                        "y1": 266.176102,
                        "x2": 447.588031,
                        "y2": 359.027377
                    }
                },
                {
                    "category": "car",
                    "id": 26,
                    "attributes": {
                        "occluded": false,
                        "truncated": false,
                        "trafficLightColor": "none"
                    },
                    "box2d": {
                        "x1": 511.055992,
                        "y1": 275.578763,
                        "x2": 613.309927,
                        "y2": 366.079373
                    }
                },
                {
                    "category": "bike",
                    "id": 27,
                    "attributes": {
                        "occluded": true,
                        "truncated": false,
                        "trafficLightColor": "none"
                    },
                    "box2d": {
                        "x1": 800.793283,
                        "y1": 305.978263,
                        "x2": 834.877928,
                        "y2": 350.640899
                    }
                },
                {
                    "category": "area/drivable",
                    "id": 28,
                    "attributes": {},
                    "poly2d": [
                        [
                            1.37744,
                            553.481137,
                            "L"
                        ],
                        [
                            0,
                            587.562488,
                            "L"
                        ],
                        [
                            467.61032,
                            523.489549,
                            "C"
                        ],
                        [
                            987.010106,
                            534.395582,
                            "C"
                        ],
                        [
                            1278.746469,
                            636.639632,
                            "C"
                        ],
                        [
                            1280.095536,
                            520.763042,
                            "L"
                        ],
                        [
                            756.620173,
                            359.899065,
                            "L"
                        ],
                        [
                            421.259681,
                            372.168351,
                            "L"
                        ],
                        [
                            1.37744,
                            553.481137,
                            "L"
                        ]
                    ]
                },
                {
                    "category": "lane/road curb",
                    "id": 29,
                    "attributes": {
                        "direction": "parallel",
                        "style": "solid"
                    },
                    "poly2d": [
                        [
                            3.010965,
                            402.878561,
                            "L"
                        ],
                        [
                            336.995793,
                            347.464037,
                            "L"
                        ]
                    ]
                },
                {
                    "category": "lane/road curb",
                    "id": 30,
                    "attributes": {
                        "direction": "parallel",
                        "style": "solid"
                    },
                    "poly2d": [
                        [
                            624.552237,
                            314.514861,
                            "L"
                        ],
                        [
                            1280.52479,
                            524.191435,
                            "L"
                        ]
                    ]
                },
                {
                    "category": "lane/double yellow",
                    "id": 31,
                    "attributes": {
                        "direction": "parallel",
                        "style": "solid"
                    },
                    "poly2d": [
                        [
                            0,
                            530.182194,
                            "L"
                        ],
                        [
                            497.248602,
                            332.487139,
                            "L"
                        ]
                    ]
                },
                {
                    "category": "lane/double yellow",
                    "id": 32,
                    "attributes": {
                        "direction": "parallel",
                        "style": "solid"
                    },
                    "poly2d": [
                        [
                            1.513275,
                            557.140611,
                            "L"
                        ],
                        [
                            501.741673,
                            336.980207,
                            "L"
                        ]
                    ]
                }
            ]
        }
    ],
    "attributes": {
        "weather": "clear",
        "scene": "city street",
        "timeofday": "daytime"
    }
}