{
    "name": "0b4c8138-adfdfb43",
    "frames": [
        {
            "timestamp": 10000,
            "objects": [
                {
                    "category": "car",
                    "id": 0,
                    "attributes": {
                        "occluded": false,
                        "truncated": false,
                        "trafficLightColor": "none"
                    },
                    "box2d": {
                        "x1": 543.599967,
                        "y1": 270.359989,
                        "x2": 553.319967,
                        "y2": 280.079989
                    }
                },
                {
                    "category": "car",
                    "id": 1,
                    "attributes": {
                        "occluded": false,
                        "truncated": false,
                        "trafficLightColor": "none"
                    },
                    "box2d": {
                        "x1": 554.399967,
                        "y1": 270.719979,
                        "x2": 565.199968,
                        "y2": 278.279978
                    }
                },
                {
                    "category": "car",
                    "id": 2,
                    "attributes": {
                        "occluded": true,
                        "truncated": false,
                        "trafficLightColor": "none"
                    },
                    "box2d": {
                        "x1": 535.062817,
                        "y1": 268.919977,
                        "x2": 543.702816,
                        "y2": 278.639974
                    }
                },
                {
                    "category": "car",
                    "id": 3,
                    "attributes": {
                        "occluded": true,
                        "truncated": false,
                        "trafficLightColor": "none"
                    },
                    "box2d": {
                        "x1": 528.582817,
                        "y1": 267.839978,
                        "x2": 539.382816,
                        "y2": 281.879977
                    }
                },
                {
                    "category": "car",
                    "id": 4,
                    "attributes": {
                        "occluded": true,
                        "truncated": false,
                        "trafficLightColor": "none"
                    },
                    "box2d": {
                        "x1": 519.942818,
                        "y1": 263.519978,
                        "x2": 531.822817,
                        "y2": 282.959976
                    }
                },
                {
                    "category": "car",
                    "id": 5,
                    "attributes": {
                        "occluded": true,
                        "truncated": false,
                        "trafficLightColor": "none"
                    },
                    "box2d": {
                        "x1": 502.662819,
                        "y1": 266.759978,
                        "x2": 521.022821,
                        "y2": 291.599977
                    }
                },
                {
                    "category": "car",
                    "id": 6,
                    "attributes": {
                        "occluded": true,
                        "truncated": false,
                        "trafficLightColor": "none"
                    },
                    "box2d": {
                        "x1": 468.102822,
                        "y1": 263.519978,
                        "x2": 505.902819,
                        "y2": 303.479977
                    }
                },
                {
                    "category": "car",
                    "id": 7,
                    "attributes": {
                        "occluded": true,
                        "truncated": false,
                        "trafficLightColor": "none"
                    },
                    "box2d": {
                        "x1": 445.422824,
                        "y1": 271.079976,
                        "x2": 488.62282,
                        "y2": 313.199974
                    }
                },
                {
                    "category": "car",
                    "id": 8,
                    "attributes": {
                        "occluded": true,
                        "truncated": false,
                        "trafficLightColor": "none"
                    },
                    "box2d": {
                        "x1": 383.862829,
                        "y1": 261.359978,
                        "x2": 459.462823,
                        "y2": 333.719972
                    }
                },
                {
                    "category": "car",
                    "id": 9,
                    "attributes": {
                        "occluded": true,
                        "truncated": false,
                        "trafficLightColor": "none"
                    },
                    "box2d": {
                        "x1": 566.382814,
                        "y1": 269.999977,
                        "x2": 572.862814,
                        "y2": 281.879976
                    }
                },
                {
                    "category": "car",
                    "id": 10,
                    "attributes": {
                        "occluded": true,
                        "truncated": false,
                        "trafficLightColor": "none"
                    },
                    "box2d": {
                        "x1": 571.782814,
                        "y1": 272.159977,
                        "x2": 578.262813,
                        "y2": 284.039976
                    }
                },
                {
                    "category": "car",
                    "id": 11,
                    "attributes": {
                        "occluded": true,
                        "truncated": false,
                        "trafficLightColor": "none"
                    },
                    "box2d": {
                        "x1": 575.022812,
                        "y1": 268.919977,
                        "x2": 589.062811,
                        "y2": 285.119977
                    }
                },
                {
                    "category": "car",
                    "id": 12,
                    "attributes": {
                        "occluded": true,
                        "truncated": false,
                        "trafficLightColor": "none"
                    },
                    "box2d": {
                        "x1": 589.062812,
                        "y1": 268.919977,
                        "x2": 600.942811,
                        "y2": 287.279976
                    }
                },
                {
                    "category": "car",
                    "id": 13,
                    "attributes": {
                        "occluded": true,
                        "truncated": false,
                        "trafficLightColor": "none"
                    },
                    "box2d": {
                        "x1": 596.622812,
                        "y1": 264.599978,
                        "x2": 623.622809,
                        "y2": 292.679976
                    }
                },
                {
                    "category": "car",
                    "id": 14,
                    "attributes": {
                        "occluded": true,
                        "truncated": false,
                        "trafficLightColor": "none"
                    },
                    "box2d": {
                        "x1": 611.742811,
                        "y1": 273.239977,
                        "x2": 632.262809,
                        "y2": 296.999976
                    }
                },
                {
                    "category": "car",
                    "id": 15,
                    "attributes": {
                        "occluded": true,
                        "truncated": false,
                        "trafficLightColor": "none"
                    },
                    "box2d": {
                        "x1": 623.62281,
                        "y1": 266.759978,
                        "x2": 654.942807,
                        "y2": 301.319978
                    }
                },
                {
                    "category": "car",
                    "id": 16,
                    "attributes": {
                        "occluded": true,
                        "truncated": false,
                        "trafficLightColor": "none"
                    },
                    "box2d": {
                        "x1": 648.462809,
                        "y1": 255.959978,
                        "x2": 712.182802,
                        "y2": 314.279974
                    }
                },
                {
                    "category": "car",
                    "id": 17,
                    "attributes": {
                        "occluded": true,
                        "truncated": false,
                        "trafficLightColor": "none"
                    },
                    "box2d": {
                        "x1": 675.35994,
                        "y1": 269.201226,
                        "x2": 763.919935,
                        "y2": 324.281219
                    }
                },
                {
                    "category": "car",
                    "id": 18,
                    "attributes": {
                        "occluded": true,
                        "truncated": false,
                        "trafficLightColor": "none"
                    },
                    "box2d": {
                        "x1": 739.079935,
                        "y1": 275.681225,
                        "x2": 863.279925,
                        "y2": 358.841221
                    }
                },
                {
                    "category": "car",
                    "id": 19,
                    "attributes": {
                        "occluded": true,
                        "truncated": false,
                        "trafficLightColor": "none"
                    },
                    "box2d": {
                        "x1": 302.75997,
                        "y1": 260.561225,
                        "x2": 421.559959,
                        "y2": 369.641219
                    }
                },
                {
                    "category": "car",
                    "id": 20,
                    "attributes": {
                        "occluded": true,
                        "truncated": false,
                        "trafficLightColor": "none"
                    },
                    "box2d": {
                        "x1": 66.239989,
                        "y1": 246.521228,
                        "x2": 362.159966,
                        "y2": 438.761212
                    }
                },
                {
                    "category": "car",
                    "id": 21,
                    "attributes": {
                        "occluded": true,
                        "truncated": false,
                        "trafficLightColor": "none"
                    },
                    "box2d": {
                        "x1": 837.025246,
                        "y1": 246.839043,
                        "x2": 1112.425221,
                        "y2": 421.799031
                    }
                },
                {
                    "category": "car",
                    "id": 22,
                    "attributes": {
                        "occluded": false,
                        "truncated": true,
                        "trafficLightColor": "none"
                    },
                    "box2d": {
                        "x1": 1.105312,
                        "y1": 252.239042,
                        "x2": 198.745298,
                        "y2": 577.319016
                    }
                },
                {
                    "category": "car",
                    "id": 23,
                    "attributes": {
                        "occluded": false,
                        "truncated": true,
                        "trafficLightColor": "none"
                    },
                    "box2d": {
                        "x1": 982.825234,
                        "y1": 239.279043,
                        "x2": 1277.66521,
                        "y2": 583.799016
                    }
                },
                {
                    "category": "area/drivable",
                    "id": 24,
                    "attributes": {},
                    "poly2d": [
                        [
                            538.649811,
                            283.499901,
                            "L"
                        ],
                        [
                            561.533339,
                            281.683316,
                            "L"
                        ],
                        [
                            1279.525181,
                            597.997857,
                            "L"
                        ],
                        [
                            1277.628118,
                            643.028747,
                            "L"
                        ],
                        [
                            937.153607,
                            560.655169,
                            "C"
                        ],
                        [
                            353.699876,
                            529.199815,
                            "C"
                        ],
                        [
                            96.950376,
                            565.048426,
                            "C"
                        ],
                        [
                            538.649811,
                            283.499901,
                            "L"
                        ]
                    ]
                }
            ]
        }
    ],
    "attributes": {
        "weather": "rainy",
        "scene": "residential",
        "timeofday": "daytime"
    }
}