{
    "name": "0b63c42f-9a2411df",
    "frames": [
        {
            "timestamp": 10000,
            "objects": [
                {
                    "category": "car",
                    "id": 0,
                    "attributes": {
                        "occluded": true,
                        "truncated": false,
                        "trafficLightColor": "none"
                    },
                    "box2d": {
                        "x1": 136.919432,
                        "y1": 325.33047,
                        "x2": 290.402352,
                        "y2": 375.637242
                    }
                },
                {
                    "category": "car",
                    "id": 1,
                    "attributes": {
                        "occluded": true,
                        "truncated": false,
                        "trafficLightColor": "none"
                    },
                    "box2d": {
                        "x1": 261.461911,
                        "y1": 305.371545,
                        "x2": 356.266802,
                        "y2": 356.266804
                    }
                },
                {
                    "category": "car",
                    "id": 2,
                    "attributes": {
                        "occluded": true,
                        "truncated": false,
                        "trafficLightColor": "none"
                    },
                    "box2d": {
                        "x1": 465.042942,
                        "y1": 342.295555,
                        "x2": 474.024459,
                        "y2": 344.291448
                    }
                },
                {
                    "category": "car",
                    "id": 3,
                    "attributes": {
                        "occluded": true,
                        "truncated": false,
                        "trafficLightColor": "none"
                    },
                    "box2d": {
                        "x1": 689.580842,
                        "y1": 299.383867,
                        "x2": 795.363143,
                        "y2": 382.213404
                    }
                },
                {
                    "category": "car",
                    "id": 4,
                    "attributes": {
                        "occluded": true,
                        "truncated": false,
                        "trafficLightColor": "none"
                    },
                    "box2d": {
                        "x1": 661.638349,
                        "y1": 309.36333,
                        "x2": 698.562359,
                        "y2": 349.281179
                    }
                },
                {
                    "category": "car",
                    "id": 5,
                    "attributes": {
                        "occluded": true,
                        "truncated": false,
                        "trafficLightColor": "none"
                    },
                    "box2d": {
                        "x1": 647.6671,
                        "y1": 314.35306,
                        "x2": 662.636295,
                        "y2": 339.301716
                    }
                },
                {
                    "category": "car",
                    "id": 6,
                    "attributes": {
                        "occluded": true,
                        "truncated": false,
                        "trafficLightColor": "none"
                    },
                    "box2d": {
                        "x1": 636.689693,
                        "y1": 305.371545,
                        "x2": 659.642456,
                        "y2": 338.303772
                    }
                },
                {
                    "category": "car",
                    "id": 7,
                    "attributes": {
                        "occluded": true,
                        "truncated": false,
                        "trafficLightColor": "none"
                    },
                    "box2d": {
                        "x1": 624.714339,
                        "y1": 316.348955,
                        "x2": 642.677369,
                        "y2": 339.301718
                    }
                },
                {
                    "category": "car",
                    "id": 8,
                    "attributes": {
                        "occluded": true,
                        "truncated": false,
                        "trafficLightColor": "none"
                    },
                    "box2d": {
                        "x1": 617.728714,
                        "y1": 307.367438,
                        "x2": 631.699961,
                        "y2": 326.328416
                    }
                },
                {
                    "category": "car",
                    "id": 9,
                    "attributes": {
                        "occluded": true,
                        "truncated": false,
                        "trafficLightColor": "none"
                    },
                    "box2d": {
                        "x1": 559.847833,
                        "y1": 309.36333,
                        "x2": 574.817028,
                        "y2": 334.311986
                    }
                },
                {
                    "category": "car",
                    "id": 10,
                    "attributes": {
                        "occluded": true,
                        "truncated": false,
                        "trafficLightColor": "none"
                    },
                    "box2d": {
                        "x1": 568.829348,
                        "y1": 308.365384,
                        "x2": 587.790327,
                        "y2": 329.322255
                    }
                },
                {
                    "category": "car",
                    "id": 11,
                    "attributes": {
                        "occluded": false,
                        "truncated": false,
                        "trafficLightColor": "none"
                    },
                    "box2d": {
                        "x1": 529.909445,
                        "y1": 311.359223,
                        "x2": 556.853994,
                        "y2": 341.297611
                    }
                },
                {
                    "category": "car",
                    "id": 12,
                    "attributes": {
                        "occluded": false,
                        "truncated": false,
                        "trafficLightColor": "none"
                    },
                    "box2d": {
                        "x1": 590.85662,
                        "y1": 308.365384,
                        "x2": 612.738983,
                        "y2": 331.762274
                    }
                },
                {
                    "category": "car",
                    "id": 13,
                    "attributes": {
                        "occluded": false,
                        "truncated": false,
                        "trafficLightColor": "none"
                    },
                    "box2d": {
                        "x1": 771.412433,
                        "y1": 281.420835,
                        "x2": 994.952389,
                        "y2": 442.090177
                    }
                },
                {
                    "category": "car",
                    "id": 14,
                    "attributes": {
                        "occluded": false,
                        "truncated": false,
                        "trafficLightColor": "none"
                    },
                    "box2d": {
                        "x1": 366.246265,
                        "y1": 295.392084,
                        "x2": 485.999813,
                        "y2": 389.199029
                    }
                },
                {
                    "category": "area/drivable",
                    "id": 15,
                    "attributes": {},
                    "poly2d": [
                        [
                            0,
                            509.021055,
                            "L"
                        ],
                        [
                            368.336844,
                            395.194739,
                            "L"
                        ],
                        [
                            480.385306,
                            391.794769,
                            "L"
                        ],
                        [
                            522.808944,
                            345.62787,
                            "L"
                        ],
                        [
                            625.405266,
                            336.36316,
                            "L"
                        ],
                        [
                            803.178952,
                            452.747371,
                            "L"
                        ],
                        [
                            1001.946496,
                            452.934718,
                            "L"
                        ],
                        [
                            1280.226323,
                            543.552634,
                            "L"
                        ],
                        [
                            1280.226323,
                            648.426319,
                            "L"
                        ],
                        [
                            910.860451,
                            565.232581,
                            "C"
                        ],
                        [
                            853.0579,
                            491.115792,
                            "C"
                        ],
                        [
                            0,
                            555.063161,
                            "C"
                        ],
                        [
                            0,
                            509.021055,
                            "L"
                        ]
                    ]
                },
                {
                    "category": "lane/road curb",
                    "id": 16,
                    "attributes": {
                        "direction": "parallel",
                        "style": "solid"
                    },
                    "poly2d": [
                        [
                            974.471664,
                            438.225222,
                            "L"
                        ],
                        [
                            1277.761831,
                            545.317848,
                            "L"
                        ]
                    ]
                }
            ]
        }
    ],
    "attributes": {
        "weather": "clear",
        "scene": "residential",
        "timeofday": "daytime"
    }
}