{
    "name": "0b796e55-0d102bd0",
    "frames": [
        {
            "timestamp": 10000,
            "objects": [
                {
                    "category": "car",
                    "id": 0,
                    "attributes": {
                        "occluded": true,
                        "truncated": false,
                        "trafficLightColor": "none"
                    },
                    "box2d": {
                        "x1": 963.442365,
                        "y1": 443.819267,
                        "x2": 987.283896,
                        "y2": 460.324942
                    }
                },
                {
                    "category": "car",
                    "id": 1,
                    "attributes": {
                        "occluded": true,
                        "truncated": false,
                        "trafficLightColor": "none"
                    },
                    "box2d": {
                        "x1": 943.268762,
                        "y1": 443.819267,
                        "x2": 974.446148,
                        "y2": 473.162689
                    }
                },
                {
                    "category": "car",
                    "id": 2,
                    "attributes": {
                        "occluded": true,
                        "truncated": false,
                        "trafficLightColor": "none"
                    },
                    "box2d": {
                        "x1": 932.264978,
                        "y1": 436.483411,
                        "x2": 961.608401,
                        "y2": 484.166473
                    }
                },
                {
                    "category": "truck",
                    "id": 3,
                    "attributes": {
                        "occluded": true,
                        "truncated": false,
                        "trafficLightColor": "none"
                    },
                    "box2d": {
                        "x1": 893.751736,
                        "y1": 377.18524,
                        "x2": 948.770654,
                        "y2": 524.513679
                    }
                },
                {
                    "category": "truck",
                    "id": 4,
                    "attributes": {
                        "occluded": false,
                        "truncated": false,
                        "trafficLightColor": "none"
                    },
                    "box2d": {
                        "x1": 677.343995,
                        "y1": 311.162539,
                        "x2": 904.75552,
                        "y2": 564.249558
                    }
                },
                {
                    "category": "car",
                    "id": 5,
                    "attributes": {
                        "occluded": false,
                        "truncated": true,
                        "trafficLightColor": "none"
                    },
                    "box2d": {
                        "x1": 1207.359565,
                        "y1": 465.826833,
                        "x2": 1277.050194,
                        "y2": 511.675931
                    }
                },
                {
                    "category": "car",
                    "id": 6,
                    "attributes": {
                        "occluded": false,
                        "truncated": true,
                        "trafficLightColor": "none"
                    },
                    "box2d": {
                        "x1": 2.445275,
                        "y1": 364.347492,
                        "x2": 682.845888,
                        "y2": 643.110007
                    }
                },
                {
                    "category": "car",
                    "id": 7,
                    "attributes": {
                        "occluded": false,
                        "truncated": false,
                        "trafficLightColor": "none"
                    },
                    "box2d": {
                        "x1": 963.442365,
                        "y1": 414.475844,
                        "x2": 1139.5029,
                        "y2": 572.19674
                    }
                },
                {
                    "category": "traffic light",
                    "id": 8,
                    "attributes": {
                        "occluded": false,
                        "truncated": false,
                        "trafficLightColor": "yellow"
                    },
                    "box2d": {
                        "x1": 957.940473,
                        "y1": 368.626746,
                        "x2": 970.778221,
                        "y2": 390.634313
                    }
                },
                {
                    "category": "traffic light",
                    "id": 9,
                    "attributes": {
                        "occluded": false,
                        "truncated": false,
                        "trafficLightColor": "yellow"
                    },
                    "box2d": {
                        "x1": 1033.132994,
                        "y1": 366.792782,
                        "x2": 1049.638669,
                        "y2": 388.800349
                    }
                },
                {
                    "category": "traffic light",
                    "id": 10,
                    "attributes": {
                        "occluded": false,
                        "truncated": false,
                        "trafficLightColor": "none"
                    },
                    "box2d": {
                        "x1": 963.442365,
                        "y1": 366.792782,
                        "x2": 978.114076,
                        "y2": 388.800349
                    }
                },
                {
                    "category": "traffic light",
                    "id": 11,
                    "attributes": {
                        "occluded": false,
                        "truncated": false,
                        "trafficLightColor": "none"
                    },
                    "box2d": {
                        "x1": 1029.465066,
                        "y1": 366.792782,
                        "x2": 1040.468849,
                        "y2": 386.966385
                    }
                },
                {
                    "category": "traffic sign",
                    "id": 12,
                    "attributes": {
                        "occluded": false,
                        "truncated": false,
                        "trafficLightColor": "none"
                    },
                    "box2d": {
                        "x1": 868.076242,
                        "y1": 196.234139,
                        "x2": 915.759303,
                        "y2": 234.747381
                    }
                },
                {
                    "category": "traffic sign",
                    "id": 13,
                    "attributes": {
                        "occluded": false,
                        "truncated": false,
                        "trafficLightColor": "none"
                    },
                    "box2d": {
                        "x1": 875.412097,
                        "y1": 232.302091,
                        "x2": 917.593267,
                        "y2": 248.807766
                    }
                },
                {
                    "category": "traffic sign",
                    "id": 14,
                    "attributes": {
                        "occluded": true,
                        "truncated": false,
                        "trafficLightColor": "none"
                    },
                    "box2d": {
                        "x1": 539.796701,
                        "y1": 160.777498,
                        "x2": 695.683634,
                        "y2": 223.132271
                    }
                },
                {
                    "category": "traffic sign",
                    "id": 15,
                    "attributes": {
                        "occluded": false,
                        "truncated": false,
                        "trafficLightColor": "none"
                    },
                    "box2d": {
                        "x1": 1119.329297,
                        "y1": 249.419092,
                        "x2": 1161.510467,
                        "y2": 278.762515
                    }
                },
                {
                    "category": "traffic sign",
                    "id": 16,
                    "attributes": {
                        "occluded": false,
                        "truncated": false,
                        "trafficLightColor": "none"
                    },
                    "box2d": {
                        "x1": 1132.167045,
                        "y1": 295.879501,
                        "x2": 1159.676503,
                        "y2": 323.38896
                    }
                },
                {
                    "category": "traffic sign",
                    "id": 17,
                    "attributes": {
                        "occluded": false,
                        "truncated": false,
                        "trafficLightColor": "none"
                    },
                    "box2d": {
                        "x1": 1124.831189,
                        "y1": 222.520945,
                        "x2": 1154.174612,
                        "y2": 237.192656
                    }
                },
                {
                    "category": "traffic sign",
                    "id": 18,
                    "attributes": {
                        "occluded": false,
                        "truncated": false,
                        "trafficLightColor": "none"
                    },
                    "box2d": {
                        "x1": 1135.834973,
                        "y1": 403.47206,
                        "x2": 1161.510467,
                        "y2": 421.8117
                    }
                },
                {
                    "category": "area/drivable",
                    "id": 19,
                    "attributes": {},
                    "poly2d": [
                        [
                            913.606371,
                            564.62906,
                            "L"
                        ],
                        [
                            689.475237,
                            571.22237,
                            "L"
                        ],
                        [
                            686.404149,
                            629.573042,
                            "L"
                        ],
                        [
                            909.113302,
                            639.51355,
                            "C"
                        ],
                        [
                            1114.296805,
                            655.988138,
                            "C"
                        ],
                        [
                            1280.524791,
                            675.458107,
                            "C"
                        ],
                        [
                            1280.524791,
                            648.499689,
                            "L"
                        ],
                        [
                            1174.707143,
                            575.829002,
                            "L"
                        ],
                        [
                            913.606371,
                            564.62906,
                            "L"
                        ]
                    ]
                },
                {
                    "category": "lane/road curb",
                    "id": 20,
                    "attributes": {
                        "direction": "parallel",
                        "style": "solid"
                    },
                    "poly2d": [
                        [
                            1133.766774,
                            506.219157,
                            "L"
                        ],
                        [
                            1280.524791,
                            552.647541,
                            "L"
                        ]
                    ]
                },
                {
                    "category": "lane/single white",
                    "id": 21,
                    "attributes": {
                        "direction": "parallel",
                        "style": "solid"
                    },
                    "poly2d": [
                        [
                            1127.776014,
                            542.163712,
                            "L"
                        ],
                        [
                            1280.524791,
                            648.499689,
                            "L"
                        ]
                    ]
                },
                {
                    "category": "lane/single white",
                    "id": 22,
                    "attributes": {
                        "direction": "parallel",
                        "style": "solid"
                    },
                    "poly2d": [
                        [
                            1132.269084,
                            533.177574,
                            "L"
                        ],
                        [
                            1280.524791,
                            636.518171,
                            "L"
                        ]
                    ]
                }
            ]
        }
    ],
    "attributes": {
        "weather": "undefined",
        "scene": "city street",
        "timeofday": "daytime"
    }
}