{
    "name": "0b9fa855-936aae7a",
    "frames": [
        {
            "timestamp": 10000,
            "objects": [
                {
                    "category": "traffic light",
                    "id": 0,
                    "attributes": {
                        "occluded": false,
                        "truncated": false,
                        "trafficLightColor": "none"
                    },
                    "box2d": {
                        "x1": 140.29443,
                        "y1": 229.837337,
                        "x2": 172.356908,
                        "y2": 300.712288
                    }
                },
                {
                    "category": "traffic light",
                    "id": 1,
                    "attributes": {
                        "occluded": false,
                        "truncated": false,
                        "trafficLightColor": "none"
                    },
                    "box2d": {
                        "x1": 265.169344,
                        "y1": 22.27498,
                        "x2": 334.356797,
                        "y2": 62.774953
                    }
                },
                {
                    "category": "traffic light",
                    "id": 2,
                    "attributes": {
                        "occluded": false,
                        "truncated": false,
                        "trafficLightColor": "none"
                    },
                    "box2d": {
                        "x1": 533.481659,
                        "y1": 359.774748,
                        "x2": 553.731647,
                        "y2": 368.212242
                    }
                },
                {
                    "category": "traffic light",
                    "id": 3,
                    "attributes": {
                        "occluded": false,
                        "truncated": true,
                        "trafficLightColor": "none"
                    },
                    "box2d": {
                        "x1": 0.232026,
                        "y1": 40.837468,
                        "x2": 59.294485,
                        "y2": 71.212445
                    }
                },
                {
                    "category": "traffic sign",
                    "id": 4,
                    "attributes": {
                        "occluded": false,
                        "truncated": true,
                        "trafficLightColor": "none"
                    },
                    "box2d": {
                        "x1": 368.106773,
                        "y1": 0.337495,
                        "x2": 442.356722,
                        "y2": 52.649959
                    }
                },
                {
                    "category": "traffic sign",
                    "id": 5,
                    "attributes": {
                        "occluded": false,
                        "truncated": false,
                        "trafficLightColor": "none"
                    },
                    "box2d": {
                        "x1": 557.106643,
                        "y1": 346.274757,
                        "x2": 570.606634,
                        "y2": 364.837244
                    }
                },
                {
                    "category": "traffic sign",
                    "id": 6,
                    "attributes": {
                        "occluded": false,
                        "truncated": false,
                        "trafficLightColor": "none"
                    },
                    "box2d": {
                        "x1": 464.294207,
                        "y1": 351.337253,
                        "x2": 477.794198,
                        "y2": 364.837244
                    }
                },
                {
                    "category": "traffic sign",
                    "id": 7,
                    "attributes": {
                        "occluded": false,
                        "truncated": false,
                        "trafficLightColor": "none"
                    },
                    "box2d": {
                        "x1": 474.4192,
                        "y1": 417.149708,
                        "x2": 494.669188,
                        "y2": 435.712196
                    }
                },
                {
                    "category": "traffic sign",
                    "id": 8,
                    "attributes": {
                        "occluded": false,
                        "truncated": false,
                        "trafficLightColor": "none"
                    },
                    "box2d": {
                        "x1": 708.981539,
                        "y1": 368.212242,
                        "x2": 734.294022,
                        "y2": 383.399729
                    }
                },
                {
                    "category": "traffic sign",
                    "id": 9,
                    "attributes": {
                        "occluded": false,
                        "truncated": false,
                        "trafficLightColor": "none"
                    },
                    "box2d": {
                        "x1": 217.919376,
                        "y1": 418.837207,
                        "x2": 248.294355,
                        "y2": 452.587184
                    }
                },
                {
                    "category": "car",
                    "id": 10,
                    "attributes": {
                        "occluded": true,
                        "truncated": false,
                        "trafficLightColor": "none"
                    },
                    "box2d": {
                        "x1": 445.73172,
                        "y1": 435.712196,
                        "x2": 462.606708,
                        "y2": 454.274683
                    }
                },
                {
                    "category": "car",
                    "id": 11,
                    "attributes": {
                        "occluded": true,
                        "truncated": false,
                        "trafficLightColor": "none"
                    },
                    "box2d": {
                        "x1": 314.10681,
                        "y1": 434.024697,
                        "x2": 351.231785,
                        "y2": 462.712177
                    }
                },
                {
                    "category": "car",
                    "id": 12,
                    "attributes": {
                        "occluded": true,
                        "truncated": false,
                        "trafficLightColor": "none"
                    },
                    "box2d": {
                        "x1": 282.044331,
                        "y1": 428.962201,
                        "x2": 320.856805,
                        "y2": 469.462173
                    }
                },
                {
                    "category": "car",
                    "id": 13,
                    "attributes": {
                        "occluded": true,
                        "truncated": false,
                        "trafficLightColor": "none"
                    },
                    "box2d": {
                        "x1": 239.856861,
                        "y1": 427.274701,
                        "x2": 295.544324,
                        "y2": 472.837168
                    }
                },
                {
                    "category": "car",
                    "id": 14,
                    "attributes": {
                        "occluded": false,
                        "truncated": false,
                        "trafficLightColor": "none"
                    },
                    "box2d": {
                        "x1": 415.356742,
                        "y1": 428.962201,
                        "x2": 449.106718,
                        "y2": 461.024678
                    }
                },
                {
                    "category": "car",
                    "id": 15,
                    "attributes": {
                        "occluded": false,
                        "truncated": false,
                        "trafficLightColor": "none"
                    },
                    "box2d": {
                        "x1": 557.106643,
                        "y1": 418.837207,
                        "x2": 597.606616,
                        "y2": 462.712177
                    }
                },
                {
                    "category": "truck",
                    "id": 16,
                    "attributes": {
                        "occluded": false,
                        "truncated": false,
                        "trafficLightColor": "none"
                    },
                    "box2d": {
                        "x1": 624.606597,
                        "y1": 381.712233,
                        "x2": 708.981539,
                        "y2": 461.024678
                    }
                },
                {
                    "category": "truck",
                    "id": 17,
                    "attributes": {
                        "occluded": true,
                        "truncated": false,
                        "trafficLightColor": "none"
                    },
                    "box2d": {
                        "x1": 774.793995,
                        "y1": 241.649829,
                        "x2": 1205.106199,
                        "y2": 611.212075
                    }
                },
                {
                    "category": "area/drivable",
                    "id": 18,
                    "attributes": {},
                    "poly2d": [
                        [
                            565.096173,
                            467.317217,
                            "L"
                        ],
                        [
                            437.64602,
                            646.975866,
                            "L"
                        ],
                        [
                            664.906533,
                            639.298146,
                            "C"
                        ],
                        [
                            749.361453,
                            663.86685,
                            "C"
                        ],
                        [
                            873.740518,
                            676.151202,
                            "C"
                        ],
                        [
                            987.370774,
                            673.080114,
                            "L"
                        ],
                        [
                            638.802285,
                            467.317217,
                            "L"
                        ],
                        [
                            565.096173,
                            467.317217,
                            "L"
                        ]
                    ]
                },
                {
                    "category": "area/alternative",
                    "id": 19,
                    "attributes": {},
                    "poly2d": [
                        [
                            439.181564,
                            467.317217,
                            "L"
                        ],
                        [
                            10.764787,
                            599.374002,
                            "L"
                        ],
                        [
                            173.532451,
                            614.729442,
                            "L"
                        ],
                        [
                            308.660324,
                            605.516178,
                            "C"
                        ],
                        [
                            336.300116,
                            633.15597,
                            "C"
                        ],
                        [
                            336.300116,
                            648.51141,
                            "C"
                        ],
                        [
                            388.508612,
                            648.51141,
                            "L"
                        ],
                        [
                            529.778661,
                            476.530481,
                            "L"
                        ],
                        [
                            439.181564,
                            467.317217,
                            "L"
                        ]
                    ]
                },
                {
                    "category": "lane/road curb",
                    "id": 20,
                    "attributes": {
                        "direction": "parallel",
                        "style": "solid"
                    },
                    "poly2d": [
                        [
                            259.864585,
                            524.939887,
                            "L"
                        ],
                        [
                            9.750572,
                            603.568543,
                            "L"
                        ]
                    ]
                },
                {
                    "category": "lane/road curb",
                    "id": 21,
                    "attributes": {
                        "direction": "parallel",
                        "style": "solid"
                    },
                    "poly2d": [
                        [
                            143.044867,
                            481.506914,
                            "L"
                        ],
                        [
                            92.123452,
                            484.502292,
                            "L"
                        ]
                    ]
                },
                {
                    "category": "lane/road curb",
                    "id": 22,
                    "attributes": {
                        "direction": "parallel",
                        "style": "solid"
                    },
                    "poly2d": [
                        [
                            232.906189,
                            471.771938,
                            "L"
                        ],
                        [
                            175.245174,
                            477.762692,
                            "L"
                        ]
                    ]
                },
                {
                    "category": "lane/road curb",
                    "id": 23,
                    "attributes": {
                        "direction": "parallel",
                        "style": "solid"
                    },
                    "poly2d": [
                        [
                            262.859961,
                            468.776561,
                            "L"
                        ],
                        [
                            241.143477,
                            471.023095,
                            "L"
                        ]
                    ]
                },
                {
                    "category": "lane/road curb",
                    "id": 24,
                    "attributes": {
                        "direction": "parallel",
                        "style": "solid"
                    },
                    "poly2d": [
                        [
                            748.1111,
                            474.018471,
                            "L"
                        ],
                        [
                            646.268267,
                            468.776561,
                            "L"
                        ]
                    ]
                },
                {
                    "category": "lane/crosswalk",
                    "id": 25,
                    "attributes": {
                        "direction": "vertical",
                        "style": "dashed"
                    },
                    "poly2d": [
                        [
                            741.371499,
                            523.442198,
                            "L"
                        ],
                        [
                            273.343784,
                            522.693353,
                            "L"
                        ]
                    ]
                },
                {
                    "category": "lane/crosswalk",
                    "id": 26,
                    "attributes": {
                        "direction": "vertical",
                        "style": "dashed"
                    },
                    "poly2d": [
                        [
                            695.691994,
                            503.972245,
                            "L"
                        ],
                        [
                            304.795246,
                            505.469933,
                            "L"
                        ]
                    ]
                },
                {
                    "category": "lane/crosswalk",
                    "id": 27,
                    "attributes": {
                        "direction": "vertical",
                        "style": "dashed"
                    },
                    "poly2d": [
                        [
                            758.594919,
                            488.995358,
                            "L"
                        ],
                        [
                            719.655012,
                            474.018471,
                            "L"
                        ]
                    ]
                },
                {
                    "category": "lane/crosswalk",
                    "id": 28,
                    "attributes": {
                        "direction": "vertical",
                        "style": "dashed"
                    },
                    "poly2d": [
                        [
                            122.077226,
                            486.748825,
                            "L"
                        ],
                        [
                            19.48555,
                            502.474555,
                            "L"
                        ]
                    ]
                },
                {
                    "category": "lane/crosswalk",
                    "id": 29,
                    "attributes": {
                        "direction": "vertical",
                        "style": "dashed"
                    },
                    "poly2d": [
                        [
                            103.356117,
                            514.456066,
                            "L"
                        ],
                        [
                            0,
                            515.953754,
                            "L"
                        ]
                    ]
                },
                {
                    "category": "lane/single white",
                    "id": 30,
                    "attributes": {
                        "direction": "vertical",
                        "style": "solid"
                    },
                    "poly2d": [
                        [
                            483.769043,
                            537.67024,
                            "L"
                        ],
                        [
                            232.906189,
                            535.423707,
                            "L"
                        ]
                    ]
                },
                {
                    "category": "lane/single white",
                    "id": 31,
                    "attributes": {
                        "direction": "vertical",
                        "style": "solid"
                    },
                    "poly2d": [
                        [
                            513.722817,
                            531.679486,
                            "L"
                        ],
                        [
                            249.380764,
                            529.432953,
                            "L"
                        ]
                    ]
                },
                {
                    "category": "lane/single white",
                    "id": 32,
                    "attributes": {
                        "direction": "parallel",
                        "style": "dashed"
                    },
                    "poly2d": [
                        [
                            481.52251,
                            539.916774,
                            "L"
                        ],
                        [
                            384.921591,
                            644.754982,
                            "L"
                        ]
                    ]
                },
                {
                    "category": "lane/single white",
                    "id": 33,
                    "attributes": {
                        "direction": "parallel",
                        "style": "dashed"
                    },
                    "poly2d": [
                        [
                            512.973974,
                            535.423707,
                            "L"
                        ],
                        [
                            439.587227,
                            643.257293,
                            "L"
                        ]
                    ]
                },
                {
                    "category": "lane/crosswalk",
                    "id": 34,
                    "attributes": {
                        "direction": "vertical",
                        "style": "dashed"
                    },
                    "poly2d": [
                        [
                            429.852251,
                            471.771938,
                            "L"
                        ],
                        [
                            283.07876,
                            474.018471,
                            "L"
                        ]
                    ]
                },
                {
                    "category": "lane/crosswalk",
                    "id": 35,
                    "attributes": {
                        "direction": "vertical",
                        "style": "dashed"
                    },
                    "poly2d": [
                        [
                            421.614964,
                            466.530028,
                            "L"
                        ],
                        [
                            310.037156,
                            468.776561,
                            "L"
                        ]
                    ]
                },
                {
                    "category": "lane/road curb",
                    "id": 36,
                    "attributes": {
                        "direction": "parallel",
                        "style": "solid"
                    },
                    "poly2d": [
                        [
                            450.07105,
                            468.027717,
                            "C"
                        ],
                        [
                            487.513266,
                            472.520781,
                            "C"
                        ],
                        [
                            506.98322,
                            463.53465,
                            "C"
                        ],
                        [
                            541.430058,
                            456.795051,
                            "L"
                        ]
                    ]
                }
            ]
        }
    ],
    "attributes": {
        "weather": "clear",
        "scene": "city street",
        "timeofday": "daytime"
    }
}