{
    "name": "0bb001f6-80239764",
    "frames": [
        {
            "timestamp": 10000,
            "objects": [
                {
                    "category": "car",
                    "id": 0,
                    "attributes": {
                        "occluded": true,
                        "truncated": false,
                        "trafficLightColor": "none"
                    },
                    "box2d": {
                        "x1": 327.059248,
                        "y1": 356.74558,
                        "x2": 377.59855,
                        "y2": 420.213541
                    }
                },
                {
                    "category": "car",
                    "id": 1,
                    "attributes": {
                        "occluded": true,
                        "truncated": false,
                        "trafficLightColor": "none"
                    },
                    "box2d": {
                        "x1": 227.155979,
                        "y1": 355.570246,
                        "x2": 337.637242,
                        "y2": 435.492862
                    }
                },
                {
                    "category": "car",
                    "id": 2,
                    "attributes": {
                        "occluded": true,
                        "truncated": false,
                        "trafficLightColor": "none"
                    },
                    "box2d": {
                        "x1": 716.094336,
                        "y1": 359.096243,
                        "x2": 926.478867,
                        "y2": 514.240145
                    }
                },
                {
                    "category": "car",
                    "id": 3,
                    "attributes": {
                        "occluded": false,
                        "truncated": true,
                        "trafficLightColor": "none"
                    },
                    "box2d": {
                        "x1": 0,
                        "y1": 360.271577,
                        "x2": 260.065292,
                        "y2": 567.130113
                    }
                },
                {
                    "category": "car",
                    "id": 4,
                    "attributes": {
                        "occluded": false,
                        "truncated": false,
                        "trafficLightColor": "none"
                    },
                    "box2d": {
                        "x1": 428.137853,
                        "y1": 320.310268,
                        "x2": 741.951653,
                        "y2": 576.532773
                    }
                },
                {
                    "category": "person",
                    "id": 5,
                    "attributes": {
                        "occluded": false,
                        "truncated": true,
                        "trafficLightColor": "none"
                    },
                    "box2d": {
                        "x1": 1239.117338,
                        "y1": 315.608937,
                        "x2": 1277.903315,
                        "y2": 482.506166
                    }
                },
                {
                    "category": "person",
                    "id": 6,
                    "attributes": {
                        "occluded": true,
                        "truncated": false,
                        "trafficLightColor": "none"
                    },
                    "box2d": {
                        "x1": 1202.682028,
                        "y1": 344.992253,
                        "x2": 1247.344668,
                        "y2": 456.648849
                    }
                },
                {
                    "category": "person",
                    "id": 7,
                    "attributes": {
                        "occluded": true,
                        "truncated": false,
                        "trafficLightColor": "none"
                    },
                    "box2d": {
                        "x1": 1170.948048,
                        "y1": 336.764924,
                        "x2": 1212.084686,
                        "y2": 460.174848
                    }
                },
                {
                    "category": "person",
                    "id": 8,
                    "attributes": {
                        "occluded": true,
                        "truncated": false,
                        "trafficLightColor": "none"
                    },
                    "box2d": {
                        "x1": 1102.778757,
                        "y1": 329.712928,
                        "x2": 1139.214069,
                        "y2": 443.72019
                    }
                },
                {
                    "category": "person",
                    "id": 9,
                    "attributes": {
                        "occluded": true,
                        "truncated": false,
                        "trafficLightColor": "none"
                    },
                    "box2d": {
                        "x1": 1055.765454,
                        "y1": 333.238927,
                        "x2": 1082.798104,
                        "y2": 413.161543
                    }
                },
                {
                    "category": "person",
                    "id": 10,
                    "attributes": {
                        "occluded": false,
                        "truncated": false,
                        "trafficLightColor": "none"
                    },
                    "box2d": {
                        "x1": 1025.206807,
                        "y1": 339.11559,
                        "x2": 1053.414789,
                        "y2": 420.213537
                    }
                },
                {
                    "category": "person",
                    "id": 11,
                    "attributes": {
                        "occluded": true,
                        "truncated": false,
                        "trafficLightColor": "none"
                    },
                    "box2d": {
                        "x1": 945.284192,
                        "y1": 347.342918,
                        "x2": 974.667505,
                        "y2": 417.862874
                    }
                },
                {
                    "category": "person",
                    "id": 12,
                    "attributes": {
                        "occluded": true,
                        "truncated": false,
                        "trafficLightColor": "none"
                    },
                    "box2d": {
                        "x1": 898.270885,
                        "y1": 349.693583,
                        "x2": 937.056864,
                        "y2": 435.492862
                    }
                },
                {
                    "category": "traffic sign",
                    "id": 13,
                    "attributes": {
                        "occluded": false,
                        "truncated": false,
                        "trafficLightColor": "none"
                    },
                    "box2d": {
                        "x1": 624.418395,
                        "y1": 296.803616,
                        "x2": 672.60703,
                        "y2": 315.608937
                    }
                },
                {
                    "category": "traffic light",
                    "id": 14,
                    "attributes": {
                        "occluded": false,
                        "truncated": false,
                        "trafficLightColor": "green"
                    },
                    "box2d": {
                        "x1": 589.158415,
                        "y1": 295.628282,
                        "x2": 604.43774,
                        "y2": 320.310268
                    }
                },
                {
                    "category": "traffic light",
                    "id": 15,
                    "attributes": {
                        "occluded": false,
                        "truncated": false,
                        "trafficLightColor": "green"
                    },
                    "box2d": {
                        "x1": 469.274491,
                        "y1": 308.556943,
                        "x2": 483.378482,
                        "y2": 330.888262
                    }
                },
                {
                    "category": "traffic sign",
                    "id": 16,
                    "attributes": {
                        "occluded": false,
                        "truncated": false,
                        "trafficLightColor": "none"
                    },
                    "box2d": {
                        "x1": 1045.829837,
                        "y1": 131.505972,
                        "x2": 1108.723998,
                        "y2": 181.058947
                    }
                },
                {
                    "category": "area/drivable",
                    "id": 17,
                    "attributes": {},
                    "poly2d": [
                        [
                            287.162708,
                            593.231826,
                            "L"
                        ],
                        [
                            186.194394,
                            685.462024,
                            "L"
                        ],
                        [
                            425.819228,
                            643.274554,
                            "C"
                        ],
                        [
                            665.444064,
                            665.212039,
                            "C"
                        ],
                        [
                            846.006439,
                            670.274534,
                            "C"
                        ],
                        [
                            758.574717,
                            593.231826,
                            "L"
                        ],
                        [
                            287.162708,
                            593.231826,
                            "L"
                        ]
                    ]
                },
                {
                    "category": "area/alternative",
                    "id": 18,
                    "attributes": {},
                    "poly2d": [
                        [
                            947.25637,
                            450.899684,
                            "L"
                        ],
                        [
                            1280.811619,
                            516.712139,
                            "L"
                        ],
                        [
                            1280.811619,
                            720.562004,
                            "L"
                        ],
                        [
                            1068.756286,
                            719.212,
                            "L"
                        ],
                        [
                            1009.693826,
                            687.149524,
                            "C"
                        ],
                        [
                            945.568871,
                            677.024529,
                            "C"
                        ],
                        [
                            871.318922,
                            671.962034,
                            "C"
                        ],
                        [
                            734.631516,
                            550.462116,
                            "L"
                        ],
                        [
                            927.006383,
                            511.649643,
                            "L"
                        ],
                        [
                            947.25637,
                            450.899684,
                            "L"
                        ]
                    ]
                },
                {
                    "category": "lane/road curb",
                    "id": 19,
                    "attributes": {
                        "direction": "parallel",
                        "style": "solid"
                    },
                    "poly2d": [
                        [
                            942.584215,
                            448.910529,
                            "L"
                        ],
                        [
                            1275.110533,
                            511.57895,
                            "L"
                        ]
                    ]
                },
                {
                    "category": "lane/double yellow",
                    "id": 20,
                    "attributes": {
                        "direction": "parallel",
                        "style": "solid"
                    },
                    "poly2d": [
                        [
                            436.121055,
                            452.747371,
                            "L"
                        ],
                        [
                            85.689474,
                            698.305267,
                            "L"
                        ]
                    ]
                },
                {
                    "category": "lane/double yellow",
                    "id": 21,
                    "attributes": {
                        "direction": "parallel",
                        "style": "solid"
                    },
                    "poly2d": [
                        [
                            431.005265,
                            470.652634,
                            "L"
                        ],
                        [
                            180.33158,
                            684.236846,
                            "L"
                        ]
                    ]
                },
                {
                    "category": "lane/crosswalk",
                    "id": 22,
                    "attributes": {
                        "direction": "vertical",
                        "style": "dashed"
                    },
                    "poly2d": [
                        [
                            372.173686,
                            413.100002,
                            "L"
                        ],
                        [
                            442.515792,
                            413.100002,
                            "L"
                        ]
                    ]
                },
                {
                    "category": "lane/crosswalk",
                    "id": 23,
                    "attributes": {
                        "direction": "vertical",
                        "style": "dashed"
                    },
                    "poly2d": [
                        [
                            377.289476,
                            407.984213,
                            "L"
                        ],
                        [
                            451.468423,
                            406.705265,
                            "L"
                        ]
                    ]
                },
                {
                    "category": "lane/single white",
                    "id": 24,
                    "attributes": {
                        "direction": "parallel",
                        "style": "solid"
                    },
                    "poly2d": [
                        [
                            729.000004,
                            560.17895,
                            "L"
                        ],
                        [
                            790.389478,
                            616.452635,
                            "L"
                        ]
                    ]
                },
                {
                    "category": "lane/single white",
                    "id": 25,
                    "attributes": {
                        "direction": "parallel",
                        "style": "solid"
                    },
                    "poly2d": [
                        [
                            730.278951,
                            546.110529,
                            "L"
                        ],
                        [
                            804.457899,
                            611.336845,
                            "L"
                        ]
                    ]
                }
            ]
        }
    ],
    "attributes": {
        "weather": "clear",
        "scene": "city street",
        "timeofday": "night"
    }
}