{
    "name": "0bc0b27e-a94dd126",
    "frames": [
        {
            "timestamp": 10000,
            "objects": [
                {
                    "category": "traffic sign",
                    "id": 0,
                    "attributes": {
                        "occluded": false,
                        "truncated": false,
                        "trafficLightColor": "none"
                    },
                    "box2d": {
                        "x1": 511.452719,
                        "y1": 39.033952,
                        "x2": 600.388004,
                        "y2": 59.695685
                    }
                },
                {
                    "category": "traffic sign",
                    "id": 1,
                    "attributes": {
                        "occluded": false,
                        "truncated": true,
                        "trafficLightColor": "none"
                    },
                    "box2d": {
                        "x1": 0,
                        "y1": 70.475719,
                        "x2": 49.707919,
                        "y2": 87.544108
                    }
                },
                {
                    "category": "traffic light",
                    "id": 2,
                    "attributes": {
                        "occluded": false,
                        "truncated": false,
                        "trafficLightColor": "red"
                    },
                    "box2d": {
                        "x1": 98.218071,
                        "y1": 65.984037,
                        "x2": 111.693114,
                        "y2": 98.32414
                    }
                },
                {
                    "category": "traffic light",
                    "id": 3,
                    "attributes": {
                        "occluded": false,
                        "truncated": false,
                        "trafficLightColor": "red"
                    },
                    "box2d": {
                        "x1": 455.755876,
                        "y1": 24.554521,
                        "x2": 470.438072,
                        "y2": 58.797345
                    }
                },
                {
                    "category": "traffic light",
                    "id": 4,
                    "attributes": {
                        "occluded": false,
                        "truncated": false,
                        "trafficLightColor": "red"
                    },
                    "box2d": {
                        "x1": 564.454555,
                        "y1": 127.070899,
                        "x2": 573.437918,
                        "y2": 144.931573
                    }
                },
                {
                    "category": "traffic light",
                    "id": 5,
                    "attributes": {
                        "occluded": false,
                        "truncated": false,
                        "trafficLightColor": "none"
                    },
                    "box2d": {
                        "x1": 110.205259,
                        "y1": 66.776322,
                        "x2": 122.781966,
                        "y2": 100.014762
                    }
                },
                {
                    "category": "traffic light",
                    "id": 6,
                    "attributes": {
                        "occluded": false,
                        "truncated": false,
                        "trafficLightColor": "none"
                    },
                    "box2d": {
                        "x1": 447.081331,
                        "y1": 25.452859,
                        "x2": 456.963029,
                        "y2": 56.894624
                    }
                },
                {
                    "category": "traffic light",
                    "id": 7,
                    "attributes": {
                        "occluded": false,
                        "truncated": false,
                        "trafficLightColor": "none"
                    },
                    "box2d": {
                        "x1": 573.746733,
                        "y1": 182.661691,
                        "x2": 587.221776,
                        "y2": 195.238399
                    }
                },
                {
                    "category": "person",
                    "id": 8,
                    "attributes": {
                        "occluded": true,
                        "truncated": false,
                        "trafficLightColor": "none"
                    },
                    "box2d": {
                        "x1": 858.519307,
                        "y1": 214.402902,
                        "x2": 871.99435,
                        "y2": 237.759643
                    }
                },
                {
                    "category": "car",
                    "id": 9,
                    "attributes": {
                        "occluded": true,
                        "truncated": false,
                        "trafficLightColor": "none"
                    },
                    "box2d": {
                        "x1": 76.96682,
                        "y1": 176.073894,
                        "x2": 214.412257,
                        "y2": 259.619159
                    }
                },
                {
                    "category": "car",
                    "id": 10,
                    "attributes": {
                        "occluded": true,
                        "truncated": false,
                        "trafficLightColor": "none"
                    },
                    "box2d": {
                        "x1": 711.791067,
                        "y1": 206.617323,
                        "x2": 832.168116,
                        "y2": 251.534133
                    }
                },
                {
                    "category": "car",
                    "id": 11,
                    "attributes": {
                        "occluded": false,
                        "truncated": false,
                        "trafficLightColor": "none"
                    },
                    "box2d": {
                        "x1": 191.953854,
                        "y1": 152.717153,
                        "x2": 538.711624,
                        "y2": 405.306024
                    }
                },
                {
                    "category": "car",
                    "id": 12,
                    "attributes": {
                        "occluded": false,
                        "truncated": true,
                        "trafficLightColor": "none"
                    },
                    "box2d": {
                        "x1": 0,
                        "y1": 115.885368,
                        "x2": 137.155344,
                        "y2": 350.351114
                    }
                },
                {
                    "category": "traffic light",
                    "id": 13,
                    "attributes": {
                        "occluded": false,
                        "truncated": false,
                        "trafficLightColor": "none"
                    },
                    "box2d": {
                        "x1": 903.043847,
                        "y1": 55.018917,
                        "x2": 976.402403,
                        "y2": 119.207654
                    }
                },
                {
                    "category": "area/alternative",
                    "id": 14,
                    "attributes": {},
                    "poly2d": [
                        [
                            544.020763,
                            253.29407,
                            "L"
                        ],
                        [
                            542.773009,
                            406.767819,
                            "L"
                        ],
                        [
                            1181.623079,
                            451.686962,
                            "L"
                        ],
                        [
                            794.819325,
                            328.159313,
                            "C"
                        ],
                        [
                            590.187662,
                            277.001397,
                            "C"
                        ],
                        [
                            852.216012,
                            283.240168,
                            "C"
                        ],
                        [
                            853.463765,
                            260.780595,
                            "L"
                        ],
                        [
                            544.020763,
                            253.29407,
                            "L"
                        ]
                    ]
                },
                {
                    "category": "lane/crosswalk",
                    "id": 15,
                    "attributes": {
                        "direction": "vertical",
                        "style": "dashed"
                    },
                    "poly2d": [
                        [
                            0.997946,
                            378.22162,
                            "L"
                        ],
                        [
                            204.578976,
                            383.211351,
                            "L"
                        ]
                    ]
                },
                {
                    "category": "lane/crosswalk",
                    "id": 16,
                    "attributes": {
                        "direction": "vertical",
                        "style": "dashed"
                    },
                    "poly2d": [
                        [
                            138.714526,
                            290.402352,
                            "L"
                        ],
                        [
                            196.595407,
                            292.398244,
                            "L"
                        ]
                    ]
                },
                {
                    "category": "lane/crosswalk",
                    "id": 17,
                    "attributes": {
                        "direction": "vertical",
                        "style": "dashed"
                    },
                    "poly2d": [
                        [
                            536.89507,
                            382.213405,
                            "L"
                        ],
                        [
                            737.482262,
                            383.211351,
                            "L"
                        ]
                    ]
                },
                {
                    "category": "lane/crosswalk",
                    "id": 18,
                    "attributes": {
                        "direction": "vertical",
                        "style": "dashed"
                    },
                    "poly2d": [
                        [
                            538.890962,
                            297.387976,
                            "L"
                        ],
                        [
                            640.681478,
                            298.385922,
                            "L"
                        ]
                    ]
                },
                {
                    "category": "lane/crosswalk",
                    "id": 19,
                    "attributes": {
                        "direction": "vertical",
                        "style": "dashed"
                    },
                    "poly2d": [
                        [
                            572.821134,
                            257.470126,
                            "L"
                        ],
                        [
                            646.669155,
                            288.40646,
                            "L"
                        ]
                    ]
                },
                {
                    "category": "lane/crosswalk",
                    "id": 20,
                    "attributes": {
                        "direction": "vertical",
                        "style": "dashed"
                    },
                    "poly2d": [
                        [
                            960.02427,
                            263.457804,
                            "L"
                        ],
                        [
                            1042.853807,
                            282.418782,
                            "L"
                        ]
                    ]
                },
                {
                    "category": "lane/single white",
                    "id": 21,
                    "attributes": {
                        "direction": "parallel",
                        "style": "solid"
                    },
                    "poly2d": [
                        [
                            1023.892829,
                            267.449589,
                            "L"
                        ],
                        [
                            1158.615569,
                            266.451643,
                            "L"
                        ]
                    ]
                },
                {
                    "category": "lane/road curb",
                    "id": 22,
                    "attributes": {
                        "direction": "parallel",
                        "style": "solid"
                    },
                    "poly2d": [
                        [
                            591.782112,
                            254.476288,
                            "L"
                        ],
                        [
                            851.248131,
                            258.468073,
                            "L"
                        ]
                    ]
                },
                {
                    "category": "lane/road curb",
                    "id": 23,
                    "attributes": {
                        "direction": "parallel",
                        "style": "solid"
                    },
                    "poly2d": [
                        [
                            959.026324,
                            256.47218,
                            "L"
                        ],
                        [
                            1156.619677,
                            255.474234,
                            "L"
                        ]
                    ]
                },
                {
                    "category": "lane/road curb",
                    "id": 24,
                    "attributes": {
                        "direction": "parallel",
                        "style": "solid"
                    },
                    "poly2d": [
                        [
                            951.042754,
                            373.231889,
                            "L"
                        ],
                        [
                            1185.560117,
                            449.075802,
                            "L"
                        ]
                    ]
                }
            ]
        }
    ],
    "attributes": {
        "weather": "snowy",
        "scene": "city street",
        "timeofday": "daytime"
    }
}