{
    "name": "0bc0b27e-b932a660",
    "frames": [
        {
            "timestamp": 10000,
            "objects": [
                {
                    "category": "person",
                    "id": 0,
                    "attributes": {
                        "occluded": true,
                        "truncated": false,
                        "trafficLightColor": "none"
                    },
                    "box2d": {
                        "x1": 874.764222,
                        "y1": 205.762898,
                        "x2": 923.90163,
                        "y2": 330.141962
                    }
                },
                {
                    "category": "traffic sign",
                    "id": 1,
                    "attributes": {
                        "occluded": false,
                        "truncated": false,
                        "trafficLightColor": "none"
                    },
                    "box2d": {
                        "x1": 920.830542,
                        "y1": 138.198961,
                        "x2": 939.257071,
                        "y2": 164.30321
                    }
                },
                {
                    "category": "car",
                    "id": 2,
                    "attributes": {
                        "occluded": true,
                        "truncated": false,
                        "trafficLightColor": "none"
                    },
                    "box2d": {
                        "x1": 816.41355,
                        "y1": 202.691808,
                        "x2": 887.048573,
                        "y2": 285.611185
                    }
                },
                {
                    "category": "car",
                    "id": 3,
                    "attributes": {
                        "occluded": true,
                        "truncated": false,
                        "trafficLightColor": "none"
                    },
                    "box2d": {
                        "x1": 1118.915719,
                        "y1": 257.971393,
                        "x2": 1135.806704,
                        "y2": 287.146729
                    }
                },
                {
                    "category": "car",
                    "id": 4,
                    "attributes": {
                        "occluded": true,
                        "truncated": false,
                        "trafficLightColor": "none"
                    },
                    "box2d": {
                        "x1": 1129.664526,
                        "y1": 248.758129,
                        "x2": 1160.375406,
                        "y2": 297.895538
                    }
                },
                {
                    "category": "traffic sign",
                    "id": 5,
                    "attributes": {
                        "occluded": false,
                        "truncated": false,
                        "trafficLightColor": "none"
                    },
                    "box2d": {
                        "x1": 601.437388,
                        "y1": 214.976161,
                        "x2": 616.792829,
                        "y2": 234.938234
                    }
                },
                {
                    "category": "traffic sign",
                    "id": 6,
                    "attributes": {
                        "occluded": true,
                        "truncated": false,
                        "trafficLightColor": "none"
                    },
                    "box2d": {
                        "x1": 593.759669,
                        "y1": 204.227352,
                        "x2": 622.935005,
                        "y2": 233.402688
                    }
                },
                {
                    "category": "car",
                    "id": 7,
                    "attributes": {
                        "occluded": true,
                        "truncated": false,
                        "trafficLightColor": "none"
                    },
                    "box2d": {
                        "x1": 607.579566,
                        "y1": 230.331601,
                        "x2": 632.14827,
                        "y2": 270.255744
                    }
                },
                {
                    "category": "car",
                    "id": 8,
                    "attributes": {
                        "occluded": false,
                        "truncated": true,
                        "trafficLightColor": "none"
                    },
                    "box2d": {
                        "x1": 1135.806704,
                        "y1": 218.047249,
                        "x2": 1278.612296,
                        "y2": 331.677505
                    }
                },
                {
                    "category": "car",
                    "id": 9,
                    "attributes": {
                        "occluded": false,
                        "truncated": false,
                        "trafficLightColor": "none"
                    },
                    "box2d": {
                        "x1": 907.010646,
                        "y1": 208.833986,
                        "x2": 1106.631366,
                        "y2": 347.032946
                    }
                },
                {
                    "category": "car",
                    "id": 10,
                    "attributes": {
                        "occluded": false,
                        "truncated": false,
                        "trafficLightColor": "none"
                    },
                    "box2d": {
                        "x1": 626.006093,
                        "y1": 168.909841,
                        "x2": 839.44671,
                        "y2": 334.748593
                    }
                },
                {
                    "category": "car",
                    "id": 11,
                    "attributes": {
                        "occluded": false,
                        "truncated": false,
                        "trafficLightColor": "none"
                    },
                    "box2d": {
                        "x1": 357.285893,
                        "y1": 185.800825,
                        "x2": 624.470549,
                        "y2": 327.070874
                    }
                },
                {
                    "category": "car",
                    "id": 12,
                    "attributes": {
                        "occluded": true,
                        "truncated": false,
                        "trafficLightColor": "none"
                    },
                    "box2d": {
                        "x1": 111.598851,
                        "y1": 152.018856,
                        "x2": 404.887756,
                        "y2": 310.179889
                    }
                },
                {
                    "category": "car",
                    "id": 13,
                    "attributes": {
                        "occluded": true,
                        "truncated": true,
                        "trafficLightColor": "none"
                    },
                    "box2d": {
                        "x1": 0,
                        "y1": 162.767665,
                        "x2": 143.845275,
                        "y2": 302.502169
                    }
                },
                {
                    "category": "area/drivable",
                    "id": 14,
                    "attributes": {},
                    "poly2d": [
                        [
                            0,
                            308.195249,
                            "L"
                        ],
                        [
                            0,
                            423.570765,
                            "L"
                        ],
                        [
                            440.972579,
                            390.380518,
                            "C"
                        ],
                        [
                            927.762861,
                            426.731742,
                            "C"
                        ],
                        [
                            1280.195222,
                            463.082963,
                            "C"
                        ],
                        [
                            1280.195222,
                            344.546368,
                            "L"
                        ],
                        [
                            1115.840924,
                            341.385393,
                            "L"
                        ],
                        [
                            1109.518972,
                            368.253687,
                            "L"
                        ],
                        [
                            0,
                            308.195249,
                            "L"
                        ]
                    ]
                },
                {
                    "category": "lane/single white",
                    "id": 15,
                    "attributes": {
                        "direction": "parallel",
                        "style": "solid"
                    },
                    "poly2d": [
                        [
                            6.394737,
                            340.200002,
                            "L"
                        ],
                        [
                            379.84737,
                            314.621054,
                            "L"
                        ]
                    ]
                },
                {
                    "category": "lane/single white",
                    "id": 16,
                    "attributes": {
                        "direction": "parallel",
                        "style": "solid"
                    },
                    "poly2d": [
                        [
                            640.752635,
                            321.015791,
                            "L"
                        ],
                        [
                            479.605266,
                            350.431581,
                            "L"
                        ]
                    ]
                },
                {
                    "category": "lane/single white",
                    "id": 17,
                    "attributes": {
                        "direction": "parallel",
                        "style": "solid"
                    },
                    "poly2d": [
                        [
                            642.031582,
                            327.410528,
                            "L"
                        ],
                        [
                            493.673687,
                            352.989476,
                            "L"
                        ]
                    ]
                },
                {
                    "category": "lane/single white",
                    "id": 18,
                    "attributes": {
                        "direction": "parallel",
                        "style": "solid"
                    },
                    "poly2d": [
                        [
                            901.657899,
                            321.015791,
                            "L"
                        ],
                        [
                            846.663162,
                            365.778949,
                            "L"
                        ]
                    ]
                },
                {
                    "category": "lane/single white",
                    "id": 19,
                    "attributes": {
                        "direction": "parallel",
                        "style": "solid"
                    },
                    "poly2d": [
                        [
                            908.052636,
                            329.968423,
                            "L"
                        ],
                        [
                            860.731583,
                            367.057897,
                            "L"
                        ]
                    ]
                },
                {
                    "category": "lane/single white",
                    "id": 20,
                    "attributes": {
                        "direction": "parallel",
                        "style": "solid"
                    },
                    "poly2d": [
                        [
                            1101.17369,
                            319.736844,
                            "L"
                        ],
                        [
                            1183.026322,
                            367.057897,
                            "L"
                        ]
                    ]
                },
                {
                    "category": "lane/single white",
                    "id": 21,
                    "attributes": {
                        "direction": "parallel",
                        "style": "solid"
                    },
                    "poly2d": [
                        [
                            1116.521059,
                            321.015791,
                            "L"
                        ],
                        [
                            1188.142112,
                            361.942107,
                            "L"
                        ]
                    ]
                },
                {
                    "category": "lane/single white",
                    "id": 22,
                    "attributes": {
                        "direction": "parallel",
                        "style": "solid"
                    },
                    "poly2d": [
                        [
                            11.510526,
                            345.315791,
                            "L"
                        ],
                        [
                            381.126318,
                            319.736844,
                            "L"
                        ]
                    ]
                }
            ]
        }
    ],
    "attributes": {
        "weather": "overcast",
        "scene": "parking lot",
        "timeofday": "daytime"
    }
}