{
    "name": "0bcc752f-fd302777",
    "frames": [
        {
            "timestamp": 10000,
            "objects": [
                {
                    "category": "traffic light",
                    "id": 0,
                    "attributes": {
                        "occluded": false,
                        "truncated": false,
                        "trafficLightColor": "red"
                    },
                    "box2d": {
                        "x1": 744.419015,
                        "y1": 233.212335,
                        "x2": 754.544008,
                        "y2": 260.212317
                    }
                },
                {
                    "category": "traffic light",
                    "id": 1,
                    "attributes": {
                        "occluded": false,
                        "truncated": false,
                        "trafficLightColor": "none"
                    },
                    "box2d": {
                        "x1": 511.544175,
                        "y1": 243.337328,
                        "x2": 523.356665,
                        "y2": 265.274812
                    }
                },
                {
                    "category": "traffic light",
                    "id": 2,
                    "attributes": {
                        "occluded": false,
                        "truncated": false,
                        "trafficLightColor": "none"
                    },
                    "box2d": {
                        "x1": 449.106717,
                        "y1": 241.649828,
                        "x2": 460.919209,
                        "y2": 265.274812
                    }
                },
                {
                    "category": "traffic light",
                    "id": 3,
                    "attributes": {
                        "occluded": false,
                        "truncated": false,
                        "trafficLightColor": "none"
                    },
                    "box2d": {
                        "x1": 303.981818,
                        "y1": 255.14982,
                        "x2": 320.856806,
                        "y2": 288.899797
                    }
                },
                {
                    "category": "traffic light",
                    "id": 4,
                    "attributes": {
                        "occluded": false,
                        "truncated": false,
                        "trafficLightColor": "none"
                    },
                    "box2d": {
                        "x1": 376.544267,
                        "y1": 152.21239,
                        "x2": 396.794254,
                        "y2": 192.712362
                    }
                },
                {
                    "category": "traffic light",
                    "id": 5,
                    "attributes": {
                        "occluded": false,
                        "truncated": false,
                        "trafficLightColor": "none"
                    },
                    "box2d": {
                        "x1": 805.168973,
                        "y1": 256.837318,
                        "x2": 813.606466,
                        "y2": 273.712307
                    }
                },
                {
                    "category": "traffic light",
                    "id": 6,
                    "attributes": {
                        "occluded": false,
                        "truncated": false,
                        "trafficLightColor": "none"
                    },
                    "box2d": {
                        "x1": 813.606468,
                        "y1": 253.462322,
                        "x2": 823.731461,
                        "y2": 275.399807
                    }
                },
                {
                    "category": "traffic sign",
                    "id": 7,
                    "attributes": {
                        "occluded": false,
                        "truncated": false,
                        "trafficLightColor": "none"
                    },
                    "box2d": {
                        "x1": 471.044202,
                        "y1": 253.462322,
                        "x2": 498.044184,
                        "y2": 266.962312
                    }
                },
                {
                    "category": "traffic sign",
                    "id": 8,
                    "attributes": {
                        "occluded": false,
                        "truncated": false,
                        "trafficLightColor": "none"
                    },
                    "box2d": {
                        "x1": 327.606801,
                        "y1": 265.274813,
                        "x2": 342.794291,
                        "y2": 288.899797
                    }
                },
                {
                    "category": "traffic sign",
                    "id": 9,
                    "attributes": {
                        "occluded": false,
                        "truncated": false,
                        "trafficLightColor": "none"
                    },
                    "box2d": {
                        "x1": 742.731516,
                        "y1": 265.274813,
                        "x2": 759.606505,
                        "y2": 287.212297
                    }
                },
                {
                    "category": "person",
                    "id": 10,
                    "attributes": {
                        "occluded": true,
                        "truncated": false,
                        "trafficLightColor": "none"
                    },
                    "box2d": {
                        "x1": 320.856806,
                        "y1": 331.087267,
                        "x2": 341.106792,
                        "y2": 381.712233
                    }
                },
                {
                    "category": "person",
                    "id": 11,
                    "attributes": {
                        "occluded": false,
                        "truncated": false,
                        "trafficLightColor": "none"
                    },
                    "box2d": {
                        "x1": 1070.10629,
                        "y1": 143.774895,
                        "x2": 1169.668722,
                        "y2": 488.024658
                    }
                },
                {
                    "category": "person",
                    "id": 12,
                    "attributes": {
                        "occluded": true,
                        "truncated": false,
                        "trafficLightColor": "none"
                    },
                    "box2d": {
                        "x1": 948.606374,
                        "y1": 214.649847,
                        "x2": 1078.543785,
                        "y2": 462.712176
                    }
                },
                {
                    "category": "person",
                    "id": 13,
                    "attributes": {
                        "occluded": true,
                        "truncated": false,
                        "trafficLightColor": "none"
                    },
                    "box2d": {
                        "x1": 887.856416,
                        "y1": 231.524837,
                        "x2": 989.106346,
                        "y2": 437.399693
                    }
                },
                {
                    "category": "person",
                    "id": 14,
                    "attributes": {
                        "occluded": true,
                        "truncated": false,
                        "trafficLightColor": "none"
                    },
                    "box2d": {
                        "x1": 1193.293707,
                        "y1": 273.712307,
                        "x2": 1211.856193,
                        "y2": 314.212278
                    }
                },
                {
                    "category": "person",
                    "id": 15,
                    "attributes": {
                        "occluded": true,
                        "truncated": false,
                        "trafficLightColor": "none"
                    },
                    "box2d": {
                        "x1": 1139.293743,
                        "y1": 273.712307,
                        "x2": 1166.293725,
                        "y2": 324.33727
                    }
                },
                {
                    "category": "person",
                    "id": 16,
                    "attributes": {
                        "occluded": true,
                        "truncated": false,
                        "trafficLightColor": "none"
                    },
                    "box2d": {
                        "x1": 869.293929,
                        "y1": 293.962293,
                        "x2": 889.543916,
                        "y2": 327.71227
                    }
                },
                {
                    "category": "person",
                    "id": 17,
                    "attributes": {
                        "occluded": true,
                        "truncated": false,
                        "trafficLightColor": "none"
                    },
                    "box2d": {
                        "x1": 855.793938,
                        "y1": 299.024788,
                        "x2": 876.043924,
                        "y2": 337.837263
                    }
                },
                {
                    "category": "person",
                    "id": 18,
                    "attributes": {
                        "occluded": true,
                        "truncated": false,
                        "trafficLightColor": "none"
                    },
                    "box2d": {
                        "x1": 845.668944,
                        "y1": 299.024788,
                        "x2": 857.481436,
                        "y2": 334.462265
                    }
                },
                {
                    "category": "person",
                    "id": 19,
                    "attributes": {
                        "occluded": false,
                        "truncated": false,
                        "trafficLightColor": "none"
                    },
                    "box2d": {
                        "x1": 759.606505,
                        "y1": 320.962275,
                        "x2": 773.106496,
                        "y2": 342.89976
                    }
                },
                {
                    "category": "car",
                    "id": 20,
                    "attributes": {
                        "occluded": true,
                        "truncated": false,
                        "trafficLightColor": "none"
                    },
                    "box2d": {
                        "x1": 351.231786,
                        "y1": 334.462265,
                        "x2": 393.419257,
                        "y2": 361.462246
                    }
                },
                {
                    "category": "car",
                    "id": 21,
                    "attributes": {
                        "occluded": true,
                        "truncated": false,
                        "trafficLightColor": "none"
                    },
                    "box2d": {
                        "x1": 415.356741,
                        "y1": 332.774766,
                        "x2": 437.294224,
                        "y2": 349.649755
                    }
                },
                {
                    "category": "car",
                    "id": 22,
                    "attributes": {
                        "occluded": true,
                        "truncated": false,
                        "trafficLightColor": "none"
                    },
                    "box2d": {
                        "x1": 432.231729,
                        "y1": 329.399768,
                        "x2": 455.856712,
                        "y2": 349.649756
                    }
                },
                {
                    "category": "car",
                    "id": 23,
                    "attributes": {
                        "occluded": true,
                        "truncated": false,
                        "trafficLightColor": "none"
                    },
                    "box2d": {
                        "x1": 509.856675,
                        "y1": 326.024771,
                        "x2": 545.29415,
                        "y2": 351.337253
                    }
                },
                {
                    "category": "bus",
                    "id": 24,
                    "attributes": {
                        "occluded": true,
                        "truncated": false,
                        "trafficLightColor": "none"
                    },
                    "box2d": {
                        "x1": 494.669185,
                        "y1": 319.274775,
                        "x2": 518.294169,
                        "y2": 344.587258
                    }
                },
                {
                    "category": "bus",
                    "id": 25,
                    "attributes": {
                        "occluded": true,
                        "truncated": false,
                        "trafficLightColor": "none"
                    },
                    "box2d": {
                        "x1": 518.29417,
                        "y1": 302.399787,
                        "x2": 557.106645,
                        "y2": 334.462265
                    }
                },
                {
                    "category": "car",
                    "id": 26,
                    "attributes": {
                        "occluded": false,
                        "truncated": false,
                        "trafficLightColor": "none"
                    },
                    "box2d": {
                        "x1": 447.419219,
                        "y1": 331.087267,
                        "x2": 486.231692,
                        "y2": 354.71225
                    }
                },
                {
                    "category": "car",
                    "id": 27,
                    "attributes": {
                        "occluded": false,
                        "truncated": false,
                        "trafficLightColor": "none"
                    },
                    "box2d": {
                        "x1": 528.419164,
                        "y1": 260.212317,
                        "x2": 761.294003,
                        "y2": 467.774674
                    }
                },
                {
                    "category": "bus",
                    "id": 28,
                    "attributes": {
                        "occluded": false,
                        "truncated": true,
                        "trafficLightColor": "none"
                    },
                    "box2d": {
                        "x1": 0,
                        "y1": 158.962385,
                        "x2": 185.856898,
                        "y2": 498.149651
                    }
                },
                {
                    "category": "area/drivable",
                    "id": 29,
                    "attributes": {},
                    "poly2d": [
                        [
                            290.402352,
                            604.755413,
                            "L"
                        ],
                        [
                            544.87864,
                            583.798543,
                            "C"
                        ],
                        [
                            803.346712,
                            606.751306,
                            "C"
                        ],
                        [
                            1030.878453,
                            616.730768,
                            "C"
                        ],
                        [
                            880.188572,
                            470.032672,
                            "L"
                        ],
                        [
                            483.005974,
                            478.016243,
                            "L"
                        ],
                        [
                            290.402352,
                            604.755413,
                            "L"
                        ]
                    ]
                },
                {
                    "category": "area/alternative",
                    "id": 30,
                    "attributes": {},
                    "poly2d": [
                        [
                            228.529687,
                            608.747198,
                            "L"
                        ],
                        [
                            528.911501,
                            432.110716,
                            "L"
                        ],
                        [
                            523.92177,
                            382.213405,
                            "L"
                        ],
                        [
                            0,
                            535.897124,
                            "L"
                        ],
                        [
                            0,
                            620.722553,
                            "L"
                        ],
                        [
                            228.529687,
                            608.747198,
                            "L"
                        ]
                    ]
                },
                {
                    "category": "lane/road curb",
                    "id": 31,
                    "attributes": {
                        "direction": "parallel",
                        "style": "solid"
                    },
                    "poly2d": [
                        [
                            760.288312,
                            356.475126,
                            "C"
                        ],
                        [
                            815.060391,
                            389.175164,
                            "C"
                        ],
                        [
                            927.874523,
                            515.887813,
                            "C"
                        ],
                        [
                            1006.353918,
                            595.185407,
                            "L"
                        ]
                    ]
                },
                {
                    "category": "lane/single white",
                    "id": 32,
                    "attributes": {
                        "direction": "parallel",
                        "style": "solid"
                    },
                    "poly2d": [
                        [
                            534.660049,
                            445.582731,
                            "L"
                        ],
                        [
                            284.506973,
                            607.44792,
                            "L"
                        ]
                    ]
                },
                {
                    "category": "lane/single white",
                    "id": 33,
                    "attributes": {
                        "direction": "parallel",
                        "style": "solid"
                    },
                    "poly2d": [
                        [
                            532.207567,
                            430.050212,
                            "L"
                        ],
                        [
                            231.369881,
                            609.082923,
                            "L"
                        ]
                    ]
                },
                {
                    "category": "lane/double yellow",
                    "id": 34,
                    "attributes": {
                        "direction": "parallel",
                        "style": "solid"
                    },
                    "poly2d": [
                        [
                            522.397642,
                            385.905161,
                            "L"
                        ],
                        [
                            331.921606,
                            444.76523,
                            "L"
                        ]
                    ]
                },
                {
                    "category": "lane/double yellow",
                    "id": 35,
                    "attributes": {
                        "direction": "parallel",
                        "style": "solid"
                    },
                    "poly2d": [
                        [
                            515.0402,
                            376.912649,
                            "L"
                        ],
                        [
                            304.944315,
                            439.860224,
                            "L"
                        ]
                    ]
                }
            ]
        }
    ],
    "attributes": {
        "weather": "clear",
        "scene": "highway",
        "timeofday": "daytime"
    }
}