{
    "name": "0bce68c1-629ddf0d",
    "frames": [
        {
            "timestamp": 10000,
            "objects": [
                {
                    "category": "traffic sign",
                    "id": 0,
                    "attributes": {
                        "occluded": false,
                        "truncated": false,
                        "trafficLightColor": "none"
                    },
                    "box2d": {
                        "x1": 303.204232,
                        "y1": 217.109203,
                        "x2": 335.645837,
                        "y2": 227.091237
                    }
                },
                {
                    "category": "traffic sign",
                    "id": 1,
                    "attributes": {
                        "occluded": false,
                        "truncated": false,
                        "trafficLightColor": "none"
                    },
                    "box2d": {
                        "x1": 647.584347,
                        "y1": 229.586744,
                        "x2": 667.548413,
                        "y2": 252.046317
                    }
                },
                {
                    "category": "traffic sign",
                    "id": 2,
                    "attributes": {
                        "occluded": true,
                        "truncated": false,
                        "trafficLightColor": "none"
                    },
                    "box2d": {
                        "x1": 459.173488,
                        "y1": 249.55081,
                        "x2": 481.633058,
                        "y2": 262.028349
                    }
                },
                {
                    "category": "traffic sign",
                    "id": 3,
                    "attributes": {
                        "occluded": true,
                        "truncated": false,
                        "trafficLightColor": "none"
                    },
                    "box2d": {
                        "x1": 640.097824,
                        "y1": 227.091237,
                        "x2": 650.079856,
                        "y2": 250.798564
                    }
                },
                {
                    "category": "traffic sign",
                    "id": 4,
                    "attributes": {
                        "occluded": false,
                        "truncated": false,
                        "trafficLightColor": "none"
                    },
                    "box2d": {
                        "x1": 693.751248,
                        "y1": 220.852466,
                        "x2": 711.219804,
                        "y2": 243.312037
                    }
                },
                {
                    "category": "traffic light",
                    "id": 5,
                    "attributes": {
                        "occluded": false,
                        "truncated": false,
                        "trafficLightColor": "green"
                    },
                    "box2d": {
                        "x1": 313.186264,
                        "y1": 257.037333,
                        "x2": 330.65482,
                        "y2": 274.505889
                    }
                },
                {
                    "category": "traffic light",
                    "id": 6,
                    "attributes": {
                        "occluded": false,
                        "truncated": false,
                        "trafficLightColor": "green"
                    },
                    "box2d": {
                        "x1": 799.810341,
                        "y1": 243.312038,
                        "x2": 816.031144,
                        "y2": 257.037333
                    }
                },
                {
                    "category": "traffic light",
                    "id": 7,
                    "attributes": {
                        "occluded": false,
                        "truncated": false,
                        "trafficLightColor": "green"
                    },
                    "box2d": {
                        "x1": 432.970653,
                        "y1": 152.225993,
                        "x2": 449.191456,
                        "y2": 178.428827
                    }
                },
                {
                    "category": "traffic light",
                    "id": 8,
                    "attributes": {
                        "occluded": false,
                        "truncated": false,
                        "trafficLightColor": "green"
                    },
                    "box2d": {
                        "x1": 591.435416,
                        "y1": 118.536634,
                        "x2": 603.912957,
                        "y2": 153.473747
                    }
                },
                {
                    "category": "traffic light",
                    "id": 9,
                    "attributes": {
                        "occluded": false,
                        "truncated": false,
                        "trafficLightColor": "none"
                    },
                    "box2d": {
                        "x1": 422.98862,
                        "y1": 152.225993,
                        "x2": 434.218406,
                        "y2": 180.924336
                    }
                },
                {
                    "category": "traffic light",
                    "id": 10,
                    "attributes": {
                        "occluded": false,
                        "truncated": false,
                        "trafficLightColor": "none"
                    },
                    "box2d": {
                        "x1": 447.943701,
                        "y1": 154.721501,
                        "x2": 455.430227,
                        "y2": 182.17209
                    }
                },
                {
                    "category": "traffic light",
                    "id": 11,
                    "attributes": {
                        "occluded": false,
                        "truncated": false,
                        "trafficLightColor": "none"
                    },
                    "box2d": {
                        "x1": 576.462368,
                        "y1": 122.279896,
                        "x2": 591.435416,
                        "y2": 153.473747
                    }
                },
                {
                    "category": "traffic light",
                    "id": 12,
                    "attributes": {
                        "occluded": false,
                        "truncated": false,
                        "trafficLightColor": "none"
                    },
                    "box2d": {
                        "x1": 605.160711,
                        "y1": 122.279896,
                        "x2": 617.638251,
                        "y2": 152.225993
                    }
                },
                {
                    "category": "traffic sign",
                    "id": 13,
                    "attributes": {
                        "occluded": false,
                        "truncated": false,
                        "trafficLightColor": "none"
                    },
                    "box2d": {
                        "x1": 335.645837,
                        "y1": 228.33899,
                        "x2": 346.875624,
                        "y2": 237.073267
                    }
                },
                {
                    "category": "person",
                    "id": 14,
                    "attributes": {
                        "occluded": true,
                        "truncated": false,
                        "trafficLightColor": "none"
                    },
                    "box2d": {
                        "x1": 1015.671791,
                        "y1": 204.631663,
                        "x2": 1108.005591,
                        "y2": 506.588141
                    }
                },
                {
                    "category": "person",
                    "id": 15,
                    "attributes": {
                        "occluded": true,
                        "truncated": false,
                        "trafficLightColor": "none"
                    },
                    "box2d": {
                        "x1": 958.275104,
                        "y1": 220.852466,
                        "x2": 1026.901577,
                        "y2": 459.173488
                    }
                },
                {
                    "category": "person",
                    "id": 16,
                    "attributes": {
                        "occluded": true,
                        "truncated": false,
                        "trafficLightColor": "none"
                    },
                    "box2d": {
                        "x1": 909.612697,
                        "y1": 240.81653,
                        "x2": 970.752644,
                        "y2": 427.979637
                    }
                },
                {
                    "category": "person",
                    "id": 17,
                    "attributes": {
                        "occluded": true,
                        "truncated": false,
                        "trafficLightColor": "none"
                    },
                    "box2d": {
                        "x1": 844.729487,
                        "y1": 242.064284,
                        "x2": 905.869435,
                        "y2": 416.749849
                    }
                },
                {
                    "category": "person",
                    "id": 18,
                    "attributes": {
                        "occluded": true,
                        "truncated": false,
                        "trafficLightColor": "none"
                    },
                    "box2d": {
                        "x1": 848.472749,
                        "y1": 255.789579,
                        "x2": 870.932322,
                        "y2": 388.051507
                    }
                },
                {
                    "category": "person",
                    "id": 19,
                    "attributes": {
                        "occluded": true,
                        "truncated": false,
                        "trafficLightColor": "none"
                    },
                    "box2d": {
                        "x1": 772.359752,
                        "y1": 268.26712,
                        "x2": 821.02216,
                        "y2": 390.547016
                    }
                },
                {
                    "category": "person",
                    "id": 20,
                    "attributes": {
                        "occluded": true,
                        "truncated": false,
                        "trafficLightColor": "none"
                    },
                    "box2d": {
                        "x1": 82.351767,
                        "y1": 285.735677,
                        "x2": 132.26193,
                        "y2": 385.556
                    }
                },
                {
                    "category": "car",
                    "id": 21,
                    "attributes": {
                        "occluded": true,
                        "truncated": true,
                        "trafficLightColor": "none"
                    },
                    "box2d": {
                        "x1": 0,
                        "y1": 341.884608,
                        "x2": 174.685566,
                        "y2": 546.516271
                    }
                },
                {
                    "category": "car",
                    "id": 22,
                    "attributes": {
                        "occluded": true,
                        "truncated": false,
                        "trafficLightColor": "none"
                    },
                    "box2d": {
                        "x1": 139.748453,
                        "y1": 296.965462,
                        "x2": 343.132362,
                        "y2": 429.227391
                    }
                },
                {
                    "category": "car",
                    "id": 23,
                    "attributes": {
                        "occluded": true,
                        "truncated": false,
                        "trafficLightColor": "none"
                    },
                    "box2d": {
                        "x1": 330.654821,
                        "y1": 262.028349,
                        "x2": 500.349371,
                        "y2": 437.961669
                    }
                },
                {
                    "category": "car",
                    "id": 24,
                    "attributes": {
                        "occluded": false,
                        "truncated": true,
                        "trafficLightColor": "none"
                    },
                    "box2d": {
                        "x1": 406.767818,
                        "y1": 249.55081,
                        "x2": 819.774406,
                        "y2": 537.781992
                    }
                },
                {
                    "category": "car",
                    "id": 25,
                    "attributes": {
                        "occluded": true,
                        "truncated": false,
                        "trafficLightColor": "none"
                    },
                    "box2d": {
                        "x1": 124.775403,
                        "y1": 313.186264,
                        "x2": 169.69455,
                        "y2": 355.609902
                    }
                },
                {
                    "category": "person",
                    "id": 26,
                    "attributes": {
                        "occluded": true,
                        "truncated": false,
                        "trafficLightColor": "none"
                    },
                    "box2d": {
                        "x1": 321.920543,
                        "y1": 304.451987,
                        "x2": 340.636855,
                        "y2": 329.407067
                    }
                },
                {
                    "category": "lane/single white",
                    "id": 27,
                    "attributes": {
                        "direction": "parallel",
                        "style": "dashed"
                    },
                    "poly2d": [
                        [
                            209.157812,
                            554.751263,
                            "L"
                        ],
                        [
                            408.299291,
                            436.214669,
                            "L"
                        ]
                    ]
                },
                {
                    "category": "lane/single white",
                    "id": 28,
                    "attributes": {
                        "direction": "parallel",
                        "style": "dashed"
                    },
                    "poly2d": [
                        [
                            180.709029,
                            551.590287,
                            "L"
                        ],
                        [
                            398.816363,
                            431.473205,
                            "L"
                        ]
                    ]
                }
            ]
        }
    ],
    "attributes": {
        "weather": "snowy",
        "scene": "city street",
        "timeofday": "daytime"
    }
}