{
    "name": "0be031c3-81b6e5b7",
    "frames": [
        {
            "timestamp": 10000,
            "objects": [
                {
                    "category": "traffic light",
                    "id": 0,
                    "attributes": {
                        "occluded": false,
                        "truncated": false,
                        "trafficLightColor": "green"
                    },
                    "box2d": {
                        "x1": 448.050613,
                        "y1": 265.402663,
                        "x2": 454.171523,
                        "y2": 276.420301
                    }
                },
                {
                    "category": "traffic light",
                    "id": 1,
                    "attributes": {
                        "occluded": false,
                        "truncated": false,
                        "trafficLightColor": "green"
                    },
                    "box2d": {
                        "x1": 449.274794,
                        "y1": 283.765393,
                        "x2": 455.395704,
                        "y2": 293.55885
                    }
                },
                {
                    "category": "traffic light",
                    "id": 2,
                    "attributes": {
                        "occluded": false,
                        "truncated": false,
                        "trafficLightColor": "green"
                    },
                    "box2d": {
                        "x1": 541.088445,
                        "y1": 266.626844,
                        "x2": 548.433537,
                        "y2": 278.868664
                    }
                },
                {
                    "category": "traffic light",
                    "id": 3,
                    "attributes": {
                        "occluded": false,
                        "truncated": false,
                        "trafficLightColor": "green"
                    },
                    "box2d": {
                        "x1": 646.368096,
                        "y1": 276.420299,
                        "x2": 652.489006,
                        "y2": 286.213756
                    }
                },
                {
                    "category": "traffic light",
                    "id": 4,
                    "attributes": {
                        "occluded": false,
                        "truncated": false,
                        "trafficLightColor": "green"
                    },
                    "box2d": {
                        "x1": 612.091001,
                        "y1": 284.989574,
                        "x2": 616.987729,
                        "y2": 294.783031
                    }
                },
                {
                    "category": "traffic light",
                    "id": 5,
                    "attributes": {
                        "occluded": false,
                        "truncated": false,
                        "trafficLightColor": "green"
                    },
                    "box2d": {
                        "x1": 505.587167,
                        "y1": 291.110485,
                        "x2": 509.259713,
                        "y2": 300.903941
                    }
                },
                {
                    "category": "traffic light",
                    "id": 6,
                    "attributes": {
                        "occluded": false,
                        "truncated": false,
                        "trafficLightColor": "none"
                    },
                    "box2d": {
                        "x1": 248.508946,
                        "y1": 165.019733,
                        "x2": 279.113496,
                        "y2": 209.090285
                    }
                },
                {
                    "category": "traffic sign",
                    "id": 7,
                    "attributes": {
                        "occluded": false,
                        "truncated": false,
                        "trafficLightColor": "none"
                    },
                    "box2d": {
                        "x1": 310.942228,
                        "y1": 246.060582,
                        "x2": 336.65005,
                        "y2": 272.992586
                    }
                },
                {
                    "category": "traffic sign",
                    "id": 8,
                    "attributes": {
                        "occluded": false,
                        "truncated": false,
                        "trafficLightColor": "none"
                    },
                    "box2d": {
                        "x1": 406.428426,
                        "y1": 263.199129,
                        "x2": 423.566974,
                        "y2": 280.337678
                    }
                },
                {
                    "category": "traffic sign",
                    "id": 9,
                    "attributes": {
                        "occluded": false,
                        "truncated": false,
                        "trafficLightColor": "none"
                    },
                    "box2d": {
                        "x1": 870.883105,
                        "y1": 296.252045,
                        "x2": 891.694199,
                        "y2": 321.959866
                    }
                },
                {
                    "category": "traffic sign",
                    "id": 10,
                    "attributes": {
                        "occluded": false,
                        "truncated": false,
                        "trafficLightColor": "none"
                    },
                    "box2d": {
                        "x1": 633.636611,
                        "y1": 301.148771,
                        "x2": 643.430068,
                        "y2": 313.390591
                    }
                },
                {
                    "category": "traffic sign",
                    "id": 11,
                    "attributes": {
                        "occluded": true,
                        "truncated": false,
                        "trafficLightColor": "none"
                    },
                    "box2d": {
                        "x1": 748.954571,
                        "y1": 250.957311,
                        "x2": 827.302218,
                        "y2": 275.440951
                    }
                },
                {
                    "category": "car",
                    "id": 12,
                    "attributes": {
                        "occluded": true,
                        "truncated": false,
                        "trafficLightColor": "none"
                    },
                    "box2d": {
                        "x1": 574.141359,
                        "y1": 303.903182,
                        "x2": 581.486451,
                        "y2": 313.696639
                    }
                },
                {
                    "category": "car",
                    "id": 13,
                    "attributes": {
                        "occluded": true,
                        "truncated": false,
                        "trafficLightColor": "none"
                    },
                    "box2d": {
                        "x1": 555.778629,
                        "y1": 305.127364,
                        "x2": 566.796267,
                        "y2": 314.920821
                    }
                },
                {
                    "category": "car",
                    "id": 14,
                    "attributes": {
                        "occluded": true,
                        "truncated": false,
                        "trafficLightColor": "none"
                    },
                    "box2d": {
                        "x1": 543.536809,
                        "y1": 302.679,
                        "x2": 555.778629,
                        "y2": 318.593367
                    }
                },
                {
                    "category": "car",
                    "id": 15,
                    "attributes": {
                        "occluded": true,
                        "truncated": false,
                        "trafficLightColor": "none"
                    },
                    "box2d": {
                        "x1": 531.294989,
                        "y1": 305.127364,
                        "x2": 550.8819,
                        "y2": 324.714276
                    }
                },
                {
                    "category": "car",
                    "id": 16,
                    "attributes": {
                        "occluded": true,
                        "truncated": false,
                        "trafficLightColor": "none"
                    },
                    "box2d": {
                        "x1": 519.053168,
                        "y1": 310.024092,
                        "x2": 544.76099,
                        "y2": 327.162641
                    }
                },
                {
                    "category": "car",
                    "id": 17,
                    "attributes": {
                        "occluded": true,
                        "truncated": false,
                        "trafficLightColor": "none"
                    },
                    "box2d": {
                        "x1": 394.186606,
                        "y1": 297.782272,
                        "x2": 497.017893,
                        "y2": 371.233193
                    }
                },
                {
                    "category": "car",
                    "id": 18,
                    "attributes": {
                        "occluded": true,
                        "truncated": false,
                        "trafficLightColor": "none"
                    },
                    "box2d": {
                        "x1": 302.372955,
                        "y1": 296.55809,
                        "x2": 450.498978,
                        "y2": 392.044286
                    }
                },
                {
                    "category": "car",
                    "id": 19,
                    "attributes": {
                        "occluded": true,
                        "truncated": false,
                        "trafficLightColor": "none"
                    },
                    "box2d": {
                        "x1": 281.561859,
                        "y1": 294.109725,
                        "x2": 307.269681,
                        "y2": 335.731914
                    }
                },
                {
                    "category": "car",
                    "id": 20,
                    "attributes": {
                        "occluded": true,
                        "truncated": false,
                        "trafficLightColor": "none"
                    },
                    "box2d": {
                        "x1": 216.680214,
                        "y1": 294.109725,
                        "x2": 292.579498,
                        "y2": 341.852824
                    }
                },
                {
                    "category": "car",
                    "id": 21,
                    "attributes": {
                        "occluded": true,
                        "truncated": false,
                        "trafficLightColor": "none"
                    },
                    "box2d": {
                        "x1": 138.332566,
                        "y1": 292.885544,
                        "x2": 250.957311,
                        "y2": 344.301188
                    }
                },
                {
                    "category": "car",
                    "id": 22,
                    "attributes": {
                        "occluded": true,
                        "truncated": false,
                        "trafficLightColor": "none"
                    },
                    "box2d": {
                        "x1": 61.209101,
                        "y1": 286.764634,
                        "x2": 170.161298,
                        "y2": 351.646279
                    }
                },
                {
                    "category": "car",
                    "id": 23,
                    "attributes": {
                        "occluded": true,
                        "truncated": true,
                        "trafficLightColor": "none"
                    },
                    "box2d": {
                        "x1": 0,
                        "y1": 289.212999,
                        "x2": 83.244376,
                        "y2": 366.336464
                    }
                },
                {
                    "category": "car",
                    "id": 24,
                    "attributes": {
                        "occluded": true,
                        "truncated": true,
                        "trafficLightColor": "none"
                    },
                    "box2d": {
                        "x1": 1093.500573,
                        "y1": 355.318826,
                        "x2": 1279.576237,
                        "y2": 447.132475
                    }
                },
                {
                    "category": "car",
                    "id": 25,
                    "attributes": {
                        "occluded": true,
                        "truncated": false,
                        "trafficLightColor": "none"
                    },
                    "box2d": {
                        "x1": 642.695551,
                        "y1": 300.230635,
                        "x2": 654.937371,
                        "y2": 322.265911
                    }
                },
                {
                    "category": "car",
                    "id": 26,
                    "attributes": {
                        "occluded": true,
                        "truncated": false,
                        "trafficLightColor": "none"
                    },
                    "box2d": {
                        "x1": 592.504089,
                        "y1": 299.006454,
                        "x2": 610.866819,
                        "y2": 317.369184
                    }
                },
                {
                    "category": "car",
                    "id": 27,
                    "attributes": {
                        "occluded": true,
                        "truncated": false,
                        "trafficLightColor": "none"
                    },
                    "box2d": {
                        "x1": 580.262269,
                        "y1": 305.127364,
                        "x2": 591.279907,
                        "y2": 316.145002
                    }
                },
                {
                    "category": "car",
                    "id": 28,
                    "attributes": {
                        "occluded": true,
                        "truncated": false,
                        "trafficLightColor": "none"
                    },
                    "box2d": {
                        "x1": 801.839211,
                        "y1": 329.611004,
                        "x2": 852.030673,
                        "y2": 365.112283
                    }
                },
                {
                    "category": "car",
                    "id": 29,
                    "attributes": {
                        "occluded": true,
                        "truncated": false,
                        "trafficLightColor": "none"
                    },
                    "box2d": {
                        "x1": 867.945038,
                        "y1": 339.404461,
                        "x2": 970.776326,
                        "y2": 393.268468
                    }
                },
                {
                    "category": "car",
                    "id": 30,
                    "attributes": {
                        "occluded": false,
                        "truncated": false,
                        "trafficLightColor": "none"
                    },
                    "box2d": {
                        "x1": 565.572086,
                        "y1": 315.838956,
                        "x2": 615.763548,
                        "y2": 357.461145
                    }
                },
                {
                    "category": "bus",
                    "id": 31,
                    "attributes": {
                        "occluded": false,
                        "truncated": false,
                        "trafficLightColor": "none"
                    },
                    "box2d": {
                        "x1": 648.816461,
                        "y1": 253.405674,
                        "x2": 807.960121,
                        "y2": 395.410787
                    }
                },
                {
                    "category": "person",
                    "id": 32,
                    "attributes": {
                        "occluded": false,
                        "truncated": false,
                        "trafficLightColor": "none"
                    },
                    "box2d": {
                        "x1": 841.992403,
                        "y1": 332.977503,
                        "x2": 867.700225,
                        "y2": 392.962422
                    }
                },
                {
                    "category": "area/drivable",
                    "id": 33,
                    "attributes": {},
                    "poly2d": [
                        [
                            521.56119,
                            361.848672,
                            "L"
                        ],
                        [
                            268.267119,
                            595.178677,
                            "L"
                        ],
                        [
                            451.686962,
                            576.462368,
                            "C"
                        ],
                        [
                            647.584349,
                            581.453384,
                            "C"
                        ],
                        [
                            819.774407,
                            600.169695,
                            "C"
                        ],
                        [
                            620.13376,
                            370.582952,
                            "L"
                        ],
                        [
                            521.56119,
                            361.848672,
                            "L"
                        ]
                    ]
                },
                {
                    "category": "area/alternative",
                    "id": 34,
                    "attributes": {},
                    "poly2d": [
                        [
                            657.56638,
                            401.776801,
                            "L"
                        ],
                        [
                            802.305849,
                            408.015572,
                            "L"
                        ],
                        [
                            1280.195649,
                            582.701137,
                            "L"
                        ],
                        [
                            1280.195649,
                            661.309643,
                            "L"
                        ],
                        [
                            1129.217409,
                            627.620282,
                            "C"
                        ],
                        [
                            985.725694,
                            612.647235,
                            "C"
                        ],
                        [
                            832.251945,
                            598.921941,
                            "C"
                        ],
                        [
                            657.56638,
                            401.776801,
                            "L"
                        ]
                    ]
                },
                {
                    "category": "area/alternative",
                    "id": 35,
                    "attributes": {},
                    "poly2d": [
                        [
                            823.517667,
                            410.511079,
                            "L"
                        ],
                        [
                            892.144141,
                            399.281294,
                            "L"
                        ],
                        [
                            1280.195649,
                            491.615093,
                            "L"
                        ],
                        [
                            1280.195649,
                            571.471352,
                            "L"
                        ],
                        [
                            823.517667,
                            410.511079,
                            "L"
                        ]
                    ]
                },
                {
                    "category": "lane/crosswalk",
                    "id": 36,
                    "attributes": {
                        "direction": "vertical",
                        "style": "dashed"
                    },
                    "poly2d": [
                        [
                            387.601158,
                            511.473695,
                            "L"
                        ],
                        [
                            1277.685261,
                            556.427436,
                            "L"
                        ]
                    ]
                },
                {
                    "category": "lane/crosswalk",
                    "id": 37,
                    "attributes": {
                        "direction": "vertical",
                        "style": "dashed"
                    },
                    "poly2d": [
                        [
                            393.594991,
                            500.485001,
                            "L"
                        ],
                        [
                            1276.68629,
                            545.438743,
                            "L"
                        ]
                    ]
                },
                {
                    "category": "lane/crosswalk",
                    "id": 38,
                    "attributes": {
                        "direction": "vertical",
                        "style": "dashed"
                    },
                    "poly2d": [
                        [
                            448.538454,
                            435.551817,
                            "C"
                        ],
                        [
                            687.292776,
                            446.54051,
                            "C"
                        ],
                        [
                            914.059433,
                            464.522006,
                            "C"
                        ],
                        [
                            1137.829174,
                            478.507616,
                            "L"
                        ]
                    ]
                },
                {
                    "category": "lane/single white",
                    "id": 39,
                    "attributes": {
                        "direction": "parallel",
                        "style": "dashed"
                    },
                    "poly2d": [
                        [
                            606.376039,
                            355.634053,
                            "L"
                        ],
                        [
                            690.289692,
                            443.543594,
                            "L"
                        ]
                    ]
                },
                {
                    "category": "lane/single white",
                    "id": 40,
                    "attributes": {
                        "direction": "parallel",
                        "style": "dashed"
                    },
                    "poly2d": [
                        [
                            784.193066,
                            397.590879,
                            "L"
                        ],
                        [
                            942.030649,
                            460.526119,
                            "L"
                        ]
                    ]
                }
            ]
        }
    ],
    "attributes": {
        "weather": "snowy",
        "scene": "city street",
        "timeofday": "daytime"
    }
}