{
    "name": "0be36567-bee11e9c",
    "frames": [
        {
            "timestamp": 10000,
            "objects": [
                {
                    "category": "traffic sign",
                    "id": 0,
                    "attributes": {
                        "occluded": false,
                        "truncated": false,
                        "trafficLightColor": "none"
                    },
                    "box2d": {
                        "x1": 138.857205,
                        "y1": 263.387874,
                        "x2": 160.898033,
                        "y2": 288.734824
                    }
                },
                {
                    "category": "traffic sign",
                    "id": 1,
                    "attributes": {
                        "occluded": false,
                        "truncated": false,
                        "trafficLightColor": "none"
                    },
                    "box2d": {
                        "x1": 321.796063,
                        "y1": 297.551153,
                        "x2": 423.183863,
                        "y2": 404.44916
                    }
                },
                {
                    "category": "traffic sign",
                    "id": 2,
                    "attributes": {
                        "occluded": true,
                        "truncated": false,
                        "trafficLightColor": "none"
                    },
                    "box2d": {
                        "x1": 153.183742,
                        "y1": 226.138878,
                        "x2": 189.551106,
                        "y2": 262.506243
                    }
                },
                {
                    "category": "person",
                    "id": 3,
                    "attributes": {
                        "occluded": true,
                        "truncated": false,
                        "trafficLightColor": "none"
                    },
                    "box2d": {
                        "x1": 143.26537,
                        "y1": 311.510351,
                        "x2": 173.020486,
                        "y2": 390.857324
                    }
                },
                {
                    "category": "person",
                    "id": 4,
                    "attributes": {
                        "occluded": true,
                        "truncated": false,
                        "trafficLightColor": "none"
                    },
                    "box2d": {
                        "x1": 168.61232,
                        "y1": 315.918516,
                        "x2": 192.857229,
                        "y2": 387.551201
                    }
                },
                {
                    "category": "person",
                    "id": 5,
                    "attributes": {
                        "occluded": true,
                        "truncated": false,
                        "trafficLightColor": "none"
                    },
                    "box2d": {
                        "x1": 94.775553,
                        "y1": 318.122597,
                        "x2": 123.428626,
                        "y2": 397.46957
                    }
                },
                {
                    "category": "person",
                    "id": 6,
                    "attributes": {
                        "occluded": true,
                        "truncated": false,
                        "trafficLightColor": "none"
                    },
                    "box2d": {
                        "x1": 6.612247,
                        "y1": 318.122597,
                        "x2": 35.265322,
                        "y2": 398.571612
                    }
                },
                {
                    "category": "person",
                    "id": 7,
                    "attributes": {
                        "occluded": true,
                        "truncated": false,
                        "trafficLightColor": "none"
                    },
                    "box2d": {
                        "x1": 59.510231,
                        "y1": 315.918516,
                        "x2": 92.57147,
                        "y2": 396.367532
                    }
                },
                {
                    "category": "car",
                    "id": 8,
                    "attributes": {
                        "occluded": true,
                        "truncated": false,
                        "trafficLightColor": "none"
                    },
                    "box2d": {
                        "x1": 247.959296,
                        "y1": 326.204229,
                        "x2": 322.898102,
                        "y2": 385.71446
                    }
                },
                {
                    "category": "person",
                    "id": 9,
                    "attributes": {
                        "occluded": true,
                        "truncated": false,
                        "trafficLightColor": "none"
                    },
                    "box2d": {
                        "x1": 264.489916,
                        "y1": 326.204229,
                        "x2": 285.4287,
                        "y2": 351.551179
                    }
                },
                {
                    "category": "person",
                    "id": 10,
                    "attributes": {
                        "occluded": true,
                        "truncated": false,
                        "trafficLightColor": "none"
                    },
                    "box2d": {
                        "x1": 918.661677,
                        "y1": 295.567485,
                        "x2": 934.090256,
                        "y2": 325.322598
                    }
                },
                {
                    "category": "person",
                    "id": 11,
                    "attributes": {
                        "occluded": true,
                        "truncated": false,
                        "trafficLightColor": "none"
                    },
                    "box2d": {
                        "x1": 902.131058,
                        "y1": 295.567485,
                        "x2": 923.069842,
                        "y2": 333.036889
                    }
                },
                {
                    "category": "person",
                    "id": 12,
                    "attributes": {
                        "occluded": true,
                        "truncated": false,
                        "trafficLightColor": "none"
                    },
                    "box2d": {
                        "x1": 927.478008,
                        "y1": 295.567485,
                        "x2": 946.21271,
                        "y2": 331.934847
                    }
                },
                {
                    "category": "person",
                    "id": 13,
                    "attributes": {
                        "occluded": true,
                        "truncated": false,
                        "trafficLightColor": "none"
                    },
                    "box2d": {
                        "x1": 940.702505,
                        "y1": 288.955237,
                        "x2": 961.641287,
                        "y2": 338.547096
                    }
                },
                {
                    "category": "person",
                    "id": 14,
                    "attributes": {
                        "occluded": true,
                        "truncated": false,
                        "trafficLightColor": "none"
                    },
                    "box2d": {
                        "x1": 960.539247,
                        "y1": 288.955237,
                        "x2": 985.886198,
                        "y2": 345.159346
                    }
                },
                {
                    "category": "person",
                    "id": 15,
                    "attributes": {
                        "occluded": true,
                        "truncated": false,
                        "trafficLightColor": "none"
                    },
                    "box2d": {
                        "x1": 1013.43723,
                        "y1": 276.832782,
                        "x2": 1050.906634,
                        "y2": 348.465467
                    }
                },
                {
                    "category": "car",
                    "id": 16,
                    "attributes": {
                        "occluded": true,
                        "truncated": false,
                        "trafficLightColor": "none"
                    },
                    "box2d": {
                        "x1": 627.943159,
                        "y1": 311.216467,
                        "x2": 646.677861,
                        "y2": 323.338922
                    }
                },
                {
                    "category": "car",
                    "id": 17,
                    "attributes": {
                        "occluded": true,
                        "truncated": false,
                        "trafficLightColor": "none"
                    },
                    "box2d": {
                        "x1": 615.820705,
                        "y1": 316.726674,
                        "x2": 643.371739,
                        "y2": 339.869542
                    }
                },
                {
                    "category": "truck",
                    "id": 18,
                    "attributes": {
                        "occluded": true,
                        "truncated": false,
                        "trafficLightColor": "none"
                    },
                    "box2d": {
                        "x1": 582.979853,
                        "y1": 291.306263,
                        "x2": 617.143133,
                        "y2": 335.387916
                    }
                },
                {
                    "category": "truck",
                    "id": 19,
                    "attributes": {
                        "occluded": true,
                        "truncated": false,
                        "trafficLightColor": "none"
                    },
                    "box2d": {
                        "x1": 531.183913,
                        "y1": 290.204223,
                        "x2": 588.490061,
                        "y2": 340.898123
                    }
                },
                {
                    "category": "car",
                    "id": 20,
                    "attributes": {
                        "occluded": false,
                        "truncated": false,
                        "trafficLightColor": "none"
                    },
                    "box2d": {
                        "x1": 622.804877,
                        "y1": 304.60422,
                        "x2": 778.192702,
                        "y2": 422.522639
                    }
                },
                {
                    "category": "traffic light",
                    "id": 21,
                    "attributes": {
                        "occluded": false,
                        "truncated": false,
                        "trafficLightColor": "green"
                    },
                    "box2d": {
                        "x1": 196.280542,
                        "y1": 52.654899,
                        "x2": 229.189855,
                        "y2": 117.298191
                    }
                },
                {
                    "category": "traffic sign",
                    "id": 22,
                    "attributes": {
                        "occluded": false,
                        "truncated": false,
                        "trafficLightColor": "none"
                    },
                    "box2d": {
                        "x1": 937.018698,
                        "y1": 183.791963,
                        "x2": 970.014466,
                        "y2": 245.659028
                    }
                },
                {
                    "category": "area/drivable",
                    "id": 23,
                    "attributes": {},
                    "poly2d": [
                        [
                            574.309437,
                            431.999705,
                            "L"
                        ],
                        [
                            787.750053,
                            428.928617,
                            "L"
                        ],
                        [
                            784.678965,
                            359.829137,
                            "L"
                        ],
                        [
                            1280.6437,
                            614.729442,
                            "L"
                        ],
                        [
                            978.15751,
                            596.302914,
                            "C"
                        ],
                        [
                            648.015549,
                            579.41193,
                            "C"
                        ],
                        [
                            397.721876,
                            593.231826,
                            "C"
                        ],
                        [
                            574.309437,
                            431.999705,
                            "L"
                        ]
                    ]
                },
                {
                    "category": "lane/road curb",
                    "id": 24,
                    "attributes": {
                        "direction": "parallel",
                        "style": "solid"
                    },
                    "poly2d": [
                        [
                            2.495508,
                            419.245358,
                            "L"
                        ],
                        [
                            260.780595,
                            384.308245,
                            "L"
                        ]
                    ]
                },
                {
                    "category": "lane/single white",
                    "id": 25,
                    "attributes": {
                        "direction": "parallel",
                        "style": "solid"
                    },
                    "poly2d": [
                        [
                            0,
                            441.704931,
                            "L"
                        ],
                        [
                            289.478938,
                            393.042522,
                            "L"
                        ]
                    ]
                },
                {
                    "category": "lane/single white",
                    "id": 26,
                    "attributes": {
                        "direction": "parallel",
                        "style": "dashed"
                    },
                    "poly2d": [
                        [
                            48.662408,
                            467.907766,
                            "L"
                        ],
                        [
                            325.663805,
                            405.520064,
                            "L"
                        ]
                    ]
                },
                {
                    "category": "lane/single yellow",
                    "id": 27,
                    "attributes": {
                        "direction": "parallel",
                        "style": "solid"
                    },
                    "poly2d": [
                        [
                            215.861449,
                            505.340387,
                            "L"
                        ],
                        [
                            255.789578,
                            490.367339,
                            "L"
                        ]
                    ]
                },
                {
                    "category": "lane/single yellow",
                    "id": 28,
                    "attributes": {
                        "direction": "parallel",
                        "style": "solid"
                    },
                    "poly2d": [
                        [
                            224.595728,
                            506.588141,
                            "L"
                        ],
                        [
                            250.798563,
                            497.853862,
                            "L"
                        ]
                    ]
                },
                {
                    "category": "lane/single yellow",
                    "id": 29,
                    "attributes": {
                        "direction": "parallel",
                        "style": "solid"
                    },
                    "poly2d": [
                        [
                            401.776803,
                            554.002795,
                            "L"
                        ],
                        [
                            466.660012,
                            507.835895,
                            "L"
                        ]
                    ]
                },
                {
                    "category": "lane/single yellow",
                    "id": 30,
                    "attributes": {
                        "direction": "parallel",
                        "style": "solid"
                    },
                    "poly2d": [
                        [
                            389.299261,
                            549.011779,
                            "L"
                        ],
                        [
                            445.448193,
                            510.331403,
                            "L"
                        ]
                    ]
                },
                {
                    "category": "lane/double yellow",
                    "id": 31,
                    "attributes": {
                        "direction": "parallel",
                        "style": "solid"
                    },
                    "poly2d": [
                        [
                            500.349372,
                            504.092633,
                            "C"
                        ],
                        [
                            625.124775,
                            374.326213,
                            "C"
                        ],
                        [
                            637.602316,
                            379.31723,
                            "C"
                        ],
                        [
                            605.160712,
                            360.600918,
                            "L"
                        ]
                    ]
                },
                {
                    "category": "lane/double yellow",
                    "id": 32,
                    "attributes": {
                        "direction": "parallel",
                        "style": "solid"
                    },
                    "poly2d": [
                        [
                            470.403274,
                            497.853862,
                            "C"
                        ],
                        [
                            588.939908,
                            389.299261,
                            "C"
                        ],
                        [
                            620.13376,
                            378.069476,
                            "C"
                        ],
                        [
                            597.674187,
                            364.34418,
                            "L"
                        ]
                    ]
                },
                {
                    "category": "lane/double yellow",
                    "id": 33,
                    "attributes": {
                        "direction": "parallel",
                        "style": "solid"
                    },
                    "poly2d": [
                        [
                            441.704931,
                            431.722899,
                            "L"
                        ],
                        [
                            611.399481,
                            355.609903,
                            "L"
                        ]
                    ]
                },
                {
                    "category": "lane/double yellow",
                    "id": 34,
                    "attributes": {
                        "direction": "parallel",
                        "style": "solid"
                    },
                    "poly2d": [
                        [
                            414.254341,
                            429.227391,
                            "L"
                        ],
                        [
                            605.160712,
                            350.618886,
                            "L"
                        ]
                    ]
                },
                {
                    "category": "lane/road curb",
                    "id": 35,
                    "attributes": {
                        "direction": "parallel",
                        "style": "solid"
                    },
                    "poly2d": [
                        [
                            253.29407,
                            511.579158,
                            "C"
                        ],
                        [
                            400.529049,
                            516.570174,
                            "C"
                        ],
                        [
                            450.439209,
                            517.817927,
                            "C"
                        ],
                        [
                            507.835895,
                            452.934718,
                            "L"
                        ]
                    ]
                },
                {
                    "category": "lane/crosswalk",
                    "id": 36,
                    "attributes": {
                        "direction": "vertical",
                        "style": "dashed"
                    },
                    "poly2d": [
                        [
                            2.495508,
                            461.668997,
                            "C"
                        ],
                        [
                            136.005192,
                            489.119585,
                            "C"
                        ],
                        [
                            290.726692,
                            521.561191,
                            "C"
                        ],
                        [
                            479.137552,
                            577.710122,
                            "L"
                        ]
                    ]
                },
                {
                    "category": "lane/crosswalk",
                    "id": 37,
                    "attributes": {
                        "direction": "vertical",
                        "style": "dashed"
                    },
                    "poly2d": [
                        [
                            435.46616,
                            592.68317,
                            "C"
                        ],
                        [
                            269.514873,
                            535.286483,
                            "C"
                        ],
                        [
                            131.014175,
                            501.597125,
                            "C"
                        ],
                        [
                            0,
                            477.889799,
                            "L"
                        ]
                    ]
                }
            ]
        }
    ],
    "attributes": {
        "weather": "clear",
        "scene": "city street",
        "timeofday": "daytime"
    }
}