{
    "name": "0bf28365-020515e2",
    "frames": [
        {
            "timestamp": 10000,
            "objects": [
                {
                    "category": "car",
                    "id": 0,
                    "attributes": {
                        "occluded": true,
                        "truncated": false,
                        "trafficLightColor": "none"
                    },
                    "box2d": {
                        "x1": 653.537721,
                        "y1": 341.27002,
                        "x2": 662.548149,
                        "y2": 359.290878
                    }
                },
                {
                    "category": "car",
                    "id": 1,
                    "attributes": {
                        "occluded": true,
                        "truncated": false,
                        "trafficLightColor": "none"
                    },
                    "box2d": {
                        "x1": 643.400987,
                        "y1": 341.27002,
                        "x2": 656.916631,
                        "y2": 363.796094
                    }
                },
                {
                    "category": "car",
                    "id": 2,
                    "attributes": {
                        "occluded": true,
                        "truncated": false,
                        "trafficLightColor": "none"
                    },
                    "box2d": {
                        "x1": 623.12752,
                        "y1": 326.628072,
                        "x2": 651.285113,
                        "y2": 367.175002
                    }
                },
                {
                    "category": "car",
                    "id": 3,
                    "attributes": {
                        "occluded": true,
                        "truncated": false,
                        "trafficLightColor": "none"
                    },
                    "box2d": {
                        "x1": 539.781047,
                        "y1": 301.849391,
                        "x2": 631.011646,
                        "y2": 387.448472
                    }
                },
                {
                    "category": "car",
                    "id": 4,
                    "attributes": {
                        "occluded": false,
                        "truncated": false,
                        "trafficLightColor": "none"
                    },
                    "box2d": {
                        "x1": 660.295542,
                        "y1": 322.122858,
                        "x2": 726.747462,
                        "y2": 377.311737
                    }
                },
                {
                    "category": "car",
                    "id": 5,
                    "attributes": {
                        "occluded": false,
                        "truncated": false,
                        "trafficLightColor": "none"
                    },
                    "box2d": {
                        "x1": 742.515712,
                        "y1": 332.25959,
                        "x2": 808.96763,
                        "y2": 376.185435
                    }
                },
                {
                    "category": "car",
                    "id": 6,
                    "attributes": {
                        "occluded": false,
                        "truncated": false,
                        "trafficLightColor": "none"
                    },
                    "box2d": {
                        "x1": 187.24799,
                        "y1": 264.681369,
                        "x2": 570.191247,
                        "y2": 529.362738
                    }
                },
                {
                    "category": "car",
                    "id": 7,
                    "attributes": {
                        "occluded": false,
                        "truncated": true,
                        "trafficLightColor": "none"
                    },
                    "box2d": {
                        "x1": 1080.969973,
                        "y1": 304.101998,
                        "x2": 1278.07312,
                        "y2": 571.035973
                    }
                },
                {
                    "category": "area/drivable",
                    "id": 8,
                    "attributes": {},
                    "poly2d": [
                        [
                            145.892659,
                            531.298226,
                            "L"
                        ],
                        [
                            0,
                            583.506722,
                            "L"
                        ],
                        [
                            0,
                            612.682059,
                            "L"
                        ],
                        [
                            502.138868,
                            591.184442,
                            "C"
                        ],
                        [
                            646.480005,
                            558.938018,
                            "C"
                        ],
                        [
                            1280.6437,
                            678.71045,
                            "C"
                        ],
                        [
                            1280.6437,
                            646.464026,
                            "L"
                        ],
                        [
                            1082.574502,
                            532.83377,
                            "L"
                        ],
                        [
                            1081.038957,
                            434.558953,
                            "L"
                        ],
                        [
                            833.816374,
                            383.886001,
                            "L"
                        ],
                        [
                            646.480005,
                            380.814913,
                            "L"
                        ],
                        [
                            628.868038,
                            398.03354,
                            "L"
                        ],
                        [
                            589.664877,
                            397.705897,
                            "L"
                        ],
                        [
                            554.347365,
                            548.189209,
                            "L"
                        ],
                        [
                            145.892659,
                            531.298226,
                            "L"
                        ]
                    ]
                },
                {
                    "category": "lane/road curb",
                    "id": 9,
                    "attributes": {
                        "direction": "parallel",
                        "style": "solid"
                    },
                    "poly2d": [
                        [
                            812.131582,
                            372.173686,
                            "L"
                        ],
                        [
                            1097.336847,
                            433.56316,
                            "L"
                        ]
                    ]
                },
                {
                    "category": "lane/road curb",
                    "id": 10,
                    "attributes": {
                        "direction": "parallel",
                        "style": "solid"
                    },
                    "poly2d": [
                        [
                            0,
                            402.868423,
                            "L"
                        ],
                        [
                            195.678948,
                            387.521055,
                            "L"
                        ]
                    ]
                },
                {
                    "category": "lane/double yellow",
                    "id": 11,
                    "attributes": {
                        "direction": "parallel",
                        "style": "solid"
                    },
                    "poly2d": [
                        [
                            198.498074,
                            485.359807,
                            "L"
                        ],
                        [
                            0,
                            554.513974,
                            "L"
                        ]
                    ]
                },
                {
                    "category": "lane/double yellow",
                    "id": 12,
                    "attributes": {
                        "direction": "parallel",
                        "style": "solid"
                    },
                    "poly2d": [
                        [
                            211.026317,
                            500.068424,
                            "L"
                        ],
                        [
                            0,
                            583.200003,
                            "L"
                        ]
                    ]
                }
            ]
        }
    ],
    "attributes": {
        "weather": "clear",
        "scene": "city street",
        "timeofday": "daytime"
    }
}