{
    "name": "0bf8851e-e3f5b31d",
    "frames": [
        {
            "timestamp": 10000,
            "objects": [
                {
                    "category": "car",
                    "id": 0,
                    "attributes": {
                        "occluded": true,
                        "truncated": false,
                        "trafficLightColor": "none"
                    },
                    "box2d": {
                        "x1": 500.349371,
                        "y1": 340.636854,
                        "x2": 560.241565,
                        "y2": 411.758834
                    }
                },
                {
                    "category": "car",
                    "id": 1,
                    "attributes": {
                        "occluded": true,
                        "truncated": false,
                        "trafficLightColor": "none"
                    },
                    "box2d": {
                        "x1": 552.755041,
                        "y1": 363.096426,
                        "x2": 571.471352,
                        "y2": 381.812737
                    }
                },
                {
                    "category": "car",
                    "id": 2,
                    "attributes": {
                        "occluded": true,
                        "truncated": false,
                        "trafficLightColor": "none"
                    },
                    "box2d": {
                        "x1": 560.241565,
                        "y1": 359.353164,
                        "x2": 586.4444,
                        "y2": 398.033541
                    }
                },
                {
                    "category": "car",
                    "id": 3,
                    "attributes": {
                        "occluded": true,
                        "truncated": false,
                        "trafficLightColor": "none"
                    },
                    "box2d": {
                        "x1": 568.975843,
                        "y1": 358.10541,
                        "x2": 622.629267,
                        "y2": 396.785787
                    }
                },
                {
                    "category": "car",
                    "id": 4,
                    "attributes": {
                        "occluded": true,
                        "truncated": false,
                        "trafficLightColor": "none"
                    },
                    "box2d": {
                        "x1": 583.948892,
                        "y1": 363.096426,
                        "x2": 633.859054,
                        "y2": 403.024557
                    }
                },
                {
                    "category": "car",
                    "id": 5,
                    "attributes": {
                        "occluded": true,
                        "truncated": false,
                        "trafficLightColor": "none"
                    },
                    "box2d": {
                        "x1": 596.426432,
                        "y1": 365.591935,
                        "x2": 635.106809,
                        "y2": 403.024556
                    }
                },
                {
                    "category": "car",
                    "id": 6,
                    "attributes": {
                        "occluded": true,
                        "truncated": false,
                        "trafficLightColor": "none"
                    },
                    "box2d": {
                        "x1": 616.390497,
                        "y1": 354.362148,
                        "x2": 717.458575,
                        "y2": 424.236375
                    }
                },
                {
                    "category": "car",
                    "id": 7,
                    "attributes": {
                        "occluded": true,
                        "truncated": false,
                        "trafficLightColor": "none"
                    },
                    "box2d": {
                        "x1": 665.052905,
                        "y1": 356.857656,
                        "x2": 806.049112,
                        "y2": 451.686963
                    }
                },
                {
                    "category": "car",
                    "id": 8,
                    "attributes": {
                        "occluded": true,
                        "truncated": false,
                        "trafficLightColor": "none"
                    },
                    "box2d": {
                        "x1": 708.724296,
                        "y1": 361.848672,
                        "x2": 1010.680776,
                        "y2": 506.588141
                    }
                },
                {
                    "category": "car",
                    "id": 9,
                    "attributes": {
                        "occluded": true,
                        "truncated": false,
                        "trafficLightColor": "none"
                    },
                    "box2d": {
                        "x1": 311.938511,
                        "y1": 366.839689,
                        "x2": 334.398082,
                        "y2": 381.812737
                    }
                },
                {
                    "category": "car",
                    "id": 10,
                    "attributes": {
                        "occluded": true,
                        "truncated": false,
                        "trafficLightColor": "none"
                    },
                    "box2d": {
                        "x1": 291.974446,
                        "y1": 366.839689,
                        "x2": 326.911559,
                        "y2": 401.776802
                    }
                },
                {
                    "category": "car",
                    "id": 11,
                    "attributes": {
                        "occluded": true,
                        "truncated": false,
                        "trafficLightColor": "none"
                    },
                    "box2d": {
                        "x1": 234.57776,
                        "y1": 359.353164,
                        "x2": 311.938511,
                        "y2": 406.767818
                    }
                },
                {
                    "category": "car",
                    "id": 12,
                    "attributes": {
                        "occluded": true,
                        "truncated": false,
                        "trafficLightColor": "none"
                    },
                    "box2d": {
                        "x1": 142.243961,
                        "y1": 369.335197,
                        "x2": 254.541825,
                        "y2": 426.731883
                    }
                },
                {
                    "category": "car",
                    "id": 13,
                    "attributes": {
                        "occluded": true,
                        "truncated": false,
                        "trafficLightColor": "none"
                    },
                    "box2d": {
                        "x1": 319.425035,
                        "y1": 349.371132,
                        "x2": 403.024556,
                        "y2": 430.475145
                    }
                },
                {
                    "category": "car",
                    "id": 14,
                    "attributes": {
                        "occluded": false,
                        "truncated": false,
                        "trafficLightColor": "none"
                    },
                    "box2d": {
                        "x1": 385.555999,
                        "y1": 340.636854,
                        "x2": 541.525256,
                        "y2": 481.633059
                    }
                },
                {
                    "category": "car",
                    "id": 15,
                    "attributes": {
                        "occluded": false,
                        "truncated": true,
                        "trafficLightColor": "none"
                    },
                    "box2d": {
                        "x1": 1.247754,
                        "y1": 345.62787,
                        "x2": 129.76642,
                        "y2": 486.624077
                    }
                },
                {
                    "category": "car",
                    "id": 16,
                    "attributes": {
                        "occluded": true,
                        "truncated": true,
                        "trafficLightColor": "none"
                    },
                    "box2d": {
                        "x1": 924.585746,
                        "y1": 242.064284,
                        "x2": 1278.947894,
                        "y2": 716.210821
                    }
                },
                {
                    "category": "area/drivable",
                    "id": 17,
                    "attributes": {},
                    "poly2d": [
                        [
                            933.320024,
                            718.70633,
                            "L"
                        ],
                        [
                            734.631516,
                            720.562005,
                            "L"
                        ],
                        [
                            633.381586,
                            671.624538,
                            "C"
                        ],
                        [
                            311.069307,
                            653.062051,
                            "C"
                        ],
                        [
                            79.881966,
                            683.43703,
                            "C"
                        ],
                        [
                            365.06927,
                            482.624668,
                            "L"
                        ],
                        [
                            645.194078,
                            484.312167,
                            "L"
                        ],
                        [
                            933.320024,
                            718.70633,
                            "L"
                        ]
                    ]
                }
            ]
        }
    ],
    "attributes": {
        "weather": "snowy",
        "scene": "residential",
        "timeofday": "daytime"
    }
}