{
    "name": "0c04d29a-6bf85baf",
    "frames": [
        {
            "timestamp": 10000,
            "objects": [
                {
                    "category": "car",
                    "id": 0,
                    "attributes": {
                        "occluded": false,
                        "truncated": false,
                        "trafficLightColor": "none"
                    },
                    "box2d": {
                        "x1": 570.954489,
                        "y1": 294.278822,
                        "x2": 606.160798,
                        "y2": 311.116622
                    }
                },
                {
                    "category": "car",
                    "id": 1,
                    "attributes": {
                        "occluded": true,
                        "truncated": false,
                        "trafficLightColor": "none"
                    },
                    "box2d": {
                        "x1": 552.58598,
                        "y1": 294.278822,
                        "x2": 570.954491,
                        "y2": 304.993785
                    }
                },
                {
                    "category": "car",
                    "id": 2,
                    "attributes": {
                        "occluded": true,
                        "truncated": false,
                        "trafficLightColor": "none"
                    },
                    "box2d": {
                        "x1": 537.278889,
                        "y1": 289.686694,
                        "x2": 554.11669,
                        "y2": 309.585913
                    }
                },
                {
                    "category": "car",
                    "id": 3,
                    "attributes": {
                        "occluded": true,
                        "truncated": false,
                        "trafficLightColor": "none"
                    },
                    "box2d": {
                        "x1": 521.971799,
                        "y1": 289.686694,
                        "x2": 544.932435,
                        "y2": 317.239457
                    }
                },
                {
                    "category": "car",
                    "id": 4,
                    "attributes": {
                        "occluded": true,
                        "truncated": false,
                        "trafficLightColor": "none"
                    },
                    "box2d": {
                        "x1": 486.76549,
                        "y1": 278.971731,
                        "x2": 534.217471,
                        "y2": 326.423713
                    }
                },
                {
                    "category": "car",
                    "id": 5,
                    "attributes": {
                        "occluded": true,
                        "truncated": false,
                        "trafficLightColor": "none"
                    },
                    "box2d": {
                        "x1": 437.7828,
                        "y1": 285.094567,
                        "x2": 512.787543,
                        "y2": 343.261512
                    }
                },
                {
                    "category": "car",
                    "id": 6,
                    "attributes": {
                        "occluded": true,
                        "truncated": false,
                        "trafficLightColor": "none"
                    },
                    "box2d": {
                        "x1": 612.283634,
                        "y1": 291.217404,
                        "x2": 627.590725,
                        "y2": 303.463076
                    }
                },
                {
                    "category": "car",
                    "id": 7,
                    "attributes": {
                        "occluded": true,
                        "truncated": false,
                        "trafficLightColor": "none"
                    },
                    "box2d": {
                        "x1": 612.283634,
                        "y1": 292.748114,
                        "x2": 633.713561,
                        "y2": 309.585913
                    }
                },
                {
                    "category": "car",
                    "id": 8,
                    "attributes": {
                        "occluded": true,
                        "truncated": false,
                        "trafficLightColor": "none"
                    },
                    "box2d": {
                        "x1": 626.060016,
                        "y1": 286.625275,
                        "x2": 647.489942,
                        "y2": 315.70875
                    }
                },
                {
                    "category": "car",
                    "id": 9,
                    "attributes": {
                        "occluded": true,
                        "truncated": false,
                        "trafficLightColor": "none"
                    },
                    "box2d": {
                        "x1": 641.367106,
                        "y1": 285.094567,
                        "x2": 667.38916,
                        "y2": 320.300876
                    }
                },
                {
                    "category": "car",
                    "id": 10,
                    "attributes": {
                        "occluded": true,
                        "truncated": false,
                        "trafficLightColor": "none"
                    },
                    "box2d": {
                        "x1": 653.61278,
                        "y1": 289.686694,
                        "x2": 675.042707,
                        "y2": 324.893003
                    }
                },
                {
                    "category": "car",
                    "id": 11,
                    "attributes": {
                        "occluded": false,
                        "truncated": false,
                        "trafficLightColor": "none"
                    },
                    "box2d": {
                        "x1": 667.389161,
                        "y1": 277.441023,
                        "x2": 746.986036,
                        "y2": 343.261511
                    }
                },
                {
                    "category": "car",
                    "id": 12,
                    "attributes": {
                        "occluded": false,
                        "truncated": false,
                        "trafficLightColor": "none"
                    },
                    "box2d": {
                        "x1": 264.812672,
                        "y1": 257.541805,
                        "x2": 451.559179,
                        "y2": 395.305622
                    }
                },
                {
                    "category": "car",
                    "id": 13,
                    "attributes": {
                        "occluded": true,
                        "truncated": false,
                        "trafficLightColor": "none"
                    },
                    "box2d": {
                        "x1": 745.455325,
                        "y1": 280.50244,
                        "x2": 903.118361,
                        "y2": 401.428458
                    }
                },
                {
                    "category": "car",
                    "id": 14,
                    "attributes": {
                        "occluded": true,
                        "truncated": true,
                        "trafficLightColor": "none"
                    },
                    "box2d": {
                        "x1": 1135.480027,
                        "y1": 266.037245,
                        "x2": 1277.835973,
                        "y2": 356.349079
                    }
                },
                {
                    "category": "car",
                    "id": 15,
                    "attributes": {
                        "occluded": false,
                        "truncated": true,
                        "trafficLightColor": "none"
                    },
                    "box2d": {
                        "x1": 852.298847,
                        "y1": 285.936463,
                        "x2": 1277.835973,
                        "y2": 536.972751
                    }
                },
                {
                    "category": "area/drivable",
                    "id": 16,
                    "attributes": {},
                    "poly2d": [
                        [
                            562.025085,
                            313.762817,
                            "L"
                        ],
                        [
                            215.682918,
                            584.099027,
                            "L"
                        ],
                        [
                            504.737052,
                            560.135989,
                            "C"
                        ],
                        [
                            834.228811,
                            536.172953,
                            "C"
                        ],
                        [
                            1049.896143,
                            593.085166,
                            "C"
                        ],
                        [
                            615.769125,
                            313.762817,
                            "L"
                        ],
                        [
                            562.025085,
                            313.762817,
                            "L"
                        ]
                    ]
                },
                {
                    "category": "lane/road curb",
                    "id": 17,
                    "attributes": {
                        "direction": "parallel",
                        "style": "solid"
                    },
                    "poly2d": [
                        [
                            269.74679,
                            382.304915,
                            "L"
                        ],
                        [
                            0.019157,
                            461.753654,
                            "L"
                        ]
                    ]
                }
            ]
        }
    ],
    "attributes": {
        "weather": "clear",
        "scene": "residential",
        "timeofday": "daytime"
    }
}