{
    "name": "0c140522-227e6f11",
    "frames": [
        {
            "timestamp": 10000,
            "objects": [
                {
                    "category": "car",
                    "id": 0,
                    "attributes": {
                        "occluded": false,
                        "truncated": true,
                        "trafficLightColor": "none"
                    },
                    "box2d": {
                        "x1": 1133.267551,
                        "y1": 280.067994,
                        "x2": 1278.543464,
                        "y2": 506.219157
                    }
                },
                {
                    "category": "car",
                    "id": 1,
                    "attributes": {
                        "occluded": true,
                        "truncated": true,
                        "trafficLightColor": "none"
                    },
                    "box2d": {
                        "x1": 1046.401544,
                        "y1": 256.104957,
                        "x2": 1279.356147,
                        "y2": 395.390111
                    }
                },
                {
                    "category": "car",
                    "id": 2,
                    "attributes": {
                        "occluded": false,
                        "truncated": false,
                        "trafficLightColor": "none"
                    },
                    "box2d": {
                        "x1": 595.596909,
                        "y1": 308.524102,
                        "x2": 685.458298,
                        "y2": 375.920142
                    }
                },
                {
                    "category": "car",
                    "id": 3,
                    "attributes": {
                        "occluded": false,
                        "truncated": false,
                        "trafficLightColor": "none"
                    },
                    "box2d": {
                        "x1": 730.388992,
                        "y1": 313.01717,
                        "x2": 793.291964,
                        "y2": 356.450176
                    }
                },
                {
                    "category": "car",
                    "id": 4,
                    "attributes": {
                        "occluded": true,
                        "truncated": false,
                        "trafficLightColor": "none"
                    },
                    "box2d": {
                        "x1": 448.823307,
                        "y1": 333.984828,
                        "x2": 478.777103,
                        "y2": 353.454796
                    }
                },
                {
                    "category": "car",
                    "id": 5,
                    "attributes": {
                        "occluded": true,
                        "truncated": false,
                        "trafficLightColor": "none"
                    },
                    "box2d": {
                        "x1": 706.425955,
                        "y1": 320.50562,
                        "x2": 745.36589,
                        "y2": 348.961728
                    }
                },
                {
                    "category": "car",
                    "id": 6,
                    "attributes": {
                        "occluded": true,
                        "truncated": false,
                        "trafficLightColor": "none"
                    },
                    "box2d": {
                        "x1": 695.942127,
                        "y1": 332.487139,
                        "x2": 709.421335,
                        "y2": 347.464037
                    }
                },
                {
                    "category": "car",
                    "id": 7,
                    "attributes": {
                        "occluded": true,
                        "truncated": false,
                        "trafficLightColor": "none"
                    },
                    "box2d": {
                        "x1": 788.798896,
                        "y1": 317.510241,
                        "x2": 811.264242,
                        "y2": 350.459415
                    }
                },
                {
                    "category": "car",
                    "id": 8,
                    "attributes": {
                        "occluded": false,
                        "truncated": false,
                        "trafficLightColor": "none"
                    },
                    "box2d": {
                        "x1": 685.458298,
                        "y1": 332.487139,
                        "x2": 695.942127,
                        "y2": 345.966346
                    }
                },
                {
                    "category": "traffic sign",
                    "id": 9,
                    "attributes": {
                        "occluded": false,
                        "truncated": false,
                        "trafficLightColor": "none"
                    },
                    "box2d": {
                        "x1": 862.185696,
                        "y1": 290.551824,
                        "x2": 904.121011,
                        "y2": 313.01717
                    }
                },
                {
                    "category": "traffic sign",
                    "id": 10,
                    "attributes": {
                        "occluded": false,
                        "truncated": false,
                        "trafficLightColor": "none"
                    },
                    "box2d": {
                        "x1": 98.106959,
                        "y1": 287.556444,
                        "x2": 146.289965,
                        "y2": 332.487139
                    }
                },
                {
                    "category": "area/drivable",
                    "id": 11,
                    "attributes": {},
                    "poly2d": [
                        [
                            556.498303,
                            384.308245,
                            "L"
                        ],
                        [
                            213.365941,
                            570.223599,
                            "L"
                        ],
                        [
                            470.403273,
                            531.543223,
                            "C"
                        ],
                        [
                            738.670393,
                            521.56119,
                            "C"
                        ],
                        [
                            969.504891,
                            536.534239,
                            "C"
                        ],
                        [
                            736.174886,
                            381.812737,
                            "L"
                        ],
                        [
                            556.498303,
                            384.308245,
                            "L"
                        ]
                    ]
                },
                {
                    "category": "area/alternative",
                    "id": 12,
                    "attributes": {},
                    "poly2d": [
                        [
                            732.431623,
                            369.335196,
                            "L"
                        ],
                        [
                            816.031144,
                            363.096425,
                            "L"
                        ],
                        [
                            1121.730884,
                            413.006588,
                            "L"
                        ],
                        [
                            1155.420245,
                            542.773009,
                            "L"
                        ],
                        [
                            985.725694,
                            536.534239,
                            "L"
                        ],
                        [
                            732.431623,
                            369.335196,
                            "L"
                        ]
                    ]
                },
                {
                    "category": "area/alternative",
                    "id": 13,
                    "attributes": {},
                    "poly2d": [
                        [
                            817.318959,
                            354.374756,
                            "L"
                        ],
                        [
                            824.068955,
                            347.624761,
                            "L"
                        ],
                        [
                            1040.068806,
                            359.437253,
                            "L"
                        ],
                        [
                            1053.568797,
                            393.18723,
                            "L"
                        ],
                        [
                            817.318959,
                            354.374756,
                            "L"
                        ]
                    ]
                },
                {
                    "category": "lane/road curb",
                    "id": 14,
                    "attributes": {
                        "direction": "parallel",
                        "style": "solid"
                    },
                    "poly2d": [
                        [
                            212.585034,
                            571.1622,
                            "L"
                        ],
                        [
                            599.33612,
                            357.296533,
                            "L"
                        ]
                    ]
                },
                {
                    "category": "lane/road curb",
                    "id": 15,
                    "attributes": {
                        "direction": "parallel",
                        "style": "solid"
                    },
                    "poly2d": [
                        [
                            1.280633,
                            389.312351,
                            "L"
                        ],
                        [
                            353.454635,
                            361.138431,
                            "L"
                        ]
                    ]
                },
                {
                    "category": "lane/single white",
                    "id": 16,
                    "attributes": {
                        "direction": "parallel",
                        "style": "dashed"
                    },
                    "poly2d": [
                        [
                            700.506106,
                            354.735268,
                            "L"
                        ],
                        [
                            965.597082,
                            537.865749,
                            "L"
                        ]
                    ]
                },
                {
                    "category": "lane/single white",
                    "id": 17,
                    "attributes": {
                        "direction": "parallel",
                        "style": "dashed"
                    },
                    "poly2d": [
                        [
                            709.470535,
                            354.735268,
                            "L"
                        ],
                        [
                            998.893533,
                            540.427014,
                            "L"
                        ]
                    ]
                },
                {
                    "category": "lane/single white",
                    "id": 18,
                    "attributes": {
                        "direction": "parallel",
                        "style": "dashed"
                    },
                    "poly2d": [
                        [
                            1135.921236,
                            417.486272,
                            "L"
                        ],
                        [
                            813.201787,
                            352.174002,
                            "L"
                        ]
                    ]
                },
                {
                    "category": "lane/road curb",
                    "id": 19,
                    "attributes": {
                        "direction": "parallel",
                        "style": "solid"
                    },
                    "poly2d": [
                        [
                            1043.715679,
                            358.577166,
                            "C"
                        ],
                        [
                            982.245308,
                            354.735268,
                            "C"
                        ],
                        [
                            891.320384,
                            349.612737,
                            "C"
                        ],
                        [
                            814.482419,
                            344.490206,
                            "L"
                        ]
                    ]
                }
            ]
        }
    ],
    "attributes": {
        "weather": "clear",
        "scene": "highway",
        "timeofday": "daytime"
    }
}