{
    "name": "0c154337-09dd2a21",
    "frames": [
        {
            "timestamp": 10000,
            "objects": [
                {
                    "category": "car",
                    "id": 0,
                    "attributes": {
                        "occluded": false,
                        "truncated": true,
                        "trafficLightColor": "none"
                    },
                    "box2d": {
                        "x1": 949.540827,
                        "y1": 183.419845,
                        "x2": 1279.356147,
                        "y2": 445.448193
                    }
                },
                {
                    "category": "car",
                    "id": 1,
                    "attributes": {
                        "occluded": true,
                        "truncated": false,
                        "trafficLightColor": "none"
                    },
                    "box2d": {
                        "x1": 833.4997,
                        "y1": 237.073268,
                        "x2": 1021.910561,
                        "y2": 394.290278
                    }
                },
                {
                    "category": "car",
                    "id": 2,
                    "attributes": {
                        "occluded": true,
                        "truncated": false,
                        "trafficLightColor": "none"
                    },
                    "box2d": {
                        "x1": 756.13895,
                        "y1": 277.001397,
                        "x2": 865.941307,
                        "y2": 360.600918
                    }
                },
                {
                    "category": "car",
                    "id": 3,
                    "attributes": {
                        "occluded": false,
                        "truncated": false,
                        "trafficLightColor": "none"
                    },
                    "box2d": {
                        "x1": 661.309643,
                        "y1": 298.213215,
                        "x2": 702.485524,
                        "y2": 331.902574
                    }
                },
                {
                    "category": "traffic light",
                    "id": 4,
                    "attributes": {
                        "occluded": false,
                        "truncated": false,
                        "trafficLightColor": "red"
                    },
                    "box2d": {
                        "x1": 611.399482,
                        "y1": 217.109203,
                        "x2": 622.629268,
                        "y2": 243.312039
                    }
                },
                {
                    "category": "traffic light",
                    "id": 5,
                    "attributes": {
                        "occluded": false,
                        "truncated": false,
                        "trafficLightColor": "red"
                    },
                    "box2d": {
                        "x1": 628.868038,
                        "y1": 273.258135,
                        "x2": 637.602316,
                        "y2": 288.231184
                    }
                },
                {
                    "category": "traffic light",
                    "id": 6,
                    "attributes": {
                        "occluded": false,
                        "truncated": false,
                        "trafficLightColor": "green"
                    },
                    "box2d": {
                        "x1": 666.300658,
                        "y1": 262.028348,
                        "x2": 675.034936,
                        "y2": 280.744659
                    }
                },
                {
                    "category": "area/drivable",
                    "id": 7,
                    "attributes": {},
                    "poly2d": [
                        [
                            600.169695,
                            335.645838,
                            "L"
                        ],
                        [
                            96.077061,
                            576.462368,
                            "L"
                        ],
                        [
                            483.71234,
                            506.729522,
                            "C"
                        ],
                        [
                            674.119797,
                            494.44517,
                            "C"
                        ],
                        [
                            1101.76682,
                            491.615093,
                            "C"
                        ],
                        [
                            699.990017,
                            338.141345,
                            "L"
                        ],
                        [
                            660.061889,
                            338.141345,
                            "L"
                        ],
                        [
                            656.318625,
                            326.911559,
                            "L"
                        ],
                        [
                            600.169695,
                            335.645838,
                            "L"
                        ]
                    ]
                },
                {
                    "category": "lane/road curb",
                    "id": 8,
                    "attributes": {
                        "direction": "parallel",
                        "style": "solid"
                    },
                    "poly2d": [
                        [
                            86.095028,
                            581.453384,
                            "C"
                        ],
                        [
                            258.285086,
                            499.101617,
                            "C"
                        ],
                        [
                            537.781992,
                            368.087443,
                            "C"
                        ],
                        [
                            601.417449,
                            333.150329,
                            "L"
                        ]
                    ]
                },
                {
                    "category": "lane/road curb",
                    "id": 9,
                    "attributes": {
                        "direction": "parallel",
                        "style": "solid"
                    },
                    "poly2d": [
                        [
                            723.697345,
                            324.416051,
                            "L"
                        ],
                        [
                            761.129966,
                            333.150329,
                            "L"
                        ]
                    ]
                }
            ]
        }
    ],
    "attributes": {
        "weather": "overcast",
        "scene": "residential",
        "timeofday": "daytime"
    }
}