{
    "name": "0c1eebb0-dbb11761",
    "frames": [
        {
            "timestamp": 10000,
            "objects": [
                {
                    "category": "car",
                    "id": 0,
                    "attributes": {
                        "occluded": true,
                        "truncated": false,
                        "trafficLightColor": "none"
                    },
                    "box2d": {
                        "x1": 569.496554,
                        "y1": 255.356111,
                        "x2": 587.46883,
                        "y2": 267.337632
                    }
                },
                {
                    "category": "car",
                    "id": 1,
                    "attributes": {
                        "occluded": true,
                        "truncated": false,
                        "trafficLightColor": "none"
                    },
                    "box2d": {
                        "x1": 581.702724,
                        "y1": 258.201724,
                        "x2": 602.670381,
                        "y2": 271.680934
                    }
                },
                {
                    "category": "car",
                    "id": 2,
                    "attributes": {
                        "occluded": true,
                        "truncated": false,
                        "trafficLightColor": "none"
                    },
                    "box2d": {
                        "x1": 590.688863,
                        "y1": 258.201724,
                        "x2": 613.154212,
                        "y2": 273.178623
                    }
                },
                {
                    "category": "car",
                    "id": 3,
                    "attributes": {
                        "occluded": true,
                        "truncated": false,
                        "trafficLightColor": "none"
                    },
                    "box2d": {
                        "x1": 604.168069,
                        "y1": 255.206346,
                        "x2": 632.624177,
                        "y2": 279.169383
                    }
                },
                {
                    "category": "car",
                    "id": 4,
                    "attributes": {
                        "occluded": true,
                        "truncated": false,
                        "trafficLightColor": "none"
                    },
                    "box2d": {
                        "x1": 610.158829,
                        "y1": 255.206346,
                        "x2": 647.601074,
                        "y2": 286.657832
                    }
                },
                {
                    "category": "person",
                    "id": 5,
                    "attributes": {
                        "occluded": false,
                        "truncated": false,
                        "trafficLightColor": "none"
                    },
                    "box2d": {
                        "x1": 640.112626,
                        "y1": 252.210968,
                        "x2": 659.357943,
                        "y2": 301.784496
                    }
                },
                {
                    "category": "car",
                    "id": 6,
                    "attributes": {
                        "occluded": true,
                        "truncated": false,
                        "trafficLightColor": "none"
                    },
                    "box2d": {
                        "x1": 653.367179,
                        "y1": 255.356111,
                        "x2": 693.804806,
                        "y2": 306.277564
                    }
                },
                {
                    "category": "car",
                    "id": 7,
                    "attributes": {
                        "occluded": true,
                        "truncated": false,
                        "trafficLightColor": "none"
                    },
                    "box2d": {
                        "x1": 663.851009,
                        "y1": 247.867665,
                        "x2": 762.698539,
                        "y2": 318.259086
                    }
                },
                {
                    "category": "car",
                    "id": 8,
                    "attributes": {
                        "occluded": true,
                        "truncated": false,
                        "trafficLightColor": "none"
                    },
                    "box2d": {
                        "x1": 701.293257,
                        "y1": 270.333012,
                        "x2": 761.200848,
                        "y2": 334.733672
                    }
                },
                {
                    "category": "car",
                    "id": 9,
                    "attributes": {
                        "occluded": true,
                        "truncated": false,
                        "trafficLightColor": "none"
                    },
                    "box2d": {
                        "x1": 916.960588,
                        "y1": 277.821459,
                        "x2": 987.35201,
                        "y2": 319.007929
                    }
                },
                {
                    "category": "car",
                    "id": 10,
                    "attributes": {
                        "occluded": true,
                        "truncated": false,
                        "trafficLightColor": "none"
                    },
                    "box2d": {
                        "x1": 880.157974,
                        "y1": 274.077236,
                        "x2": 919.097908,
                        "y2": 316.012549
                    }
                },
                {
                    "category": "car",
                    "id": 11,
                    "attributes": {
                        "occluded": true,
                        "truncated": false,
                        "trafficLightColor": "none"
                    },
                    "box2d": {
                        "x1": 544.675454,
                        "y1": 254.607268,
                        "x2": 556.656975,
                        "y2": 269.584165
                    }
                },
                {
                    "category": "car",
                    "id": 12,
                    "attributes": {
                        "occluded": true,
                        "truncated": false,
                        "trafficLightColor": "none"
                    },
                    "box2d": {
                        "x1": 534.191628,
                        "y1": 254.607268,
                        "x2": 547.670836,
                        "y2": 266.588789
                    }
                },
                {
                    "category": "car",
                    "id": 13,
                    "attributes": {
                        "occluded": true,
                        "truncated": false,
                        "trafficLightColor": "none"
                    },
                    "box2d": {
                        "x1": 516.21935,
                        "y1": 248.616508,
                        "x2": 535.689316,
                        "y2": 275.574925
                    }
                },
                {
                    "category": "car",
                    "id": 14,
                    "attributes": {
                        "occluded": true,
                        "truncated": false,
                        "trafficLightColor": "none"
                    },
                    "box2d": {
                        "x1": 502.74014,
                        "y1": 247.118817,
                        "x2": 529.698557,
                        "y2": 278.570304
                    }
                },
                {
                    "category": "car",
                    "id": 15,
                    "attributes": {
                        "occluded": true,
                        "truncated": false,
                        "trafficLightColor": "none"
                    },
                    "box2d": {
                        "x1": 484.767863,
                        "y1": 245.62113,
                        "x2": 520.712419,
                        "y2": 281.565686
                    }
                },
                {
                    "category": "car",
                    "id": 16,
                    "attributes": {
                        "occluded": true,
                        "truncated": false,
                        "trafficLightColor": "none"
                    },
                    "box2d": {
                        "x1": 475.781725,
                        "y1": 248.616508,
                        "x2": 507.233209,
                        "y2": 287.556444
                    }
                },
                {
                    "category": "car",
                    "id": 17,
                    "attributes": {
                        "occluded": true,
                        "truncated": false,
                        "trafficLightColor": "none"
                    },
                    "box2d": {
                        "x1": 456.311755,
                        "y1": 244.123441,
                        "x2": 493.754002,
                        "y2": 293.547202
                    }
                },
                {
                    "category": "car",
                    "id": 18,
                    "attributes": {
                        "occluded": true,
                        "truncated": false,
                        "trafficLightColor": "none"
                    },
                    "box2d": {
                        "x1": 447.325618,
                        "y1": 248.616508,
                        "x2": 475.781725,
                        "y2": 296.542582
                    }
                },
                {
                    "category": "car",
                    "id": 19,
                    "attributes": {
                        "occluded": false,
                        "truncated": false,
                        "trafficLightColor": "none"
                    },
                    "box2d": {
                        "x1": 323.017363,
                        "y1": 205.183503,
                        "x2": 454.814066,
                        "y2": 308.524101
                    }
                },
                {
                    "category": "car",
                    "id": 20,
                    "attributes": {
                        "occluded": false,
                        "truncated": false,
                        "trafficLightColor": "none"
                    },
                    "box2d": {
                        "x1": 724.398235,
                        "y1": 248.616508,
                        "x2": 895.134873,
                        "y2": 380.413212
                    }
                },
                {
                    "category": "car",
                    "id": 21,
                    "attributes": {
                        "occluded": false,
                        "truncated": true,
                        "trafficLightColor": "none"
                    },
                    "box2d": {
                        "x1": 931.079429,
                        "y1": 227.648853,
                        "x2": 1278.543469,
                        "y2": 540.666023
                    }
                },
                {
                    "category": "traffic sign",
                    "id": 22,
                    "attributes": {
                        "occluded": false,
                        "truncated": false,
                        "trafficLightColor": "none"
                    },
                    "box2d": {
                        "x1": 237.649044,
                        "y1": 112.326736,
                        "x2": 264.60746,
                        "y2": 137.787461
                    }
                },
                {
                    "category": "traffic sign",
                    "id": 23,
                    "attributes": {
                        "occluded": false,
                        "truncated": false,
                        "trafficLightColor": "none"
                    },
                    "box2d": {
                        "x1": 667.48602,
                        "y1": 212.671954,
                        "x2": 692.946745,
                        "y2": 224.653473
                    }
                },
                {
                    "category": "traffic light",
                    "id": 24,
                    "attributes": {
                        "occluded": false,
                        "truncated": false,
                        "trafficLightColor": "none"
                    },
                    "box2d": {
                        "x1": 707.923645,
                        "y1": 158.75512,
                        "x2": 718.407474,
                        "y2": 182.718159
                    }
                },
                {
                    "category": "area/drivable",
                    "id": 25,
                    "attributes": {},
                    "poly2d": [
                        [
                            557.928685,
                            268.682948,
                            "L"
                        ],
                        [
                            440.972579,
                            320.839048,
                            "L"
                        ],
                        [
                            322.435984,
                            312.93661,
                            "L"
                        ],
                        [
                            199.157926,
                            328.741489,
                            "C"
                        ],
                        [
                            124.874993,
                            358.77076,
                            "C"
                        ],
                        [
                            0,
                            358.77076,
                            "C"
                        ],
                        [
                            1.596934,
                            469.404915,
                            "L"
                        ],
                        [
                            327.177448,
                            478.887842,
                            "C"
                        ],
                        [
                            750.748212,
                            486.790282,
                            "C"
                        ],
                        [
                            981.49945,
                            523.141504,
                            "C"
                        ],
                        [
                            586.377468,
                            271.843923,
                            "L"
                        ],
                        [
                            557.928685,
                            268.682948,
                            "L"
                        ]
                    ]
                },
                {
                    "category": "lane/road curb",
                    "id": 26,
                    "attributes": {
                        "direction": "parallel",
                        "style": "solid"
                    },
                    "poly2d": [
                        [
                            1.247754,
                            353.114394,
                            "C"
                        ],
                        [
                            92.333799,
                            361.848672,
                            "C"
                        ],
                        [
                            194.649631,
                            329.407067,
                            "C"
                        ],
                        [
                            330.654821,
                            304.451986,
                            "L"
                        ]
                    ]
                },
                {
                    "category": "lane/road curb",
                    "id": 27,
                    "attributes": {
                        "direction": "parallel",
                        "style": "solid"
                    },
                    "poly2d": [
                        [
                            880.914354,
                            371.830705,
                            "L"
                        ],
                        [
                            933.320024,
                            393.042523,
                            "L"
                        ]
                    ]
                }
            ]
        }
    ],
    "attributes": {
        "weather": "overcast",
        "scene": "residential",
        "timeofday": "daytime"
    }
}