{
    "name": "0c34273d-87a7edaa",
    "frames": [
        {
            "timestamp": 10000,
            "objects": [
                {
                    "category": "traffic sign",
                    "id": 0,
                    "attributes": {
                        "occluded": false,
                        "truncated": false,
                        "trafficLightColor": "none"
                    },
                    "box2d": {
                        "x1": 516.491311,
                        "y1": 161.334379,
                        "x2": 544.445288,
                        "y2": 190.885726
                    }
                },
                {
                    "category": "traffic sign",
                    "id": 1,
                    "attributes": {
                        "occluded": false,
                        "truncated": false,
                        "trafficLightColor": "none"
                    },
                    "box2d": {
                        "x1": 800.024505,
                        "y1": 192.216865,
                        "x2": 835.166647,
                        "y2": 224.164267
                    }
                },
                {
                    "category": "car",
                    "id": 2,
                    "attributes": {
                        "occluded": true,
                        "truncated": false,
                        "trafficLightColor": "none"
                    },
                    "box2d": {
                        "x1": 552.432141,
                        "y1": 253.981844,
                        "x2": 585.976913,
                        "y2": 265.163437
                    }
                },
                {
                    "category": "car",
                    "id": 3,
                    "attributes": {
                        "occluded": true,
                        "truncated": false,
                        "trafficLightColor": "none"
                    },
                    "box2d": {
                        "x1": 520.48474,
                        "y1": 253.183159,
                        "x2": 550.834771,
                        "y2": 262.76738
                    }
                },
                {
                    "category": "car",
                    "id": 4,
                    "attributes": {
                        "occluded": true,
                        "truncated": false,
                        "trafficLightColor": "none"
                    },
                    "box2d": {
                        "x1": 467.771527,
                        "y1": 244.397624,
                        "x2": 514.095259,
                        "y2": 257.97527
                    }
                },
                {
                    "category": "car",
                    "id": 5,
                    "attributes": {
                        "occluded": true,
                        "truncated": false,
                        "trafficLightColor": "none"
                    },
                    "box2d": {
                        "x1": 416.655684,
                        "y1": 242.800254,
                        "x2": 448.603086,
                        "y2": 251.585789
                    }
                },
                {
                    "category": "car",
                    "id": 6,
                    "attributes": {
                        "occluded": true,
                        "truncated": false,
                        "trafficLightColor": "none"
                    },
                    "box2d": {
                        "x1": 759.824026,
                        "y1": 273.150285,
                        "x2": 774.999042,
                        "y2": 287.526614
                    }
                },
                {
                    "category": "car",
                    "id": 7,
                    "attributes": {
                        "occluded": true,
                        "truncated": false,
                        "trafficLightColor": "none"
                    },
                    "box2d": {
                        "x1": 770.206931,
                        "y1": 274.747655,
                        "x2": 793.368798,
                        "y2": 292.318726
                    }
                },
                {
                    "category": "car",
                    "id": 8,
                    "attributes": {
                        "occluded": false,
                        "truncated": false,
                        "trafficLightColor": "none"
                    },
                    "box2d": {
                        "x1": 694.331852,
                        "y1": 253.183159,
                        "x2": 746.24638,
                        "y2": 304.299002
                    }
                },
                {
                    "category": "area/drivable",
                    "id": 9,
                    "attributes": {},
                    "poly2d": [
                        [
                            1157.915752,
                            580.205629,
                            "L"
                        ],
                        [
                            1028.149332,
                            489.119585,
                            "C"
                        ],
                        [
                            792.323817,
                            361.848672,
                            "C"
                        ],
                        [
                            772.359752,
                            309.443003,
                            "C"
                        ],
                        [
                            666.30066,
                            303.204232,
                            "L"
                        ],
                        [
                            279.496907,
                            556.498302,
                            "L"
                        ],
                        [
                            627.620283,
                            522.808945,
                            "C"
                        ],
                        [
                            909.612697,
                            536.534237,
                            "C"
                        ],
                        [
                            1157.915752,
                            580.205629,
                            "C"
                        ]
                    ]
                },
                {
                    "category": "lane/single yellow",
                    "id": 10,
                    "attributes": {
                        "direction": "parallel",
                        "style": "solid"
                    },
                    "poly2d": [
                        [
                            692.546325,
                            291.753361,
                            "L"
                        ],
                        [
                            274.878356,
                            558.938018,
                            "L"
                        ]
                    ]
                },
                {
                    "category": "lane/single yellow",
                    "id": 11,
                    "attributes": {
                        "direction": "parallel",
                        "style": "solid"
                    },
                    "poly2d": [
                        [
                            687.939693,
                            287.146729,
                            "L"
                        ],
                        [
                            244.167476,
                            554.331386,
                            "L"
                        ]
                    ]
                },
                {
                    "category": "lane/single white",
                    "id": 12,
                    "attributes": {
                        "direction": "parallel",
                        "style": "solid"
                    },
                    "poly2d": [
                        [
                            773.930157,
                            294.824449,
                            "C"
                        ],
                        [
                            750.896997,
                            317.857609,
                            "C"
                        ],
                        [
                            1051.863622,
                            503.658434,
                            "C"
                        ],
                        [
                            1199.275847,
                            586.57781,
                            "L"
                        ]
                    ]
                },
                {
                    "category": "lane/single white",
                    "id": 13,
                    "attributes": {
                        "direction": "parallel",
                        "style": "solid"
                    },
                    "poly2d": [
                        [
                            1163.958335,
                            583.506722,
                            "C"
                        ],
                        [
                            1008.86839,
                            491.374082,
                            "C"
                        ],
                        [
                            735.541557,
                            313.250977,
                            "C"
                        ],
                        [
                            764.716893,
                            300.966625,
                            "L"
                        ]
                    ]
                },
                {
                    "category": "lane/road curb",
                    "id": 14,
                    "attributes": {
                        "direction": "parallel",
                        "style": "solid"
                    },
                    "poly2d": [
                        [
                            784.678965,
                            310.179889,
                            "C"
                        ],
                        [
                            819.996477,
                            360.852841,
                            "C"
                        ],
                        [
                            1094.858854,
                            500.587346,
                            "C"
                        ],
                        [
                            1263.768695,
                            598.862162,
                            "L"
                        ]
                    ]
                },
                {
                    "category": "lane/road curb",
                    "id": 15,
                    "attributes": {
                        "direction": "parallel",
                        "style": "solid"
                    },
                    "poly2d": [
                        [
                            666.442077,
                            294.824449,
                            "L"
                        ],
                        [
                            164.319187,
                            566.615738,
                            "L"
                        ]
                    ]
                }
            ]
        }
    ],
    "attributes": {
        "weather": "clear",
        "scene": "highway",
        "timeofday": "daytime"
    }
}