{
    "name": "0c37f221-e2897443",
    "frames": [
        {
            "timestamp": 10000,
            "objects": [
                {
                    "category": "car",
                    "id": 0,
                    "attributes": {
                        "occluded": true,
                        "truncated": false,
                        "trafficLightColor": "none"
                    },
                    "box2d": {
                        "x1": 544.101823,
                        "y1": 306.240812,
                        "x2": 558.784601,
                        "y2": 320.923589
                    }
                },
                {
                    "category": "car",
                    "id": 1,
                    "attributes": {
                        "occluded": true,
                        "truncated": false,
                        "trafficLightColor": "none"
                    },
                    "box2d": {
                        "x1": 533.823878,
                        "y1": 304.772534,
                        "x2": 551.443212,
                        "y2": 323.860148
                    }
                },
                {
                    "category": "car",
                    "id": 2,
                    "attributes": {
                        "occluded": true,
                        "truncated": false,
                        "trafficLightColor": "none"
                    },
                    "box2d": {
                        "x1": 498.585209,
                        "y1": 304.772534,
                        "x2": 522.077655,
                        "y2": 338.542926
                    }
                },
                {
                    "category": "car",
                    "id": 3,
                    "attributes": {
                        "occluded": true,
                        "truncated": false,
                        "trafficLightColor": "none"
                    },
                    "box2d": {
                        "x1": 488.307264,
                        "y1": 307.70909,
                        "x2": 513.267988,
                        "y2": 345.884316
                    }
                },
                {
                    "category": "car",
                    "id": 4,
                    "attributes": {
                        "occluded": true,
                        "truncated": false,
                        "trafficLightColor": "none"
                    },
                    "box2d": {
                        "x1": 448.663762,
                        "y1": 295.962867,
                        "x2": 495.648653,
                        "y2": 348.820869
                    }
                },
                {
                    "category": "car",
                    "id": 5,
                    "attributes": {
                        "occluded": true,
                        "truncated": false,
                        "trafficLightColor": "none"
                    },
                    "box2d": {
                        "x1": 433.980983,
                        "y1": 303.304256,
                        "x2": 479.497596,
                        "y2": 356.162261
                    }
                },
                {
                    "category": "car",
                    "id": 6,
                    "attributes": {
                        "occluded": true,
                        "truncated": false,
                        "trafficLightColor": "none"
                    },
                    "box2d": {
                        "x1": 398.742315,
                        "y1": 295.962867,
                        "x2": 450.13204,
                        "y2": 363.50365
                    }
                },
                {
                    "category": "car",
                    "id": 7,
                    "attributes": {
                        "occluded": true,
                        "truncated": false,
                        "trafficLightColor": "none"
                    },
                    "box2d": {
                        "x1": 596.475626,
                        "y1": 306.240812,
                        "x2": 613.110882,
                        "y2": 322.00956
                    }
                },
                {
                    "category": "car",
                    "id": 8,
                    "attributes": {
                        "occluded": true,
                        "truncated": false,
                        "trafficLightColor": "none"
                    },
                    "box2d": {
                        "x1": 604.74406,
                        "y1": 303.304256,
                        "x2": 618.983993,
                        "y2": 324.765705
                    }
                },
                {
                    "category": "car",
                    "id": 9,
                    "attributes": {
                        "occluded": true,
                        "truncated": false,
                        "trafficLightColor": "none"
                    },
                    "box2d": {
                        "x1": 617.606068,
                        "y1": 306.240812,
                        "x2": 633.666772,
                        "y2": 330.277993
                    }
                },
                {
                    "category": "car",
                    "id": 10,
                    "attributes": {
                        "occluded": true,
                        "truncated": false,
                        "trafficLightColor": "none"
                    },
                    "box2d": {
                        "x1": 621.920549,
                        "y1": 304.772534,
                        "x2": 649.817828,
                        "y2": 331.201537
                    }
                },
                {
                    "category": "car",
                    "id": 11,
                    "attributes": {
                        "occluded": true,
                        "truncated": false,
                        "trafficLightColor": "none"
                    },
                    "box2d": {
                        "x1": 638.071605,
                        "y1": 307.70909,
                        "x2": 661.564051,
                        "y2": 337.074647
                    }
                },
                {
                    "category": "car",
                    "id": 12,
                    "attributes": {
                        "occluded": true,
                        "truncated": false,
                        "trafficLightColor": "none"
                    },
                    "box2d": {
                        "x1": 651.286106,
                        "y1": 307.70909,
                        "x2": 692.397886,
                        "y2": 341.479482
                    }
                },
                {
                    "category": "car",
                    "id": 13,
                    "attributes": {
                        "occluded": true,
                        "truncated": false,
                        "trafficLightColor": "none"
                    },
                    "box2d": {
                        "x1": 680.651663,
                        "y1": 291.558035,
                        "x2": 765.811779,
                        "y2": 363.50365
                    }
                },
                {
                    "category": "car",
                    "id": 14,
                    "attributes": {
                        "occluded": true,
                        "truncated": false,
                        "trafficLightColor": "none"
                    },
                    "box2d": {
                        "x1": 695.334442,
                        "y1": 309.177369,
                        "x2": 762.875223,
                        "y2": 370.845039
                    }
                },
                {
                    "category": "car",
                    "id": 15,
                    "attributes": {
                        "occluded": false,
                        "truncated": false,
                        "trafficLightColor": "none"
                    },
                    "box2d": {
                        "x1": 733.509666,
                        "y1": 313.582201,
                        "x2": 861.24984,
                        "y2": 391.400926
                    }
                },
                {
                    "category": "car",
                    "id": 16,
                    "attributes": {
                        "occluded": false,
                        "truncated": false,
                        "trafficLightColor": "none"
                    },
                    "box2d": {
                        "x1": 290.333597,
                        "y1": 296.229229,
                        "x2": 435.811577,
                        "y2": 397.315986
                    }
                },
                {
                    "category": "rider",
                    "id": 17,
                    "attributes": {
                        "occluded": true,
                        "truncated": false,
                        "trafficLightColor": "none"
                    },
                    "box2d": {
                        "x1": 127.354755,
                        "y1": 287.195149,
                        "x2": 202.236926,
                        "y2": 417.871878
                    }
                },
                {
                    "category": "bike",
                    "id": 18,
                    "attributes": {
                        "occluded": true,
                        "truncated": false,
                        "trafficLightColor": "none"
                    },
                    "box2d": {
                        "x1": 100.925754,
                        "y1": 357.08517,
                        "x2": 240.41215,
                        "y2": 424.625953
                    }
                },
                {
                    "category": "traffic sign",
                    "id": 19,
                    "attributes": {
                        "occluded": false,
                        "truncated": false,
                        "trafficLightColor": "none"
                    },
                    "box2d": {
                        "x1": 1229.737752,
                        "y1": 139.780047,
                        "x2": 1262.039865,
                        "y2": 163.272493
                    }
                },
                {
                    "category": "person",
                    "id": 20,
                    "attributes": {
                        "occluded": true,
                        "truncated": false,
                        "trafficLightColor": "none"
                    },
                    "box2d": {
                        "x1": 857.088851,
                        "y1": 315.679739,
                        "x2": 876.176463,
                        "y2": 355.616896
                    }
                },
                {
                    "category": "person",
                    "id": 21,
                    "attributes": {
                        "occluded": false,
                        "truncated": false,
                        "trafficLightColor": "none"
                    },
                    "box2d": {
                        "x1": 510.281601,
                        "y1": 300.996961,
                        "x2": 529.369213,
                        "y2": 361.196354
                    }
                },
                {
                    "category": "traffic sign",
                    "id": 22,
                    "attributes": {
                        "occluded": false,
                        "truncated": false,
                        "trafficLightColor": "none"
                    },
                    "box2d": {
                        "x1": 305.93205,
                        "y1": 210.845062,
                        "x2": 330.737351,
                        "y2": 225.544499
                    }
                },
                {
                    "category": "traffic light",
                    "id": 23,
                    "attributes": {
                        "occluded": true,
                        "truncated": false,
                        "trafficLightColor": "none"
                    },
                    "box2d": {
                        "x1": 1232.455991,
                        "y1": 219.113495,
                        "x2": 1252.667717,
                        "y2": 253.105945
                    }
                },
                {
                    "category": "car",
                    "id": 24,
                    "attributes": {
                        "occluded": true,
                        "truncated": false,
                        "trafficLightColor": "none"
                    },
                    "box2d": {
                        "x1": 613.931207,
                        "y1": 307.310122,
                        "x2": 628.630645,
                        "y2": 327.521848
                    }
                },
                {
                    "category": "area/drivable",
                    "id": 25,
                    "attributes": {},
                    "poly2d": [
                        [
                            0.015584,
                            620.043583,
                            "L"
                        ],
                        [
                            272.595131,
                            564.62906,
                            "C"
                        ],
                        [
                            714.043941,
                            559.449858,
                            "C"
                        ],
                        [
                            756.348942,
                            570.619819,
                            "C"
                        ],
                        [
                            951.048617,
                            576.610578,
                            "C"
                        ],
                        [
                            1120.287564,
                            575.112889,
                            "C"
                        ],
                        [
                            1280.524791,
                            612.555134,
                            "C"
                        ],
                        [
                            1280.524791,
                            440.320804,
                            "L"
                        ],
                        [
                            1126.278325,
                            429.836976,
                            "C"
                        ],
                        [
                            967.408702,
                            427.393073,
                            "C"
                        ],
                        [
                            864.527254,
                            401.288825,
                            "C"
                        ],
                        [
                            742.869732,
                            395.390111,
                            "L"
                        ],
                        [
                            601.949229,
                            326.047169,
                            "L"
                        ],
                        [
                            557.418453,
                            326.047169,
                            "L"
                        ],
                        [
                            535.920837,
                            342.938153,
                            "L"
                        ],
                        [
                            529.778661,
                            372.113489,
                            "L"
                        ],
                        [
                            482.176796,
                            365.971313,
                            "L"
                        ],
                        [
                            323.516585,
                            434.330047,
                            "L"
                        ],
                        [
                            0.015584,
                            432.832355,
                            "L"
                        ],
                        [
                            0.015584,
                            620.043583,
                            "L"
                        ]
                    ]
                },
                {
                    "category": "lane/crosswalk",
                    "id": 26,
                    "attributes": {
                        "direction": "vertical",
                        "style": "dashed"
                    },
                    "poly2d": [
                        [
                            285.735676,
                            417.997604,
                            "L"
                        ],
                        [
                            869.684569,
                            417.997604,
                            "L"
                        ]
                    ]
                },
                {
                    "category": "lane/crosswalk",
                    "id": 27,
                    "attributes": {
                        "direction": "vertical",
                        "style": "dashed"
                    },
                    "poly2d": [
                        [
                            432.970653,
                            390.547015,
                            "L"
                        ],
                        [
                            772.359752,
                            391.79477,
                            "L"
                        ]
                    ]
                },
                {
                    "category": "lane/crosswalk",
                    "id": 28,
                    "attributes": {
                        "direction": "vertical",
                        "style": "dashed"
                    },
                    "poly2d": [
                        [
                            984.47794,
                            419.245358,
                            "L"
                        ],
                        [
                            1278.947894,
                            467.907766,
                            "L"
                        ]
                    ]
                },
                {
                    "category": "lane/crosswalk",
                    "id": 29,
                    "attributes": {
                        "direction": "vertical",
                        "style": "dashed"
                    },
                    "poly2d": [
                        [
                            96.077061,
                            425.484129,
                            "L"
                        ],
                        [
                            0,
                            441.704931,
                            "L"
                        ]
                    ]
                }
            ]
        }
    ],
    "attributes": {
        "weather": "clear",
        "scene": "city street",
        "timeofday": "dawn/dusk"
    }
}