{
    "name": "0c8a2c79-0194bc27",
    "frames": [
        {
            "timestamp": 10000,
            "objects": [
                {
                    "category": "truck",
                    "id": 0,
                    "attributes": {
                        "occluded": false,
                        "truncated": true,
                        "trafficLightColor": "none"
                    },
                    "box2d": {
                        "x1": 748.821709,
                        "y1": 0,
                        "x2": 1277.9692,
                        "y2": 541.794527
                    }
                },
                {
                    "category": "truck",
                    "id": 1,
                    "attributes": {
                        "occluded": false,
                        "truncated": false,
                        "trafficLightColor": "none"
                    },
                    "box2d": {
                        "x1": 476.700873,
                        "y1": 223.667663,
                        "x2": 699.879108,
                        "y2": 449.782453
                    }
                },
                {
                    "category": "car",
                    "id": 2,
                    "attributes": {
                        "occluded": true,
                        "truncated": false,
                        "trafficLightColor": "none"
                    },
                    "box2d": {
                        "x1": 698.606608,
                        "y1": 353.854965,
                        "x2": 766.147389,
                        "y2": 403.776414
                    }
                },
                {
                    "category": "traffic light",
                    "id": 3,
                    "attributes": {
                        "occluded": true,
                        "truncated": false,
                        "trafficLightColor": "green"
                    },
                    "box2d": {
                        "x1": 766.441041,
                        "y1": 140.073701,
                        "x2": 791.401765,
                        "y2": 212.019318
                    }
                },
                {
                    "category": "car",
                    "id": 4,
                    "attributes": {
                        "occluded": false,
                        "truncated": true,
                        "trafficLightColor": "none"
                    },
                    "box2d": {
                        "x1": 0,
                        "y1": 351.179155,
                        "x2": 35.52157,
                        "y2": 401.232276
                    }
                },
                {
                    "category": "car",
                    "id": 5,
                    "attributes": {
                        "occluded": true,
                        "truncated": false,
                        "trafficLightColor": "none"
                    },
                    "box2d": {
                        "x1": 381.049566,
                        "y1": 356.023004,
                        "x2": 416.571135,
                        "y2": 381.856873
                    }
                },
                {
                    "category": "car",
                    "id": 6,
                    "attributes": {
                        "occluded": true,
                        "truncated": false,
                        "trafficLightColor": "none"
                    },
                    "box2d": {
                        "x1": 413.341902,
                        "y1": 352.793771,
                        "x2": 448.863472,
                        "y2": 381.856874
                    }
                },
                {
                    "category": "car",
                    "id": 7,
                    "attributes": {
                        "occluded": true,
                        "truncated": false,
                        "trafficLightColor": "none"
                    },
                    "box2d": {
                        "x1": 445.634238,
                        "y1": 356.023004,
                        "x2": 476.311957,
                        "y2": 378.62764
                    }
                },
                {
                    "category": "area/drivable",
                    "id": 8,
                    "attributes": {},
                    "poly2d": [
                        [
                            486.569187,
                            462.374682,
                            "L"
                        ],
                        [
                            778.506486,
                            462.374682,
                            "L"
                        ],
                        [
                            908.443897,
                            583.874599,
                            "L"
                        ],
                        [
                            697.506542,
                            553.499619,
                            "C"
                        ],
                        [
                            527.069159,
                            558.562116,
                            "C"
                        ],
                        [
                            295.881818,
                            572.062107,
                            "C"
                        ],
                        [
                            486.569187,
                            462.374682,
                            "L"
                        ]
                    ]
                },
                {
                    "category": "lane/road curb",
                    "id": 9,
                    "attributes": {
                        "direction": "parallel",
                        "style": "solid"
                    },
                    "poly2d": [
                        [
                            520.565397,
                            445.307761,
                            "L"
                        ],
                        [
                            290.233796,
                            574.293458,
                            "L"
                        ]
                    ]
                }
            ]
        }
    ],
    "attributes": {
        "weather": "clear",
        "scene": "city street",
        "timeofday": "daytime"
    }
}