{
    "name": "0cafe7ab-e22edf50",
    "frames": [
        {
            "timestamp": 10000,
            "objects": [
                {
                    "category": "person",
                    "id": 0,
                    "attributes": {
                        "occluded": false,
                        "truncated": true,
                        "trafficLightColor": "none"
                    },
                    "box2d": {
                        "x1": 972.834965,
                        "y1": 288.090834,
                        "x2": 1203.778971,
                        "y2": 719.455003
                    }
                },
                {
                    "category": "car",
                    "id": 1,
                    "attributes": {
                        "occluded": false,
                        "truncated": true,
                        "trafficLightColor": "none"
                    },
                    "box2d": {
                        "x1": 0.83525,
                        "y1": 399.535701,
                        "x2": 269.338948,
                        "y2": 540.724575
                    }
                },
                {
                    "category": "car",
                    "id": 2,
                    "attributes": {
                        "occluded": true,
                        "truncated": false,
                        "trafficLightColor": "none"
                    },
                    "box2d": {
                        "x1": 658.628507,
                        "y1": 389.742253,
                        "x2": 998.950826,
                        "y2": 533.379489
                    }
                },
                {
                    "category": "car",
                    "id": 3,
                    "attributes": {
                        "occluded": true,
                        "truncated": false,
                        "trafficLightColor": "none"
                    },
                    "box2d": {
                        "x1": 547.765359,
                        "y1": 410.306984,
                        "x2": 670.999578,
                        "y2": 452.745259
                    }
                },
                {
                    "category": "car",
                    "id": 4,
                    "attributes": {
                        "occluded": true,
                        "truncated": false,
                        "trafficLightColor": "none"
                    },
                    "box2d": {
                        "x1": 448.198637,
                        "y1": 409.49086,
                        "x2": 552.662083,
                        "y2": 451.929136
                    }
                },
                {
                    "category": "car",
                    "id": 5,
                    "attributes": {
                        "occluded": true,
                        "truncated": false,
                        "trafficLightColor": "none"
                    },
                    "box2d": {
                        "x1": 179.546547,
                        "y1": 402.347488,
                        "x2": 200.765685,
                        "y2": 413.773179
                    }
                },
                {
                    "category": "car",
                    "id": 6,
                    "attributes": {
                        "occluded": true,
                        "truncated": false,
                        "trafficLightColor": "none"
                    },
                    "box2d": {
                        "x1": 252.181287,
                        "y1": 394.186283,
                        "x2": 270.95206,
                        "y2": 410.508698
                    }
                },
                {
                    "category": "car",
                    "id": 7,
                    "attributes": {
                        "occluded": true,
                        "truncated": false,
                        "trafficLightColor": "none"
                    },
                    "box2d": {
                        "x1": 199.949564,
                        "y1": 400.715248,
                        "x2": 275.848784,
                        "y2": 450.498609
                    }
                },
                {
                    "category": "car",
                    "id": 8,
                    "attributes": {
                        "occluded": true,
                        "truncated": false,
                        "trafficLightColor": "none"
                    },
                    "box2d": {
                        "x1": 83.244308,
                        "y1": 401.531367,
                        "x2": 127.314824,
                        "y2": 414.589298
                    }
                },
                {
                    "category": "car",
                    "id": 9,
                    "attributes": {
                        "occluded": true,
                        "truncated": false,
                        "trafficLightColor": "none"
                    },
                    "box2d": {
                        "x1": 115.073014,
                        "y1": 410.508696,
                        "x2": 200.765685,
                        "y2": 443.969644
                    }
                },
                {
                    "category": "truck",
                    "id": 10,
                    "attributes": {
                        "occluded": true,
                        "truncated": false,
                        "trafficLightColor": "none"
                    },
                    "box2d": {
                        "x1": 270.28433,
                        "y1": 393.020058,
                        "x2": 361.689846,
                        "y2": 478.71273
                    }
                },
                {
                    "category": "truck",
                    "id": 11,
                    "attributes": {
                        "occluded": true,
                        "truncated": false,
                        "trafficLightColor": "none"
                    },
                    "box2d": {
                        "x1": 369.851053,
                        "y1": 394.652299,
                        "x2": 452.279239,
                        "y2": 476.264366
                    }
                },
                {
                    "category": "truck",
                    "id": 12,
                    "attributes": {
                        "occluded": false,
                        "truncated": true,
                        "trafficLightColor": "none"
                    },
                    "box2d": {
                        "x1": 1155.70106,
                        "y1": 386.491093,
                        "x2": 1278.119162,
                        "y2": 481.16109
                    }
                },
                {
                    "category": "car",
                    "id": 13,
                    "attributes": {
                        "occluded": true,
                        "truncated": false,
                        "trafficLightColor": "none"
                    },
                    "box2d": {
                        "x1": 967.177187,
                        "y1": 401.181265,
                        "x2": 1037.363565,
                        "y2": 430.561607
                    }
                },
                {
                    "category": "traffic sign",
                    "id": 14,
                    "attributes": {
                        "occluded": false,
                        "truncated": false,
                        "trafficLightColor": "none"
                    },
                    "box2d": {
                        "x1": 40.138303,
                        "y1": 185.947994,
                        "x2": 124.198732,
                        "y2": 216.960579
                    }
                },
                {
                    "category": "traffic sign",
                    "id": 15,
                    "attributes": {
                        "occluded": false,
                        "truncated": false,
                        "trafficLightColor": "none"
                    },
                    "box2d": {
                        "x1": 30.196465,
                        "y1": 386.025076,
                        "x2": 42.438277,
                        "y2": 392.55404
                    }
                },
                {
                    "category": "traffic sign",
                    "id": 16,
                    "attributes": {
                        "occluded": false,
                        "truncated": false,
                        "trafficLightColor": "none"
                    },
                    "box2d": {
                        "x1": 201.581807,
                        "y1": 315.022578,
                        "x2": 217.904219,
                        "y2": 328.896629
                    }
                },
                {
                    "category": "traffic sign",
                    "id": 17,
                    "attributes": {
                        "occluded": false,
                        "truncated": false,
                        "trafficLightColor": "none"
                    },
                    "box2d": {
                        "x1": 212.191374,
                        "y1": 348.483525,
                        "x2": 224.433184,
                        "y2": 373.783266
                    }
                },
                {
                    "category": "traffic sign",
                    "id": 18,
                    "attributes": {
                        "occluded": false,
                        "truncated": false,
                        "trafficLightColor": "none"
                    },
                    "box2d": {
                        "x1": 202.397926,
                        "y1": 373.783266,
                        "x2": 224.433186,
                        "y2": 379.496113
                    }
                },
                {
                    "category": "traffic sign",
                    "id": 19,
                    "attributes": {
                        "occluded": false,
                        "truncated": false,
                        "trafficLightColor": "none"
                    },
                    "box2d": {
                        "x1": 209.743012,
                        "y1": 381.128354,
                        "x2": 226.065427,
                        "y2": 387.657317
                    }
                },
                {
                    "category": "traffic sign",
                    "id": 20,
                    "attributes": {
                        "occluded": false,
                        "truncated": false,
                        "trafficLightColor": "none"
                    },
                    "box2d": {
                        "x1": 355.828612,
                        "y1": 356.644734,
                        "x2": 385.208956,
                        "y2": 362.357581
                    }
                },
                {
                    "category": "traffic sign",
                    "id": 21,
                    "attributes": {
                        "occluded": false,
                        "truncated": false,
                        "trafficLightColor": "none"
                    },
                    "box2d": {
                        "x1": 365.62206,
                        "y1": 363.989818,
                        "x2": 398.266884,
                        "y2": 375.415507
                    }
                },
                {
                    "category": "traffic sign",
                    "id": 22,
                    "attributes": {
                        "occluded": false,
                        "truncated": false,
                        "trafficLightColor": "none"
                    },
                    "box2d": {
                        "x1": 30.196465,
                        "y1": 380.720601,
                        "x2": 42.438306,
                        "y2": 395.410786
                    }
                },
                {
                    "category": "traffic sign",
                    "id": 23,
                    "attributes": {
                        "occluded": true,
                        "truncated": false,
                        "trafficLightColor": "none"
                    },
                    "box2d": {
                        "x1": 266.871457,
                        "y1": 328.080509,
                        "x2": 315.022578,
                        "y2": 344.402922
                    }
                },
                {
                    "category": "traffic light",
                    "id": 24,
                    "attributes": {
                        "occluded": false,
                        "truncated": false,
                        "trafficLightColor": "red"
                    },
                    "box2d": {
                        "x1": 235.042752,
                        "y1": 358.929886,
                        "x2": 244.8362,
                        "y2": 371.171696
                    }
                },
                {
                    "category": "traffic light",
                    "id": 25,
                    "attributes": {
                        "occluded": false,
                        "truncated": false,
                        "trafficLightColor": "none"
                    },
                    "box2d": {
                        "x1": 302.286632,
                        "y1": 234.657007,
                        "x2": 322.689649,
                        "y2": 270.566315
                    }
                },
                {
                    "category": "traffic light",
                    "id": 26,
                    "attributes": {
                        "occluded": false,
                        "truncated": false,
                        "trafficLightColor": "none"
                    },
                    "box2d": {
                        "x1": 300.876484,
                        "y1": 363.445741,
                        "x2": 319.647261,
                        "y2": 387.11324
                    }
                },
                {
                    "category": "traffic light",
                    "id": 27,
                    "attributes": {
                        "occluded": false,
                        "truncated": false,
                        "trafficLightColor": "none"
                    },
                    "box2d": {
                        "x1": 382.488551,
                        "y1": 333.249274,
                        "x2": 392.282001,
                        "y2": 354.468413
                    }
                },
                {
                    "category": "traffic sign",
                    "id": 28,
                    "attributes": {
                        "occluded": true,
                        "truncated": false,
                        "trafficLightColor": "none"
                    },
                    "box2d": {
                        "x1": 189.544025,
                        "y1": 274.828634,
                        "x2": 234.430662,
                        "y2": 315.634669
                    }
                },
                {
                    "category": "traffic light",
                    "id": 29,
                    "attributes": {
                        "occluded": false,
                        "truncated": false,
                        "trafficLightColor": "none"
                    },
                    "box2d": {
                        "x1": 295.639712,
                        "y1": 278.093118,
                        "x2": 314.410489,
                        "y2": 294.415532
                    }
                },
                {
                    "category": "traffic light",
                    "id": 30,
                    "attributes": {
                        "occluded": false,
                        "truncated": false,
                        "trafficLightColor": "none"
                    },
                    "box2d": {
                        "x1": 235.246784,
                        "y1": 339.302169,
                        "x2": 255.649799,
                        "y2": 354.808463
                    }
                },
                {
                    "category": "traffic light",
                    "id": 31,
                    "attributes": {
                        "occluded": false,
                        "truncated": false,
                        "trafficLightColor": "none"
                    },
                    "box2d": {
                        "x1": 258.914282,
                        "y1": 357.256825,
                        "x2": 280.133421,
                        "y2": 373.579237
                    }
                },
                {
                    "category": "traffic light",
                    "id": 32,
                    "attributes": {
                        "occluded": false,
                        "truncated": false,
                        "trafficLightColor": "red"
                    },
                    "box2d": {
                        "x1": 24.075576,
                        "y1": 320.32761,
                        "x2": 55.904307,
                        "y2": 352.156342
                    }
                },
                {
                    "category": "traffic light",
                    "id": 33,
                    "attributes": {
                        "occluded": false,
                        "truncated": false,
                        "trafficLightColor": "none"
                    },
                    "box2d": {
                        "x1": 33.869031,
                        "y1": 218.720506,
                        "x2": 74.267038,
                        "y2": 284.826335
                    }
                },
                {
                    "category": "traffic light",
                    "id": 34,
                    "attributes": {
                        "occluded": false,
                        "truncated": false,
                        "trafficLightColor": "none"
                    },
                    "box2d": {
                        "x1": 51.00758,
                        "y1": 309.718046,
                        "x2": 77.939584,
                        "y2": 341.546778
                    }
                },
                {
                    "category": "traffic light",
                    "id": 35,
                    "attributes": {
                        "occluded": false,
                        "truncated": true,
                        "trafficLightColor": "none"
                    },
                    "box2d": {
                        "x1": 0.816118,
                        "y1": 287.68277,
                        "x2": 30.196485,
                        "y2": 317.063138
                    }
                },
                {
                    "category": "traffic light",
                    "id": 36,
                    "attributes": {
                        "occluded": false,
                        "truncated": true,
                        "trafficLightColor": "none"
                    },
                    "box2d": {
                        "x1": 2.0403,
                        "y1": 321.959866,
                        "x2": 27.748122,
                        "y2": 348.891869
                    }
                },
                {
                    "category": "traffic light",
                    "id": 37,
                    "attributes": {
                        "occluded": true,
                        "truncated": false,
                        "trafficLightColor": "none"
                    },
                    "box2d": {
                        "x1": 93.85395,
                        "y1": 115.481144,
                        "x2": 123.234318,
                        "y2": 165.672606
                    }
                },
                {
                    "category": "area/drivable",
                    "id": 38,
                    "attributes": {},
                    "poly2d": [
                        [
                            0.015979,
                            717.61089,
                            "L"
                        ],
                        [
                            506.7455,
                            720.170138,
                            "L"
                        ],
                        [
                            634.195653,
                            700.719906,
                            "C"
                        ],
                        [
                            767.787981,
                            705.326538,
                            "C"
                        ],
                        [
                            881.418238,
                            720.170138,
                            "C"
                        ],
                        [
                            1016.54611,
                            720.170138,
                            "L"
                        ],
                        [
                            1079.503414,
                            688.435554,
                            "L"
                        ],
                        [
                            1061.076886,
                            607.051722,
                            "L"
                        ],
                        [
                            978.15751,
                            648.51141,
                            "L"
                        ],
                        [
                            944.375542,
                            596.302914,
                            "L"
                        ],
                        [
                            0,
                            614.729442,
                            "L"
                        ],
                        [
                            0.015979,
                            717.61089,
                            "L"
                        ]
                    ]
                },
                {
                    "category": "area/alternative",
                    "id": 39,
                    "attributes": {},
                    "poly2d": [
                        [
                            0,
                            550.236594,
                            "L"
                        ],
                        [
                            981.228598,
                            542.558874,
                            "L"
                        ],
                        [
                            987.370774,
                            591.696282,
                            "L"
                        ],
                        [
                            0,
                            605.516178,
                            "L"
                        ],
                        [
                            0,
                            550.236594,
                            "L"
                        ]
                    ]
                },
                {
                    "category": "area/alternative",
                    "id": 40,
                    "attributes": {},
                    "poly2d": [
                        [
                            655.693269,
                            513.383537,
                            "L"
                        ],
                        [
                            262.594004,
                            516.454625,
                            "L"
                        ],
                        [
                            250.309652,
                            541.02333,
                            "L"
                        ],
                        [
                            663.370989,
                            537.952242,
                            "L"
                        ],
                        [
                            655.693269,
                            513.383537,
                            "L"
                        ]
                    ]
                },
                {
                    "category": "lane/single white",
                    "id": 41,
                    "attributes": {
                        "direction": "parallel",
                        "style": "solid"
                    },
                    "poly2d": [
                        [
                            258.285088,
                            514.074667,
                            "L"
                        ],
                        [
                            660.061889,
                            511.579158,
                            "L"
                        ]
                    ]
                },
                {
                    "category": "lane/single white",
                    "id": 42,
                    "attributes": {
                        "direction": "parallel",
                        "style": "dashed"
                    },
                    "poly2d": [
                        [
                            38.680374,
                            606.408464,
                            "L"
                        ],
                        [
                            984.47794,
                            587.692155,
                            "L"
                        ]
                    ]
                },
                {
                    "category": "lane/single white",
                    "id": 43,
                    "attributes": {
                        "direction": "parallel",
                        "style": "dashed"
                    },
                    "poly2d": [
                        [
                            39.928129,
                            611.399482,
                            "L"
                        ],
                        [
                            984.47794,
                            592.68317,
                            "L"
                        ]
                    ]
                },
                {
                    "category": "lane/single white",
                    "id": 44,
                    "attributes": {
                        "direction": "parallel",
                        "style": "dashed"
                    },
                    "poly2d": [
                        [
                            168.446796,
                            546.516272,
                            "L"
                        ],
                        [
                            989.468956,
                            539.029746,
                            "L"
                        ]
                    ]
                },
                {
                    "category": "lane/crosswalk",
                    "id": 45,
                    "attributes": {
                        "direction": "vertical",
                        "style": "dashed"
                    },
                    "poly2d": [
                        [
                            54.901178,
                            711.219803,
                            "C"
                        ],
                        [
                            334.398083,
                            706.228788,
                            "C"
                        ],
                        [
                            636.354562,
                            696.246756,
                            "C"
                        ],
                        [
                            892.144141,
                            696.246756,
                            "L"
                        ]
                    ]
                }
            ]
        }
    ],
    "attributes": {
        "weather": "clear",
        "scene": "city street",
        "timeofday": "daytime"
    }
}