{
    "name": "0cdaa475-135c7ac8",
    "frames": [
        {
            "timestamp": 10000,
            "objects": [
                {
                    "category": "car",
                    "id": 0,
                    "attributes": {
                        "occluded": true,
                        "truncated": false,
                        "trafficLightColor": "none"
                    },
                    "box2d": {
                        "x1": 506.148243,
                        "y1": 276.353114,
                        "x2": 567.13652,
                        "y2": 356.400228
                    }
                },
                {
                    "category": "car",
                    "id": 1,
                    "attributes": {
                        "occluded": true,
                        "truncated": false,
                        "trafficLightColor": "none"
                    },
                    "box2d": {
                        "x1": 714.70637,
                        "y1": 290.647257,
                        "x2": 758.541694,
                        "y2": 353.541418
                    }
                },
                {
                    "category": "car",
                    "id": 2,
                    "attributes": {
                        "occluded": false,
                        "truncated": false,
                        "trafficLightColor": "none"
                    },
                    "box2d": {
                        "x1": 813.81232,
                        "y1": 269.682537,
                        "x2": 1048.236009,
                        "y2": 425.964997
                    }
                },
                {
                    "category": "car",
                    "id": 3,
                    "attributes": {
                        "occluded": false,
                        "truncated": false,
                        "trafficLightColor": "none"
                    },
                    "box2d": {
                        "x1": 539.365074,
                        "y1": 250.6237,
                        "x2": 728.047556,
                        "y2": 420.247346
                    }
                },
                {
                    "category": "truck",
                    "id": 4,
                    "attributes": {
                        "occluded": false,
                        "truncated": false,
                        "trafficLightColor": "none"
                    },
                    "box2d": {
                        "x1": 783.318182,
                        "y1": 260.153119,
                        "x2": 819.529971,
                        "y2": 302.082559
                    }
                },
                {
                    "category": "traffic sign",
                    "id": 5,
                    "attributes": {
                        "occluded": false,
                        "truncated": false,
                        "trafficLightColor": "none"
                    },
                    "box2d": {
                        "x1": 806.188785,
                        "y1": 207.741318,
                        "x2": 836.682924,
                        "y2": 232.517806
                    }
                },
                {
                    "category": "traffic sign",
                    "id": 6,
                    "attributes": {
                        "occluded": false,
                        "truncated": false,
                        "trafficLightColor": "none"
                    },
                    "box2d": {
                        "x1": 857.647644,
                        "y1": 131.505972,
                        "x2": 918.635921,
                        "y2": 171.529529
                    }
                },
                {
                    "category": "traffic sign",
                    "id": 7,
                    "attributes": {
                        "occluded": false,
                        "truncated": false,
                        "trafficLightColor": "none"
                    },
                    "box2d": {
                        "x1": 891.95355,
                        "y1": 181.058947,
                        "x2": 909.106503,
                        "y2": 190.588365
                    }
                },
                {
                    "category": "traffic sign",
                    "id": 8,
                    "attributes": {
                        "occluded": false,
                        "truncated": false,
                        "trafficLightColor": "none"
                    },
                    "box2d": {
                        "x1": 876.706481,
                        "y1": 194.400133,
                        "x2": 901.482968,
                        "y2": 203.929551
                    }
                },
                {
                    "category": "traffic sign",
                    "id": 9,
                    "attributes": {
                        "occluded": false,
                        "truncated": false,
                        "trafficLightColor": "none"
                    },
                    "box2d": {
                        "x1": 861.459411,
                        "y1": 179.153063,
                        "x2": 888.141782,
                        "y2": 194.400133
                    }
                },
                {
                    "category": "traffic sign",
                    "id": 10,
                    "attributes": {
                        "occluded": false,
                        "truncated": false,
                        "trafficLightColor": "none"
                    },
                    "box2d": {
                        "x1": 196.306016,
                        "y1": 156.28246,
                        "x2": 224.894271,
                        "y2": 200.117784
                    }
                },
                {
                    "category": "traffic light",
                    "id": 11,
                    "attributes": {
                        "occluded": false,
                        "truncated": false,
                        "trafficLightColor": "green"
                    },
                    "box2d": {
                        "x1": 537.45919,
                        "y1": 205.835435,
                        "x2": 548.894492,
                        "y2": 230.611922
                    }
                },
                {
                    "category": "traffic light",
                    "id": 12,
                    "attributes": {
                        "occluded": false,
                        "truncated": false,
                        "trafficLightColor": "green"
                    },
                    "box2d": {
                        "x1": 739.482858,
                        "y1": 200.117784,
                        "x2": 750.918159,
                        "y2": 224.894271
                    }
                },
                {
                    "category": "person",
                    "id": 13,
                    "attributes": {
                        "occluded": false,
                        "truncated": false,
                        "trafficLightColor": "none"
                    },
                    "box2d": {
                        "x1": 442.165008,
                        "y1": 291.600199,
                        "x2": 455.506193,
                        "y2": 324.000221
                    }
                },
                {
                    "category": "person",
                    "id": 14,
                    "attributes": {
                        "occluded": false,
                        "truncated": false,
                        "trafficLightColor": "none"
                    },
                    "box2d": {
                        "x1": 390.706149,
                        "y1": 301.129617,
                        "x2": 402.141451,
                        "y2": 320.188454
                    }
                },
                {
                    "category": "person",
                    "id": 15,
                    "attributes": {
                        "occluded": false,
                        "truncated": false,
                        "trafficLightColor": "none"
                    },
                    "box2d": {
                        "x1": 163.905994,
                        "y1": 280.164897,
                        "x2": 182.964831,
                        "y2": 327.811988
                    }
                },
                {
                    "category": "person",
                    "id": 16,
                    "attributes": {
                        "occluded": true,
                        "truncated": false,
                        "trafficLightColor": "none"
                    },
                    "box2d": {
                        "x1": 142.941274,
                        "y1": 282.070781,
                        "x2": 160.094227,
                        "y2": 335.435523
                    }
                },
                {
                    "category": "person",
                    "id": 17,
                    "attributes": {
                        "occluded": true,
                        "truncated": false,
                        "trafficLightColor": "none"
                    },
                    "box2d": {
                        "x1": 133.411856,
                        "y1": 283.976664,
                        "x2": 146.753041,
                        "y2": 331.623756
                    }
                },
                {
                    "category": "person",
                    "id": 18,
                    "attributes": {
                        "occluded": true,
                        "truncated": false,
                        "trafficLightColor": "none"
                    },
                    "box2d": {
                        "x1": 118.164787,
                        "y1": 283.976664,
                        "x2": 135.317739,
                        "y2": 333.529639
                    }
                },
                {
                    "category": "person",
                    "id": 19,
                    "attributes": {
                        "occluded": true,
                        "truncated": false,
                        "trafficLightColor": "none"
                    },
                    "box2d": {
                        "x1": 89.576532,
                        "y1": 280.164897,
                        "x2": 112.447136,
                        "y2": 341.153174
                    }
                },
                {
                    "category": "person",
                    "id": 20,
                    "attributes": {
                        "occluded": true,
                        "truncated": false,
                        "trafficLightColor": "none"
                    },
                    "box2d": {
                        "x1": 11.435302,
                        "y1": 282.070781,
                        "x2": 34.305906,
                        "y2": 337.341407
                    }
                },
                {
                    "category": "person",
                    "id": 21,
                    "attributes": {
                        "occluded": true,
                        "truncated": true,
                        "trafficLightColor": "none"
                    },
                    "box2d": {
                        "x1": 0,
                        "y1": 289.694315,
                        "x2": 15.247069,
                        "y2": 354.49436
                    }
                },
                {
                    "category": "person",
                    "id": 22,
                    "attributes": {
                        "occluded": true,
                        "truncated": false,
                        "trafficLightColor": "none"
                    },
                    "box2d": {
                        "x1": 255.38841,
                        "y1": 274.447246,
                        "x2": 268.729595,
                        "y2": 337.341407
                    }
                },
                {
                    "category": "traffic sign",
                    "id": 23,
                    "attributes": {
                        "occluded": false,
                        "truncated": false,
                        "trafficLightColor": "none"
                    },
                    "box2d": {
                        "x1": 1153.44081,
                        "y1": 0.762349,
                        "x2": 1187.746716,
                        "y2": 17.915302
                    }
                },
                {
                    "category": "traffic sign",
                    "id": 24,
                    "attributes": {
                        "occluded": false,
                        "truncated": false,
                        "trafficLightColor": "none"
                    },
                    "box2d": {
                        "x1": 1149.629043,
                        "y1": 17.915302,
                        "x2": 1189.6526,
                        "y2": 65.562393
                    }
                },
                {
                    "category": "traffic sign",
                    "id": 25,
                    "attributes": {
                        "occluded": false,
                        "truncated": false,
                        "trafficLightColor": "none"
                    },
                    "box2d": {
                        "x1": 1151.534927,
                        "y1": 61.750626,
                        "x2": 1191.558483,
                        "y2": 96.056532
                    }
                },
                {
                    "category": "traffic sign",
                    "id": 26,
                    "attributes": {
                        "occluded": false,
                        "truncated": false,
                        "trafficLightColor": "none"
                    },
                    "box2d": {
                        "x1": 1145.817276,
                        "y1": 94.150652,
                        "x2": 1185.840832,
                        "y2": 141.797744
                    }
                },
                {
                    "category": "area/drivable",
                    "id": 27,
                    "attributes": {},
                    "poly2d": [
                        [
                            505.772584,
                            423.570765,
                            "L"
                        ],
                        [
                            802.904313,
                            436.214669,
                            "L"
                        ],
                        [
                            889.83115,
                            553.170775,
                            "L"
                        ],
                        [
                            652.757961,
                            537.365896,
                            "C"
                        ],
                        [
                            485.226242,
                            527.882968,
                            "C"
                        ],
                        [
                            257.635979,
                            550.009799,
                            "C"
                        ],
                        [
                            505.772584,
                            423.570765,
                            "L"
                        ]
                    ]
                },
                {
                    "category": "area/alternative",
                    "id": 28,
                    "attributes": {},
                    "poly2d": [
                        [
                            495.358355,
                            348.123378,
                            "L"
                        ],
                        [
                            0,
                            472.565891,
                            "L"
                        ],
                        [
                            0,
                            557.912239,
                            "L"
                        ],
                        [
                            241.8311,
                            548.429311,
                            "L"
                        ],
                        [
                            339.804905,
                            493.112234,
                            "C"
                        ],
                        [
                            453.616482,
                            439.375644,
                            "C"
                        ],
                        [
                            535.801854,
                            390.380518,
                            "C"
                        ],
                        [
                            495.358355,
                            348.123378,
                            "L"
                        ]
                    ]
                },
                {
                    "category": "area/alternative",
                    "id": 29,
                    "attributes": {},
                    "poly2d": [
                        [
                            836.094561,
                            439.375644,
                            "L"
                        ],
                        [
                            1114.260436,
                            420.409789,
                            "L"
                        ],
                        [
                            1280.195222,
                            464.663451,
                            "L"
                        ],
                        [
                            1280.195222,
                            635.356146,
                            "L"
                        ],
                        [
                            1155.353122,
                            597.424437,
                            "C"
                        ],
                        [
                            1071.587262,
                            572.13663,
                            "C"
                        ],
                        [
                            941.987252,
                            550.009799,
                            "C"
                        ],
                        [
                            836.094561,
                            439.375644,
                            "L"
                        ]
                    ]
                },
                {
                    "category": "lane/road curb",
                    "id": 30,
                    "attributes": {
                        "direction": "parallel",
                        "style": "solid"
                    },
                    "poly2d": [
                        [
                            1043.9258,
                            389.599103,
                            "L"
                        ],
                        [
                            1277.685262,
                            465.520979,
                            "L"
                        ]
                    ]
                },
                {
                    "category": "lane/road curb",
                    "id": 31,
                    "attributes": {
                        "direction": "parallel",
                        "style": "solid"
                    },
                    "poly2d": [
                        [
                            3.995888,
                            370.618633,
                            "L"
                        ],
                        [
                            446.54051,
                            326.663863,
                            "L"
                        ]
                    ]
                },
                {
                    "category": "lane/single white",
                    "id": 32,
                    "attributes": {
                        "direction": "parallel",
                        "style": "solid"
                    },
                    "poly2d": [
                        [
                            773.204373,
                            330.659751,
                            "C"
                        ],
                        [
                            794.182786,
                            415.572376,
                            "C"
                        ],
                        [
                            880.094383,
                            484.501448,
                            "C"
                        ],
                        [
                            940.032706,
                            555.428464,
                            "L"
                        ]
                    ]
                },
                {
                    "category": "lane/single white",
                    "id": 33,
                    "attributes": {
                        "direction": "parallel",
                        "style": "solid"
                    },
                    "poly2d": [
                        [
                            766.211568,
                            327.662835,
                            "C"
                        ],
                        [
                            784.193065,
                            424.563125,
                            "C"
                        ],
                        [
                            843.132417,
                            472.513783,
                            "C"
                        ],
                        [
                            892.082048,
                            549.434632,
                            "L"
                        ]
                    ]
                },
                {
                    "category": "lane/single white",
                    "id": 34,
                    "attributes": {
                        "direction": "vertical",
                        "style": "solid"
                    },
                    "poly2d": [
                        [
                            758.219792,
                            326.663863,
                            "L"
                        ],
                        [
                            816.160171,
                            326.663863,
                            "L"
                        ]
                    ]
                },
                {
                    "category": "lane/single white",
                    "id": 35,
                    "attributes": {
                        "direction": "parallel",
                        "style": "dashed"
                    },
                    "poly2d": [
                        [
                            542.441827,
                            396.591907,
                            "L"
                        ],
                        [
                            275.716288,
                            548.43566,
                            "L"
                        ]
                    ]
                },
                {
                    "category": "lane/single white",
                    "id": 36,
                    "attributes": {
                        "direction": "parallel",
                        "style": "dashed"
                    },
                    "poly2d": [
                        [
                            540.443883,
                            391.597047,
                            "L"
                        ],
                        [
                            252.739931,
                            550.433604,
                            "L"
                        ]
                    ]
                },
                {
                    "category": "lane/single white",
                    "id": 37,
                    "attributes": {
                        "direction": "parallel",
                        "style": "dashed"
                    },
                    "poly2d": [
                        [
                            495.490141,
                            331.658723,
                            "L"
                        ],
                        [
                            0,
                            409.578544,
                            "L"
                        ]
                    ]
                },
                {
                    "category": "lane/single white",
                    "id": 38,
                    "attributes": {
                        "direction": "parallel",
                        "style": "solid"
                    },
                    "poly2d": [
                        [
                            0,
                            385.603214,
                            "L"
                        ],
                        [
                            502.482945,
                            323.666947,
                            "L"
                        ]
                    ]
                },
                {
                    "category": "lane/double yellow",
                    "id": 39,
                    "attributes": {
                        "direction": "parallel",
                        "style": "solid"
                    },
                    "poly2d": [
                        [
                            507.477805,
                            344.64536,
                            "L"
                        ],
                        [
                            0,
                            470.515839,
                            "L"
                        ]
                    ]
                },
                {
                    "category": "lane/double yellow",
                    "id": 40,
                    "attributes": {
                        "direction": "parallel",
                        "style": "solid"
                    },
                    "poly2d": [
                        [
                            0,
                            458.528175,
                            "L"
                        ],
                        [
                            505.479861,
                            341.648444,
                            "L"
                        ]
                    ]
                }
            ]
        }
    ],
    "attributes": {
        "weather": "rainy",
        "scene": "city street",
        "timeofday": "daytime"
    }
}