{
    "name": "0cdde16a-e2d9677e",
    "frames": [
        {
            "timestamp": 10000,
            "objects": [
                {
                    "category": "traffic sign",
                    "id": 0,
                    "attributes": {
                        "occluded": false,
                        "truncated": false,
                        "trafficLightColor": "none"
                    },
                    "box2d": {
                        "x1": 415.356741,
                        "y1": 107.999926,
                        "x2": 438.981724,
                        "y2": 133.312408
                    }
                },
                {
                    "category": "traffic sign",
                    "id": 1,
                    "attributes": {
                        "occluded": false,
                        "truncated": false,
                        "trafficLightColor": "none"
                    },
                    "box2d": {
                        "x1": 420.419237,
                        "y1": 131.62491,
                        "x2": 437.294226,
                        "y2": 151.874896
                    }
                },
                {
                    "category": "car",
                    "id": 2,
                    "attributes": {
                        "occluded": true,
                        "truncated": false,
                        "trafficLightColor": "none"
                    },
                    "box2d": {
                        "x1": 145.356926,
                        "y1": 182.249875,
                        "x2": 158.856917,
                        "y2": 202.499861
                    }
                },
                {
                    "category": "car",
                    "id": 3,
                    "attributes": {
                        "occluded": true,
                        "truncated": false,
                        "trafficLightColor": "none"
                    },
                    "box2d": {
                        "x1": 158.856917,
                        "y1": 178.874877,
                        "x2": 170.669409,
                        "y2": 199.124863
                    }
                },
                {
                    "category": "car",
                    "id": 4,
                    "attributes": {
                        "occluded": true,
                        "truncated": false,
                        "trafficLightColor": "none"
                    },
                    "box2d": {
                        "x1": 165.606912,
                        "y1": 175.499879,
                        "x2": 182.481901,
                        "y2": 194.062367
                    }
                },
                {
                    "category": "car",
                    "id": 5,
                    "attributes": {
                        "occluded": true,
                        "truncated": false,
                        "trafficLightColor": "none"
                    },
                    "box2d": {
                        "x1": 180.794402,
                        "y1": 178.874877,
                        "x2": 199.356889,
                        "y2": 200.812362
                    }
                },
                {
                    "category": "car",
                    "id": 6,
                    "attributes": {
                        "occluded": false,
                        "truncated": false,
                        "trafficLightColor": "none"
                    },
                    "box2d": {
                        "x1": 195.981891,
                        "y1": 172.124882,
                        "x2": 243.231859,
                        "y2": 199.124863
                    }
                },
                {
                    "category": "car",
                    "id": 7,
                    "attributes": {
                        "occluded": true,
                        "truncated": false,
                        "trafficLightColor": "none"
                    },
                    "box2d": {
                        "x1": 290.481826,
                        "y1": 170.437383,
                        "x2": 336.044295,
                        "y2": 194.062367
                    }
                },
                {
                    "category": "car",
                    "id": 8,
                    "attributes": {
                        "occluded": true,
                        "truncated": false,
                        "trafficLightColor": "none"
                    },
                    "box2d": {
                        "x1": 334.356796,
                        "y1": 168.749884,
                        "x2": 384.981762,
                        "y2": 192.374868
                    }
                },
                {
                    "category": "car",
                    "id": 9,
                    "attributes": {
                        "occluded": false,
                        "truncated": false,
                        "trafficLightColor": "none"
                    },
                    "box2d": {
                        "x1": 381.606764,
                        "y1": 165.374886,
                        "x2": 442.356722,
                        "y2": 194.062367
                    }
                },
                {
                    "category": "car",
                    "id": 10,
                    "attributes": {
                        "occluded": true,
                        "truncated": false,
                        "trafficLightColor": "none"
                    },
                    "box2d": {
                        "x1": 487.919191,
                        "y1": 158.624891,
                        "x2": 557.106643,
                        "y2": 197.437364
                    }
                },
                {
                    "category": "car",
                    "id": 11,
                    "attributes": {
                        "occluded": false,
                        "truncated": false,
                        "trafficLightColor": "none"
                    },
                    "box2d": {
                        "x1": 548.669149,
                        "y1": 140.062404,
                        "x2": 641.481585,
                        "y2": 199.124863
                    }
                },
                {
                    "category": "car",
                    "id": 12,
                    "attributes": {
                        "occluded": false,
                        "truncated": false,
                        "trafficLightColor": "none"
                    },
                    "box2d": {
                        "x1": 732.606523,
                        "y1": 136.687406,
                        "x2": 889.543916,
                        "y2": 217.68735
                    }
                },
                {
                    "category": "car",
                    "id": 13,
                    "attributes": {
                        "occluded": true,
                        "truncated": false,
                        "trafficLightColor": "none"
                    },
                    "box2d": {
                        "x1": 93.044462,
                        "y1": 188.99987,
                        "x2": 114.981947,
                        "y2": 200.812362
                    }
                },
                {
                    "category": "car",
                    "id": 14,
                    "attributes": {
                        "occluded": false,
                        "truncated": false,
                        "trafficLightColor": "none"
                    },
                    "box2d": {
                        "x1": 111.606949,
                        "y1": 175.499879,
                        "x2": 140.29443,
                        "y2": 199.124863
                    }
                },
                {
                    "category": "car",
                    "id": 15,
                    "attributes": {
                        "occluded": true,
                        "truncated": false,
                        "trafficLightColor": "none"
                    },
                    "box2d": {
                        "x1": 52.54449,
                        "y1": 173.812381,
                        "x2": 72.794476,
                        "y2": 226.124845
                    }
                },
                {
                    "category": "car",
                    "id": 16,
                    "attributes": {
                        "occluded": true,
                        "truncated": false,
                        "trafficLightColor": "none"
                    },
                    "box2d": {
                        "x1": 20.482012,
                        "y1": 165.374886,
                        "x2": 64.356982,
                        "y2": 236.249838
                    }
                },
                {
                    "category": "car",
                    "id": 17,
                    "attributes": {
                        "occluded": false,
                        "truncated": true,
                        "trafficLightColor": "none"
                    },
                    "box2d": {
                        "x1": 0,
                        "y1": 161.999889,
                        "x2": 44.106996,
                        "y2": 246.712325
                    }
                },
                {
                    "category": "area/drivable",
                    "id": 18,
                    "attributes": {},
                    "poly2d": [
                        [
                            305.099893,
                            194.399932,
                            "L"
                        ],
                        [
                            600.74979,
                            198.44993,
                            "C"
                        ],
                        [
                            769.499731,
                            230.849919,
                            "C"
                        ],
                        [
                            1279.799552,
                            264.599907,
                            "C"
                        ],
                        [
                            1279.799552,
                            387.449863,
                            "L"
                        ],
                        [
                            1179.899587,
                            372.59987,
                            "C"
                        ],
                        [
                            440.099846,
                            398.249861,
                            "C"
                        ],
                        [
                            0,
                            536.492253,
                            "C"
                        ],
                        [
                            0,
                            454.949842,
                            "L"
                        ],
                        [
                            271.349905,
                            329.399885,
                            "C"
                        ],
                        [
                            464.399837,
                            210.599926,
                            "C"
                        ],
                        [
                            305.099893,
                            194.399932,
                            "C"
                        ]
                    ]
                },
                {
                    "category": "lane/double yellow",
                    "id": 19,
                    "attributes": {
                        "direction": "parallel",
                        "style": "solid"
                    },
                    "poly2d": [
                        [
                            286.861733,
                            198.498074,
                            "C"
                        ],
                        [
                            539.146381,
                            202.339972,
                            "C"
                        ],
                        [
                            96.90029,
                            395.592936,
                            "C"
                        ],
                        [
                            2.996916,
                            450.536398,
                            "L"
                        ]
                    ]
                },
                {
                    "category": "lane/double yellow",
                    "id": 20,
                    "attributes": {
                        "direction": "parallel",
                        "style": "solid"
                    },
                    "poly2d": [
                        [
                            277.897303,
                            202.339972,
                            "C"
                        ],
                        [
                            477.67601,
                            198.498074,
                            "C"
                        ],
                        [
                            162.832445,
                            345.644332,
                            "C"
                        ],
                        [
                            1.280633,
                            416.205639,
                            "L"
                        ]
                    ]
                },
                {
                    "category": "lane/road curb",
                    "id": 21,
                    "attributes": {
                        "direction": "parallel",
                        "style": "solid"
                    },
                    "poly2d": [
                        [
                            640.341089,
                            198.795439,
                            "L"
                        ],
                        [
                            734.244463,
                            204.789272,
                            "L"
                        ]
                    ]
                },
                {
                    "category": "lane/road curb",
                    "id": 22,
                    "attributes": {
                        "direction": "parallel",
                        "style": "solid"
                    },
                    "poly2d": [
                        [
                            883.636587,
                            215.146299,
                            "L"
                        ],
                        [
                            1280.632735,
                            261.249078,
                            "L"
                        ]
                    ]
                }
            ]
        }
    ],
    "attributes": {
        "weather": "clear",
        "scene": "residential",
        "timeofday": "daytime"
    }
}