{
    "name": "0ce9abb1-857ab875",
    "frames": [
        {
            "timestamp": 10000,
            "objects": [
                {
                    "category": "traffic sign",
                    "id": 0,
                    "attributes": {
                        "occluded": false,
                        "truncated": false,
                        "trafficLightColor": "none"
                    },
                    "box2d": {
                        "x1": 696.246756,
                        "y1": 252.046317,
                        "x2": 719.954083,
                        "y2": 259.532841
                    }
                },
                {
                    "category": "traffic sign",
                    "id": 1,
                    "attributes": {
                        "occluded": false,
                        "truncated": false,
                        "trafficLightColor": "none"
                    },
                    "box2d": {
                        "x1": 789.828309,
                        "y1": 232.082252,
                        "x2": 801.058096,
                        "y2": 247.055299
                    }
                },
                {
                    "category": "traffic sign",
                    "id": 2,
                    "attributes": {
                        "occluded": false,
                        "truncated": false,
                        "trafficLightColor": "none"
                    },
                    "box2d": {
                        "x1": 786.085047,
                        "y1": 247.055299,
                        "x2": 811.040127,
                        "y2": 257.037333
                    }
                },
                {
                    "category": "traffic sign",
                    "id": 3,
                    "attributes": {
                        "occluded": false,
                        "truncated": false,
                        "trafficLightColor": "none"
                    },
                    "box2d": {
                        "x1": 606.408464,
                        "y1": 264.523857,
                        "x2": 620.133758,
                        "y2": 273.258135
                    }
                },
                {
                    "category": "traffic sign",
                    "id": 4,
                    "attributes": {
                        "occluded": false,
                        "truncated": false,
                        "trafficLightColor": "none"
                    },
                    "box2d": {
                        "x1": 565.232581,
                        "y1": 269.514873,
                        "x2": 586.444399,
                        "y2": 277.001397
                    }
                },
                {
                    "category": "traffic sign",
                    "id": 5,
                    "attributes": {
                        "occluded": true,
                        "truncated": false,
                        "trafficLightColor": "none"
                    },
                    "box2d": {
                        "x1": 365.591936,
                        "y1": 273.258135,
                        "x2": 385.556,
                        "y2": 283.240168
                    }
                },
                {
                    "category": "traffic light",
                    "id": 6,
                    "attributes": {
                        "occluded": false,
                        "truncated": false,
                        "trafficLightColor": "none"
                    },
                    "box2d": {
                        "x1": 546.516272,
                        "y1": 267.019366,
                        "x2": 552.755041,
                        "y2": 277.001397
                    }
                },
                {
                    "category": "car",
                    "id": 7,
                    "attributes": {
                        "occluded": true,
                        "truncated": false,
                        "trafficLightColor": "none"
                    },
                    "box2d": {
                        "x1": 501.597125,
                        "y1": 296.965462,
                        "x2": 511.579158,
                        "y2": 315.681773
                    }
                },
                {
                    "category": "car",
                    "id": 8,
                    "attributes": {
                        "occluded": true,
                        "truncated": false,
                        "trafficLightColor": "none"
                    },
                    "box2d": {
                        "x1": 522.808945,
                        "y1": 294.469953,
                        "x2": 556.498303,
                        "y2": 305.69974
                    }
                },
                {
                    "category": "car",
                    "id": 9,
                    "attributes": {
                        "occluded": false,
                        "truncated": false,
                        "trafficLightColor": "none"
                    },
                    "box2d": {
                        "x1": 476.642044,
                        "y1": 296.965462,
                        "x2": 500.349371,
                        "y2": 319.425035
                    }
                },
                {
                    "category": "car",
                    "id": 10,
                    "attributes": {
                        "occluded": true,
                        "truncated": false,
                        "trafficLightColor": "none"
                    },
                    "box2d": {
                        "x1": 284.487922,
                        "y1": 309.443002,
                        "x2": 315.681773,
                        "y2": 331.902574
                    }
                },
                {
                    "category": "car",
                    "id": 11,
                    "attributes": {
                        "occluded": true,
                        "truncated": false,
                        "trafficLightColor": "none"
                    },
                    "box2d": {
                        "x1": 243.312039,
                        "y1": 306.947495,
                        "x2": 286.98343,
                        "y2": 336.893591
                    }
                },
                {
                    "category": "car",
                    "id": 12,
                    "attributes": {
                        "occluded": false,
                        "truncated": false,
                        "trafficLightColor": "none"
                    },
                    "box2d": {
                        "x1": 313.186264,
                        "y1": 303.204231,
                        "x2": 354.362147,
                        "y2": 331.902574
                    }
                },
                {
                    "category": "car",
                    "id": 13,
                    "attributes": {
                        "occluded": false,
                        "truncated": false,
                        "trafficLightColor": "none"
                    },
                    "box2d": {
                        "x1": 368.087443,
                        "y1": 277.001397,
                        "x2": 476.642044,
                        "y2": 371.830705
                    }
                },
                {
                    "category": "truck",
                    "id": 14,
                    "attributes": {
                        "occluded": true,
                        "truncated": false,
                        "trafficLightColor": "none"
                    },
                    "box2d": {
                        "x1": 555.25055,
                        "y1": 277.001397,
                        "x2": 598.921941,
                        "y2": 326.91156
                    }
                },
                {
                    "category": "car",
                    "id": 15,
                    "attributes": {
                        "occluded": true,
                        "truncated": false,
                        "trafficLightColor": "none"
                    },
                    "box2d": {
                        "x1": 601.417448,
                        "y1": 296.965462,
                        "x2": 627.620282,
                        "y2": 320.672789
                    }
                },
                {
                    "category": "car",
                    "id": 16,
                    "attributes": {
                        "occluded": true,
                        "truncated": false,
                        "trafficLightColor": "none"
                    },
                    "box2d": {
                        "x1": 605.160711,
                        "y1": 304.451986,
                        "x2": 671.291674,
                        "y2": 351.86664
                    }
                },
                {
                    "category": "car",
                    "id": 17,
                    "attributes": {
                        "occluded": true,
                        "truncated": false,
                        "trafficLightColor": "none"
                    },
                    "box2d": {
                        "x1": 843.481734,
                        "y1": 288.231184,
                        "x2": 897.135157,
                        "y2": 316.929527
                    }
                },
                {
                    "category": "car",
                    "id": 18,
                    "attributes": {
                        "occluded": true,
                        "truncated": false,
                        "trafficLightColor": "none"
                    },
                    "box2d": {
                        "x1": 923.337993,
                        "y1": 288.231184,
                        "x2": 1008.185267,
                        "y2": 331.902576
                    }
                },
                {
                    "category": "person",
                    "id": 19,
                    "attributes": {
                        "occluded": true,
                        "truncated": false,
                        "trafficLightColor": "none"
                    },
                    "box2d": {
                        "x1": 816.031144,
                        "y1": 286.98343,
                        "x2": 829.756438,
                        "y2": 301.956478
                    }
                },
                {
                    "category": "car",
                    "id": 20,
                    "attributes": {
                        "occluded": true,
                        "truncated": false,
                        "trafficLightColor": "none"
                    },
                    "box2d": {
                        "x1": 761.129966,
                        "y1": 289.478937,
                        "x2": 849.720503,
                        "y2": 328.159312
                    }
                },
                {
                    "category": "car",
                    "id": 21,
                    "attributes": {
                        "occluded": true,
                        "truncated": false,
                        "trafficLightColor": "none"
                    },
                    "box2d": {
                        "x1": 666.300658,
                        "y1": 293.2222,
                        "x2": 799.81034,
                        "y2": 381.812737
                    }
                },
                {
                    "category": "car",
                    "id": 22,
                    "attributes": {
                        "occluded": false,
                        "truncated": false,
                        "trafficLightColor": "none"
                    },
                    "box2d": {
                        "x1": 767.368735,
                        "y1": 316.929527,
                        "x2": 1059.343182,
                        "y2": 464.164504
                    }
                },
                {
                    "category": "car",
                    "id": 23,
                    "attributes": {
                        "occluded": false,
                        "truncated": false,
                        "trafficLightColor": "none"
                    },
                    "box2d": {
                        "x1": 496.606109,
                        "y1": 305.69974,
                        "x2": 582.701139,
                        "y2": 378.069474
                    }
                },
                {
                    "category": "car",
                    "id": 24,
                    "attributes": {
                        "occluded": false,
                        "truncated": true,
                        "trafficLightColor": "none"
                    },
                    "box2d": {
                        "x1": 1245.258535,
                        "y1": 371.830705,
                        "x2": 1279.356147,
                        "y2": 480.385307
                    }
                },
                {
                    "category": "car",
                    "id": 25,
                    "attributes": {
                        "occluded": false,
                        "truncated": true,
                        "trafficLightColor": "none"
                    },
                    "box2d": {
                        "x1": 0,
                        "y1": 264.523857,
                        "x2": 319.425035,
                        "y2": 595.178677
                    }
                },
                {
                    "category": "traffic sign",
                    "id": 26,
                    "attributes": {
                        "occluded": false,
                        "truncated": false,
                        "trafficLightColor": "none"
                    },
                    "box2d": {
                        "x1": 1225.29447,
                        "y1": 152.225993,
                        "x2": 1272.709124,
                        "y2": 185.915352
                    }
                },
                {
                    "category": "area/drivable",
                    "id": 27,
                    "attributes": {},
                    "poly2d": [
                        [
                            469.694198,
                            386.437234,
                            "L"
                        ],
                        [
                            304.319311,
                            604.124584,
                            "L"
                        ],
                        [
                            645.194078,
                            565.312111,
                            "C"
                        ],
                        [
                            962.443859,
                            572.062107,
                            "C"
                        ],
                        [
                            1280.811619,
                            627.749568,
                            "C"
                        ],
                        [
                            1280.811619,
                            512.999647,
                            "L"
                        ],
                        [
                            1158.193725,
                            469.124677,
                            "L"
                        ],
                        [
                            835.881446,
                            482.624668,
                            "L"
                        ],
                        [
                            663.756564,
                            379.687239,
                            "L"
                        ],
                        [
                            469.694198,
                            386.437234,
                            "L"
                        ]
                    ]
                },
                {
                    "category": "area/alternative",
                    "id": 28,
                    "attributes": {},
                    "poly2d": [
                        [
                            317.819303,
                            381.374738,
                            "L"
                        ],
                        [
                            353.256778,
                            516.374644,
                            "L"
                        ],
                        [
                            457.881705,
                            388.124733,
                            "L"
                        ],
                        [
                            341.444287,
                            374.624742,
                            "L"
                        ],
                        [
                            317.819303,
                            381.374738,
                            "L"
                        ]
                    ]
                },
                {
                    "category": "lane/road curb",
                    "id": 29,
                    "attributes": {
                        "direction": "parallel",
                        "style": "solid"
                    },
                    "poly2d": [
                        [
                            1060.247373,
                            407.984214,
                            "L"
                        ],
                        [
                            1257.20527,
                            455.305266,
                            "L"
                        ]
                    ]
                },
                {
                    "category": "lane/road curb",
                    "id": 30,
                    "attributes": {
                        "direction": "parallel",
                        "style": "solid"
                    },
                    "poly2d": [
                        [
                            369.615791,
                            356.826318,
                            "L"
                        ],
                        [
                            308.226317,
                            381.126318,
                            "L"
                        ]
                    ]
                },
                {
                    "category": "lane/single yellow",
                    "id": 31,
                    "attributes": {
                        "direction": "parallel",
                        "style": "solid"
                    },
                    "poly2d": [
                        [
                            369.615791,
                            361.942106,
                            "L"
                        ],
                        [
                            308.226317,
                            383.684213,
                            "L"
                        ]
                    ]
                },
                {
                    "category": "lane/single white",
                    "id": 32,
                    "attributes": {
                        "direction": "parallel",
                        "style": "dashed"
                    },
                    "poly2d": [
                        [
                            497.510529,
                            336.363161,
                            "L"
                        ],
                        [
                            274.973686,
                            612.615794,
                            "L"
                        ]
                    ]
                },
                {
                    "category": "lane/single white",
                    "id": 33,
                    "attributes": {
                        "direction": "parallel",
                        "style": "dashed"
                    },
                    "poly2d": [
                        [
                            500.068424,
                            341.478949,
                            "L"
                        ],
                        [
                            297.994738,
                            608.778951,
                            "L"
                        ]
                    ]
                }
            ]
        }
    ],
    "attributes": {
        "weather": "partly cloudy",
        "scene": "city street",
        "timeofday": "daytime"
    }
}