{
    "name": "0cf398b3-ce65ab64",
    "frames": [
        {
            "timestamp": 10000,
            "objects": [
                {
                    "category": "traffic sign",
                    "id": 0,
                    "attributes": {
                        "occluded": false,
                        "truncated": false,
                        "trafficLightColor": "none"
                    },
                    "box2d": {
                        "x1": 588.939908,
                        "y1": 348.123378,
                        "x2": 600.169695,
                        "y2": 359.353165
                    }
                },
                {
                    "category": "traffic sign",
                    "id": 1,
                    "attributes": {
                        "occluded": false,
                        "truncated": false,
                        "trafficLightColor": "none"
                    },
                    "box2d": {
                        "x1": 541.525254,
                        "y1": 313.186264,
                        "x2": 557.746057,
                        "y2": 319.425034
                    }
                },
                {
                    "category": "traffic sign",
                    "id": 2,
                    "attributes": {
                        "occluded": false,
                        "truncated": false,
                        "trafficLightColor": "none"
                    },
                    "box2d": {
                        "x1": 531.543223,
                        "y1": 318.17728,
                        "x2": 568.975843,
                        "y2": 341.884607
                    }
                },
                {
                    "category": "traffic sign",
                    "id": 3,
                    "attributes": {
                        "occluded": false,
                        "truncated": false,
                        "trafficLightColor": "none"
                    },
                    "box2d": {
                        "x1": 500.349371,
                        "y1": 318.17728,
                        "x2": 519.065683,
                        "y2": 323.168296
                    }
                },
                {
                    "category": "traffic sign",
                    "id": 4,
                    "attributes": {
                        "occluded": false,
                        "truncated": false,
                        "trafficLightColor": "none"
                    },
                    "box2d": {
                        "x1": 491.615093,
                        "y1": 321.920542,
                        "x2": 526.552207,
                        "y2": 338.141345
                    }
                },
                {
                    "category": "car",
                    "id": 5,
                    "attributes": {
                        "occluded": false,
                        "truncated": false,
                        "trafficLightColor": "none"
                    },
                    "box2d": {
                        "x1": 626.372529,
                        "y1": 363.096425,
                        "x2": 706.228788,
                        "y2": 421.740866
                    }
                },
                {
                    "category": "car",
                    "id": 6,
                    "attributes": {
                        "occluded": false,
                        "truncated": false,
                        "trafficLightColor": "none"
                    },
                    "box2d": {
                        "x1": 519.065683,
                        "y1": 370.582952,
                        "x2": 544.020763,
                        "y2": 384.308245
                    }
                },
                {
                    "category": "car",
                    "id": 7,
                    "attributes": {
                        "occluded": true,
                        "truncated": false,
                        "trafficLightColor": "none"
                    },
                    "box2d": {
                        "x1": 396.785786,
                        "y1": 363.096425,
                        "x2": 419.245357,
                        "y2": 377.324741
                    }
                },
                {
                    "category": "car",
                    "id": 8,
                    "attributes": {
                        "occluded": false,
                        "truncated": true,
                        "trafficLightColor": "none"
                    },
                    "box2d": {
                        "x1": 812.287882,
                        "y1": 314.43402,
                        "x2": 1278.947893,
                        "y2": 586.444401
                    }
                },
                {
                    "category": "car",
                    "id": 9,
                    "attributes": {
                        "occluded": false,
                        "truncated": false,
                        "trafficLightColor": "none"
                    },
                    "box2d": {
                        "x1": 498.044184,
                        "y1": 352.01226,
                        "x2": 511.544175,
                        "y2": 363.824752
                    }
                },
                {
                    "category": "area/drivable",
                    "id": 10,
                    "attributes": {},
                    "poly2d": [
                        [
                            527.79996,
                            388.051507,
                            "L"
                        ],
                        [
                            260.780595,
                            610.151727,
                            "L"
                        ],
                        [
                            449.191455,
                            593.930924,
                            "C"
                        ],
                        [
                            693.751248,
                            581.453384,
                            "C"
                        ],
                        [
                            947.045318,
                            631.363546,
                            "C"
                        ],
                        [
                            565.232581,
                            390.547015,
                            "L"
                        ],
                        [
                            527.79996,
                            388.051507,
                            "L"
                        ]
                    ]
                },
                {
                    "category": "area/alternative",
                    "id": 11,
                    "attributes": {},
                    "poly2d": [
                        [
                            492.862847,
                            390.547015,
                            "L"
                        ],
                        [
                            0,
                            511.579158,
                            "L"
                        ],
                        [
                            0,
                            641.345578,
                            "L"
                        ],
                        [
                            28.698343,
                            633.859054,
                            "C"
                        ],
                        [
                            152.225993,
                            611.399481,
                            "C"
                        ],
                        [
                            223.347974,
                            613.894989,
                            "C"
                        ],
                        [
                            497.853863,
                            400.529048,
                            "L"
                        ],
                        [
                            492.862847,
                            390.547015,
                            "L"
                        ]
                    ]
                },
                {
                    "category": "area/alternative",
                    "id": 12,
                    "attributes": {},
                    "poly2d": [
                        [
                            647.584348,
                            431.722899,
                            "L"
                        ],
                        [
                            733.679377,
                            422.98862,
                            "L"
                        ],
                        [
                            802.305849,
                            436.713915,
                            "L"
                        ],
                        [
                            808.54462,
                            527.79996,
                            "L"
                        ],
                        [
                            647.584348,
                            431.722899,
                            "L"
                        ]
                    ]
                },
                {
                    "category": "lane/single white",
                    "id": 13,
                    "attributes": {
                        "direction": "parallel",
                        "style": "solid"
                    },
                    "poly2d": [
                        [
                            0,
                            511.579158,
                            "L"
                        ],
                        [
                            471.651028,
                            394.290278,
                            "L"
                        ]
                    ]
                },
                {
                    "category": "lane/single white",
                    "id": 14,
                    "attributes": {
                        "direction": "parallel",
                        "style": "solid"
                    },
                    "poly2d": [
                        [
                            1.247754,
                            502.844879,
                            "L"
                        ],
                        [
                            469.15552,
                            390.547015,
                            "L"
                        ]
                    ]
                },
                {
                    "category": "lane/single white",
                    "id": 15,
                    "attributes": {
                        "direction": "parallel",
                        "style": "dashed"
                    },
                    "poly2d": [
                        [
                            220.852466,
                            618.886005,
                            "L"
                        ],
                        [
                            519.065682,
                            389.299261,
                            "L"
                        ]
                    ]
                },
                {
                    "category": "lane/single white",
                    "id": 16,
                    "attributes": {
                        "direction": "parallel",
                        "style": "dashed"
                    },
                    "poly2d": [
                        [
                            263.276103,
                            611.399481,
                            "L"
                        ],
                        [
                            521.56119,
                            391.794769,
                            "L"
                        ]
                    ]
                },
                {
                    "category": "lane/single white",
                    "id": 17,
                    "attributes": {
                        "direction": "parallel",
                        "style": "dashed"
                    },
                    "poly2d": [
                        [
                            567.728089,
                            391.794769,
                            "L"
                        ],
                        [
                            950.788581,
                            631.363546,
                            "L"
                        ]
                    ]
                },
                {
                    "category": "lane/single white",
                    "id": 18,
                    "attributes": {
                        "direction": "parallel",
                        "style": "dashed"
                    },
                    "poly2d": [
                        [
                            986.973448,
                            635.106808,
                            "L"
                        ],
                        [
                            575.214614,
                            391.794769,
                            "L"
                        ]
                    ]
                },
                {
                    "category": "lane/single white",
                    "id": 19,
                    "attributes": {
                        "direction": "parallel",
                        "style": "solid"
                    },
                    "poly2d": [
                        [
                            817.278898,
                            442.952685,
                            "L"
                        ],
                        [
                            704.981034,
                            414.254342,
                            "L"
                        ]
                    ]
                },
                {
                    "category": "lane/single white",
                    "id": 20,
                    "attributes": {
                        "direction": "parallel",
                        "style": "solid"
                    },
                    "poly2d": [
                        [
                            812.287882,
                            435.466161,
                            "L"
                        ],
                        [
                            704.981034,
                            409.263326,
                            "L"
                        ]
                    ]
                },
                {
                    "category": "lane/road curb",
                    "id": 21,
                    "attributes": {
                        "direction": "parallel",
                        "style": "solid"
                    },
                    "poly2d": [
                        [
                            707.476542,
                            403.024556,
                            "L"
                        ],
                        [
                            827.26093,
                            429.227391,
                            "L"
                        ]
                    ]
                }
            ]
        }
    ],
    "attributes": {
        "weather": "clear",
        "scene": "highway",
        "timeofday": "daytime"
    }
}