{
    "name": "0d01bff2-38b969d3",
    "frames": [
        {
            "timestamp": 10000,
            "objects": [
                {
                    "category": "rider",
                    "id": 0,
                    "attributes": {
                        "occluded": true,
                        "truncated": false,
                        "trafficLightColor": "none"
                    },
                    "box2d": {
                        "x1": 491.294189,
                        "y1": 268.64981,
                        "x2": 543.606652,
                        "y2": 412.087211
                    }
                },
                {
                    "category": "bike",
                    "id": 1,
                    "attributes": {
                        "occluded": true,
                        "truncated": false,
                        "trafficLightColor": "none"
                    },
                    "box2d": {
                        "x1": 489.60669,
                        "y1": 324.337271,
                        "x2": 545.294152,
                        "y2": 422.212206
                    }
                },
                {
                    "category": "traffic sign",
                    "id": 2,
                    "attributes": {
                        "occluded": false,
                        "truncated": false,
                        "trafficLightColor": "none"
                    },
                    "box2d": {
                        "x1": 557.106644,
                        "y1": 280.462302,
                        "x2": 567.231637,
                        "y2": 314.212278
                    }
                },
                {
                    "category": "traffic sign",
                    "id": 3,
                    "attributes": {
                        "occluded": false,
                        "truncated": false,
                        "trafficLightColor": "none"
                    },
                    "box2d": {
                        "x1": 585.794123,
                        "y1": 283.8373,
                        "x2": 600.981613,
                        "y2": 310.837281
                    }
                },
                {
                    "category": "traffic sign",
                    "id": 4,
                    "attributes": {
                        "occluded": false,
                        "truncated": false,
                        "trafficLightColor": "none"
                    },
                    "box2d": {
                        "x1": 762.981501,
                        "y1": 277.087303,
                        "x2": 776.481491,
                        "y2": 290.587295
                    }
                },
                {
                    "category": "traffic sign",
                    "id": 5,
                    "attributes": {
                        "occluded": false,
                        "truncated": false,
                        "trafficLightColor": "none"
                    },
                    "box2d": {
                        "x1": 759.606505,
                        "y1": 292.274793,
                        "x2": 773.106496,
                        "y2": 307.462283
                    }
                },
                {
                    "category": "traffic sign",
                    "id": 6,
                    "attributes": {
                        "occluded": false,
                        "truncated": false,
                        "trafficLightColor": "none"
                    },
                    "box2d": {
                        "x1": 425.481734,
                        "y1": 258.524817,
                        "x2": 437.294224,
                        "y2": 290.587295
                    }
                },
                {
                    "category": "traffic sign",
                    "id": 7,
                    "attributes": {
                        "occluded": false,
                        "truncated": false,
                        "trafficLightColor": "none"
                    },
                    "box2d": {
                        "x1": 783.231488,
                        "y1": 283.8373,
                        "x2": 793.356481,
                        "y2": 300.712288
                    }
                },
                {
                    "category": "rider",
                    "id": 8,
                    "attributes": {
                        "occluded": true,
                        "truncated": true,
                        "trafficLightColor": "none"
                    },
                    "box2d": {
                        "x1": 138.606931,
                        "y1": 145.462395,
                        "x2": 352.919284,
                        "y2": 530.212131
                    }
                },
                {
                    "category": "bike",
                    "id": 9,
                    "attributes": {
                        "occluded": true,
                        "truncated": true,
                        "trafficLightColor": "none"
                    },
                    "box2d": {
                        "x1": 128.481938,
                        "y1": 349.649755,
                        "x2": 363.044277,
                        "y2": 521.774636
                    }
                },
                {
                    "category": "car",
                    "id": 10,
                    "attributes": {
                        "occluded": true,
                        "truncated": false,
                        "trafficLightColor": "none"
                    },
                    "box2d": {
                        "x1": 638.106587,
                        "y1": 324.337271,
                        "x2": 651.606578,
                        "y2": 339.524761
                    }
                },
                {
                    "category": "car",
                    "id": 11,
                    "attributes": {
                        "occluded": true,
                        "truncated": false,
                        "trafficLightColor": "none"
                    },
                    "box2d": {
                        "x1": 626.294097,
                        "y1": 322.649773,
                        "x2": 639.794087,
                        "y2": 337.837263
                    }
                },
                {
                    "category": "car",
                    "id": 12,
                    "attributes": {
                        "occluded": true,
                        "truncated": false,
                        "trafficLightColor": "none"
                    },
                    "box2d": {
                        "x1": 614.481603,
                        "y1": 324.337271,
                        "x2": 631.356592,
                        "y2": 341.21226
                    }
                },
                {
                    "category": "car",
                    "id": 13,
                    "attributes": {
                        "occluded": true,
                        "truncated": false,
                        "trafficLightColor": "none"
                    },
                    "box2d": {
                        "x1": 592.544118,
                        "y1": 317.587276,
                        "x2": 627.981593,
                        "y2": 341.21226
                    }
                },
                {
                    "category": "car",
                    "id": 14,
                    "attributes": {
                        "occluded": true,
                        "truncated": false,
                        "trafficLightColor": "none"
                    },
                    "box2d": {
                        "x1": 584.106625,
                        "y1": 319.274775,
                        "x2": 621.231598,
                        "y2": 351.337253
                    }
                },
                {
                    "category": "car",
                    "id": 15,
                    "attributes": {
                        "occluded": true,
                        "truncated": false,
                        "trafficLightColor": "none"
                    },
                    "box2d": {
                        "x1": 570.606634,
                        "y1": 319.274775,
                        "x2": 614.481602,
                        "y2": 361.462246
                    }
                },
                {
                    "category": "car",
                    "id": 16,
                    "attributes": {
                        "occluded": true,
                        "truncated": false,
                        "trafficLightColor": "none"
                    },
                    "box2d": {
                        "x1": 482.856694,
                        "y1": 310.837281,
                        "x2": 589.16912,
                        "y2": 374.962238
                    }
                },
                {
                    "category": "car",
                    "id": 17,
                    "attributes": {
                        "occluded": true,
                        "truncated": false,
                        "trafficLightColor": "none"
                    },
                    "box2d": {
                        "x1": 435.606727,
                        "y1": 305.774785,
                        "x2": 489.606689,
                        "y2": 337.837263
                    }
                },
                {
                    "category": "car",
                    "id": 18,
                    "attributes": {
                        "occluded": true,
                        "truncated": false,
                        "trafficLightColor": "none"
                    },
                    "box2d": {
                        "x1": 371.481771,
                        "y1": 300.712288,
                        "x2": 506.481677,
                        "y2": 420.524706
                    }
                },
                {
                    "category": "car",
                    "id": 19,
                    "attributes": {
                        "occluded": true,
                        "truncated": false,
                        "trafficLightColor": "none"
                    },
                    "box2d": {
                        "x1": 261.794346,
                        "y1": 295.649792,
                        "x2": 462.606709,
                        "y2": 449.212186
                    }
                },
                {
                    "category": "car",
                    "id": 20,
                    "attributes": {
                        "occluded": true,
                        "truncated": false,
                        "trafficLightColor": "none"
                    },
                    "box2d": {
                        "x1": 649.919078,
                        "y1": 322.649773,
                        "x2": 678.60656,
                        "y2": 337.837263
                    }
                },
                {
                    "category": "car",
                    "id": 21,
                    "attributes": {
                        "occluded": true,
                        "truncated": false,
                        "trafficLightColor": "none"
                    },
                    "box2d": {
                        "x1": 697.169047,
                        "y1": 322.649773,
                        "x2": 712.356535,
                        "y2": 337.837263
                    }
                },
                {
                    "category": "car",
                    "id": 22,
                    "attributes": {
                        "occluded": true,
                        "truncated": false,
                        "trafficLightColor": "none"
                    },
                    "box2d": {
                        "x1": 707.29404,
                        "y1": 315.899778,
                        "x2": 729.231525,
                        "y2": 354.712251
                    }
                },
                {
                    "category": "car",
                    "id": 23,
                    "attributes": {
                        "occluded": true,
                        "truncated": false,
                        "trafficLightColor": "none"
                    },
                    "box2d": {
                        "x1": 715.731535,
                        "y1": 314.21228,
                        "x2": 734.294021,
                        "y2": 364.837245
                    }
                },
                {
                    "category": "car",
                    "id": 24,
                    "attributes": {
                        "occluded": true,
                        "truncated": false,
                        "trafficLightColor": "none"
                    },
                    "box2d": {
                        "x1": 725.856526,
                        "y1": 314.21228,
                        "x2": 746.106513,
                        "y2": 369.899741
                    }
                },
                {
                    "category": "car",
                    "id": 25,
                    "attributes": {
                        "occluded": true,
                        "truncated": false,
                        "trafficLightColor": "none"
                    },
                    "box2d": {
                        "x1": 735.98152,
                        "y1": 324.337271,
                        "x2": 752.856508,
                        "y2": 376.649735
                    }
                },
                {
                    "category": "car",
                    "id": 26,
                    "attributes": {
                        "occluded": true,
                        "truncated": false,
                        "trafficLightColor": "none"
                    },
                    "box2d": {
                        "x1": 746.106513,
                        "y1": 307.462285,
                        "x2": 793.356481,
                        "y2": 390.149729
                    }
                },
                {
                    "category": "car",
                    "id": 27,
                    "attributes": {
                        "occluded": true,
                        "truncated": false,
                        "trafficLightColor": "none"
                    },
                    "box2d": {
                        "x1": 764.205053,
                        "y1": 293.962293,
                        "x2": 891.231414,
                        "y2": 436.606339
                    }
                },
                {
                    "category": "car",
                    "id": 28,
                    "attributes": {
                        "occluded": true,
                        "truncated": false,
                        "trafficLightColor": "none"
                    },
                    "box2d": {
                        "x1": 820.356463,
                        "y1": 253.462322,
                        "x2": 1115.66876,
                        "y2": 498.149653
                    }
                },
                {
                    "category": "car",
                    "id": 29,
                    "attributes": {
                        "occluded": true,
                        "truncated": true,
                        "trafficLightColor": "none"
                    },
                    "box2d": {
                        "x1": 0,
                        "y1": 280.462302,
                        "x2": 354.606782,
                        "y2": 521.774636
                    }
                },
                {
                    "category": "car",
                    "id": 30,
                    "attributes": {
                        "occluded": false,
                        "truncated": true,
                        "trafficLightColor": "none"
                    },
                    "box2d": {
                        "x1": 0,
                        "y1": 454.274683,
                        "x2": 17.107014,
                        "y2": 525.149634
                    }
                },
                {
                    "category": "car",
                    "id": 31,
                    "attributes": {
                        "occluded": false,
                        "truncated": true,
                        "trafficLightColor": "none"
                    },
                    "box2d": {
                        "x1": 955.356369,
                        "y1": 239.96233,
                        "x2": 1279.356146,
                        "y2": 528.524632
                    }
                },
                {
                    "category": "car",
                    "id": 32,
                    "attributes": {
                        "occluded": false,
                        "truncated": false,
                        "trafficLightColor": "none"
                    },
                    "box2d": {
                        "x1": 678.60656,
                        "y1": 324.337271,
                        "x2": 702.231543,
                        "y2": 342.899758
                    }
                },
                {
                    "category": "area/drivable",
                    "id": 33,
                    "attributes": {},
                    "poly2d": [
                        [
                            639.683531,
                            347.285286,
                            "L"
                        ],
                        [
                            698.562359,
                            348.283233,
                            "L"
                        ],
                        [
                            891.16598,
                            507.954629,
                            "L"
                        ],
                        [
                            746.463778,
                            501.966952,
                            "C"
                        ],
                        [
                            575.814973,
                            506.956683,
                            "C"
                        ],
                        [
                            402.172329,
                            515.938199,
                            "C"
                        ],
                        [
                            639.683531,
                            347.285286,
                            "L"
                        ]
                    ]
                }
            ]
        }
    ],
    "attributes": {
        "weather": "undefined",
        "scene": "residential",
        "timeofday": "daytime"
    }
}