{
    "name": "0d03369b-e2199f82",
    "frames": [
        {
            "timestamp": 10000,
            "objects": [
                {
                    "category": "car",
                    "id": 0,
                    "attributes": {
                        "occluded": false,
                        "truncated": false,
                        "trafficLightColor": "none"
                    },
                    "box2d": {
                        "x1": 351.86664,
                        "y1": 363.096427,
                        "x2": 497.853864,
                        "y2": 495.358356
                    }
                },
                {
                    "category": "car",
                    "id": 1,
                    "attributes": {
                        "occluded": false,
                        "truncated": false,
                        "trafficLightColor": "none"
                    },
                    "box2d": {
                        "x1": 510.331403,
                        "y1": 371.830704,
                        "x2": 591.435416,
                        "y2": 447.9437
                    }
                },
                {
                    "category": "car",
                    "id": 2,
                    "attributes": {
                        "occluded": true,
                        "truncated": false,
                        "trafficLightColor": "none"
                    },
                    "box2d": {
                        "x1": 331.902574,
                        "y1": 388.051507,
                        "x2": 371.830704,
                        "y2": 426.731883
                    }
                },
                {
                    "category": "car",
                    "id": 3,
                    "attributes": {
                        "occluded": true,
                        "truncated": false,
                        "trafficLightColor": "none"
                    },
                    "box2d": {
                        "x1": 224.595728,
                        "y1": 405.520064,
                        "x2": 288.231184,
                        "y2": 446.695947
                    }
                },
                {
                    "category": "car",
                    "id": 4,
                    "attributes": {
                        "occluded": true,
                        "truncated": false,
                        "trafficLightColor": "none"
                    },
                    "box2d": {
                        "x1": 575.214614,
                        "y1": 388.051507,
                        "x2": 606.408464,
                        "y2": 432.970653
                    }
                },
                {
                    "category": "car",
                    "id": 5,
                    "attributes": {
                        "occluded": true,
                        "truncated": false,
                        "trafficLightColor": "none"
                    },
                    "box2d": {
                        "x1": 502.84488,
                        "y1": 395.538032,
                        "x2": 524.056698,
                        "y2": 421.740865
                    }
                },
                {
                    "category": "car",
                    "id": 6,
                    "attributes": {
                        "occluded": true,
                        "truncated": false,
                        "trafficLightColor": "none"
                    },
                    "box2d": {
                        "x1": 496.606109,
                        "y1": 394.290277,
                        "x2": 507.835896,
                        "y2": 416.749849
                    }
                },
                {
                    "category": "traffic sign",
                    "id": 7,
                    "attributes": {
                        "occluded": false,
                        "truncated": false,
                        "trafficLightColor": "none"
                    },
                    "box2d": {
                        "x1": 79.856259,
                        "y1": 265.771611,
                        "x2": 145.987222,
                        "y2": 281.992413
                    }
                },
                {
                    "category": "traffic sign",
                    "id": 8,
                    "attributes": {
                        "occluded": false,
                        "truncated": false,
                        "trafficLightColor": "none"
                    },
                    "box2d": {
                        "x1": 101.068077,
                        "y1": 284.487922,
                        "x2": 132.26193,
                        "y2": 358.10541
                    }
                },
                {
                    "category": "traffic light",
                    "id": 9,
                    "attributes": {
                        "occluded": false,
                        "truncated": false,
                        "trafficLightColor": "green"
                    },
                    "box2d": {
                        "x1": 425.48413,
                        "y1": 345.62787,
                        "x2": 431.7229,
                        "y2": 360.600918
                    }
                },
                {
                    "category": "traffic light",
                    "id": 10,
                    "attributes": {
                        "occluded": false,
                        "truncated": false,
                        "trafficLightColor": "green"
                    },
                    "box2d": {
                        "x1": 491.615093,
                        "y1": 353.114394,
                        "x2": 496.606109,
                        "y2": 369.335197
                    }
                },
                {
                    "category": "traffic sign",
                    "id": 11,
                    "attributes": {
                        "occluded": false,
                        "truncated": false,
                        "trafficLightColor": "none"
                    },
                    "box2d": {
                        "x1": 556.498304,
                        "y1": 330.654821,
                        "x2": 583.948893,
                        "y2": 336.893592
                    }
                },
                {
                    "category": "traffic sign",
                    "id": 12,
                    "attributes": {
                        "occluded": false,
                        "truncated": false,
                        "trafficLightColor": "none"
                    },
                    "box2d": {
                        "x1": 565.232581,
                        "y1": 339.3891,
                        "x2": 577.710122,
                        "y2": 356.857656
                    }
                },
                {
                    "category": "traffic sign",
                    "id": 13,
                    "attributes": {
                        "occluded": false,
                        "truncated": false,
                        "trafficLightColor": "none"
                    },
                    "box2d": {
                        "x1": 867.18906,
                        "y1": 268.26712,
                        "x2": 898.382911,
                        "y2": 298.213216
                    }
                },
                {
                    "category": "traffic sign",
                    "id": 14,
                    "attributes": {
                        "occluded": false,
                        "truncated": false,
                        "trafficLightColor": "none"
                    },
                    "box2d": {
                        "x1": 868.436814,
                        "y1": 296.965462,
                        "x2": 895.887403,
                        "y2": 324.416051
                    }
                },
                {
                    "category": "area/drivable",
                    "id": 15,
                    "attributes": {},
                    "poly2d": [
                        [
                            34.462451,
                            715.895731,
                            "L"
                        ],
                        [
                            331.005033,
                            506.219157,
                            "L"
                        ],
                        [
                            527.202399,
                            497.233018,
                            "L"
                        ],
                        [
                            627.547617,
                            693.430384,
                            "L"
                        ],
                        [
                            446.327149,
                            694.928073,
                            "C"
                        ],
                        [
                            224.669057,
                            700.918834,
                            "C"
                        ],
                        [
                            34.462451,
                            715.895731,
                            "C"
                        ]
                    ]
                },
                {
                    "category": "area/alternative",
                    "id": 16,
                    "attributes": {},
                    "poly2d": [
                        [
                            657.501412,
                            702.416523,
                            "L"
                        ],
                        [
                            522.709329,
                            467.279222,
                            "L"
                        ],
                        [
                            606.579959,
                            452.302325,
                            "L"
                        ],
                        [
                            1280.52479,
                            679.951175,
                            "L"
                        ],
                        [
                            1280.52479,
                            720.3888,
                            "L"
                        ],
                        [
                            1130.771394,
                            720.3888,
                            "L"
                        ],
                        [
                            1018.444658,
                            669.467348,
                            "C"
                        ],
                        [
                            903.122542,
                            699.421143,
                            "C"
                        ],
                        [
                            657.501412,
                            702.416523,
                            "C"
                        ]
                    ]
                },
                {
                    "category": "area/alternative",
                    "id": 17,
                    "attributes": {},
                    "poly2d": [
                        [
                            1280.52479,
                            666.471967,
                            "L"
                        ],
                        [
                            603.58458,
                            438.823115,
                            "L"
                        ],
                        [
                            609.575339,
                            431.334666,
                            "L"
                        ],
                        [
                            1280.52479,
                            566.126749,
                            "L"
                        ],
                        [
                            1280.52479,
                            666.471967,
                            "L"
                        ]
                    ]
                },
                {
                    "category": "lane/double yellow",
                    "id": 18,
                    "attributes": {
                        "direction": "parallel",
                        "style": "solid"
                    },
                    "poly2d": [
                        [
                            355.628925,
                            488.910282,
                            "L"
                        ],
                        [
                            46.616302,
                            703.095533,
                            "L"
                        ]
                    ]
                },
                {
                    "category": "lane/double yellow",
                    "id": 19,
                    "attributes": {
                        "direction": "parallel",
                        "style": "solid"
                    },
                    "poly2d": [
                        [
                            353.993937,
                            474.195264,
                            "L"
                        ],
                        [
                            9.829086,
                            688.380516,
                            "L"
                        ]
                    ]
                },
                {
                    "category": "lane/single white",
                    "id": 20,
                    "attributes": {
                        "direction": "parallel",
                        "style": "dashed"
                    },
                    "poly2d": [
                        [
                            336.009076,
                            442.312726,
                            "L"
                        ],
                        [
                            0,
                            541.230344,
                            "L"
                        ]
                    ]
                },
                {
                    "category": "lane/single white",
                    "id": 21,
                    "attributes": {
                        "direction": "parallel",
                        "style": "dashed"
                    },
                    "poly2d": [
                        [
                            498.690324,
                            443.130228,
                            "L"
                        ],
                        [
                            642.569218,
                            720.21196,
                            "L"
                        ]
                    ]
                },
                {
                    "category": "lane/single white",
                    "id": 22,
                    "attributes": {
                        "direction": "parallel",
                        "style": "dashed"
                    },
                    "poly2d": [
                        [
                            501.142806,
                            435.77272,
                            "L"
                        ],
                        [
                            670.364004,
                            720.21196,
                            "L"
                        ]
                    ]
                },
                {
                    "category": "lane/single white",
                    "id": 23,
                    "attributes": {
                        "direction": "parallel",
                        "style": "dashed"
                    },
                    "poly2d": [
                        [
                            588.614633,
                            440.677725,
                            "L"
                        ],
                        [
                            1280.195152,
                            692.468021,
                            "L"
                        ]
                    ]
                },
                {
                    "category": "lane/single white",
                    "id": 24,
                    "attributes": {
                        "direction": "parallel",
                        "style": "dashed"
                    },
                    "poly2d": [
                        [
                            591.884606,
                            438.225222,
                            "L"
                        ],
                        [
                            1279.757898,
                            670.65469,
                            "L"
                        ]
                    ]
                },
                {
                    "category": "lane/road curb",
                    "id": 25,
                    "attributes": {
                        "direction": "parallel",
                        "style": "solid"
                    },
                    "poly2d": [
                        [
                            608.234482,
                            428.415211,
                            "L"
                        ],
                        [
                            1280.195152,
                            568.207875,
                            "L"
                        ]
                    ]
                },
                {
                    "category": "lane/road curb",
                    "id": 26,
                    "attributes": {
                        "direction": "parallel",
                        "style": "solid"
                    },
                    "poly2d": [
                        [
                            160.247928,
                            460.297748,
                            "L"
                        ],
                        [
                            98.935901,
                            474.195264,
                            "L"
                        ]
                    ]
                }
            ]
        }
    ],
    "attributes": {
        "weather": "overcast",
        "scene": "city street",
        "timeofday": "daytime"
    }
}