{
    "name": "0d13ae3d-f033a349",
    "frames": [
        {
            "timestamp": 10000,
            "objects": [
                {
                    "category": "traffic sign",
                    "id": 0,
                    "attributes": {
                        "occluded": false,
                        "truncated": false,
                        "trafficLightColor": "none"
                    },
                    "box2d": {
                        "x1": 767.872203,
                        "y1": 367.376349,
                        "x2": 809.439221,
                        "y2": 394.098002
                    }
                },
                {
                    "category": "traffic sign",
                    "id": 1,
                    "attributes": {
                        "occluded": false,
                        "truncated": false,
                        "trafficLightColor": "none"
                    },
                    "box2d": {
                        "x1": 755.628992,
                        "y1": 408.24749,
                        "x2": 773.443426,
                        "y2": 420.123781
                    }
                },
                {
                    "category": "traffic sign",
                    "id": 2,
                    "attributes": {
                        "occluded": true,
                        "truncated": false,
                        "trafficLightColor": "none"
                    },
                    "box2d": {
                        "x1": 308.783556,
                        "y1": 365.195939,
                        "x2": 347.3815,
                        "y2": 387.463981
                    }
                },
                {
                    "category": "traffic sign",
                    "id": 3,
                    "attributes": {
                        "occluded": false,
                        "truncated": false,
                        "trafficLightColor": "none"
                    },
                    "box2d": {
                        "x1": 648.742376,
                        "y1": 390.433054,
                        "x2": 660.618668,
                        "y2": 408.247491
                    }
                },
                {
                    "category": "traffic sign",
                    "id": 4,
                    "attributes": {
                        "occluded": false,
                        "truncated": false,
                        "trafficLightColor": "none"
                    },
                    "box2d": {
                        "x1": 647.25784,
                        "y1": 391.91759,
                        "x2": 665.072276,
                        "y2": 412.701098
                    }
                },
                {
                    "category": "traffic sign",
                    "id": 5,
                    "attributes": {
                        "occluded": true,
                        "truncated": false,
                        "trafficLightColor": "none"
                    },
                    "box2d": {
                        "x1": 709.608364,
                        "y1": 400.824807,
                        "x2": 727.422798,
                        "y2": 411.21656
                    }
                },
                {
                    "category": "car",
                    "id": 6,
                    "attributes": {
                        "occluded": true,
                        "truncated": false,
                        "trafficLightColor": "none"
                    },
                    "box2d": {
                        "x1": 724.453728,
                        "y1": 419.381511,
                        "x2": 740.783627,
                        "y2": 431.257802
                    }
                },
                {
                    "category": "car",
                    "id": 7,
                    "attributes": {
                        "occluded": true,
                        "truncated": false,
                        "trafficLightColor": "none"
                    },
                    "box2d": {
                        "x1": 760.0826,
                        "y1": 416.41244,
                        "x2": 773.443426,
                        "y2": 432.742339
                    }
                },
                {
                    "category": "car",
                    "id": 8,
                    "attributes": {
                        "occluded": false,
                        "truncated": false,
                        "trafficLightColor": "none"
                    },
                    "box2d": {
                        "x1": 678.4331,
                        "y1": 416.41244,
                        "x2": 696.247537,
                        "y2": 431.257803
                    }
                },
                {
                    "category": "car",
                    "id": 9,
                    "attributes": {
                        "occluded": false,
                        "truncated": false,
                        "trafficLightColor": "none"
                    },
                    "box2d": {
                        "x1": 700.701147,
                        "y1": 417.896977,
                        "x2": 718.515581,
                        "y2": 432.742339
                    }
                },
                {
                    "category": "car",
                    "id": 10,
                    "attributes": {
                        "occluded": false,
                        "truncated": false,
                        "trafficLightColor": "none"
                    },
                    "box2d": {
                        "x1": 733.360947,
                        "y1": 416.41244,
                        "x2": 761.567134,
                        "y2": 437.195947
                    }
                },
                {
                    "category": "traffic sign",
                    "id": 11,
                    "attributes": {
                        "occluded": false,
                        "truncated": false,
                        "trafficLightColor": "none"
                    },
                    "box2d": {
                        "x1": 896.659942,
                        "y1": 411.958832,
                        "x2": 914.474379,
                        "y2": 420.86605
                    }
                },
                {
                    "category": "traffic sign",
                    "id": 12,
                    "attributes": {
                        "occluded": false,
                        "truncated": false,
                        "trafficLightColor": "none"
                    },
                    "box2d": {
                        "x1": 822.433124,
                        "y1": 408.989758,
                        "x2": 834.309416,
                        "y2": 417.896978
                    }
                },
                {
                    "category": "traffic sign",
                    "id": 13,
                    "attributes": {
                        "occluded": true,
                        "truncated": false,
                        "trafficLightColor": "none"
                    },
                    "box2d": {
                        "x1": 878.845506,
                        "y1": 408.989758,
                        "x2": 890.721796,
                        "y2": 417.896978
                    }
                },
                {
                    "category": "car",
                    "id": 14,
                    "attributes": {
                        "occluded": true,
                        "truncated": false,
                        "trafficLightColor": "none"
                    },
                    "box2d": {
                        "x1": 307.299019,
                        "y1": 402.680479,
                        "x2": 402.309347,
                        "y2": 450.18564
                    }
                },
                {
                    "category": "car",
                    "id": 15,
                    "attributes": {
                        "occluded": true,
                        "truncated": false,
                        "trafficLightColor": "none"
                    },
                    "box2d": {
                        "x1": 624.989795,
                        "y1": 410.103161,
                        "x2": 659.13413,
                        "y2": 429.402135
                    }
                },
                {
                    "category": "car",
                    "id": 16,
                    "attributes": {
                        "occluded": false,
                        "truncated": false,
                        "trafficLightColor": "none"
                    },
                    "box2d": {
                        "x1": 429.030999,
                        "y1": 387.835116,
                        "x2": 578.969167,
                        "y2": 499.175342
                    }
                },
                {
                    "category": "traffic sign",
                    "id": 17,
                    "attributes": {
                        "occluded": true,
                        "truncated": false,
                        "trafficLightColor": "none"
                    },
                    "box2d": {
                        "x1": 478.391831,
                        "y1": 335.876343,
                        "x2": 514.020701,
                        "y2": 381.896969
                    }
                },
                {
                    "category": "car",
                    "id": 18,
                    "attributes": {
                        "occluded": false,
                        "truncated": false,
                        "trafficLightColor": "none"
                    },
                    "box2d": {
                        "x1": 776.412499,
                        "y1": 414.556768,
                        "x2": 835.793951,
                        "y2": 457.608323
                    }
                },
                {
                    "category": "car",
                    "id": 19,
                    "attributes": {
                        "occluded": false,
                        "truncated": false,
                        "trafficLightColor": "none"
                    },
                    "box2d": {
                        "x1": 854.721791,
                        "y1": 416.041307,
                        "x2": 917.072314,
                        "y2": 457.608323
                    }
                },
                {
                    "category": "car",
                    "id": 20,
                    "attributes": {
                        "occluded": true,
                        "truncated": false,
                        "trafficLightColor": "none"
                    },
                    "box2d": {
                        "x1": 957.525931,
                        "y1": 420.494915,
                        "x2": 1013.938312,
                        "y2": 445.732032
                    }
                },
                {
                    "category": "car",
                    "id": 21,
                    "attributes": {
                        "occluded": true,
                        "truncated": false,
                        "trafficLightColor": "none"
                    },
                    "box2d": {
                        "x1": 1046.969247,
                        "y1": 429.402132,
                        "x2": 1094.474406,
                        "y2": 451.67018
                    }
                },
                {
                    "category": "area/drivable",
                    "id": 22,
                    "attributes": {},
                    "poly2d": [
                        [
                            302.033857,
                            643.028747,
                            "L"
                        ],
                        [
                            450.304999,
                            575.511755,
                            "C"
                        ],
                        [
                            688.637174,
                            469.495075,
                            "C"
                        ],
                        [
                            709.504967,
                            435.44733,
                            "C"
                        ],
                        [
                            736.962587,
                            435.44733,
                            "L"
                        ],
                        [
                            823.728674,
                            482.674849,
                            "C"
                        ],
                        [
                            901.70832,
                            597.997858,
                            "C"
                        ],
                        [
                            984.081186,
                            683.666379,
                            "C"
                        ],
                        [
                            787.484613,
                            661.700091,
                            "C"
                        ],
                        [
                            566.725333,
                            645.225376,
                            "C"
                        ],
                        [
                            302.033857,
                            643.028747,
                            "C"
                        ]
                    ]
                },
                {
                    "category": "area/alternative",
                    "id": 23,
                    "attributes": {},
                    "poly2d": [
                        [
                            0,
                            561.599803,
                            "L"
                        ],
                        [
                            1.6e-05,
                            655.110205,
                            "L"
                        ],
                        [
                            273.477931,
                            641.930432,
                            "L"
                        ],
                        [
                            546.749809,
                            514.34982,
                            "L"
                        ],
                        [
                            389.898248,
                            489.264734,
                            "L"
                        ],
                        [
                            0,
                            561.599803,
                            "L"
                        ]
                    ]
                },
                {
                    "category": "area/alternative",
                    "id": 24,
                    "attributes": {},
                    "poly2d": [
                        [
                            798.467661,
                            462.90519,
                            "L"
                        ],
                        [
                            1021.423552,
                            688.059638,
                            "L"
                        ],
                        [
                            1164.203184,
                            719.910754,
                            "L"
                        ],
                        [
                            1279.525181,
                            720.487999,
                            "L"
                        ],
                        [
                            1279.525181,
                            574.933256,
                            "L"
                        ],
                        [
                            877.545613,
                            462.90519,
                            "L"
                        ],
                        [
                            798.467661,
                            462.90519,
                            "L"
                        ]
                    ]
                },
                {
                    "category": "area/alternative",
                    "id": 25,
                    "attributes": {},
                    "poly2d": [
                        [
                            905.003235,
                            465.101817,
                            "L"
                        ],
                        [
                            1279.525181,
                            562.851797,
                            "L"
                        ],
                        [
                            1279.525181,
                            514.525965,
                            "L"
                        ],
                        [
                            926.969332,
                            455.216988,
                            "L"
                        ],
                        [
                            905.003235,
                            465.101817,
                            "L"
                        ]
                    ]
                },
                {
                    "category": "lane/single white",
                    "id": 26,
                    "attributes": {
                        "direction": "parallel",
                        "style": "dashed"
                    },
                    "poly2d": [
                        [
                            744.367422,
                            437.325426,
                            "C"
                        ],
                        [
                            763.83739,
                            440.320805,
                            "C"
                        ],
                        [
                            792.293496,
                            474.767671,
                            "C"
                        ],
                        [
                            986.993172,
                            688.937314,
                            "L"
                        ]
                    ]
                },
                {
                    "category": "lane/single white",
                    "id": 27,
                    "attributes": {
                        "direction": "parallel",
                        "style": "dashed"
                    },
                    "poly2d": [
                        [
                            1022.937728,
                            691.932694,
                            "C"
                        ],
                        [
                            880.657195,
                            540.666023,
                            "C"
                        ],
                        [
                            783.307357,
                            455.297703,
                            "C"
                        ],
                        [
                            765.33508,
                            440.320805,
                            "L"
                        ]
                    ]
                },
                {
                    "category": "lane/single white",
                    "id": 28,
                    "attributes": {
                        "direction": "parallel",
                        "style": "dashed"
                    },
                    "poly2d": [
                        [
                            708.422867,
                            441.818495,
                            "C"
                        ],
                        [
                            699.436728,
                            458.293083,
                            "C"
                        ],
                        [
                            521.21164,
                            537.670643,
                            "C"
                        ],
                        [
                            293.562788,
                            649.997379,
                            "L"
                        ]
                    ]
                },
                {
                    "category": "lane/single white",
                    "id": 29,
                    "attributes": {
                        "direction": "parallel",
                        "style": "dashed"
                    },
                    "poly2d": [
                        [
                            702.432107,
                            437.325426,
                            "C"
                        ],
                        [
                            666.487552,
                            470.274601,
                            "C"
                        ],
                        [
                            398.38549,
                            582.601337,
                            "C"
                        ],
                        [
                            254.622853,
                            649.997379,
                            "L"
                        ]
                    ]
                },
                {
                    "category": "lane/single white",
                    "id": 30,
                    "attributes": {
                        "direction": "parallel",
                        "style": "dashed"
                    },
                    "poly2d": [
                        [
                            859.689538,
                            456.795393,
                            "L"
                        ],
                        [
                            1277.544996,
                            570.619819,
                            "L"
                        ]
                    ]
                },
                {
                    "category": "lane/single white",
                    "id": 31,
                    "attributes": {
                        "direction": "parallel",
                        "style": "dashed"
                    },
                    "poly2d": [
                        [
                            897.131783,
                            461.288463,
                            "L"
                        ],
                        [
                            1280.524791,
                            561.63368,
                            "L"
                        ]
                    ]
                },
                {
                    "category": "lane/single white",
                    "id": 32,
                    "attributes": {
                        "direction": "parallel",
                        "style": "solid"
                    },
                    "poly2d": [
                        [
                            425.359492,
                            482.25612,
                            "C"
                        ],
                        [
                            289.069719,
                            509.214537,
                            "C"
                        ],
                        [
                            151.282256,
                            536.172953,
                            "C"
                        ],
                        [
                            0.015585,
                            560.13599,
                            "L"
                        ]
                    ]
                },
                {
                    "category": "lane/road curb",
                    "id": 33,
                    "attributes": {
                        "direction": "parallel",
                        "style": "solid"
                    },
                    "poly2d": [
                        [
                            1.513275,
                            548.154472,
                            "L"
                        ],
                        [
                            375.935728,
                            486.749189,
                            "L"
                        ]
                    ]
                },
                {
                    "category": "lane/road curb",
                    "id": 34,
                    "attributes": {
                        "direction": "parallel",
                        "style": "solid"
                    },
                    "poly2d": [
                        [
                            931.578649,
                            455.297703,
                            "L"
                        ],
                        [
                            1280.524791,
                            509.214537,
                            "L"
                        ]
                    ]
                }
            ]
        }
    ],
    "attributes": {
        "weather": "clear",
        "scene": "highway",
        "timeofday": "dawn/dusk"
    }
}