{
    "name": "0d1fc580-44142e94",
    "frames": [
        {
            "timestamp": 10000,
            "objects": [
                {
                    "category": "traffic sign",
                    "id": 0,
                    "attributes": {
                        "occluded": false,
                        "truncated": false,
                        "trafficLightColor": "none"
                    },
                    "box2d": {
                        "x1": 128.317687,
                        "y1": 195.698131,
                        "x2": 161.266862,
                        "y2": 255.605725
                    }
                },
                {
                    "category": "traffic sign",
                    "id": 1,
                    "attributes": {
                        "occluded": false,
                        "truncated": false,
                        "trafficLightColor": "none"
                    },
                    "box2d": {
                        "x1": 908.614081,
                        "y1": 192.702753,
                        "x2": 974.512432,
                        "y2": 210.675031
                    }
                },
                {
                    "category": "traffic sign",
                    "id": 2,
                    "attributes": {
                        "occluded": true,
                        "truncated": false,
                        "trafficLightColor": "none"
                    },
                    "box2d": {
                        "x1": 134.308447,
                        "y1": 309.522559,
                        "x2": 173.248383,
                        "y2": 327.494836
                    }
                },
                {
                    "category": "traffic sign",
                    "id": 3,
                    "attributes": {
                        "occluded": false,
                        "truncated": false,
                        "trafficLightColor": "none"
                    },
                    "box2d": {
                        "x1": 950.549395,
                        "y1": 254.607268,
                        "x2": 986.493951,
                        "y2": 268.086477
                    }
                },
                {
                    "category": "car",
                    "id": 4,
                    "attributes": {
                        "occluded": true,
                        "truncated": false,
                        "trafficLightColor": "none"
                    },
                    "box2d": {
                        "x1": 20.484022,
                        "y1": 429.337743,
                        "x2": 60.921646,
                        "y2": 471.273057
                    }
                },
                {
                    "category": "car",
                    "id": 5,
                    "attributes": {
                        "occluded": false,
                        "truncated": true,
                        "trafficLightColor": "none"
                    },
                    "box2d": {
                        "x1": 550.666215,
                        "y1": 204.684276,
                        "x2": 1026.931575,
                        "y2": 552.148313
                    }
                },
                {
                    "category": "car",
                    "id": 6,
                    "attributes": {
                        "occluded": false,
                        "truncated": true,
                        "trafficLightColor": "none"
                    },
                    "box2d": {
                        "x1": 32.465541,
                        "y1": 294.545665,
                        "x2": 568.638493,
                        "y2": 580.604419
                    }
                },
                {
                    "category": "car",
                    "id": 7,
                    "attributes": {
                        "occluded": false,
                        "truncated": true,
                        "trafficLightColor": "none"
                    },
                    "box2d": {
                        "x1": 1250.087357,
                        "y1": 378.416293,
                        "x2": 1278.543464,
                        "y2": 531.180655
                    }
                },
                {
                    "category": "person",
                    "id": 8,
                    "attributes": {
                        "occluded": false,
                        "truncated": false,
                        "trafficLightColor": "none"
                    },
                    "box2d": {
                        "x1": 1100.240356,
                        "y1": 330.133617,
                        "x2": 1125.701082,
                        "y2": 394.53428
                    }
                },
                {
                    "category": "person",
                    "id": 9,
                    "attributes": {
                        "occluded": true,
                        "truncated": false,
                        "trafficLightColor": "none"
                    },
                    "box2d": {
                        "x1": 1005.948332,
                        "y1": 342.970967,
                        "x2": 1025.4183,
                        "y2": 387.901661
                    }
                },
                {
                    "category": "person",
                    "id": 10,
                    "attributes": {
                        "occluded": true,
                        "truncated": false,
                        "trafficLightColor": "none"
                    },
                    "box2d": {
                        "x1": 1025.4183,
                        "y1": 344.468657,
                        "x2": 1046.385956,
                        "y2": 386.403973
                    }
                },
                {
                    "category": "person",
                    "id": 11,
                    "attributes": {
                        "occluded": true,
                        "truncated": false,
                        "trafficLightColor": "none"
                    },
                    "box2d": {
                        "x1": 1053.874406,
                        "y1": 336.980208,
                        "x2": 1073.344374,
                        "y2": 393.89242
                    }
                },
                {
                    "category": "person",
                    "id": 12,
                    "attributes": {
                        "occluded": true,
                        "truncated": false,
                        "trafficLightColor": "none"
                    },
                    "box2d": {
                        "x1": 1070.348994,
                        "y1": 338.4779,
                        "x2": 1094.312031,
                        "y2": 390.897043
                    }
                },
                {
                    "category": "bike",
                    "id": 13,
                    "attributes": {
                        "occluded": true,
                        "truncated": false,
                        "trafficLightColor": "none"
                    },
                    "box2d": {
                        "x1": 1197.777428,
                        "y1": 334.733674,
                        "x2": 1268.168851,
                        "y2": 375.171298
                    }
                },
                {
                    "category": "lane/crosswalk",
                    "id": 14,
                    "attributes": {
                        "direction": "vertical",
                        "style": "dashed"
                    },
                    "poly2d": [
                        [
                            1182.870833,
                            384.308244,
                            "L"
                        ],
                        [
                            1267.718108,
                            395.538032,
                            "L"
                        ]
                    ]
                },
                {
                    "category": "lane/crosswalk",
                    "id": 15,
                    "attributes": {
                        "direction": "vertical",
                        "style": "dashed"
                    },
                    "poly2d": [
                        [
                            1014.424037,
                            413.006588,
                            "L"
                        ],
                        [
                            1071.820723,
                            432.970653,
                            "L"
                        ]
                    ]
                },
                {
                    "category": "lane/single white",
                    "id": 16,
                    "attributes": {
                        "direction": "parallel",
                        "style": "solid"
                    },
                    "poly2d": [
                        [
                            1278.947895,
                            380.564983,
                            "L"
                        ],
                        [
                            1217.807947,
                            385.556,
                            "L"
                        ]
                    ]
                },
                {
                    "category": "lane/crosswalk",
                    "id": 17,
                    "attributes": {
                        "direction": "vertical",
                        "style": "dashed"
                    },
                    "poly2d": [
                        [
                            1069.325214,
                            439.209422,
                            "L"
                        ],
                        [
                            1021.910561,
                            439.209422,
                            "L"
                        ]
                    ]
                },
                {
                    "category": "lane/road curb",
                    "id": 18,
                    "attributes": {
                        "direction": "parallel",
                        "style": "solid"
                    },
                    "poly2d": [
                        [
                            2.495508,
                            547.764024,
                            "L"
                        ],
                        [
                            36.184867,
                            539.029747,
                            "L"
                        ]
                    ]
                }
            ]
        }
    ],
    "attributes": {
        "weather": "overcast",
        "scene": "city street",
        "timeofday": "daytime"
    }
}