{
    "name": "0d1fc580-61bbac5d",
    "frames": [
        {
            "timestamp": 10000,
            "objects": [
                {
                    "category": "traffic light",
                    "id": 0,
                    "attributes": {
                        "occluded": false,
                        "truncated": false,
                        "trafficLightColor": "green"
                    },
                    "box2d": {
                        "x1": 876.043923,
                        "y1": 239.96233,
                        "x2": 892.918911,
                        "y2": 270.337309
                    }
                },
                {
                    "category": "traffic light",
                    "id": 1,
                    "attributes": {
                        "occluded": false,
                        "truncated": false,
                        "trafficLightColor": "green"
                    },
                    "box2d": {
                        "x1": 816.981465,
                        "y1": 255.14982,
                        "x2": 832.168952,
                        "y2": 282.149803
                    }
                },
                {
                    "category": "traffic sign",
                    "id": 2,
                    "attributes": {
                        "occluded": false,
                        "truncated": false,
                        "trafficLightColor": "none"
                    },
                    "box2d": {
                        "x1": 896.29391,
                        "y1": 236.587332,
                        "x2": 914.856397,
                        "y2": 256.837318
                    }
                },
                {
                    "category": "traffic light",
                    "id": 3,
                    "attributes": {
                        "occluded": false,
                        "truncated": false,
                        "trafficLightColor": "green"
                    },
                    "box2d": {
                        "x1": 687.044054,
                        "y1": 326.02477,
                        "x2": 698.856547,
                        "y2": 347.962255
                    }
                },
                {
                    "category": "traffic sign",
                    "id": 4,
                    "attributes": {
                        "occluded": false,
                        "truncated": false,
                        "trafficLightColor": "none"
                    },
                    "box2d": {
                        "x1": 633.044091,
                        "y1": 317.587277,
                        "x2": 654.981576,
                        "y2": 344.587258
                    }
                },
                {
                    "category": "car",
                    "id": 5,
                    "attributes": {
                        "occluded": true,
                        "truncated": false,
                        "trafficLightColor": "none"
                    },
                    "box2d": {
                        "x1": 563.856639,
                        "y1": 373.274738,
                        "x2": 585.794122,
                        "y2": 386.774729
                    }
                },
                {
                    "category": "car",
                    "id": 6,
                    "attributes": {
                        "occluded": true,
                        "truncated": false,
                        "trafficLightColor": "none"
                    },
                    "box2d": {
                        "x1": 727.544026,
                        "y1": 364.837244,
                        "x2": 754.544007,
                        "y2": 395.212223
                    }
                },
                {
                    "category": "car",
                    "id": 7,
                    "attributes": {
                        "occluded": true,
                        "truncated": false,
                        "trafficLightColor": "none"
                    },
                    "box2d": {
                        "x1": 762.981502,
                        "y1": 349.649755,
                        "x2": 796.731478,
                        "y2": 405.337218
                    }
                },
                {
                    "category": "car",
                    "id": 8,
                    "attributes": {
                        "occluded": true,
                        "truncated": false,
                        "trafficLightColor": "none"
                    },
                    "box2d": {
                        "x1": 1095.418772,
                        "y1": 309.149782,
                        "x2": 1206.793696,
                        "y2": 425.587202
                    }
                },
                {
                    "category": "car",
                    "id": 9,
                    "attributes": {
                        "occluded": true,
                        "truncated": false,
                        "trafficLightColor": "none"
                    },
                    "box2d": {
                        "x1": 573.981632,
                        "y1": 366.524743,
                        "x2": 685.356553,
                        "y2": 440.774692
                    }
                },
                {
                    "category": "car",
                    "id": 10,
                    "attributes": {
                        "occluded": true,
                        "truncated": false,
                        "trafficLightColor": "none"
                    },
                    "box2d": {
                        "x1": 337.731794,
                        "y1": 342.899759,
                        "x2": 606.044111,
                        "y2": 509.962144
                    }
                },
                {
                    "category": "car",
                    "id": 11,
                    "attributes": {
                        "occluded": false,
                        "truncated": false,
                        "trafficLightColor": "none"
                    },
                    "box2d": {
                        "x1": 688.731553,
                        "y1": 368.212242,
                        "x2": 746.106513,
                        "y2": 412.087212
                    }
                },
                {
                    "category": "car",
                    "id": 12,
                    "attributes": {
                        "occluded": false,
                        "truncated": true,
                        "trafficLightColor": "none"
                    },
                    "box2d": {
                        "x1": 0,
                        "y1": 320.962274,
                        "x2": 435.606728,
                        "y2": 589.274591
                    }
                },
                {
                    "category": "car",
                    "id": 13,
                    "attributes": {
                        "occluded": false,
                        "truncated": true,
                        "trafficLightColor": "none"
                    },
                    "box2d": {
                        "x1": 756.231506,
                        "y1": 293.962293,
                        "x2": 1213.543691,
                        "y2": 538.649624
                    }
                },
                {
                    "category": "car",
                    "id": 14,
                    "attributes": {
                        "occluded": false,
                        "truncated": true,
                        "trafficLightColor": "none"
                    },
                    "box2d": {
                        "x1": 1248.981168,
                        "y1": 376.649735,
                        "x2": 1279.356148,
                        "y2": 506.587147
                    }
                },
                {
                    "category": "truck",
                    "id": 15,
                    "attributes": {
                        "occluded": true,
                        "truncated": true,
                        "trafficLightColor": "none"
                    },
                    "box2d": {
                        "x1": 1144.356239,
                        "y1": 204.524854,
                        "x2": 1279.356145,
                        "y2": 420.524706
                    }
                },
                {
                    "category": "traffic sign",
                    "id": 16,
                    "attributes": {
                        "occluded": false,
                        "truncated": false,
                        "trafficLightColor": "none"
                    },
                    "box2d": {
                        "x1": 635.106808,
                        "y1": 274.505889,
                        "x2": 656.318625,
                        "y2": 314.43402
                    }
                }
            ]
        }
    ],
    "attributes": {
        "weather": "undefined",
        "scene": "city street",
        "timeofday": "daytime"
    }
}