{
    "name": "0d207cff-6d499379",
    "frames": [
        {
            "timestamp": 10000,
            "objects": [
                {
                    "category": "traffic sign",
                    "id": 0,
                    "attributes": {
                        "occluded": false,
                        "truncated": false,
                        "trafficLightColor": "none"
                    },
                    "box2d": {
                        "x1": 1176.8939,
                        "y1": 288.60137,
                        "x2": 1214.374597,
                        "y2": 313.588502
                    }
                },
                {
                    "category": "traffic sign",
                    "id": 1,
                    "attributes": {
                        "occluded": false,
                        "truncated": false,
                        "trafficLightColor": "none"
                    },
                    "box2d": {
                        "x1": 834.570196,
                        "y1": 233.629682,
                        "x2": 882.045746,
                        "y2": 261.115527
                    }
                },
                {
                    "category": "car",
                    "id": 2,
                    "attributes": {
                        "occluded": false,
                        "truncated": false,
                        "trafficLightColor": "none"
                    },
                    "box2d": {
                        "x1": 347.321129,
                        "y1": 328.580781,
                        "x2": 389.799253,
                        "y2": 347.321129
                    }
                },
                {
                    "category": "car",
                    "id": 3,
                    "attributes": {
                        "occluded": true,
                        "truncated": false,
                        "trafficLightColor": "none"
                    },
                    "box2d": {
                        "x1": 279.855874,
                        "y1": 327.331423,
                        "x2": 309.840432,
                        "y2": 353.567913
                    }
                },
                {
                    "category": "car",
                    "id": 4,
                    "attributes": {
                        "occluded": true,
                        "truncated": false,
                        "trafficLightColor": "none"
                    },
                    "box2d": {
                        "x1": 236.128394,
                        "y1": 322.333998,
                        "x2": 282.354587,
                        "y2": 356.066625
                    }
                },
                {
                    "category": "car",
                    "id": 5,
                    "attributes": {
                        "occluded": true,
                        "truncated": false,
                        "trafficLightColor": "none"
                    },
                    "box2d": {
                        "x1": 197.39834,
                        "y1": 327.331423,
                        "x2": 254.868744,
                        "y2": 357.315981
                    }
                },
                {
                    "category": "car",
                    "id": 6,
                    "attributes": {
                        "occluded": true,
                        "truncated": false,
                        "trafficLightColor": "none"
                    },
                    "box2d": {
                        "x1": 154.920216,
                        "y1": 332.328851,
                        "x2": 206.143836,
                        "y2": 361.064051
                    }
                },
                {
                    "category": "car",
                    "id": 7,
                    "attributes": {
                        "occluded": false,
                        "truncated": false,
                        "trafficLightColor": "none"
                    },
                    "box2d": {
                        "x1": 68.714612,
                        "y1": 322.333998,
                        "x2": 139.927937,
                        "y2": 372.30826
                    }
                },
                {
                    "category": "traffic sign",
                    "id": 8,
                    "attributes": {
                        "occluded": false,
                        "truncated": false,
                        "trafficLightColor": "none"
                    },
                    "box2d": {
                        "x1": 112.442092,
                        "y1": 298.596223,
                        "x2": 139.927937,
                        "y2": 324.832711
                    }
                },
                {
                    "category": "car",
                    "id": 9,
                    "attributes": {
                        "occluded": true,
                        "truncated": false,
                        "trafficLightColor": "none"
                    },
                    "box2d": {
                        "x1": 440.457177,
                        "y1": 311.938511,
                        "x2": 537.781992,
                        "y2": 341.884608
                    }
                },
                {
                    "category": "car",
                    "id": 10,
                    "attributes": {
                        "occluded": true,
                        "truncated": false,
                        "trafficLightColor": "none"
                    },
                    "box2d": {
                        "x1": 572.719106,
                        "y1": 296.965462,
                        "x2": 653.823118,
                        "y2": 341.884608
                    }
                },
                {
                    "category": "area/drivable",
                    "id": 11,
                    "attributes": {},
                    "poly2d": [
                        [
                            152.225993,
                            371.830705,
                            "L"
                        ],
                        [
                            0,
                            394.290278,
                            "L"
                        ],
                        [
                            0,
                            680.025953,
                            "L"
                        ],
                        [
                            429.227391,
                            626.372529,
                            "C"
                        ],
                        [
                            847.224995,
                            622.629267,
                            "C"
                        ],
                        [
                            1280.195648,
                            681.273707,
                            "C"
                        ],
                        [
                            1280.195648,
                            592.68317,
                            "L"
                        ],
                        [
                            887.153124,
                            536.534238,
                            "C"
                        ],
                        [
                            169.69455,
                            465.412258,
                            "C"
                        ],
                        [
                            152.225993,
                            371.830705,
                            "C"
                        ]
                    ]
                },
                {
                    "category": "area/alternative",
                    "id": 12,
                    "attributes": {},
                    "poly2d": [
                        [
                            325.663805,
                            350.618886,
                            "L"
                        ],
                        [
                            329.407067,
                            364.34418,
                            "L"
                        ],
                        [
                            163.45578,
                            416.74985,
                            "C"
                        ],
                        [
                            873.42783,
                            516.570174,
                            "C"
                        ],
                        [
                            1280.195648,
                            536.534238,
                            "C"
                        ],
                        [
                            1280.195648,
                            583.948892,
                            "L"
                        ],
                        [
                            895.887403,
                            534.03873,
                            "C"
                        ],
                        [
                            558.993811,
                            502.844879,
                            "C"
                        ],
                        [
                            234.57776,
                            421.740866,
                            "C"
                        ],
                        [
                            128.518666,
                            383.060491,
                            "C"
                        ],
                        [
                            143.491715,
                            364.34418,
                            "C"
                        ],
                        [
                            325.663805,
                            350.618886,
                            "C"
                        ]
                    ]
                },
                {
                    "category": "lane/double yellow",
                    "id": 13,
                    "attributes": {
                        "direction": "parallel",
                        "style": "dashed"
                    },
                    "poly2d": [
                        [
                            1280.195647,
                            591.435416,
                            "C"
                        ],
                        [
                            1014.424037,
                            558.993811,
                            "C"
                        ],
                        [
                            566.480335,
                            499.101617,
                            "C"
                        ],
                        [
                            445.448193,
                            474.146536,
                            "L"
                        ]
                    ]
                },
                {
                    "category": "lane/double yellow",
                    "id": 14,
                    "attributes": {
                        "direction": "parallel",
                        "style": "dashed"
                    },
                    "poly2d": [
                        [
                            1278.947894,
                            580.20563,
                            "C"
                        ],
                        [
                            1001.946496,
                            546.51627,
                            "C"
                        ],
                        [
                            732.431623,
                            511.579158,
                            "C"
                        ],
                        [
                            455.430226,
                            469.15552,
                            "L"
                        ]
                    ]
                },
                {
                    "category": "lane/double yellow",
                    "id": 15,
                    "attributes": {
                        "direction": "parallel",
                        "style": "solid"
                    },
                    "poly2d": [
                        [
                            184.667598,
                            389.299261,
                            "C"
                        ],
                        [
                            185.915351,
                            420.493111,
                            "C"
                        ],
                        [
                            321.920543,
                            439.209423,
                            "C"
                        ],
                        [
                            415.502096,
                            460.421242,
                            "L"
                        ]
                    ]
                },
                {
                    "category": "lane/double yellow",
                    "id": 16,
                    "attributes": {
                        "direction": "parallel",
                        "style": "solid"
                    },
                    "poly2d": [
                        [
                            170.942304,
                            384.308244,
                            "C"
                        ],
                        [
                            145.987223,
                            422.98862,
                            "C"
                        ],
                        [
                            303.204231,
                            447.943701,
                            "C"
                        ],
                        [
                            403.024556,
                            467.907766,
                            "L"
                        ]
                    ]
                }
            ]
        }
    ],
    "attributes": {
        "weather": "snowy",
        "scene": "residential",
        "timeofday": "daytime"
    }
}