{
    "name": "0d4268d5-61297777",
    "frames": [
        {
            "timestamp": 10000,
            "objects": [
                {
                    "category": "traffic sign",
                    "id": 0,
                    "attributes": {
                        "occluded": true,
                        "truncated": false,
                        "trafficLightColor": "none"
                    },
                    "box2d": {
                        "x1": 110.120839,
                        "y1": 306.870072,
                        "x2": 187.939567,
                        "y2": 374.410853
                    }
                },
                {
                    "category": "car",
                    "id": 1,
                    "attributes": {
                        "occluded": true,
                        "truncated": false,
                        "trafficLightColor": "none"
                    },
                    "box2d": {
                        "x1": 227.583068,
                        "y1": 408.181245,
                        "x2": 340.640463,
                        "y2": 456.634414
                    }
                },
                {
                    "category": "car",
                    "id": 2,
                    "attributes": {
                        "occluded": true,
                        "truncated": false,
                        "trafficLightColor": "none"
                    },
                    "box2d": {
                        "x1": 614.327446,
                        "y1": 391.149236,
                        "x2": 630.478504,
                        "y2": 404.363736
                    }
                },
                {
                    "category": "car",
                    "id": 3,
                    "attributes": {
                        "occluded": false,
                        "truncated": false,
                        "trafficLightColor": "none"
                    },
                    "box2d": {
                        "x1": 590.835001,
                        "y1": 399.958902,
                        "x2": 606.986057,
                        "y2": 411.705126
                    }
                },
                {
                    "category": "car",
                    "id": 4,
                    "attributes": {
                        "occluded": false,
                        "truncated": false,
                        "trafficLightColor": "none"
                    },
                    "box2d": {
                        "x1": 615.795725,
                        "y1": 399.958902,
                        "x2": 640.756449,
                        "y2": 420.514791
                    }
                },
                {
                    "category": "area/drivable",
                    "id": 5,
                    "attributes": {},
                    "poly2d": [
                        [
                            604.694104,
                            425.587201,
                            "L"
                        ],
                        [
                            300.944313,
                            695.587017,
                            "L"
                        ],
                        [
                            591.194114,
                            675.33703,
                            "C"
                        ],
                        [
                            881.443915,
                            670.274534,
                            "C"
                        ],
                        [
                            1110.943758,
                            720.562004,
                            "C"
                        ],
                        [
                            1280.811619,
                            719.212,
                            "L"
                        ],
                        [
                            1280.811619,
                            678.712029,
                            "L"
                        ],
                        [
                            665.444064,
                            423.899704,
                            "L"
                        ],
                        [
                            604.694104,
                            425.587201,
                            "L"
                        ]
                    ]
                },
                {
                    "category": "lane/road curb",
                    "id": 6,
                    "attributes": {
                        "direction": "parallel",
                        "style": "solid"
                    },
                    "poly2d": [
                        [
                            1271.461369,
                            680.025953,
                            "L"
                        ],
                        [
                            919.594728,
                            526.552207,
                            "L"
                        ]
                    ]
                },
                {
                    "category": "lane/double yellow",
                    "id": 7,
                    "attributes": {
                        "direction": "parallel",
                        "style": "solid"
                    },
                    "poly2d": [
                        [
                            296.965462,
                            696.246756,
                            "L"
                        ],
                        [
                            605.160711,
                            422.988619,
                            "L"
                        ]
                    ]
                },
                {
                    "category": "lane/double yellow",
                    "id": 8,
                    "attributes": {
                        "direction": "parallel",
                        "style": "solid"
                    },
                    "poly2d": [
                        [
                            214.613695,
                            701.237772,
                            "L"
                        ],
                        [
                            603.912957,
                            416.74985,
                            "L"
                        ]
                    ]
                }
            ]
        }
    ],
    "attributes": {
        "weather": "clear",
        "scene": "highway",
        "timeofday": "dawn/dusk"
    }
}