{
    "name": "0d4268d5-3c617dd8",
    "frames": [
        {
            "timestamp": 10000,
            "objects": [
                {
                    "category": "car",
                    "id": 0,
                    "attributes": {
                        "occluded": false,
                        "truncated": false,
                        "trafficLightColor": "none"
                    },
                    "box2d": {
                        "x1": 516.618642,
                        "y1": 380.635117,
                        "x2": 570.06195,
                        "y2": 422.202135
                    }
                },
                {
                    "category": "car",
                    "id": 1,
                    "attributes": {
                        "occluded": false,
                        "truncated": false,
                        "trafficLightColor": "none"
                    },
                    "box2d": {
                        "x1": 611.628966,
                        "y1": 393.995943,
                        "x2": 642.80423,
                        "y2": 416.263987
                    }
                },
                {
                    "category": "car",
                    "id": 2,
                    "attributes": {
                        "occluded": false,
                        "truncated": false,
                        "trafficLightColor": "none"
                    },
                    "box2d": {
                        "x1": 697.732074,
                        "y1": 394.886663,
                        "x2": 715.546511,
                        "y2": 409.732025
                    }
                },
                {
                    "category": "car",
                    "id": 3,
                    "attributes": {
                        "occluded": false,
                        "truncated": false,
                        "trafficLightColor": "none"
                    },
                    "box2d": {
                        "x1": 728.907338,
                        "y1": 390.433054,
                        "x2": 737.814555,
                        "y2": 402.309347
                    }
                },
                {
                    "category": "car",
                    "id": 4,
                    "attributes": {
                        "occluded": false,
                        "truncated": false,
                        "trafficLightColor": "none"
                    },
                    "box2d": {
                        "x1": 771.958892,
                        "y1": 390.433054,
                        "x2": 783.835182,
                        "y2": 399.340271
                    }
                },
                {
                    "category": "car",
                    "id": 5,
                    "attributes": {
                        "occluded": false,
                        "truncated": false,
                        "trafficLightColor": "none"
                    },
                    "box2d": {
                        "x1": 717.031047,
                        "y1": 375.587692,
                        "x2": 728.907338,
                        "y2": 387.463981
                    }
                },
                {
                    "category": "car",
                    "id": 6,
                    "attributes": {
                        "occluded": true,
                        "truncated": false,
                        "trafficLightColor": "none"
                    },
                    "box2d": {
                        "x1": 623.505257,
                        "y1": 390.136151,
                        "x2": 654.68052,
                        "y2": 413.888734
                    }
                },
                {
                    "category": "truck",
                    "id": 7,
                    "attributes": {
                        "occluded": false,
                        "truncated": true,
                        "trafficLightColor": "none"
                    },
                    "box2d": {
                        "x1": 0,
                        "y1": 240.494884,
                        "x2": 154.391778,
                        "y2": 457.237189
                    }
                },
                {
                    "category": "car",
                    "id": 8,
                    "attributes": {
                        "occluded": false,
                        "truncated": false,
                        "trafficLightColor": "none"
                    },
                    "box2d": {
                        "x1": 733.360946,
                        "y1": 381.228934,
                        "x2": 768.989817,
                        "y2": 409.435124
                    }
                },
                {
                    "category": "area/alternative",
                    "id": 9,
                    "attributes": {},
                    "poly2d": [
                        [
                            771.111998,
                            418.24715,
                            "L"
                        ],
                        [
                            729.936115,
                            418.24715,
                            "L"
                        ],
                        [
                            637.602316,
                            460.670789,
                            "C"
                        ],
                        [
                            724.9451,
                            616.640044,
                            "C"
                        ],
                        [
                            734.927131,
                            671.541222,
                            "C"
                        ],
                        [
                            859.702534,
                            680.2755,
                            "C"
                        ],
                        [
                            1001.946496,
                            697.744057,
                            "C"
                        ],
                        [
                            1121.730884,
                            719.954083,
                            "C"
                        ],
                        [
                            1280.195648,
                            719.954083,
                            "L"
                        ],
                        [
                            1280.195648,
                            617.887798,
                            "L"
                        ],
                        [
                            1110.501099,
                            551.507287,
                            "C"
                        ],
                        [
                            789.828309,
                            461.918542,
                            "C"
                        ],
                        [
                            771.111998,
                            418.24715,
                            "C"
                        ]
                    ]
                },
                {
                    "category": "area/alternative",
                    "id": 10,
                    "attributes": {},
                    "poly2d": [
                        [
                            0,
                            503.094427,
                            "L"
                        ],
                        [
                            605.160712,
                            418.24715,
                            "L"
                        ],
                        [
                            621.381514,
                            421.990414,
                            "L"
                        ],
                        [
                            0,
                            616.640044,
                            "L"
                        ],
                        [
                            0,
                            503.094427,
                            "L"
                        ]
                    ]
                },
                {
                    "category": "area/alternative",
                    "id": 11,
                    "attributes": {},
                    "poly2d": [
                        [
                            155.969255,
                            444.449987,
                            "L"
                        ],
                        [
                            155.969255,
                            458.175281,
                            "L"
                        ],
                        [
                            496.606108,
                            425.733675,
                            "L"
                        ],
                        [
                            497.853862,
                            420.74266,
                            "L"
                        ],
                        [
                            155.969255,
                            444.449987,
                            "L"
                        ]
                    ]
                },
                {
                    "category": "area/drivable",
                    "id": 12,
                    "attributes": {},
                    "poly2d": [
                        [
                            704.981034,
                            674.03673,
                            "L"
                        ],
                        [
                            693.751248,
                            579.207423,
                            "C"
                        ],
                        [
                            640.097823,
                            456.927527,
                            "C"
                        ],
                        [
                            712.467558,
                            421.990414,
                            "C"
                        ],
                        [
                            693.751248,
                            415.751643,
                            "L"
                        ],
                        [
                            475.394289,
                            469.405067,
                            "C"
                        ],
                        [
                            230.834498,
                            552.755041,
                            "C"
                        ],
                        [
                            0,
                            621.631059,
                            "C"
                        ],
                        [
                            0,
                            719.954083,
                            "L"
                        ],
                        [
                            88.590536,
                            719.954083,
                            "L"
                        ],
                        [
                            296.965463,
                            675.284484,
                            "C"
                        ],
                        [
                            505.340387,
                            680.2755,
                            "C"
                        ],
                        [
                            704.981034,
                            674.03673,
                            "C"
                        ]
                    ]
                },
                {
                    "category": "lane/road curb",
                    "id": 13,
                    "attributes": {
                        "direction": "parallel",
                        "style": "solid"
                    },
                    "poly2d": [
                        [
                            511.352132,
                            420.739056,
                            "L"
                        ],
                        [
                            142.82157,
                            445.307762,
                            "L"
                        ]
                    ]
                },
                {
                    "category": "lane/road curb",
                    "id": 14,
                    "attributes": {
                        "direction": "parallel",
                        "style": "solid"
                    },
                    "poly2d": [
                        [
                            807.712125,
                            429.952321,
                            "L"
                        ],
                        [
                            1280.6437,
                            543.582579,
                            "L"
                        ]
                    ]
                },
                {
                    "category": "lane/single white",
                    "id": 15,
                    "attributes": {
                        "direction": "parallel",
                        "style": "solid"
                    },
                    "poly2d": [
                        [
                            453.001461,
                            433.02341,
                            "L"
                        ],
                        [
                            0,
                            478.346223,
                            "L"
                        ]
                    ]
                },
                {
                    "category": "lane/single white",
                    "id": 16,
                    "attributes": {
                        "direction": "parallel",
                        "style": "solid"
                    },
                    "poly2d": [
                        [
                            571.464288,
                            420.944676,
                            "L"
                        ],
                        [
                            0,
                            502.582432,
                            "L"
                        ]
                    ]
                },
                {
                    "category": "lane/single white",
                    "id": 17,
                    "attributes": {
                        "direction": "parallel",
                        "style": "solid"
                    },
                    "poly2d": [
                        [
                            721.721661,
                            420.739056,
                            "C"
                        ],
                        [
                            664.582353,
                            442.629705,
                            "C"
                        ],
                        [
                            684.868605,
                            515.942786,
                            "C"
                        ],
                        [
                            732.470469,
                            669.497185,
                            "L"
                        ]
                    ]
                },
                {
                    "category": "lane/single white",
                    "id": 18,
                    "attributes": {
                        "direction": "parallel",
                        "style": "solid"
                    },
                    "poly2d": [
                        [
                            712.508397,
                            416.132425,
                            "C"
                        ],
                        [
                            658.764356,
                            469.876465,
                            "C"
                        ],
                        [
                            669.513165,
                            476.018641,
                            "C"
                        ],
                        [
                            706.366221,
                            675.639361,
                            "L"
                        ]
                    ]
                },
                {
                    "category": "lane/single white",
                    "id": 19,
                    "attributes": {
                        "direction": "parallel",
                        "style": "solid"
                    },
                    "poly2d": [
                        [
                            771.731907,
                            417.117907,
                            "C"
                        ],
                        [
                            771.731907,
                            445.180885,
                            "C"
                        ],
                        [
                            1109.763238,
                            553.606029,
                            "C"
                        ],
                        [
                            1280.6437,
                            611.146514,
                            "L"
                        ]
                    ]
                },
                {
                    "category": "lane/single white",
                    "id": 20,
                    "attributes": {
                        "direction": "parallel",
                        "style": "dashed"
                    },
                    "poly2d": [
                        [
                            651.086637,
                            425.345689,
                            "C"
                        ],
                        [
                            456.072548,
                            466.805377,
                            "C"
                        ],
                        [
                            216.527683,
                            558.938018,
                            "C"
                        ],
                        [
                            0,
                            628.037499,
                            "L"
                        ]
                    ]
                },
                {
                    "category": "lane/single white",
                    "id": 21,
                    "attributes": {
                        "direction": "parallel",
                        "style": "dashed"
                    },
                    "poly2d": [
                        [
                            640.337829,
                            425.345689,
                            "C"
                        ],
                        [
                            512.887675,
                            445.307762,
                            "C"
                        ],
                        [
                            211.905073,
                            546.653666,
                            "C"
                        ],
                        [
                            0,
                            609.610971,
                            "L"
                        ]
                    ]
                },
                {
                    "category": "lane/single white",
                    "id": 22,
                    "attributes": {
                        "direction": "parallel",
                        "style": "solid"
                    },
                    "poly2d": [
                        [
                            1.27559,
                            496.204482,
                            "L"
                        ],
                        [
                            480.897403,
                            432.424986,
                            "L"
                        ]
                    ]
                }
            ]
        }
    ],
    "attributes": {
        "weather": "partly cloudy",
        "scene": "highway",
        "timeofday": "daytime"
    }
}