{
    "name": "0d538703-ccd64878",
    "frames": [
        {
            "timestamp": 10000,
            "objects": [
                {
                    "category": "traffic light",
                    "id": 0,
                    "attributes": {
                        "occluded": false,
                        "truncated": false,
                        "trafficLightColor": "green"
                    },
                    "box2d": {
                        "x1": 506.729522,
                        "y1": 317.857608,
                        "x2": 514.34982,
                        "y2": 333.213048
                    }
                },
                {
                    "category": "traffic light",
                    "id": 1,
                    "attributes": {
                        "occluded": false,
                        "truncated": false,
                        "trafficLightColor": "none"
                    },
                    "box2d": {
                        "x1": 499.051801,
                        "y1": 316.322065,
                        "x2": 506.729519,
                        "y2": 330.653813
                    }
                },
                {
                    "category": "traffic light",
                    "id": 2,
                    "attributes": {
                        "occluded": false,
                        "truncated": false,
                        "trafficLightColor": "none"
                    },
                    "box2d": {
                        "x1": 660.283922,
                        "y1": 322.464241,
                        "x2": 669.497187,
                        "y2": 336.284137
                    }
                },
                {
                    "category": "traffic light",
                    "id": 3,
                    "attributes": {
                        "occluded": false,
                        "truncated": false,
                        "trafficLightColor": "green"
                    },
                    "box2d": {
                        "x1": 667.961642,
                        "y1": 320.928698,
                        "x2": 677.174906,
                        "y2": 336.284138
                    }
                },
                {
                    "category": "traffic light",
                    "id": 4,
                    "attributes": {
                        "occluded": false,
                        "truncated": false,
                        "trafficLightColor": "none"
                    },
                    "box2d": {
                        "x1": 413.061336,
                        "y1": 356.246208,
                        "x2": 428.416777,
                        "y2": 368.530559
                    }
                },
                {
                    "category": "traffic sign",
                    "id": 5,
                    "attributes": {
                        "occluded": false,
                        "truncated": false,
                        "trafficLightColor": "none"
                    },
                    "box2d": {
                        "x1": 417.667969,
                        "y1": 351.639576,
                        "x2": 436.094497,
                        "y2": 359.317294
                    }
                },
                {
                    "category": "traffic sign",
                    "id": 6,
                    "attributes": {
                        "occluded": false,
                        "truncated": false,
                        "trafficLightColor": "none"
                    },
                    "box2d": {
                        "x1": 466.805379,
                        "y1": 356.246208,
                        "x2": 483.696363,
                        "y2": 363.923928
                    }
                },
                {
                    "category": "traffic sign",
                    "id": 7,
                    "attributes": {
                        "occluded": true,
                        "truncated": false,
                        "trafficLightColor": "none"
                    },
                    "box2d": {
                        "x1": 720.170138,
                        "y1": 322.464241,
                        "x2": 733.990034,
                        "y2": 339.355224
                    }
                },
                {
                    "category": "traffic sign",
                    "id": 8,
                    "attributes": {
                        "occluded": false,
                        "truncated": false,
                        "trafficLightColor": "none"
                    },
                    "box2d": {
                        "x1": 724.776769,
                        "y1": 348.568489,
                        "x2": 740.13221,
                        "y2": 356.246209
                    }
                },
                {
                    "category": "traffic sign",
                    "id": 9,
                    "attributes": {
                        "occluded": false,
                        "truncated": false,
                        "trafficLightColor": "none"
                    },
                    "box2d": {
                        "x1": 720.170138,
                        "y1": 356.246208,
                        "x2": 735.525578,
                        "y2": 363.923928
                    }
                },
                {
                    "category": "car",
                    "id": 10,
                    "attributes": {
                        "occluded": true,
                        "truncated": false,
                        "trafficLightColor": "none"
                    },
                    "box2d": {
                        "x1": 549.724754,
                        "y1": 380.814912,
                        "x2": 563.544652,
                        "y2": 391.563721
                    }
                },
                {
                    "category": "car",
                    "id": 11,
                    "attributes": {
                        "occluded": true,
                        "truncated": false,
                        "trafficLightColor": "none"
                    },
                    "box2d": {
                        "x1": 437.630041,
                        "y1": 383.886002,
                        "x2": 465.26983,
                        "y2": 408.454705
                    }
                },
                {
                    "category": "car",
                    "id": 12,
                    "attributes": {
                        "occluded": true,
                        "truncated": false,
                        "trafficLightColor": "none"
                    },
                    "box2d": {
                        "x1": 417.667969,
                        "y1": 382.350456,
                        "x2": 448.378849,
                        "y2": 408.454704
                    }
                },
                {
                    "category": "car",
                    "id": 13,
                    "attributes": {
                        "occluded": true,
                        "truncated": false,
                        "trafficLightColor": "none"
                    },
                    "box2d": {
                        "x1": 396.170352,
                        "y1": 382.350456,
                        "x2": 423.810142,
                        "y2": 413.061335
                    }
                },
                {
                    "category": "car",
                    "id": 14,
                    "attributes": {
                        "occluded": true,
                        "truncated": false,
                        "trafficLightColor": "none"
                    },
                    "box2d": {
                        "x1": 491.374082,
                        "y1": 376.208281,
                        "x2": 515.942786,
                        "y2": 399.241439
                    }
                },
                {
                    "category": "car",
                    "id": 15,
                    "attributes": {
                        "occluded": true,
                        "truncated": false,
                        "trafficLightColor": "none"
                    },
                    "box2d": {
                        "x1": 362.388385,
                        "y1": 376.208281,
                        "x2": 400.776984,
                        "y2": 414.596879
                    }
                },
                {
                    "category": "car",
                    "id": 16,
                    "attributes": {
                        "occluded": true,
                        "truncated": false,
                        "trafficLightColor": "none"
                    },
                    "box2d": {
                        "x1": 317.857608,
                        "y1": 376.208281,
                        "x2": 370.066105,
                        "y2": 419.203511
                    }
                },
                {
                    "category": "car",
                    "id": 17,
                    "attributes": {
                        "occluded": true,
                        "truncated": false,
                        "trafficLightColor": "none"
                    },
                    "box2d": {
                        "x1": 671.03273,
                        "y1": 375.594073,
                        "x2": 687.923713,
                        "y2": 394.020602
                    }
                },
                {
                    "category": "car",
                    "id": 18,
                    "attributes": {
                        "occluded": true,
                        "truncated": false,
                        "trafficLightColor": "none"
                    },
                    "box2d": {
                        "x1": 700.208065,
                        "y1": 366.380809,
                        "x2": 747.809929,
                        "y2": 409.37604
                    }
                },
                {
                    "category": "car",
                    "id": 19,
                    "attributes": {
                        "occluded": true,
                        "truncated": false,
                        "trafficLightColor": "none"
                    },
                    "box2d": {
                        "x1": 718.634594,
                        "y1": 374.058531,
                        "x2": 778.520811,
                        "y2": 421.660394
                    }
                },
                {
                    "category": "car",
                    "id": 20,
                    "attributes": {
                        "occluded": true,
                        "truncated": false,
                        "trafficLightColor": "none"
                    },
                    "box2d": {
                        "x1": 752.416561,
                        "y1": 374.058531,
                        "x2": 827.658218,
                        "y2": 440.086922
                    }
                },
                {
                    "category": "car",
                    "id": 21,
                    "attributes": {
                        "occluded": true,
                        "truncated": false,
                        "trafficLightColor": "none"
                    },
                    "box2d": {
                        "x1": 773.914179,
                        "y1": 384.807338,
                        "x2": 855.298011,
                        "y2": 455.44236
                    }
                },
                {
                    "category": "car",
                    "id": 22,
                    "attributes": {
                        "occluded": true,
                        "truncated": false,
                        "trafficLightColor": "none"
                    },
                    "box2d": {
                        "x1": 795.411794,
                        "y1": 389.413968,
                        "x2": 893.68661,
                        "y2": 480.011064
                    }
                },
                {
                    "category": "car",
                    "id": 23,
                    "attributes": {
                        "occluded": true,
                        "truncated": false,
                        "trafficLightColor": "none"
                    },
                    "box2d": {
                        "x1": 824.587131,
                        "y1": 394.0206,
                        "x2": 1027.27894,
                        "y2": 526.077382
                    }
                },
                {
                    "category": "car",
                    "id": 24,
                    "attributes": {
                        "occluded": false,
                        "truncated": false,
                        "trafficLightColor": "none"
                    },
                    "box2d": {
                        "x1": 242.615952,
                        "y1": 379.586475,
                        "x2": 331.677504,
                        "y2": 433.330516
                    }
                },
                {
                    "category": "car",
                    "id": 25,
                    "attributes": {
                        "occluded": false,
                        "truncated": false,
                        "trafficLightColor": "none"
                    },
                    "box2d": {
                        "x1": 24.568704,
                        "y1": 368.837665,
                        "x2": 216.511705,
                        "y2": 454.82813
                    }
                },
                {
                    "category": "car",
                    "id": 26,
                    "attributes": {
                        "occluded": false,
                        "truncated": false,
                        "trafficLightColor": "none"
                    },
                    "box2d": {
                        "x1": 509.80061,
                        "y1": 371.908752,
                        "x2": 552.795841,
                        "y2": 405.69072
                    }
                },
                {
                    "category": "car",
                    "id": 27,
                    "attributes": {
                        "occluded": false,
                        "truncated": false,
                        "trafficLightColor": "none"
                    },
                    "box2d": {
                        "x1": 557.402474,
                        "y1": 376.515384,
                        "x2": 588.113355,
                        "y2": 402.619632
                    }
                },
                {
                    "category": "car",
                    "id": 28,
                    "attributes": {
                        "occluded": false,
                        "truncated": false,
                        "trafficLightColor": "none"
                    },
                    "box2d": {
                        "x1": 626.501954,
                        "y1": 371.908752,
                        "x2": 641.857394,
                        "y2": 385.728649
                    }
                },
                {
                    "category": "truck",
                    "id": 29,
                    "attributes": {
                        "occluded": false,
                        "truncated": false,
                        "trafficLightColor": "none"
                    },
                    "box2d": {
                        "x1": 605.004338,
                        "y1": 363.923929,
                        "x2": 626.501955,
                        "y2": 390.028177
                    }
                },
                {
                    "category": "car",
                    "id": 30,
                    "attributes": {
                        "occluded": false,
                        "truncated": true,
                        "trafficLightColor": "none"
                    },
                    "box2d": {
                        "x1": 972.383241,
                        "y1": 372.369422,
                        "x2": 1277.956499,
                        "y2": 681.013767
                    }
                },
                {
                    "category": "car",
                    "id": 31,
                    "attributes": {
                        "occluded": true,
                        "truncated": false,
                        "trafficLightColor": "none"
                    },
                    "box2d": {
                        "x1": 638.549777,
                        "y1": 370.799867,
                        "x2": 650.699772,
                        "y2": 384.299862
                    }
                },
                {
                    "category": "area/alternative",
                    "id": 32,
                    "attributes": {},
                    "poly2d": [
                        [
                            599.631609,
                            395.212223,
                            "L"
                        ],
                        [
                            0,
                            599.399582,
                            "L"
                        ],
                        [
                            0,
                            720.562004,
                            "L"
                        ],
                        [
                            91.694457,
                            720.562004,
                            "L"
                        ],
                        [
                            206.444379,
                            682.087025,
                            "C"
                        ],
                        [
                            307.69431,
                            658.462042,
                            "C"
                        ],
                        [
                            414.006736,
                            651.712047,
                            "C"
                        ],
                        [
                            636.756582,
                            398.587221,
                            "L"
                        ],
                        [
                            599.631609,
                            395.212223,
                            "L"
                        ]
                    ]
                },
                {
                    "category": "area/drivable",
                    "id": 33,
                    "attributes": {},
                    "poly2d": [
                        [
                            644.944461,
                            399.753281,
                            "L"
                        ],
                        [
                            439.31922,
                            651.712047,
                            "L"
                        ],
                        [
                            662.069066,
                            641.587054,
                            "C"
                        ],
                        [
                            861.193928,
                            648.337049,
                            "C"
                        ],
                        [
                            1073.818783,
                            673.649532,
                            "C"
                        ],
                        [
                            677.256556,
                            401.962219,
                            "L"
                        ],
                        [
                            644.944461,
                            399.753281,
                            "L"
                        ]
                    ]
                },
                {
                    "category": "lane/single white",
                    "id": 34,
                    "attributes": {
                        "direction": "parallel",
                        "style": "dashed"
                    },
                    "poly2d": [
                        [
                            0,
                            502.844879,
                            "L"
                        ],
                        [
                            499.101616,
                            406.767818,
                            "L"
                        ]
                    ]
                },
                {
                    "category": "lane/single white",
                    "id": 35,
                    "attributes": {
                        "direction": "parallel",
                        "style": "dashed"
                    },
                    "poly2d": [
                        [
                            413.006589,
                            656.318626,
                            "L"
                        ],
                        [
                            631.363546,
                            406.767818,
                            "L"
                        ]
                    ]
                },
                {
                    "category": "lane/single white",
                    "id": 36,
                    "attributes": {
                        "direction": "parallel",
                        "style": "dashed"
                    },
                    "poly2d": [
                        [
                            439.209423,
                            651.32761,
                            "L"
                        ],
                        [
                            637.602316,
                            406.767818,
                            "L"
                        ]
                    ]
                },
                {
                    "category": "lane/double yellow",
                    "id": 37,
                    "attributes": {
                        "direction": "parallel",
                        "style": "solid"
                    },
                    "poly2d": [
                        [
                            2.495507,
                            597.674186,
                            "C"
                        ],
                        [
                            194.649631,
                            534.03873,
                            "C"
                        ],
                        [
                            389.299261,
                            464.164504,
                            "C"
                        ],
                        [
                            577.710122,
                            406.767818,
                            "L"
                        ]
                    ]
                },
                {
                    "category": "lane/double yellow",
                    "id": 38,
                    "attributes": {
                        "direction": "parallel",
                        "style": "solid"
                    },
                    "poly2d": [
                        [
                            0,
                            581.453384,
                            "C"
                        ],
                        [
                            188.41086,
                            522.808944,
                            "C"
                        ],
                        [
                            373.078459,
                            461.668995,
                            "C"
                        ],
                        [
                            556.498303,
                            406.767818,
                            "L"
                        ]
                    ]
                },
                {
                    "category": "lane/crosswalk",
                    "id": 39,
                    "attributes": {
                        "direction": "vertical",
                        "style": "dashed"
                    },
                    "poly2d": [
                        [
                            701.237772,
                            405.520064,
                            "C"
                        ],
                        [
                            651.32761,
                            403.024556,
                            "C"
                        ],
                        [
                            610.151727,
                            401.776802,
                            "C"
                        ],
                        [
                            554.002795,
                            404.27231,
                            "L"
                        ]
                    ]
                },
                {
                    "category": "lane/crosswalk",
                    "id": 40,
                    "attributes": {
                        "direction": "vertical",
                        "style": "dashed"
                    },
                    "poly2d": [
                        [
                            698.742263,
                            399.281294,
                            "C"
                        ],
                        [
                            643.841086,
                            396.785785,
                            "C"
                        ],
                        [
                            611.399481,
                            396.785785,
                            "C"
                        ],
                        [
                            558.993812,
                            399.281294,
                            "L"
                        ]
                    ]
                },
                {
                    "category": "lane/crosswalk",
                    "id": 41,
                    "attributes": {
                        "direction": "vertical",
                        "style": "dashed"
                    },
                    "poly2d": [
                        [
                            464.164504,
                            406.767818,
                            "L"
                        ],
                        [
                            509.083648,
                            404.27231,
                            "L"
                        ]
                    ]
                },
                {
                    "category": "lane/crosswalk",
                    "id": 42,
                    "attributes": {
                        "direction": "vertical",
                        "style": "dashed"
                    },
                    "poly2d": [
                        [
                            467.907766,
                            400.529048,
                            "L"
                        ],
                        [
                            507.835895,
                            399.281294,
                            "L"
                        ]
                    ]
                },
                {
                    "category": "lane/crosswalk",
                    "id": 43,
                    "attributes": {
                        "direction": "vertical",
                        "style": "dashed"
                    },
                    "poly2d": [
                        [
                            625.748652,
                            389.299261,
                            "L"
                        ],
                        [
                            670.043921,
                            389.923138,
                            "L"
                        ]
                    ]
                },
                {
                    "category": "lane/single white",
                    "id": 44,
                    "attributes": {
                        "direction": "parallel",
                        "style": "dashed"
                    },
                    "poly2d": [
                        [
                            648.208225,
                            392.418646,
                            "L"
                        ],
                        [
                            640.721701,
                            396.785785,
                            "L"
                        ]
                    ]
                },
                {
                    "category": "lane/double yellow",
                    "id": 45,
                    "attributes": {
                        "direction": "parallel",
                        "style": "dashed"
                    },
                    "poly2d": [
                        [
                            622.00539,
                            391.170893,
                            "L"
                        ],
                        [
                            600.793572,
                            396.161909,
                            "L"
                        ]
                    ]
                }
            ]
        }
    ],
    "attributes": {
        "weather": "overcast",
        "scene": "city street",
        "timeofday": "dawn/dusk"
    }
}