{
    "name": "0d53c976-44810d29",
    "frames": [
        {
            "timestamp": 10000,
            "objects": [
                {
                    "category": "traffic light",
                    "id": 0,
                    "attributes": {
                        "occluded": false,
                        "truncated": false,
                        "trafficLightColor": "green"
                    },
                    "box2d": {
                        "x1": 344.380117,
                        "y1": 218.356957,
                        "x2": 359.353165,
                        "y2": 258.285087
                    }
                },
                {
                    "category": "traffic light",
                    "id": 1,
                    "attributes": {
                        "occluded": false,
                        "truncated": false,
                        "trafficLightColor": "green"
                    },
                    "box2d": {
                        "x1": 651.32761,
                        "y1": 182.17209,
                        "x2": 668.796167,
                        "y2": 228.338991
                    }
                },
                {
                    "category": "traffic light",
                    "id": 2,
                    "attributes": {
                        "occluded": false,
                        "truncated": false,
                        "trafficLightColor": "green"
                    },
                    "box2d": {
                        "x1": 857.207027,
                        "y1": 365.591935,
                        "x2": 880.914354,
                        "y2": 389.299261
                    }
                },
                {
                    "category": "traffic light",
                    "id": 3,
                    "attributes": {
                        "occluded": false,
                        "truncated": false,
                        "trafficLightColor": "none"
                    },
                    "box2d": {
                        "x1": 840.986224,
                        "y1": 103.563586,
                        "x2": 873.42783,
                        "y2": 167.199042
                    }
                },
                {
                    "category": "traffic light",
                    "id": 4,
                    "attributes": {
                        "occluded": false,
                        "truncated": false,
                        "trafficLightColor": "none"
                    },
                    "box2d": {
                        "x1": 626.372529,
                        "y1": 179.676582,
                        "x2": 651.327609,
                        "y2": 227.091235
                    }
                },
                {
                    "category": "traffic light",
                    "id": 5,
                    "attributes": {
                        "occluded": true,
                        "truncated": false,
                        "trafficLightColor": "none"
                    },
                    "box2d": {
                        "x1": 618.886005,
                        "y1": 188.41086,
                        "x2": 647.584349,
                        "y2": 247.0553
                    }
                },
                {
                    "category": "traffic light",
                    "id": 6,
                    "attributes": {
                        "occluded": true,
                        "truncated": false,
                        "trafficLightColor": "none"
                    },
                    "box2d": {
                        "x1": 812.287882,
                        "y1": 265.771611,
                        "x2": 839.738471,
                        "y2": 314.434019
                    }
                },
                {
                    "category": "traffic sign",
                    "id": 7,
                    "attributes": {
                        "occluded": false,
                        "truncated": false,
                        "trafficLightColor": "none"
                    },
                    "box2d": {
                        "x1": 34.937113,
                        "y1": 272.010381,
                        "x2": 82.351766,
                        "y2": 288.231184
                    }
                },
                {
                    "category": "traffic light",
                    "id": 8,
                    "attributes": {
                        "occluded": false,
                        "truncated": false,
                        "trafficLightColor": "green"
                    },
                    "box2d": {
                        "x1": 13.725294,
                        "y1": 341.884608,
                        "x2": 42.423637,
                        "y2": 370.582951
                    }
                },
                {
                    "category": "traffic light",
                    "id": 9,
                    "attributes": {
                        "occluded": false,
                        "truncated": false,
                        "trafficLightColor": "none"
                    },
                    "box2d": {
                        "x1": 63.635456,
                        "y1": 345.62787,
                        "x2": 74.865243,
                        "y2": 371.830704
                    }
                },
                {
                    "category": "person",
                    "id": 10,
                    "attributes": {
                        "occluded": false,
                        "truncated": false,
                        "trafficLightColor": "none"
                    },
                    "box2d": {
                        "x1": 291.974446,
                        "y1": 409.263326,
                        "x2": 321.920542,
                        "y2": 486.624077
                    }
                },
                {
                    "category": "person",
                    "id": 11,
                    "attributes": {
                        "occluded": false,
                        "truncated": false,
                        "trafficLightColor": "none"
                    },
                    "box2d": {
                        "x1": 677.530445,
                        "y1": 414.254342,
                        "x2": 699.990018,
                        "y2": 487.871831
                    }
                },
                {
                    "category": "person",
                    "id": 12,
                    "attributes": {
                        "occluded": true,
                        "truncated": false,
                        "trafficLightColor": "none"
                    },
                    "box2d": {
                        "x1": 665.052904,
                        "y1": 414.254342,
                        "x2": 683.769214,
                        "y2": 486.624077
                    }
                },
                {
                    "category": "car",
                    "id": 13,
                    "attributes": {
                        "occluded": false,
                        "truncated": false,
                        "trafficLightColor": "none"
                    },
                    "box2d": {
                        "x1": 333.150329,
                        "y1": 396.785786,
                        "x2": 540.2775,
                        "y2": 556.498304
                    }
                },
                {
                    "category": "car",
                    "id": 14,
                    "attributes": {
                        "occluded": true,
                        "truncated": false,
                        "trafficLightColor": "none"
                    },
                    "box2d": {
                        "x1": 311.938511,
                        "y1": 425.48413,
                        "x2": 366.83969,
                        "y2": 481.633061
                    }
                },
                {
                    "category": "truck",
                    "id": 15,
                    "attributes": {
                        "occluded": true,
                        "truncated": false,
                        "trafficLightColor": "none"
                    },
                    "box2d": {
                        "x1": 516.570174,
                        "y1": 411.758834,
                        "x2": 537.781991,
                        "y2": 444.20044
                    }
                },
                {
                    "category": "traffic sign",
                    "id": 16,
                    "attributes": {
                        "occluded": false,
                        "truncated": false,
                        "trafficLightColor": "none"
                    },
                    "box2d": {
                        "x1": 828.508684,
                        "y1": 328.159313,
                        "x2": 865.941306,
                        "y2": 344.380115
                    }
                },
                {
                    "category": "traffic sign",
                    "id": 17,
                    "attributes": {
                        "occluded": false,
                        "truncated": false,
                        "trafficLightColor": "none"
                    },
                    "box2d": {
                        "x1": 850.968257,
                        "y1": 295.717707,
                        "x2": 888.400878,
                        "y2": 311.93851
                    }
                },
                {
                    "category": "traffic sign",
                    "id": 18,
                    "attributes": {
                        "occluded": false,
                        "truncated": false,
                        "trafficLightColor": "none"
                    },
                    "box2d": {
                        "x1": 697.49451,
                        "y1": 212.118187,
                        "x2": 747.404672,
                        "y2": 247.0553
                    }
                },
                {
                    "category": "area/drivable",
                    "id": 19,
                    "attributes": {},
                    "poly2d": [
                        [
                            1250.586579,
                            661.978898,
                            "L"
                        ],
                        [
                            992.983931,
                            587.094408,
                            "C"
                        ],
                        [
                            885.150265,
                            539.168333,
                            "C"
                        ],
                        [
                            1279.042686,
                            555.642921,
                            "C"
                        ],
                        [
                            1280.52479,
                            509.214538,
                            "L"
                        ],
                        [
                            949.540827,
                            505.340387,
                            "C"
                        ],
                        [
                            720.404385,
                            524.191435,
                            "C"
                        ],
                        [
                            603.58458,
                            464.283842,
                            "C"
                        ],
                        [
                            543.676986,
                            462.786152,
                            "L"
                        ],
                        [
                            554.160816,
                            563.13137,
                            "L"
                        ],
                        [
                            339.991173,
                            572.117508,
                            "L"
                        ],
                        [
                            328.009654,
                            500.228398,
                            "L"
                        ],
                        [
                            271.097441,
                            488.246879,
                            "L"
                        ],
                        [
                            218.678298,
                            495.735328,
                            "C"
                        ],
                        [
                            107.849253,
                            494.237639,
                            "C"
                        ],
                        [
                            0,
                            484.128569,
                            "C"
                        ],
                        [
                            0,
                            626.034342,
                            "L"
                        ],
                        [
                            256.120543,
                            655.988138,
                            "C"
                        ],
                        [
                            555.658506,
                            620.043583,
                            "C"
                        ],
                        [
                            714.963066,
                            652.575364,
                            "C"
                        ],
                        [
                            1250.586579,
                            661.978898,
                            "L"
                        ]
                    ]
                },
                {
                    "category": "lane/road curb",
                    "id": 20,
                    "attributes": {
                        "direction": "parallel",
                        "style": "solid"
                    },
                    "poly2d": [
                        [
                            182.940475,
                            490.705784,
                            "L"
                        ],
                        [
                            1.102034,
                            485.195459,
                            "L"
                        ]
                    ]
                },
                {
                    "category": "lane/road curb",
                    "id": 21,
                    "attributes": {
                        "direction": "parallel",
                        "style": "solid"
                    },
                    "poly2d": [
                        [
                            1279.469961,
                            508.338817,
                            "L"
                        ],
                        [
                            847.477325,
                            494.011976,
                            "L"
                        ]
                    ]
                },
                {
                    "category": "lane/crosswalk",
                    "id": 22,
                    "attributes": {
                        "direction": "vertical",
                        "style": "dashed"
                    },
                    "poly2d": [
                        [
                            333.921484,
                            492.909911,
                            "L"
                        ],
                        [
                            272.20662,
                            492.909911,
                            "L"
                        ]
                    ]
                },
                {
                    "category": "lane/crosswalk",
                    "id": 23,
                    "attributes": {
                        "direction": "vertical",
                        "style": "dashed"
                    },
                    "poly2d": [
                        [
                            150.980992,
                            494.011976,
                            "C"
                        ],
                        [
                            96.980484,
                            498.420235,
                            "C"
                        ],
                        [
                            52.897984,
                            509.143086,
                            "C"
                        ],
                        [
                            3.306137,
                            517.155336,
                            "L"
                        ]
                    ]
                },
                {
                    "category": "lane/crosswalk",
                    "id": 24,
                    "attributes": {
                        "direction": "vertical",
                        "style": "dashed"
                    },
                    "poly2d": [
                        [
                            690.98606,
                            490.705784,
                            "L"
                        ],
                        [
                            538.903001,
                            488.501653,
                            "L"
                        ]
                    ]
                },
                {
                    "category": "lane/crosswalk",
                    "id": 25,
                    "attributes": {
                        "direction": "vertical",
                        "style": "dashed"
                    },
                    "poly2d": [
                        [
                            648.006066,
                            476.378941,
                            "L"
                        ],
                        [
                            540.005052,
                            476.378941,
                            "L"
                        ]
                    ]
                },
                {
                    "category": "lane/crosswalk",
                    "id": 26,
                    "attributes": {
                        "direction": "vertical",
                        "style": "dashed"
                    },
                    "poly2d": [
                        [
                            959.886544,
                            552.421405,
                            "C"
                        ],
                        [
                            886.041215,
                            532.285952,
                            "C"
                        ],
                        [
                            826.538354,
                            506.134688,
                            "C"
                        ],
                        [
                            737.27221,
                            492.909911,
                            "L"
                        ]
                    ]
                },
                {
                    "category": "lane/crosswalk",
                    "id": 27,
                    "attributes": {
                        "direction": "vertical",
                        "style": "dashed"
                    },
                    "poly2d": [
                        [
                            997.356284,
                            499.522298,
                            "L"
                        ],
                        [
                            1278.379329,
                            548.013146,
                            "L"
                        ]
                    ]
                },
                {
                    "category": "lane/crosswalk",
                    "id": 28,
                    "attributes": {
                        "direction": "vertical",
                        "style": "dashed"
                    },
                    "poly2d": [
                        [
                            822.130149,
                            600.912251,
                            "L"
                        ],
                        [
                            0,
                            613.034963,
                            "L"
                        ]
                    ]
                },
                {
                    "category": "lane/road curb",
                    "id": 29,
                    "attributes": {
                        "direction": "parallel",
                        "style": "solid"
                    },
                    "poly2d": [
                        [
                            1024.907561,
                            582.177152,
                            "L"
                        ],
                        [
                            1143.929088,
                            627.361804,
                            "L"
                        ]
                    ]
                },
                {
                    "category": "lane/single white",
                    "id": 30,
                    "attributes": {
                        "direction": "parallel",
                        "style": "solid"
                    },
                    "poly2d": [
                        [
                            1270.664971,
                            524.869787,
                            "L"
                        ],
                        [
                            1145.031139,
                            523.767723,
                            "L"
                        ]
                    ]
                },
                {
                    "category": "lane/single white",
                    "id": 31,
                    "attributes": {
                        "direction": "parallel",
                        "style": "solid"
                    },
                    "poly2d": [
                        [
                            1268.460868,
                            519.359463,
                            "L"
                        ],
                        [
                            1126.296269,
                            518.257399,
                            "L"
                        ]
                    ]
                }
            ]
        }
    ],
    "attributes": {
        "weather": "clear",
        "scene": "city street",
        "timeofday": "daytime"
    }
}