{
    "name": "0d53c976-ad5a9570",
    "frames": [
        {
            "timestamp": 10000,
            "objects": [
                {
                    "category": "traffic sign",
                    "id": 0,
                    "attributes": {
                        "occluded": false,
                        "truncated": false,
                        "trafficLightColor": "none"
                    },
                    "box2d": {
                        "x1": 207.794383,
                        "y1": 305.774785,
                        "x2": 243.231858,
                        "y2": 315.899777
                    }
                },
                {
                    "category": "traffic sign",
                    "id": 1,
                    "attributes": {
                        "occluded": false,
                        "truncated": false,
                        "trafficLightColor": "none"
                    },
                    "box2d": {
                        "x1": 828.793956,
                        "y1": 250.087323,
                        "x2": 884.481418,
                        "y2": 266.962311
                    }
                },
                {
                    "category": "traffic sign",
                    "id": 2,
                    "attributes": {
                        "occluded": false,
                        "truncated": false,
                        "trafficLightColor": "none"
                    },
                    "box2d": {
                        "x1": 835.543953,
                        "y1": 283.837299,
                        "x2": 869.29393,
                        "y2": 300.712287
                    }
                },
                {
                    "category": "car",
                    "id": 3,
                    "attributes": {
                        "occluded": true,
                        "truncated": false,
                        "trafficLightColor": "none"
                    },
                    "box2d": {
                        "x1": 77.856973,
                        "y1": 358.087249,
                        "x2": 212.85688,
                        "y2": 381.712233
                    }
                },
                {
                    "category": "car",
                    "id": 4,
                    "attributes": {
                        "occluded": true,
                        "truncated": false,
                        "trafficLightColor": "none"
                    },
                    "box2d": {
                        "x1": 423.794234,
                        "y1": 369.899741,
                        "x2": 442.356721,
                        "y2": 395.212223
                    }
                },
                {
                    "category": "car",
                    "id": 5,
                    "attributes": {
                        "occluded": true,
                        "truncated": false,
                        "trafficLightColor": "none"
                    },
                    "box2d": {
                        "x1": 541.919154,
                        "y1": 373.274738,
                        "x2": 553.731644,
                        "y2": 388.462229
                    }
                },
                {
                    "category": "car",
                    "id": 6,
                    "attributes": {
                        "occluded": true,
                        "truncated": false,
                        "trafficLightColor": "none"
                    },
                    "box2d": {
                        "x1": 558.794143,
                        "y1": 373.274738,
                        "x2": 573.981633,
                        "y2": 393.524725
                    }
                },
                {
                    "category": "car",
                    "id": 7,
                    "attributes": {
                        "occluded": true,
                        "truncated": false,
                        "trafficLightColor": "none"
                    },
                    "box2d": {
                        "x1": 550.356648,
                        "y1": 368.212242,
                        "x2": 580.731627,
                        "y2": 395.212223
                    }
                },
                {
                    "category": "car",
                    "id": 8,
                    "attributes": {
                        "occluded": true,
                        "truncated": false,
                        "trafficLightColor": "none"
                    },
                    "box2d": {
                        "x1": 565.544138,
                        "y1": 373.274738,
                        "x2": 584.106626,
                        "y2": 395.212224
                    }
                },
                {
                    "category": "car",
                    "id": 9,
                    "attributes": {
                        "occluded": true,
                        "truncated": false,
                        "trafficLightColor": "none"
                    },
                    "box2d": {
                        "x1": 678.60656,
                        "y1": 353.024752,
                        "x2": 882.793919,
                        "y2": 484.649662
                    }
                },
                {
                    "category": "car",
                    "id": 10,
                    "attributes": {
                        "occluded": false,
                        "truncated": false,
                        "trafficLightColor": "none"
                    },
                    "box2d": {
                        "x1": 509.856676,
                        "y1": 380.024733,
                        "x2": 526.731663,
                        "y2": 390.149726
                    }
                },
                {
                    "category": "car",
                    "id": 11,
                    "attributes": {
                        "occluded": false,
                        "truncated": false,
                        "trafficLightColor": "none"
                    },
                    "box2d": {
                        "x1": 575.66913,
                        "y1": 368.212242,
                        "x2": 616.169102,
                        "y2": 403.649717
                    }
                },
                {
                    "category": "car",
                    "id": 12,
                    "attributes": {
                        "occluded": false,
                        "truncated": false,
                        "trafficLightColor": "none"
                    },
                    "box2d": {
                        "x1": 430.544229,
                        "y1": 364.837244,
                        "x2": 499.731682,
                        "y2": 410.399713
                    }
                },
                {
                    "category": "car",
                    "id": 13,
                    "attributes": {
                        "occluded": false,
                        "truncated": false,
                        "trafficLightColor": "none"
                    },
                    "box2d": {
                        "x1": 368.106773,
                        "y1": 361.462247,
                        "x2": 427.169233,
                        "y2": 408.712215
                    }
                },
                {
                    "category": "car",
                    "id": 14,
                    "attributes": {
                        "occluded": false,
                        "truncated": true,
                        "trafficLightColor": "none"
                    },
                    "box2d": {
                        "x1": 808.54397,
                        "y1": 329.399769,
                        "x2": 1279.356147,
                        "y2": 582.524595
                    }
                },
                {
                    "category": "car",
                    "id": 15,
                    "attributes": {
                        "occluded": true,
                        "truncated": false,
                        "trafficLightColor": "none"
                    },
                    "box2d": {
                        "x1": 636.763833,
                        "y1": 359.099874,
                        "x2": 729.9138,
                        "y2": 399.59986
                    }
                },
                {
                    "category": "area/drivable",
                    "id": 16,
                    "attributes": {},
                    "poly2d": [
                        [
                            512.887676,
                            393.099265,
                            "L"
                        ],
                        [
                            545.134101,
                            393.099265,
                            "L"
                        ],
                        [
                            941.304454,
                            586.57781,
                            "L"
                        ],
                        [
                            749.361453,
                            569.686826,
                            "C"
                        ],
                        [
                            537.781992,
                            540.2775,
                            "C"
                        ],
                        [
                            327.086852,
                            555.86693,
                            "C"
                        ],
                        [
                            512.887676,
                            393.099265,
                            "L"
                        ]
                    ]
                },
                {
                    "category": "lane/road curb",
                    "id": 17,
                    "attributes": {
                        "direction": "parallel",
                        "style": "solid"
                    },
                    "poly2d": [
                        [
                            395.715515,
                            414.925006,
                            "L"
                        ],
                        [
                            149.83403,
                            491.76297,
                            "L"
                        ]
                    ]
                }
            ]
        }
    ],
    "attributes": {
        "weather": "partly cloudy",
        "scene": "residential",
        "timeofday": "daytime"
    }
}