{
    "name": "0d53c976-0532e5df",
    "frames": [
        {
            "timestamp": 10000,
            "objects": [
                {
                    "category": "traffic sign",
                    "id": 0,
                    "attributes": {
                        "occluded": false,
                        "truncated": false,
                        "trafficLightColor": "none"
                    },
                    "box2d": {
                        "x1": 926.320227,
                        "y1": 309.969774,
                        "x2": 944.918412,
                        "y2": 329.546813
                    }
                },
                {
                    "category": "traffic sign",
                    "id": 1,
                    "attributes": {
                        "occluded": false,
                        "truncated": false,
                        "trafficLightColor": "none"
                    },
                    "box2d": {
                        "x1": 935.129892,
                        "y1": 330.525665,
                        "x2": 953.728078,
                        "y2": 345.208443
                    }
                },
                {
                    "category": "traffic sign",
                    "id": 2,
                    "attributes": {
                        "occluded": false,
                        "truncated": false,
                        "trafficLightColor": "none"
                    },
                    "box2d": {
                        "x1": 920.447115,
                        "y1": 331.504516,
                        "x2": 933.172189,
                        "y2": 335.419923
                    }
                },
                {
                    "category": "traffic sign",
                    "id": 3,
                    "attributes": {
                        "occluded": false,
                        "truncated": false,
                        "trafficLightColor": "none"
                    },
                    "box2d": {
                        "x1": 912.6163,
                        "y1": 337.377628,
                        "x2": 932.193338,
                        "y2": 342.271887
                    }
                },
                {
                    "category": "traffic sign",
                    "id": 4,
                    "attributes": {
                        "occluded": false,
                        "truncated": false,
                        "trafficLightColor": "none"
                    },
                    "box2d": {
                        "x1": 631.033213,
                        "y1": 375.226573,
                        "x2": 642.779436,
                        "y2": 386.972797
                    }
                },
                {
                    "category": "traffic sign",
                    "id": 5,
                    "attributes": {
                        "occluded": false,
                        "truncated": false,
                        "trafficLightColor": "none"
                    },
                    "box2d": {
                        "x1": 387.299075,
                        "y1": 363.480352,
                        "x2": 399.045299,
                        "y2": 373.26887
                    }
                },
                {
                    "category": "traffic light",
                    "id": 6,
                    "attributes": {
                        "occluded": false,
                        "truncated": false,
                        "trafficLightColor": "none"
                    },
                    "box2d": {
                        "x1": 325.631404,
                        "y1": 307.359497,
                        "x2": 336.398775,
                        "y2": 324.978831
                    }
                },
                {
                    "category": "traffic light",
                    "id": 7,
                    "attributes": {
                        "occluded": false,
                        "truncated": false,
                        "trafficLightColor": "none"
                    },
                    "box2d": {
                        "x1": 441.13593,
                        "y1": 322.042277,
                        "x2": 448.966745,
                        "y2": 337.703907
                    }
                },
                {
                    "category": "traffic light",
                    "id": 8,
                    "attributes": {
                        "occluded": false,
                        "truncated": false,
                        "trafficLightColor": "none"
                    },
                    "box2d": {
                        "x1": 537.585478,
                        "y1": 366.090612,
                        "x2": 544.437441,
                        "y2": 374.90028
                    }
                },
                {
                    "category": "traffic light",
                    "id": 9,
                    "attributes": {
                        "occluded": false,
                        "truncated": false,
                        "trafficLightColor": "none"
                    },
                    "box2d": {
                        "x1": 588.485777,
                        "y1": 332.809647,
                        "x2": 595.337739,
                        "y2": 345.534722
                    }
                },
                {
                    "category": "traffic light",
                    "id": 10,
                    "attributes": {
                        "occluded": false,
                        "truncated": false,
                        "trafficLightColor": "green"
                    },
                    "box2d": {
                        "x1": 431.477924,
                        "y1": 321.063426,
                        "x2": 440.287591,
                        "y2": 337.703908
                    }
                },
                {
                    "category": "traffic light",
                    "id": 11,
                    "attributes": {
                        "occluded": false,
                        "truncated": false,
                        "trafficLightColor": "green"
                    },
                    "box2d": {
                        "x1": 352.190917,
                        "y1": 351.407833,
                        "x2": 359.042882,
                        "y2": 367.069463
                    }
                },
                {
                    "category": "person",
                    "id": 12,
                    "attributes": {
                        "occluded": false,
                        "truncated": false,
                        "trafficLightColor": "none"
                    },
                    "box2d": {
                        "x1": 399.371578,
                        "y1": 388.604207,
                        "x2": 406.22354,
                        "y2": 405.244689
                    }
                },
                {
                    "category": "person",
                    "id": 13,
                    "attributes": {
                        "occluded": false,
                        "truncated": false,
                        "trafficLightColor": "none"
                    },
                    "box2d": {
                        "x1": 420.906319,
                        "y1": 390.56191,
                        "x2": 431.67369,
                        "y2": 410.138948
                    }
                },
                {
                    "category": "person",
                    "id": 14,
                    "attributes": {
                        "occluded": false,
                        "truncated": false,
                        "trafficLightColor": "none"
                    },
                    "box2d": {
                        "x1": 409.160096,
                        "y1": 391.540763,
                        "x2": 418.948614,
                        "y2": 411.117801
                    }
                },
                {
                    "category": "person",
                    "id": 15,
                    "attributes": {
                        "occluded": false,
                        "truncated": false,
                        "trafficLightColor": "none"
                    },
                    "box2d": {
                        "x1": 324.978832,
                        "y1": 383.709948,
                        "x2": 334.767351,
                        "y2": 412.096652
                    }
                },
                {
                    "category": "person",
                    "id": 16,
                    "attributes": {
                        "occluded": false,
                        "truncated": false,
                        "trafficLightColor": "none"
                    },
                    "box2d": {
                        "x1": 337.703907,
                        "y1": 382.731095,
                        "x2": 351.407833,
                        "y2": 416.012058
                    }
                },
                {
                    "category": "person",
                    "id": 17,
                    "attributes": {
                        "occluded": true,
                        "truncated": false,
                        "trafficLightColor": "none"
                    },
                    "box2d": {
                        "x1": 307.359497,
                        "y1": 380.773392,
                        "x2": 316.169165,
                        "y2": 417.969763
                    }
                },
                {
                    "category": "person",
                    "id": 18,
                    "attributes": {
                        "occluded": false,
                        "truncated": false,
                        "trafficLightColor": "none"
                    },
                    "box2d": {
                        "x1": 308.33835,
                        "y1": 375.879131,
                        "x2": 322.042277,
                        "y2": 419.927467
                    }
                },
                {
                    "category": "person",
                    "id": 19,
                    "attributes": {
                        "occluded": false,
                        "truncated": false,
                        "trafficLightColor": "none"
                    },
                    "box2d": {
                        "x1": 1086.805306,
                        "y1": 390.282245,
                        "x2": 1113.234309,
                        "y2": 465.653843
                    }
                },
                {
                    "category": "person",
                    "id": 20,
                    "attributes": {
                        "occluded": false,
                        "truncated": false,
                        "trafficLightColor": "none"
                    },
                    "box2d": {
                        "x1": 1025.137637,
                        "y1": 391.261098,
                        "x2": 1051.56664,
                        "y2": 459.780731
                    }
                },
                {
                    "category": "person",
                    "id": 21,
                    "attributes": {
                        "occluded": false,
                        "truncated": false,
                        "trafficLightColor": "none"
                    },
                    "box2d": {
                        "x1": 998.708636,
                        "y1": 395.176506,
                        "x2": 1020.243378,
                        "y2": 460.759584
                    }
                },
                {
                    "category": "person",
                    "id": 22,
                    "attributes": {
                        "occluded": false,
                        "truncated": false,
                        "trafficLightColor": "none"
                    },
                    "box2d": {
                        "x1": 976.195042,
                        "y1": 395.176506,
                        "x2": 998.708636,
                        "y2": 460.759584
                    }
                },
                {
                    "category": "person",
                    "id": 23,
                    "attributes": {
                        "occluded": false,
                        "truncated": false,
                        "trafficLightColor": "none"
                    },
                    "box2d": {
                        "x1": 1042.756972,
                        "y1": 385.387988,
                        "x2": 1081.911049,
                        "y2": 467.611548
                    }
                },
                {
                    "category": "person",
                    "id": 24,
                    "attributes": {
                        "occluded": true,
                        "truncated": false,
                        "trafficLightColor": "none"
                    },
                    "box2d": {
                        "x1": 926.320195,
                        "y1": 388.9305,
                        "x2": 944.918381,
                        "y2": 449.619319
                    }
                },
                {
                    "category": "car",
                    "id": 25,
                    "attributes": {
                        "occluded": false,
                        "truncated": true,
                        "trafficLightColor": "none"
                    },
                    "box2d": {
                        "x1": 0,
                        "y1": 332.717879,
                        "x2": 209.365544,
                        "y2": 480.524517
                    }
                },
                {
                    "category": "car",
                    "id": 26,
                    "attributes": {
                        "occluded": true,
                        "truncated": false,
                        "trafficLightColor": "none"
                    },
                    "box2d": {
                        "x1": 519.77036,
                        "y1": 393.498466,
                        "x2": 528.580028,
                        "y2": 407.202393
                    }
                },
                {
                    "category": "car",
                    "id": 27,
                    "attributes": {
                        "occluded": true,
                        "truncated": false,
                        "trafficLightColor": "none"
                    },
                    "box2d": {
                        "x1": 524.664621,
                        "y1": 391.540763,
                        "x2": 546.199363,
                        "y2": 409.160096
                    }
                },
                {
                    "category": "car",
                    "id": 28,
                    "attributes": {
                        "occluded": true,
                        "truncated": false,
                        "trafficLightColor": "none"
                    },
                    "box2d": {
                        "x1": 545.22051,
                        "y1": 393.498466,
                        "x2": 559.903288,
                        "y2": 415.033208
                    }
                },
                {
                    "category": "car",
                    "id": 29,
                    "attributes": {
                        "occluded": true,
                        "truncated": false,
                        "trafficLightColor": "none"
                    },
                    "box2d": {
                        "x1": 489.425953,
                        "y1": 393.498466,
                        "x2": 497.25677,
                        "y2": 409.160096
                    }
                },
                {
                    "category": "car",
                    "id": 30,
                    "attributes": {
                        "occluded": true,
                        "truncated": false,
                        "trafficLightColor": "none"
                    },
                    "box2d": {
                        "x1": 465.933508,
                        "y1": 390.56191,
                        "x2": 474.743175,
                        "y2": 404.265837
                    }
                },
                {
                    "category": "car",
                    "id": 31,
                    "attributes": {
                        "occluded": false,
                        "truncated": false,
                        "trafficLightColor": "none"
                    },
                    "box2d": {
                        "x1": 600.525643,
                        "y1": 397.413872,
                        "x2": 632.827756,
                        "y2": 421.88517
                    }
                },
                {
                    "category": "car",
                    "id": 32,
                    "attributes": {
                        "occluded": false,
                        "truncated": false,
                        "trafficLightColor": "none"
                    },
                    "box2d": {
                        "x1": 554.519604,
                        "y1": 384.688798,
                        "x2": 592.694828,
                        "y2": 420.906317
                    }
                },
                {
                    "category": "car",
                    "id": 33,
                    "attributes": {
                        "occluded": false,
                        "truncated": false,
                        "trafficLightColor": "none"
                    },
                    "box2d": {
                        "x1": 490.89423,
                        "y1": 389.583057,
                        "x2": 524.175195,
                        "y2": 416.012058
                    }
                },
                {
                    "category": "car",
                    "id": 34,
                    "attributes": {
                        "occluded": false,
                        "truncated": false,
                        "trafficLightColor": "none"
                    },
                    "box2d": {
                        "x1": 470.338341,
                        "y1": 390.56191,
                        "x2": 492.851935,
                        "y2": 410.138948
                    }
                },
                {
                    "category": "truck",
                    "id": 35,
                    "attributes": {
                        "occluded": false,
                        "truncated": false,
                        "trafficLightColor": "none"
                    },
                    "box2d": {
                        "x1": 436.078523,
                        "y1": 385.667651,
                        "x2": 466.422932,
                        "y2": 410.138948
                    }
                },
                {
                    "category": "truck",
                    "id": 36,
                    "attributes": {
                        "occluded": true,
                        "truncated": false,
                        "trafficLightColor": "none"
                    },
                    "box2d": {
                        "x1": 98.51609,
                        "y1": 274.097651,
                        "x2": 301.138435,
                        "y2": 452.248698
                    }
                },
                {
                    "category": "car",
                    "id": 37,
                    "attributes": {
                        "occluded": true,
                        "truncated": false,
                        "trafficLightColor": "none"
                    },
                    "box2d": {
                        "x1": 818.951094,
                        "y1": 394.496436,
                        "x2": 918.793987,
                        "y2": 484.550811
                    }
                },
                {
                    "category": "car",
                    "id": 38,
                    "attributes": {
                        "occluded": false,
                        "truncated": false,
                        "trafficLightColor": "none"
                    },
                    "box2d": {
                        "x1": 647.652011,
                        "y1": 352.405805,
                        "x2": 823.845353,
                        "y2": 492.381628
                    }
                },
                {
                    "category": "traffic sign",
                    "id": 39,
                    "attributes": {
                        "occluded": false,
                        "truncated": false,
                        "trafficLightColor": "none"
                    },
                    "box2d": {
                        "x1": 32.225365,
                        "y1": 278.500521,
                        "x2": 59.734824,
                        "y2": 326.183582
                    }
                },
                {
                    "category": "area/drivable",
                    "id": 40,
                    "attributes": {},
                    "poly2d": [
                        [
                            489.854516,
                            420.739057,
                            "L"
                        ],
                        [
                            538.991925,
                            422.274601,
                            "L"
                        ],
                        [
                            770.859069,
                            580.435635,
                            "L"
                        ],
                        [
                            628.053477,
                            571.22237,
                            "C"
                        ],
                        [
                            480.641252,
                            562.009106,
                            "C"
                        ],
                        [
                            324.015764,
                            568.151281,
                            "C"
                        ],
                        [
                            489.854516,
                            420.739057,
                            "L"
                        ]
                    ]
                },
                {
                    "category": "area/alternative",
                    "id": 41,
                    "attributes": {},
                    "poly2d": [
                        [
                            446.859285,
                            413.061337,
                            "L"
                        ],
                        [
                            0,
                            519.013874,
                            "L"
                        ],
                        [
                            0,
                            555.86693,
                            "L"
                        ],
                        [
                            53.760019,
                            552.795842,
                            "C"
                        ],
                        [
                            221.134316,
                            562.009106,
                            "C"
                        ],
                        [
                            302.518149,
                            563.54465,
                            "C"
                        ],
                        [
                            483.71234,
                            414.596881,
                            "L"
                        ],
                        [
                            446.859285,
                            413.061337,
                            "L"
                        ]
                    ]
                },
                {
                    "category": "area/alternative",
                    "id": 42,
                    "attributes": {},
                    "poly2d": [
                        [
                            841.494094,
                            492.909626,
                            "L"
                        ],
                        [
                            1220.773463,
                            597.326618,
                            "L"
                        ],
                        [
                            789.285597,
                            578.90009,
                            "L"
                        ],
                        [
                            678.726429,
                            502.12289,
                            "L"
                        ],
                        [
                            841.494094,
                            492.909626,
                            "L"
                        ]
                    ]
                },
                {
                    "category": "area/alternative",
                    "id": 43,
                    "attributes": {},
                    "poly2d": [
                        [
                            929.020103,
                            466.805377,
                            "L"
                        ],
                        [
                            1280.6437,
                            528.227137,
                            "L"
                        ],
                        [
                            1279.124135,
                            592.719987,
                            "L"
                        ],
                        [
                            1233.057815,
                            592.719987,
                            "L"
                        ],
                        [
                            898.309222,
                            500.587347,
                            "L"
                        ],
                        [
                            929.020103,
                            466.805377,
                            "L"
                        ]
                    ]
                },
                {
                    "category": "lane/single white",
                    "id": 44,
                    "attributes": {
                        "direction": "parallel",
                        "style": "dashed"
                    },
                    "poly2d": [
                        [
                            477.047372,
                            424.610529,
                            "L"
                        ],
                        [
                            292.878949,
                            572.968424,
                            "L"
                        ]
                    ]
                },
                {
                    "category": "lane/single white",
                    "id": 45,
                    "attributes": {
                        "direction": "parallel",
                        "style": "dashed"
                    },
                    "poly2d": [
                        [
                            482.16316,
                            424.610529,
                            "L"
                        ],
                        [
                            309.505265,
                            572.968424,
                            "L"
                        ]
                    ]
                },
                {
                    "category": "lane/single white",
                    "id": 46,
                    "attributes": {
                        "direction": "parallel",
                        "style": "dashed"
                    },
                    "poly2d": [
                        [
                            551.226318,
                            425.889477,
                            "L"
                        ],
                        [
                            781.436846,
                            584.47895,
                            "L"
                        ]
                    ]
                },
                {
                    "category": "lane/single white",
                    "id": 47,
                    "attributes": {
                        "direction": "parallel",
                        "style": "dashed"
                    },
                    "poly2d": [
                        [
                            558.900003,
                            427.168423,
                            "L"
                        ],
                        [
                            789.11053,
                            580.642108,
                            "L"
                        ]
                    ]
                },
                {
                    "category": "lane/single white",
                    "id": 48,
                    "attributes": {
                        "direction": "parallel",
                        "style": "dashed"
                    },
                    "poly2d": [
                        [
                            819.805266,
                            483.442108,
                            "L"
                        ],
                        [
                            1211.163164,
                            595.989477,
                            "L"
                        ]
                    ]
                },
                {
                    "category": "lane/single white",
                    "id": 49,
                    "attributes": {
                        "direction": "parallel",
                        "style": "dashed"
                    },
                    "poly2d": [
                        [
                            821.084215,
                            478.326318,
                            "L"
                        ],
                        [
                            1218.836849,
                            593.431582,
                            "L"
                        ]
                    ]
                },
                {
                    "category": "lane/single white",
                    "id": 50,
                    "attributes": {
                        "direction": "parallel",
                        "style": "dashed"
                    },
                    "poly2d": [
                        [
                            392.636844,
                            422.052634,
                            "L"
                        ],
                        [
                            328.689475,
                            437.400003,
                            "L"
                        ]
                    ]
                },
                {
                    "category": "lane/single white",
                    "id": 51,
                    "attributes": {
                        "direction": "parallel",
                        "style": "dashed"
                    },
                    "poly2d": [
                        [
                            400.310529,
                            424.610529,
                            "L"
                        ],
                        [
                            331.24737,
                            441.236844,
                            "L"
                        ]
                    ]
                },
                {
                    "category": "lane/single white",
                    "id": 52,
                    "attributes": {
                        "direction": "parallel",
                        "style": "solid"
                    },
                    "poly2d": [
                        [
                            310.784212,
                            424.610529,
                            "L"
                        ],
                        [
                            315.900002,
                            442.515792,
                            "L"
                        ]
                    ]
                },
                {
                    "category": "lane/single white",
                    "id": 53,
                    "attributes": {
                        "direction": "parallel",
                        "style": "solid"
                    },
                    "poly2d": [
                        [
                            318.457896,
                            424.610529,
                            "L"
                        ],
                        [
                            323.573685,
                            441.236844,
                            "L"
                        ]
                    ]
                },
                {
                    "category": "lane/single white",
                    "id": 54,
                    "attributes": {
                        "direction": "parallel",
                        "style": "solid"
                    },
                    "poly2d": [
                        [
                            308.226317,
                            442.515792,
                            "L"
                        ],
                        [
                            0,
                            514.136846,
                            "L"
                        ]
                    ]
                },
                {
                    "category": "lane/single white",
                    "id": 55,
                    "attributes": {
                        "direction": "parallel",
                        "style": "solid"
                    },
                    "poly2d": [
                        [
                            313.342107,
                            446.352634,
                            "L"
                        ],
                        [
                            0,
                            519.34063,
                            "L"
                        ]
                    ]
                },
                {
                    "category": "lane/road curb",
                    "id": 56,
                    "attributes": {
                        "direction": "parallel",
                        "style": "solid"
                    },
                    "poly2d": [
                        [
                            919.563163,
                            465.536846,
                            "L"
                        ],
                        [
                            1280.226324,
                            526.926319,
                            "L"
                        ]
                    ]
                },
                {
                    "category": "lane/single white",
                    "id": 57,
                    "attributes": {
                        "direction": "vertical",
                        "style": "solid"
                    },
                    "poly2d": [
                        [
                            326.13158,
                            419.494739,
                            "C"
                        ],
                        [
                            431.005265,
                            420.773685,
                            "C"
                        ],
                        [
                            535.87895,
                            419.494739,
                            "C"
                        ],
                        [
                            645.868423,
                            427.168423,
                            "L"
                        ]
                    ]
                },
                {
                    "category": "lane/crosswalk",
                    "id": 58,
                    "attributes": {
                        "direction": "vertical",
                        "style": "dashed"
                    },
                    "poly2d": [
                        [
                            369.615791,
                            414.378949,
                            "L"
                        ],
                        [
                            553.784213,
                            416.936844,
                            "L"
                        ]
                    ]
                },
                {
                    "category": "lane/crosswalk",
                    "id": 59,
                    "attributes": {
                        "direction": "vertical",
                        "style": "dashed"
                    },
                    "poly2d": [
                        [
                            592.152635,
                            419.494739,
                            "L"
                        ],
                        [
                            650.984215,
                            422.052634,
                            "L"
                        ]
                    ]
                },
                {
                    "category": "lane/crosswalk",
                    "id": 60,
                    "attributes": {
                        "direction": "vertical",
                        "style": "dashed"
                    },
                    "poly2d": [
                        [
                            354.268423,
                            415.657897,
                            "C"
                        ],
                        [
                            452.747371,
                            419.494739,
                            "C"
                        ],
                        [
                            548.668423,
                            416.936844,
                            "C"
                        ],
                        [
                            650.984215,
                            424.610529,
                            "L"
                        ]
                    ]
                },
                {
                    "category": "lane/crosswalk",
                    "id": 61,
                    "attributes": {
                        "direction": "vertical",
                        "style": "dashed"
                    },
                    "poly2d": [
                        [
                            446.352634,
                            410.542107,
                            "L"
                        ],
                        [
                            492.394739,
                            411.821054,
                            "L"
                        ]
                    ]
                }
            ]
        }
    ],
    "attributes": {
        "weather": "clear",
        "scene": "city street",
        "timeofday": "daytime"
    }
}