{
    "name": "0d56a2c2-c244cb4c",
    "frames": [
        {
            "timestamp": 10000,
            "objects": [
                {
                    "category": "person",
                    "id": 0,
                    "attributes": {
                        "occluded": true,
                        "truncated": false,
                        "trafficLightColor": "none"
                    },
                    "box2d": {
                        "x1": 244.919358,
                        "y1": 395.212223,
                        "x2": 276.981836,
                        "y2": 464.399676
                    }
                },
                {
                    "category": "car",
                    "id": 1,
                    "attributes": {
                        "occluded": true,
                        "truncated": false,
                        "trafficLightColor": "none"
                    },
                    "box2d": {
                        "x1": 528.419164,
                        "y1": 401.962219,
                        "x2": 546.98165,
                        "y2": 425.587203
                    }
                },
                {
                    "category": "car",
                    "id": 2,
                    "attributes": {
                        "occluded": true,
                        "truncated": false,
                        "trafficLightColor": "none"
                    },
                    "box2d": {
                        "x1": 496.356685,
                        "y1": 400.27472,
                        "x2": 536.856657,
                        "y2": 430.649698
                    }
                },
                {
                    "category": "car",
                    "id": 3,
                    "attributes": {
                        "occluded": true,
                        "truncated": false,
                        "trafficLightColor": "none"
                    },
                    "box2d": {
                        "x1": 408.606746,
                        "y1": 408.712214,
                        "x2": 452.481716,
                        "y2": 457.649681
                    }
                },
                {
                    "category": "car",
                    "id": 4,
                    "attributes": {
                        "occluded": true,
                        "truncated": false,
                        "trafficLightColor": "none"
                    },
                    "box2d": {
                        "x1": 589.169122,
                        "y1": 403.649716,
                        "x2": 604.356612,
                        "y2": 423.899704
                    }
                },
                {
                    "category": "car",
                    "id": 5,
                    "attributes": {
                        "occluded": true,
                        "truncated": false,
                        "trafficLightColor": "none"
                    },
                    "box2d": {
                        "x1": 597.606615,
                        "y1": 401.962219,
                        "x2": 631.356592,
                        "y2": 428.962201
                    }
                },
                {
                    "category": "car",
                    "id": 6,
                    "attributes": {
                        "occluded": false,
                        "truncated": false,
                        "trafficLightColor": "none"
                    },
                    "box2d": {
                        "x1": 455.856712,
                        "y1": 407.024715,
                        "x2": 504.794179,
                        "y2": 444.149688
                    }
                },
                {
                    "category": "car",
                    "id": 7,
                    "attributes": {
                        "occluded": false,
                        "truncated": false,
                        "trafficLightColor": "none"
                    },
                    "box2d": {
                        "x1": 600.981613,
                        "y1": 408.712214,
                        "x2": 638.106587,
                        "y2": 440.774694
                    }
                },
                {
                    "category": "car",
                    "id": 8,
                    "attributes": {
                        "occluded": false,
                        "truncated": false,
                        "trafficLightColor": "none"
                    },
                    "box2d": {
                        "x1": 314.106809,
                        "y1": 391.837226,
                        "x2": 425.481734,
                        "y2": 482.962163
                    }
                },
                {
                    "category": "car",
                    "id": 9,
                    "attributes": {
                        "occluded": false,
                        "truncated": true,
                        "trafficLightColor": "none"
                    },
                    "box2d": {
                        "x1": 0,
                        "y1": 413.77471,
                        "x2": 276.981836,
                        "y2": 590.962089
                    }
                },
                {
                    "category": "area/drivable",
                    "id": 10,
                    "attributes": {},
                    "poly2d": [
                        [
                            551.276277,
                            425.345689,
                            "L"
                        ],
                        [
                            176.742984,
                            588.592097,
                            "L"
                        ],
                        [
                            519.71395,
                            570.619819,
                            "C"
                        ],
                        [
                            639.529135,
                            567.62444,
                            "C"
                        ],
                        [
                            915.104061,
                            588.592097,
                            "C"
                        ],
                        [
                            642.524516,
                            443.316185,
                            "L"
                        ],
                        [
                            599.091511,
                            446.311563,
                            "L"
                        ],
                        [
                            586.593789,
                            428.416777,
                            "L"
                        ],
                        [
                            551.276277,
                            425.345689,
                            "L"
                        ]
                    ]
                },
                {
                    "category": "lane/road curb",
                    "id": 11,
                    "attributes": {
                        "direction": "parallel",
                        "style": "solid"
                    },
                    "poly2d": [
                        [
                            691.91053,
                            462.97895,
                            "L"
                        ],
                        [
                            911.889478,
                            583.200003,
                            "L"
                        ]
                    ]
                },
                {
                    "category": "lane/road curb",
                    "id": 12,
                    "attributes": {
                        "direction": "parallel",
                        "style": "solid"
                    },
                    "poly2d": [
                        [
                            318.457896,
                            478.326318,
                            "L"
                        ],
                        [
                            277.53158,
                            493.673687,
                            "L"
                        ]
                    ]
                }
            ]
        }
    ],
    "attributes": {
        "weather": "overcast",
        "scene": "residential",
        "timeofday": "daytime"
    }
}