{
    "name": "0d58d15a-6496522e",
    "frames": [
        {
            "timestamp": 10000,
            "objects": [
                {
                    "category": "traffic sign",
                    "id": 0,
                    "attributes": {
                        "occluded": false,
                        "truncated": false,
                        "trafficLightColor": "none"
                    },
                    "box2d": {
                        "x1": 230.365188,
                        "y1": 351.424443,
                        "x2": 240.943182,
                        "y2": 362.002438
                    }
                },
                {
                    "category": "traffic sign",
                    "id": 1,
                    "attributes": {
                        "occluded": false,
                        "truncated": false,
                        "trafficLightColor": "none"
                    },
                    "box2d": {
                        "x1": 81.097949,
                        "y1": 374.931095,
                        "x2": 96.37727,
                        "y2": 386.684421
                    }
                },
                {
                    "category": "traffic light",
                    "id": 2,
                    "attributes": {
                        "occluded": false,
                        "truncated": false,
                        "trafficLightColor": "none"
                    },
                    "box2d": {
                        "x1": 185.70255,
                        "y1": 347.898447,
                        "x2": 191.579213,
                        "y2": 359.651771
                    }
                },
                {
                    "category": "traffic sign",
                    "id": 3,
                    "attributes": {
                        "occluded": false,
                        "truncated": false,
                        "trafficLightColor": "none"
                    },
                    "box2d": {
                        "x1": 655.313199,
                        "y1": 323.889827,
                        "x2": 683.521182,
                        "y2": 376.779792
                    }
                },
                {
                    "category": "car",
                    "id": 4,
                    "attributes": {
                        "occluded": true,
                        "truncated": false,
                        "trafficLightColor": "none"
                    },
                    "box2d": {
                        "x1": 131.637249,
                        "y1": 386.684422,
                        "x2": 144.565909,
                        "y2": 398.437748
                    }
                },
                {
                    "category": "truck",
                    "id": 5,
                    "attributes": {
                        "occluded": true,
                        "truncated": false,
                        "trafficLightColor": "none"
                    },
                    "box2d": {
                        "x1": 169.247894,
                        "y1": 373.755764,
                        "x2": 192.754546,
                        "y2": 399.613079
                    }
                },
                {
                    "category": "car",
                    "id": 6,
                    "attributes": {
                        "occluded": true,
                        "truncated": false,
                        "trafficLightColor": "none"
                    },
                    "box2d": {
                        "x1": 209.209202,
                        "y1": 383.158424,
                        "x2": 231.540521,
                        "y2": 416.067738
                    }
                },
                {
                    "category": "car",
                    "id": 7,
                    "attributes": {
                        "occluded": true,
                        "truncated": false,
                        "trafficLightColor": "none"
                    },
                    "box2d": {
                        "x1": 217.436529,
                        "y1": 383.158424,
                        "x2": 249.170508,
                        "y2": 421.9444
                    }
                },
                {
                    "category": "car",
                    "id": 8,
                    "attributes": {
                        "occluded": true,
                        "truncated": false,
                        "trafficLightColor": "none"
                    },
                    "box2d": {
                        "x1": 240.943181,
                        "y1": 379.632426,
                        "x2": 278.553823,
                        "y2": 434.873059
                    }
                },
                {
                    "category": "car",
                    "id": 9,
                    "attributes": {
                        "occluded": true,
                        "truncated": false,
                        "trafficLightColor": "none"
                    },
                    "box2d": {
                        "x1": 258.573169,
                        "y1": 365.528436,
                        "x2": 441.925052,
                        "y2": 480.711029
                    }
                },
                {
                    "category": "car",
                    "id": 10,
                    "attributes": {
                        "occluded": true,
                        "truncated": false,
                        "trafficLightColor": "none"
                    },
                    "box2d": {
                        "x1": 443.100386,
                        "y1": 400.200747,
                        "x2": 682.868236,
                        "y2": 548.292653
                    }
                },
                {
                    "category": "car",
                    "id": 11,
                    "attributes": {
                        "occluded": true,
                        "truncated": true,
                        "trafficLightColor": "none"
                    },
                    "box2d": {
                        "x1": 592.15394,
                        "y1": 378.260091,
                        "x2": 1115.176943,
                        "y2": 647.411255
                    }
                },
                {
                    "category": "person",
                    "id": 12,
                    "attributes": {
                        "occluded": true,
                        "truncated": false,
                        "trafficLightColor": "none"
                    },
                    "box2d": {
                        "x1": 263.060815,
                        "y1": 376.657366,
                        "x2": 312.424784,
                        "y2": 468.333307
                    }
                },
                {
                    "category": "car",
                    "id": 13,
                    "attributes": {
                        "occluded": false,
                        "truncated": true,
                        "trafficLightColor": "none"
                    },
                    "box2d": {
                        "x1": 1191.028129,
                        "y1": 565.726747,
                        "x2": 1279.178076,
                        "y2": 704.415991
                    }
                },
                {
                    "category": "car",
                    "id": 14,
                    "attributes": {
                        "occluded": false,
                        "truncated": false,
                        "trafficLightColor": "none"
                    },
                    "box2d": {
                        "x1": 146.051816,
                        "y1": 384.435241,
                        "x2": 177.94819,
                        "y2": 409.616589
                    }
                },
                {
                    "category": "car",
                    "id": 15,
                    "attributes": {
                        "occluded": false,
                        "truncated": false,
                        "trafficLightColor": "none"
                    },
                    "box2d": {
                        "x1": 107.440417,
                        "y1": 387.792754,
                        "x2": 130.943008,
                        "y2": 406.259076
                    }
                },
                {
                    "category": "area/drivable",
                    "id": 16,
                    "attributes": {},
                    "poly2d": [
                        [
                            79.864267,
                            673.080114,
                            "L"
                        ],
                        [
                            281.020532,
                            648.51141,
                            "C"
                        ],
                        [
                            485.247884,
                            643.904778,
                            "C"
                        ],
                        [
                            686.404149,
                            631.620426,
                            "C"
                        ],
                        [
                            168.925819,
                            421.250897,
                            "L"
                        ],
                        [
                            141.286027,
                            421.250897,
                            "L"
                        ],
                        [
                            79.864267,
                            673.080114,
                            "L"
                        ]
                    ]
                },
                {
                    "category": "lane/road curb",
                    "id": 17,
                    "attributes": {
                        "direction": "parallel",
                        "style": "solid"
                    },
                    "poly2d": [
                        [
                            1093.500005,
                            642.031582,
                            "L"
                        ],
                        [
                            1193.257901,
                            675.284214,
                            "L"
                        ]
                    ]
                },
                {
                    "category": "lane/single white",
                    "id": 18,
                    "attributes": {
                        "direction": "parallel",
                        "style": "dashed"
                    },
                    "poly2d": [
                        [
                            93.363158,
                            529.484212,
                            "L"
                        ],
                        [
                            62.668421,
                            672.726318,
                            "L"
                        ]
                    ]
                },
                {
                    "category": "lane/single white",
                    "id": 19,
                    "attributes": {
                        "direction": "parallel",
                        "style": "dashed"
                    },
                    "poly2d": [
                        [
                            106.152632,
                            529.484212,
                            "L"
                        ],
                        [
                            84.410528,
                            667.610531,
                            "L"
                        ]
                    ]
                }
            ]
        }
    ],
    "attributes": {
        "weather": "clear",
        "scene": "residential",
        "timeofday": "daytime"
    }
}