{
    "name": "0d5b19b3-fe488e51",
    "frames": [
        {
            "timestamp": 10000,
            "objects": [
                {
                    "category": "car",
                    "id": 0,
                    "attributes": {
                        "occluded": true,
                        "truncated": false,
                        "trafficLightColor": "none"
                    },
                    "box2d": {
                        "x1": 411.777548,
                        "y1": 441.092247,
                        "x2": 456.685127,
                        "y2": 469.034741
                    }
                },
                {
                    "category": "car",
                    "id": 1,
                    "attributes": {
                        "occluded": true,
                        "truncated": false,
                        "trafficLightColor": "none"
                    },
                    "box2d": {
                        "x1": 360.882289,
                        "y1": 442.090194,
                        "x2": 388.824783,
                        "y2": 469.034743
                    }
                },
                {
                    "category": "car",
                    "id": 2,
                    "attributes": {
                        "occluded": true,
                        "truncated": false,
                        "trafficLightColor": "none"
                    },
                    "box2d": {
                        "x1": 273.063022,
                        "y1": 443.08814,
                        "x2": 295.017839,
                        "y2": 474.024472
                    }
                },
                {
                    "category": "car",
                    "id": 3,
                    "attributes": {
                        "occluded": false,
                        "truncated": false,
                        "trafficLightColor": "none"
                    },
                    "box2d": {
                        "x1": 205.202679,
                        "y1": 441.092247,
                        "x2": 281.046592,
                        "y2": 481.010098
                    }
                },
                {
                    "category": "car",
                    "id": 4,
                    "attributes": {
                        "occluded": false,
                        "truncated": false,
                        "trafficLightColor": "none"
                    },
                    "box2d": {
                        "x1": 288.032215,
                        "y1": 434.106625,
                        "x2": 363.876129,
                        "y2": 485.001883
                    }
                },
                {
                    "category": "area/drivable",
                    "id": 5,
                    "attributes": {},
                    "poly2d": [
                        [
                            0.014185,
                            718.434875,
                            "L"
                        ],
                        [
                            402.328508,
                            720.170138,
                            "L"
                        ],
                        [
                            443.788196,
                            705.326538,
                            "C"
                        ],
                        [
                            615.769125,
                            711.468714,
                            "C"
                        ],
                        [
                            672.098424,
                            719.79813,
                            "C"
                        ],
                        [
                            561.660662,
                            643.455905,
                            "C"
                        ],
                        [
                            385.815078,
                            561.660662,
                            "C"
                        ],
                        [
                            342.190948,
                            490.771453,
                            "C"
                        ],
                        [
                            272.664993,
                            488.044944,
                            "L"
                        ],
                        [
                            0,
                            520.763041,
                            "L"
                        ],
                        [
                            0.014185,
                            718.434875,
                            "L"
                        ]
                    ]
                },
                {
                    "category": "lane/road curb",
                    "id": 6,
                    "attributes": {
                        "direction": "parallel",
                        "style": "solid"
                    },
                    "poly2d": [
                        [
                            351.655556,
                            503.658434,
                            "C"
                        ],
                        [
                            442.226081,
                            579.792329,
                            "C"
                        ],
                        [
                            609.463863,
                            635.912887,
                            "C"
                        ],
                        [
                            726.328293,
                            715.563506,
                            "L"
                        ]
                    ]
                },
                {
                    "category": "lane/road curb",
                    "id": 7,
                    "attributes": {
                        "direction": "parallel",
                        "style": "solid"
                    },
                    "poly2d": [
                        [
                            196.565611,
                            482.160818,
                            "L"
                        ],
                        [
                            0,
                            494.44517,
                            "L"
                        ]
                    ]
                },
                {
                    "category": "lane/crosswalk",
                    "id": 8,
                    "attributes": {
                        "direction": "vertical",
                        "style": "dashed"
                    },
                    "poly2d": [
                        [
                            420.755036,
                            583.506721,
                            "L"
                        ],
                        [
                            0,
                            617.288689,
                            "L"
                        ]
                    ]
                },
                {
                    "category": "lane/crosswalk",
                    "id": 9,
                    "attributes": {
                        "direction": "vertical",
                        "style": "dashed"
                    },
                    "poly2d": [
                        [
                            514.42322,
                            651.070659,
                            "L"
                        ],
                        [
                            0,
                            703.279154,
                            "L"
                        ]
                    ]
                }
            ]
        }
    ],
    "attributes": {
        "weather": "clear",
        "scene": "residential",
        "timeofday": "daytime"
    }
}