{
    "name": "0d5b19b3-df617a03",
    "frames": [
        {
            "timestamp": 10000,
            "objects": [
                {
                    "category": "car",
                    "id": 0,
                    "attributes": {
                        "occluded": false,
                        "truncated": true,
                        "trafficLightColor": "none"
                    },
                    "box2d": {
                        "x1": 802.305848,
                        "y1": 302.206025,
                        "x2": 1278.947893,
                        "y2": 718.955876
                    }
                },
                {
                    "category": "car",
                    "id": 1,
                    "attributes": {
                        "occluded": true,
                        "truncated": false,
                        "trafficLightColor": "none"
                    },
                    "box2d": {
                        "x1": 474.146537,
                        "y1": 350.868433,
                        "x2": 940.806548,
                        "y2": 615.392288
                    }
                },
                {
                    "category": "car",
                    "id": 2,
                    "attributes": {
                        "occluded": true,
                        "truncated": false,
                        "trafficLightColor": "none"
                    },
                    "box2d": {
                        "x1": 348.123378,
                        "y1": 372.080252,
                        "x2": 521.561189,
                        "y2": 506.837687
                    }
                },
                {
                    "category": "car",
                    "id": 3,
                    "attributes": {
                        "occluded": true,
                        "truncated": false,
                        "trafficLightColor": "none"
                    },
                    "box2d": {
                        "x1": 320.672789,
                        "y1": 383.310037,
                        "x2": 385.555999,
                        "y2": 476.891591
                    }
                },
                {
                    "category": "car",
                    "id": 4,
                    "attributes": {
                        "occluded": true,
                        "truncated": false,
                        "trafficLightColor": "none"
                    },
                    "box2d": {
                        "x1": 264.523855,
                        "y1": 388.301054,
                        "x2": 329.407065,
                        "y2": 439.458969
                    }
                },
                {
                    "category": "car",
                    "id": 5,
                    "attributes": {
                        "occluded": true,
                        "truncated": false,
                        "trafficLightColor": "none"
                    },
                    "box2d": {
                        "x1": 239.568776,
                        "y1": 385.805546,
                        "x2": 281.992414,
                        "y2": 434.467954
                    }
                },
                {
                    "category": "car",
                    "id": 6,
                    "attributes": {
                        "occluded": true,
                        "truncated": false,
                        "trafficLightColor": "none"
                    },
                    "box2d": {
                        "x1": 183.419844,
                        "y1": 399.530841,
                        "x2": 218.356957,
                        "y2": 418.247152
                    }
                },
                {
                    "category": "car",
                    "id": 7,
                    "attributes": {
                        "occluded": true,
                        "truncated": false,
                        "trafficLightColor": "none"
                    },
                    "box2d": {
                        "x1": 63.635456,
                        "y1": 402.02635,
                        "x2": 112.297865,
                        "y2": 419.494906
                    }
                },
                {
                    "category": "area/drivable",
                    "id": 8,
                    "attributes": {},
                    "poly2d": [
                        [
                            4.622611,
                            719.146434,
                            "L"
                        ],
                        [
                            818.460933,
                            720.170138,
                            "L"
                        ],
                        [
                            218.063228,
                            424.321985,
                            "L"
                        ],
                        [
                            161.248099,
                            422.786441,
                            "L"
                        ],
                        [
                            0,
                            502.634729,
                            "L"
                        ],
                        [
                            4.622611,
                            719.146434,
                            "L"
                        ]
                    ]
                },
                {
                    "category": "lane/road curb",
                    "id": 9,
                    "attributes": {
                        "direction": "parallel",
                        "style": "solid"
                    },
                    "poly2d": [
                        [
                            0,
                            499.101617,
                            "L"
                        ],
                        [
                            155.969255,
                            422.98862,
                            "L"
                        ]
                    ]
                },
                {
                    "category": "lane/road curb",
                    "id": 10,
                    "attributes": {
                        "direction": "parallel",
                        "style": "solid"
                    },
                    "poly2d": [
                        [
                            1.247754,
                            431.722899,
                            "L"
                        ],
                        [
                            52.40567,
                            426.731883,
                            "L"
                        ]
                    ]
                }
            ]
        }
    ],
    "attributes": {
        "weather": "clear",
        "scene": "city street",
        "timeofday": "daytime"
    }
}