{
    "name": "0d60205d-0e9f928a",
    "frames": [
        {
            "timestamp": 10000,
            "objects": [
                {
                    "category": "car",
                    "id": 0,
                    "attributes": {
                        "occluded": false,
                        "truncated": true,
                        "trafficLightColor": "none"
                    },
                    "box2d": {
                        "x1": 0,
                        "y1": 221.022779,
                        "x2": 286.049665,
                        "y2": 535.699292
                    }
                },
                {
                    "category": "car",
                    "id": 1,
                    "attributes": {
                        "occluded": false,
                        "truncated": false,
                        "trafficLightColor": "none"
                    },
                    "box2d": {
                        "x1": 810.510518,
                        "y1": 271.720662,
                        "x2": 1128.683437,
                        "y2": 462.274772
                    }
                },
                {
                    "category": "car",
                    "id": 2,
                    "attributes": {
                        "occluded": false,
                        "truncated": false,
                        "trafficLightColor": "none"
                    },
                    "box2d": {
                        "x1": 696.877333,
                        "y1": 296.195501,
                        "x2": 787.783883,
                        "y2": 360.879007
                    }
                },
                {
                    "category": "car",
                    "id": 3,
                    "attributes": {
                        "occluded": false,
                        "truncated": false,
                        "trafficLightColor": "none"
                    },
                    "box2d": {
                        "x1": 539.539077,
                        "y1": 292.699096,
                        "x2": 637.438437,
                        "y2": 380.109238
                    }
                },
                {
                    "category": "car",
                    "id": 4,
                    "attributes": {
                        "occluded": false,
                        "truncated": false,
                        "trafficLightColor": "none"
                    },
                    "box2d": {
                        "x1": 431.150501,
                        "y1": 304.936516,
                        "x2": 508.071426,
                        "y2": 360.879006
                    }
                },
                {
                    "category": "car",
                    "id": 5,
                    "attributes": {
                        "occluded": true,
                        "truncated": false,
                        "trafficLightColor": "none"
                    },
                    "box2d": {
                        "x1": 248.244804,
                        "y1": 309.431903,
                        "x2": 274.467847,
                        "y2": 328.662134
                    }
                },
                {
                    "category": "car",
                    "id": 6,
                    "attributes": {
                        "occluded": true,
                        "truncated": false,
                        "trafficLightColor": "none"
                    },
                    "box2d": {
                        "x1": 304.187295,
                        "y1": 305.935498,
                        "x2": 354.885176,
                        "y2": 330.410338
                    }
                },
                {
                    "category": "car",
                    "id": 7,
                    "attributes": {
                        "occluded": true,
                        "truncated": false,
                        "trafficLightColor": "none"
                    },
                    "box2d": {
                        "x1": 377.611815,
                        "y1": 307.683701,
                        "x2": 424.813292,
                        "y2": 325.16573
                    }
                },
                {
                    "category": "car",
                    "id": 8,
                    "attributes": {
                        "occluded": true,
                        "truncated": false,
                        "trafficLightColor": "none"
                    },
                    "box2d": {
                        "x1": 423.065089,
                        "y1": 309.431903,
                        "x2": 444.043523,
                        "y2": 323.417528
                    }
                },
                {
                    "category": "car",
                    "id": 9,
                    "attributes": {
                        "occluded": true,
                        "truncated": false,
                        "trafficLightColor": "none"
                    },
                    "box2d": {
                        "x1": 489.496797,
                        "y1": 305.935498,
                        "x2": 520.964447,
                        "y2": 347.892366
                    }
                },
                {
                    "category": "car",
                    "id": 10,
                    "attributes": {
                        "occluded": true,
                        "truncated": false,
                        "trafficLightColor": "none"
                    },
                    "box2d": {
                        "x1": 510.475231,
                        "y1": 309.431903,
                        "x2": 522.712651,
                        "y2": 326.913931
                    }
                },
                {
                    "category": "car",
                    "id": 11,
                    "attributes": {
                        "occluded": true,
                        "truncated": false,
                        "trafficLightColor": "none"
                    },
                    "box2d": {
                        "x1": 519.216246,
                        "y1": 309.431903,
                        "x2": 548.935694,
                        "y2": 335.654948
                    }
                },
                {
                    "category": "car",
                    "id": 12,
                    "attributes": {
                        "occluded": true,
                        "truncated": false,
                        "trafficLightColor": "none"
                    },
                    "box2d": {
                        "x1": 522.712651,
                        "y1": 304.187295,
                        "x2": 550.683899,
                        "y2": 316.424713
                    }
                },
                {
                    "category": "car",
                    "id": 13,
                    "attributes": {
                        "occluded": true,
                        "truncated": false,
                        "trafficLightColor": "none"
                    },
                    "box2d": {
                        "x1": 622.360214,
                        "y1": 309.431903,
                        "x2": 638.094036,
                        "y2": 330.410339
                    }
                },
                {
                    "category": "car",
                    "id": 14,
                    "attributes": {
                        "occluded": true,
                        "truncated": false,
                        "trafficLightColor": "none"
                    },
                    "box2d": {
                        "x1": 673.058097,
                        "y1": 312.92831,
                        "x2": 688.791922,
                        "y2": 330.410338
                    }
                },
                {
                    "category": "car",
                    "id": 15,
                    "attributes": {
                        "occluded": true,
                        "truncated": false,
                        "trafficLightColor": "none"
                    },
                    "box2d": {
                        "x1": 687.043718,
                        "y1": 316.424714,
                        "x2": 711.518558,
                        "y2": 337.40315
                    }
                },
                {
                    "category": "car",
                    "id": 16,
                    "attributes": {
                        "occluded": false,
                        "truncated": false,
                        "trafficLightColor": "none"
                    },
                    "box2d": {
                        "x1": 641.590445,
                        "y1": 300.69089,
                        "x2": 687.043717,
                        "y2": 342.647759
                    }
                },
                {
                    "category": "car",
                    "id": 17,
                    "attributes": {
                        "occluded": true,
                        "truncated": false,
                        "trafficLightColor": "none"
                    },
                    "box2d": {
                        "x1": 821.072607,
                        "y1": 300.108156,
                        "x2": 863.029474,
                        "y2": 317.590185
                    }
                },
                {
                    "category": "car",
                    "id": 18,
                    "attributes": {
                        "occluded": true,
                        "truncated": false,
                        "trafficLightColor": "none"
                    },
                    "box2d": {
                        "x1": 789.604955,
                        "y1": 296.61175,
                        "x2": 805.33878,
                        "y2": 310.597375
                    }
                },
                {
                    "category": "car",
                    "id": 19,
                    "attributes": {
                        "occluded": true,
                        "truncated": false,
                        "trafficLightColor": "none"
                    },
                    "box2d": {
                        "x1": 1079.806634,
                        "y1": 277.38152,
                        "x2": 1228.403876,
                        "y2": 319.338388
                    }
                },
                {
                    "category": "car",
                    "id": 20,
                    "attributes": {
                        "occluded": true,
                        "truncated": true,
                        "trafficLightColor": "none"
                    },
                    "box2d": {
                        "x1": 1223.159268,
                        "y1": 273.302376,
                        "x2": 1279.101761,
                        "y2": 311.762839
                    }
                },
                {
                    "category": "traffic sign",
                    "id": 21,
                    "attributes": {
                        "occluded": false,
                        "truncated": false,
                        "trafficLightColor": "none"
                    },
                    "box2d": {
                        "x1": 1008.130318,
                        "y1": 130.532475,
                        "x2": 1088.54765,
                        "y2": 226.68363
                    }
                },
                {
                    "category": "traffic sign",
                    "id": 22,
                    "attributes": {
                        "occluded": false,
                        "truncated": true,
                        "trafficLightColor": "none"
                    },
                    "box2d": {
                        "x1": 1116.518893,
                        "y1": 0,
                        "x2": 1279.10176,
                        "y2": 51.863333
                    }
                },
                {
                    "category": "traffic sign",
                    "id": 23,
                    "attributes": {
                        "occluded": true,
                        "truncated": false,
                        "trafficLightColor": "none"
                    },
                    "box2d": {
                        "x1": 412.575873,
                        "y1": 270.388709,
                        "x2": 437.050711,
                        "y2": 289.618938
                    }
                },
                {
                    "category": "area/drivable",
                    "id": 24,
                    "attributes": {},
                    "poly2d": [
                        [
                            1004.442003,
                            581.453385,
                            "L"
                        ],
                        [
                            691.25574,
                            380.564983,
                            "L"
                        ],
                        [
                            515.32242,
                            383.060491,
                            "L"
                        ],
                        [
                            299.46097,
                            552.755041,
                            "L"
                        ],
                        [
                            622.629267,
                            531.543222,
                            "C"
                        ],
                        [
                            813.535636,
                            557.746056,
                            "C"
                        ],
                        [
                            1004.442003,
                            581.453385,
                            "C"
                        ]
                    ]
                },
                {
                    "category": "area/alternative",
                    "id": 25,
                    "attributes": {},
                    "poly2d": [
                        [
                            1278.947894,
                            637.602316,
                            "L"
                        ],
                        [
                            1280.195648,
                            462.91675,
                            "L"
                        ],
                        [
                            1174.136554,
                            437.96167,
                            "L"
                        ],
                        [
                            1098.023558,
                            466.660012,
                            "L"
                        ],
                        [
                            855.959273,
                            471.651028,
                            "L"
                        ],
                        [
                            1015.671791,
                            577.710122,
                            "L"
                        ],
                        [
                            1134.208426,
                            587.692154,
                            "C"
                        ],
                        [
                            1227.789978,
                            621.381514,
                            "C"
                        ],
                        [
                            1278.947894,
                            637.602316,
                            "C"
                        ]
                    ]
                },
                {
                    "category": "area/alternative",
                    "id": 26,
                    "attributes": {},
                    "poly2d": [
                        [
                            273.258136,
                            556.498302,
                            "L"
                        ],
                        [
                            517.817927,
                            364.34418,
                            "L"
                        ],
                        [
                            400.529049,
                            359.353164,
                            "L"
                        ],
                        [
                            294.469953,
                            383.060491,
                            "L"
                        ],
                        [
                            278.249153,
                            461.668997,
                            "L"
                        ],
                        [
                            33.689359,
                            576.462368,
                            "L"
                        ],
                        [
                            138.500699,
                            561.48932,
                            "C"
                        ],
                        [
                            198.392894,
                            561.48932,
                            "C"
                        ],
                        [
                            273.258136,
                            556.498302,
                            "C"
                        ]
                    ]
                },
                {
                    "category": "lane/single white",
                    "id": 27,
                    "attributes": {
                        "direction": "parallel",
                        "style": "dashed"
                    },
                    "poly2d": [
                        [
                            538.991925,
                            366.995017,
                            "L"
                        ],
                        [
                            406.93514,
                            463.734289,
                            "L"
                        ]
                    ]
                },
                {
                    "category": "lane/single white",
                    "id": 28,
                    "attributes": {
                        "direction": "parallel",
                        "style": "dashed"
                    },
                    "poly2d": [
                        [
                            532.849749,
                            359.317297,
                            "L"
                        ],
                        [
                            390.044156,
                            460.663201,
                            "L"
                        ]
                    ]
                },
                {
                    "category": "lane/single white",
                    "id": 29,
                    "attributes": {
                        "direction": "parallel",
                        "style": "dashed"
                    },
                    "poly2d": [
                        [
                            646.480005,
                            343.961857,
                            "L"
                        ],
                        [
                            873.740518,
                            483.696362,
                            "L"
                        ]
                    ]
                },
                {
                    "category": "lane/single white",
                    "id": 30,
                    "attributes": {
                        "direction": "parallel",
                        "style": "dashed"
                    },
                    "poly2d": [
                        [
                            640.337829,
                            350.104033,
                            "L"
                        ],
                        [
                            859.920622,
                            491.374082,
                            "L"
                        ]
                    ]
                },
                {
                    "category": "lane/single yellow",
                    "id": 31,
                    "attributes": {
                        "direction": "parallel",
                        "style": "solid"
                    },
                    "poly2d": [
                        [
                            436.110476,
                            353.175121,
                            "L"
                        ],
                        [
                            282.556076,
                            386.957089,
                            "L"
                        ]
                    ]
                },
                {
                    "category": "lane/single yellow",
                    "id": 32,
                    "attributes": {
                        "direction": "parallel",
                        "style": "solid"
                    },
                    "poly2d": [
                        [
                            434.574932,
                            348.568489,
                            "L"
                        ],
                        [
                            279.484988,
                            380.814913,
                            "L"
                        ]
                    ]
                },
                {
                    "category": "lane/single white",
                    "id": 33,
                    "attributes": {
                        "direction": "parallel",
                        "style": "solid"
                    },
                    "poly2d": [
                        [
                            1120.963102,
                            423.810145,
                            "L"
                        ],
                        [
                            1280.6437,
                            454.521025,
                            "L"
                        ]
                    ]
                },
                {
                    "category": "lane/single white",
                    "id": 34,
                    "attributes": {
                        "direction": "parallel",
                        "style": "solid"
                    },
                    "poly2d": [
                        [
                            1280.6437,
                            463.734289,
                            "L"
                        ],
                        [
                            1116.35647,
                            429.952321,
                            "L"
                        ]
                    ]
                },
                {
                    "category": "lane/road curb",
                    "id": 35,
                    "attributes": {
                        "direction": "parallel",
                        "style": "solid"
                    },
                    "poly2d": [
                        [
                            1130.176366,
                            396.170353,
                            "L"
                        ],
                        [
                            1280.6437,
                            417.667969,
                            "L"
                        ]
                    ]
                },
                {
                    "category": "lane/road curb",
                    "id": 36,
                    "attributes": {
                        "direction": "parallel",
                        "style": "solid"
                    },
                    "poly2d": [
                        [
                            434.574932,
                            343.961857,
                            "L"
                        ],
                        [
                            281.020532,
                            371.601649,
                            "L"
                        ]
                    ]
                }
            ]
        }
    ],
    "attributes": {
        "weather": "clear",
        "scene": "highway",
        "timeofday": "daytime"
    }
}