{
    "name": "0d606092-486670ee",
    "frames": [
        {
            "timestamp": 10000,
            "objects": [
                {
                    "category": "traffic sign",
                    "id": 0,
                    "attributes": {
                        "occluded": false,
                        "truncated": false,
                        "trafficLightColor": "none"
                    },
                    "box2d": {
                        "x1": 766.888801,
                        "y1": 225.64285,
                        "x2": 789.909854,
                        "y2": 248.663903
                    }
                },
                {
                    "category": "traffic sign",
                    "id": 1,
                    "attributes": {
                        "occluded": false,
                        "truncated": false,
                        "trafficLightColor": "none"
                    },
                    "box2d": {
                        "x1": 773.283537,
                        "y1": 249.942851,
                        "x2": 783.515115,
                        "y2": 262.732325
                    }
                },
                {
                    "category": "traffic sign",
                    "id": 2,
                    "attributes": {
                        "occluded": false,
                        "truncated": false,
                        "trafficLightColor": "none"
                    },
                    "box2d": {
                        "x1": 733.636169,
                        "y1": 238.432325,
                        "x2": 748.983539,
                        "y2": 255.058641
                    }
                },
                {
                    "category": "car",
                    "id": 3,
                    "attributes": {
                        "occluded": true,
                        "truncated": false,
                        "trafficLightColor": "none"
                    },
                    "box2d": {
                        "x1": 637.715115,
                        "y1": 266.751878,
                        "x2": 647.946694,
                        "y2": 283.378192
                    }
                },
                {
                    "category": "car",
                    "id": 4,
                    "attributes": {
                        "occluded": true,
                        "truncated": false,
                        "trafficLightColor": "none"
                    },
                    "box2d": {
                        "x1": 626.204589,
                        "y1": 265.472932,
                        "x2": 640.273009,
                        "y2": 285.936089
                    }
                },
                {
                    "category": "car",
                    "id": 5,
                    "attributes": {
                        "occluded": true,
                        "truncated": false,
                        "trafficLightColor": "none"
                    },
                    "box2d": {
                        "x1": 614.694062,
                        "y1": 265.472932,
                        "x2": 631.320378,
                        "y2": 291.051878
                    }
                },
                {
                    "category": "car",
                    "id": 6,
                    "attributes": {
                        "occluded": true,
                        "truncated": false,
                        "trafficLightColor": "none"
                    },
                    "box2d": {
                        "x1": 596.788799,
                        "y1": 264.193984,
                        "x2": 621.088801,
                        "y2": 298.725563
                    }
                },
                {
                    "category": "car",
                    "id": 7,
                    "attributes": {
                        "occluded": true,
                        "truncated": false,
                        "trafficLightColor": "none"
                    },
                    "box2d": {
                        "x1": 577.60459,
                        "y1": 266.751878,
                        "x2": 613.415116,
                        "y2": 311.515036
                    }
                },
                {
                    "category": "car",
                    "id": 8,
                    "attributes": {
                        "occluded": true,
                        "truncated": false,
                        "trafficLightColor": "none"
                    },
                    "box2d": {
                        "x1": 571.209852,
                        "y1": 274.425563,
                        "x2": 595.509853,
                        "y2": 311.515036
                    }
                },
                {
                    "category": "car",
                    "id": 9,
                    "attributes": {
                        "occluded": true,
                        "truncated": false,
                        "trafficLightColor": "none"
                    },
                    "box2d": {
                        "x1": 546.909853,
                        "y1": 266.751878,
                        "x2": 581.441432,
                        "y2": 325.583458
                    }
                },
                {
                    "category": "car",
                    "id": 10,
                    "attributes": {
                        "occluded": true,
                        "truncated": false,
                        "trafficLightColor": "none"
                    },
                    "box2d": {
                        "x1": 481.683537,
                        "y1": 264.193984,
                        "x2": 566.094062,
                        "y2": 330.699247
                    }
                },
                {
                    "category": "car",
                    "id": 11,
                    "attributes": {
                        "occluded": true,
                        "truncated": false,
                        "trafficLightColor": "none"
                    },
                    "box2d": {
                        "x1": 486.799325,
                        "y1": 280.8203,
                        "x2": 557.14143,
                        "y2": 353.7203
                    }
                },
                {
                    "category": "car",
                    "id": 12,
                    "attributes": {
                        "occluded": true,
                        "truncated": false,
                        "trafficLightColor": "none"
                    },
                    "box2d": {
                        "x1": 393.436168,
                        "y1": 264.193984,
                        "x2": 518.77301,
                        "y2": 401.041353
                    }
                },
                {
                    "category": "car",
                    "id": 13,
                    "attributes": {
                        "occluded": true,
                        "truncated": false,
                        "trafficLightColor": "none"
                    },
                    "box2d": {
                        "x1": 89.04669,
                        "y1": 242.451878,
                        "x2": 450.988797,
                        "y2": 479.057143
                    }
                },
                {
                    "category": "car",
                    "id": 14,
                    "attributes": {
                        "occluded": false,
                        "truncated": true,
                        "trafficLightColor": "none"
                    },
                    "box2d": {
                        "x1": 0,
                        "y1": 265.655642,
                        "x2": 268.099324,
                        "y2": 631.434591
                    }
                },
                {
                    "category": "car",
                    "id": 15,
                    "attributes": {
                        "occluded": false,
                        "truncated": false,
                        "trafficLightColor": "none"
                    },
                    "box2d": {
                        "x1": 651.783537,
                        "y1": 266.934588,
                        "x2": 672.246695,
                        "y2": 288.676694
                    }
                },
                {
                    "category": "car",
                    "id": 16,
                    "attributes": {
                        "occluded": true,
                        "truncated": false,
                        "trafficLightColor": "none"
                    },
                    "box2d": {
                        "x1": 676.083537,
                        "y1": 264.376694,
                        "x2": 685.036168,
                        "y2": 282.281958
                    }
                },
                {
                    "category": "car",
                    "id": 17,
                    "attributes": {
                        "occluded": true,
                        "truncated": false,
                        "trafficLightColor": "none"
                    },
                    "box2d": {
                        "x1": 686.315115,
                        "y1": 264.376694,
                        "x2": 695.267747,
                        "y2": 284.839852
                    }
                },
                {
                    "category": "car",
                    "id": 18,
                    "attributes": {
                        "occluded": true,
                        "truncated": false,
                        "trafficLightColor": "none"
                    },
                    "box2d": {
                        "x1": 695.267747,
                        "y1": 265.655642,
                        "x2": 708.057221,
                        "y2": 296.350379
                    }
                },
                {
                    "category": "car",
                    "id": 19,
                    "attributes": {
                        "occluded": true,
                        "truncated": false,
                        "trafficLightColor": "none"
                    },
                    "box2d": {
                        "x1": 704.220378,
                        "y1": 265.655642,
                        "x2": 717.009853,
                        "y2": 297.629326
                    }
                },
                {
                    "category": "car",
                    "id": 20,
                    "attributes": {
                        "occluded": true,
                        "truncated": false,
                        "trafficLightColor": "none"
                    },
                    "box2d": {
                        "x1": 711.894062,
                        "y1": 261.818801,
                        "x2": 750.262484,
                        "y2": 300.18722
                    }
                },
                {
                    "category": "car",
                    "id": 21,
                    "attributes": {
                        "occluded": true,
                        "truncated": false,
                        "trafficLightColor": "none"
                    },
                    "box2d": {
                        "x1": 719.567747,
                        "y1": 270.771432,
                        "x2": 769.446695,
                        "y2": 318.092484
                    }
                },
                {
                    "category": "car",
                    "id": 22,
                    "attributes": {
                        "occluded": true,
                        "truncated": false,
                        "trafficLightColor": "none"
                    },
                    "box2d": {
                        "x1": 761.773012,
                        "y1": 275.887221,
                        "x2": 803.978275,
                        "y2": 332.160904
                    }
                },
                {
                    "category": "car",
                    "id": 23,
                    "attributes": {
                        "occluded": true,
                        "truncated": false,
                        "trafficLightColor": "none"
                    },
                    "box2d": {
                        "x1": 782.236169,
                        "y1": 281.00301,
                        "x2": 876.878275,
                        "y2": 350.066169
                    }
                },
                {
                    "category": "car",
                    "id": 24,
                    "attributes": {
                        "occluded": true,
                        "truncated": false,
                        "trafficLightColor": "none"
                    },
                    "box2d": {
                        "x1": 812.930906,
                        "y1": 286.1188,
                        "x2": 910.130906,
                        "y2": 371.808273
                    }
                },
                {
                    "category": "car",
                    "id": 25,
                    "attributes": {
                        "occluded": true,
                        "truncated": false,
                        "trafficLightColor": "none"
                    },
                    "box2d": {
                        "x1": 866.196185,
                        "y1": 228.252139,
                        "x2": 1247.322505,
                        "y2": 448.231088
                    }
                },
                {
                    "category": "car",
                    "id": 26,
                    "attributes": {
                        "occluded": false,
                        "truncated": true,
                        "trafficLightColor": "none"
                    },
                    "box2d": {
                        "x1": 1162.911978,
                        "y1": 366.378456,
                        "x2": 1279.296189,
                        "y2": 595.310035
                    }
                },
                {
                    "category": "area/drivable",
                    "id": 27,
                    "attributes": {},
                    "poly2d": [
                        [
                            641.81908,
                            290.2498,
                            "L"
                        ],
                        [
                            198.392894,
                            605.160711,
                            "L"
                        ],
                        [
                            517.817927,
                            593.930924,
                            "C"
                        ],
                        [
                            900.006402,
                            587.249596,
                            "C"
                        ],
                        [
                            1121.730884,
                            633.859053,
                            "C"
                        ],
                        [
                            685.69405,
                            291.937299,
                            "L"
                        ],
                        [
                            641.81908,
                            290.2498,
                            "L"
                        ]
                    ]
                }
            ]
        }
    ],
    "attributes": {
        "weather": "snowy",
        "scene": "city street",
        "timeofday": "daytime"
    }
}