{
    "name": "0d62200b-85aeaa3d",
    "frames": [
        {
            "timestamp": 10000,
            "objects": [
                {
                    "category": "car",
                    "id": 0,
                    "attributes": {
                        "occluded": true,
                        "truncated": false,
                        "trafficLightColor": "none"
                    },
                    "box2d": {
                        "x1": 54.901178,
                        "y1": 408.015572,
                        "x2": 207.127171,
                        "y2": 485.376323
                    }
                },
                {
                    "category": "car",
                    "id": 1,
                    "attributes": {
                        "occluded": true,
                        "truncated": false,
                        "trafficLightColor": "none"
                    },
                    "box2d": {
                        "x1": 333.150329,
                        "y1": 416.74985,
                        "x2": 404.27231,
                        "y2": 471.651028
                    }
                },
                {
                    "category": "car",
                    "id": 2,
                    "attributes": {
                        "occluded": true,
                        "truncated": false,
                        "trafficLightColor": "none"
                    },
                    "box2d": {
                        "x1": 434.218407,
                        "y1": 416.74985,
                        "x2": 504.092632,
                        "y2": 461.668996
                    }
                },
                {
                    "category": "car",
                    "id": 3,
                    "attributes": {
                        "occluded": true,
                        "truncated": false,
                        "trafficLightColor": "none"
                    },
                    "box2d": {
                        "x1": 555.250549,
                        "y1": 426.731883,
                        "x2": 581.453384,
                        "y2": 449.191455
                    }
                },
                {
                    "category": "car",
                    "id": 4,
                    "attributes": {
                        "occluded": false,
                        "truncated": false,
                        "trafficLightColor": "none"
                    },
                    "box2d": {
                        "x1": 631.363546,
                        "y1": 406.767818,
                        "x2": 734.927131,
                        "y2": 496.606109
                    }
                },
                {
                    "category": "car",
                    "id": 5,
                    "attributes": {
                        "occluded": false,
                        "truncated": false,
                        "trafficLightColor": "none"
                    },
                    "box2d": {
                        "x1": 741.165901,
                        "y1": 426.731883,
                        "x2": 792.323817,
                        "y2": 461.668996
                    }
                },
                {
                    "category": "car",
                    "id": 6,
                    "attributes": {
                        "occluded": false,
                        "truncated": false,
                        "trafficLightColor": "none"
                    },
                    "box2d": {
                        "x1": 838.490717,
                        "y1": 420.493112,
                        "x2": 955.779598,
                        "y2": 500.349371
                    }
                },
                {
                    "category": "car",
                    "id": 7,
                    "attributes": {
                        "occluded": true,
                        "truncated": false,
                        "trafficLightColor": "none"
                    },
                    "box2d": {
                        "x1": 592.68317,
                        "y1": 430.475145,
                        "x2": 606.408465,
                        "y2": 446.695947
                    }
                },
                {
                    "category": "area/alternative",
                    "id": 8,
                    "attributes": {},
                    "poly2d": [
                        [
                            852.675837,
                            526.565648,
                            "L"
                        ],
                        [
                            979.868138,
                            492.01959,
                            "L"
                        ],
                        [
                            1279.774383,
                            551.690054,
                            "L"
                        ],
                        [
                            1279.774383,
                            720.756371,
                            "L"
                        ],
                        [
                            1140.03622,
                            720.756371,
                            "L"
                        ],
                        [
                            852.675837,
                            526.565648,
                            "L"
                        ]
                    ]
                },
                {
                    "category": "area/drivable",
                    "id": 9,
                    "attributes": {},
                    "poly2d": [
                        [
                            574.737106,
                            496.730417,
                            "L"
                        ],
                        [
                            800.856752,
                            503.011518,
                            "L"
                        ],
                        [
                            1088.217135,
                            710.287861,
                            "L"
                        ],
                        [
                            827.551432,
                            666.320152,
                            "C"
                        ],
                        [
                            579.447932,
                            650.617398,
                            "C"
                        ],
                        [
                            284.236173,
                            663.1796,
                            "C"
                        ],
                        [
                            574.737106,
                            496.730417,
                            "L"
                        ]
                    ]
                },
                {
                    "category": "lane/single white",
                    "id": 10,
                    "attributes": {
                        "direction": "parallel",
                        "style": "dashed"
                    },
                    "poly2d": [
                        [
                            734.900463,
                            461.27827,
                            "L"
                        ],
                        [
                            1085.683815,
                            712.117012,
                            "L"
                        ]
                    ]
                },
                {
                    "category": "lane/single white",
                    "id": 11,
                    "attributes": {
                        "direction": "parallel",
                        "style": "dashed"
                    },
                    "poly2d": [
                        [
                            735.880304,
                            454.419397,
                            "L"
                        ],
                        [
                            1139.575112,
                            720.181544,
                            "L"
                        ]
                    ]
                },
                {
                    "category": "lane/road curb",
                    "id": 12,
                    "attributes": {
                        "direction": "parallel",
                        "style": "solid"
                    },
                    "poly2d": [
                        [
                            1276.75296,
                            545.544409,
                            "L"
                        ],
                        [
                            967.122962,
                            484.794401,
                            "L"
                        ]
                    ]
                },
                {
                    "category": "lane/single white",
                    "id": 13,
                    "attributes": {
                        "direction": "parallel",
                        "style": "solid"
                    },
                    "poly2d": [
                        [
                            955.364861,
                            485.77424,
                            "L"
                        ],
                        [
                            1279.66952,
                            550.443603,
                            "L"
                        ]
                    ]
                },
                {
                    "category": "lane/road curb",
                    "id": 14,
                    "attributes": {
                        "direction": "parallel",
                        "style": "solid"
                    },
                    "poly2d": [
                        [
                            627.117868,
                            471.076657,
                            "L"
                        ],
                        [
                            304.749927,
                            662.145232,
                            "L"
                        ]
                    ]
                },
                {
                    "category": "lane/road curb",
                    "id": 15,
                    "attributes": {
                        "direction": "parallel",
                        "style": "solid"
                    },
                    "poly2d": [
                        [
                            330.225812,
                            464.217786,
                            "L"
                        ],
                        [
                            205.785908,
                            474.016174,
                            "L"
                        ]
                    ]
                },
                {
                    "category": "lane/road curb",
                    "id": 16,
                    "attributes": {
                        "direction": "parallel",
                        "style": "solid"
                    },
                    "poly2d": [
                        [
                            29.414391,
                            486.75408,
                            "L"
                        ],
                        [
                            0,
                            490.673434,
                            "L"
                        ]
                    ]
                },
                {
                    "category": "lane/single white",
                    "id": 17,
                    "attributes": {
                        "direction": "parallel",
                        "style": "dashed"
                    },
                    "poly2d": [
                        [
                            396.855052,
                            472.056497,
                            "L"
                        ],
                        [
                            53.910435,
                            516.149244,
                            "L"
                        ]
                    ]
                },
                {
                    "category": "lane/single white",
                    "id": 18,
                    "attributes": {
                        "direction": "parallel",
                        "style": "dashed"
                    },
                    "poly2d": [
                        [
                            398.814737,
                            475.975852,
                            "L"
                        ],
                        [
                            53.910435,
                            523.987955,
                            "L"
                        ]
                    ]
                },
                {
                    "category": "lane/single white",
                    "id": 19,
                    "attributes": {
                        "direction": "parallel",
                        "style": "dashed"
                    },
                    "poly2d": [
                        [
                            29.414391,
                            523.008115,
                            "L"
                        ],
                        [
                            0,
                            525.947633,
                            "L"
                        ]
                    ]
                },
                {
                    "category": "lane/single white",
                    "id": 20,
                    "attributes": {
                        "direction": "parallel",
                        "style": "dashed"
                    },
                    "poly2d": [
                        [
                            31.374074,
                            528.887148,
                            "L"
                        ],
                        [
                            0,
                            530.846826,
                            "L"
                        ]
                    ]
                },
                {
                    "category": "lane/single white",
                    "id": 21,
                    "attributes": {
                        "direction": "parallel",
                        "style": "dashed"
                    },
                    "poly2d": [
                        [
                            478.181921,
                            460.29843,
                            "L"
                        ],
                        [
                            431.149514,
                            467.157303,
                            "L"
                        ]
                    ]
                },
                {
                    "category": "lane/single white",
                    "id": 22,
                    "attributes": {
                        "direction": "parallel",
                        "style": "dashed"
                    },
                    "poly2d": [
                        [
                            433.109199,
                            471.076657,
                            "L"
                        ],
                        [
                            481.121445,
                            466.177464,
                            "L"
                        ]
                    ]
                },
                {
                    "category": "lane/single white",
                    "id": 23,
                    "attributes": {
                        "direction": "parallel",
                        "style": "dashed"
                    },
                    "poly2d": [
                        [
                            527.174008,
                            455.399235,
                            "L"
                        ],
                        [
                            501.698121,
                            459.318592,
                            "L"
                        ]
                    ]
                }
            ]
        }
    ],
    "attributes": {
        "weather": "clear",
        "scene": "city street",
        "timeofday": "daytime"
    }
}