{
    "name": "0d86c345-e1ec3588",
    "frames": [
        {
            "timestamp": 10000,
            "objects": [
                {
                    "category": "car",
                    "id": 0,
                    "attributes": {
                        "occluded": false,
                        "truncated": true,
                        "trafficLightColor": "none"
                    },
                    "box2d": {
                        "x1": 0.210469,
                        "y1": 160.724454,
                        "x2": 235.939668,
                        "y2": 491.357617
                    }
                },
                {
                    "category": "car",
                    "id": 1,
                    "attributes": {
                        "occluded": false,
                        "truncated": true,
                        "trafficLightColor": "none"
                    },
                    "box2d": {
                        "x1": 953.842228,
                        "y1": 174.500836,
                        "x2": 1278.352552,
                        "y2": 575.546616
                    }
                },
                {
                    "category": "car",
                    "id": 2,
                    "attributes": {
                        "occluded": true,
                        "truncated": false,
                        "trafficLightColor": "none"
                    },
                    "box2d": {
                        "x1": 786.994938,
                        "y1": 198.99218,
                        "x2": 1105.382428,
                        "y2": 399.515071
                    }
                },
                {
                    "category": "car",
                    "id": 3,
                    "attributes": {
                        "occluded": true,
                        "truncated": false,
                        "trafficLightColor": "none"
                    },
                    "box2d": {
                        "x1": 734.950828,
                        "y1": 237.259908,
                        "x2": 842.100465,
                        "y2": 339.817418
                    }
                },
                {
                    "category": "car",
                    "id": 4,
                    "attributes": {
                        "occluded": true,
                        "truncated": false,
                        "trafficLightColor": "none"
                    },
                    "box2d": {
                        "x1": 681.37601,
                        "y1": 218.891398,
                        "x2": 788.525645,
                        "y2": 303.0804
                    }
                },
                {
                    "category": "car",
                    "id": 5,
                    "attributes": {
                        "occluded": true,
                        "truncated": false,
                        "trafficLightColor": "none"
                    },
                    "box2d": {
                        "x1": 650.761829,
                        "y1": 223.483528,
                        "x2": 707.398066,
                        "y2": 290.834726
                    }
                },
                {
                    "category": "car",
                    "id": 6,
                    "attributes": {
                        "occluded": true,
                        "truncated": false,
                        "trafficLightColor": "none"
                    },
                    "box2d": {
                        "x1": 627.801194,
                        "y1": 223.483528,
                        "x2": 679.8453,
                        "y2": 272.466217
                    }
                },
                {
                    "category": "traffic sign",
                    "id": 7,
                    "attributes": {
                        "occluded": false,
                        "truncated": false,
                        "trafficLightColor": "none"
                    },
                    "box2d": {
                        "x1": 670.661047,
                        "y1": 198.99218,
                        "x2": 692.090976,
                        "y2": 218.891398
                    }
                },
                {
                    "category": "bus",
                    "id": 8,
                    "attributes": {
                        "occluded": true,
                        "truncated": false,
                        "trafficLightColor": "none"
                    },
                    "box2d": {
                        "x1": 604.840557,
                        "y1": 209.707146,
                        "x2": 782.402811,
                        "y2": 260.220545
                    }
                },
                {
                    "category": "car",
                    "id": 9,
                    "attributes": {
                        "occluded": true,
                        "truncated": false,
                        "trafficLightColor": "none"
                    },
                    "box2d": {
                        "x1": 554.327159,
                        "y1": 223.483528,
                        "x2": 572.695667,
                        "y2": 243.382745
                    }
                },
                {
                    "category": "car",
                    "id": 10,
                    "attributes": {
                        "occluded": false,
                        "truncated": false,
                        "trafficLightColor": "none"
                    },
                    "box2d": {
                        "x1": 561.9807,
                        "y1": 223.483528,
                        "x2": 607.901975,
                        "y2": 266.343382
                    }
                },
                {
                    "category": "person",
                    "id": 11,
                    "attributes": {
                        "occluded": false,
                        "truncated": false,
                        "trafficLightColor": "none"
                    },
                    "box2d": {
                        "x1": 526.774394,
                        "y1": 221.952818,
                        "x2": 543.612192,
                        "y2": 260.220547
                    }
                },
                {
                    "category": "car",
                    "id": 12,
                    "attributes": {
                        "occluded": true,
                        "truncated": false,
                        "trafficLightColor": "none"
                    },
                    "box2d": {
                        "x1": 514.528721,
                        "y1": 223.483528,
                        "x2": 542.081483,
                        "y2": 254.097709
                    }
                },
                {
                    "category": "car",
                    "id": 13,
                    "attributes": {
                        "occluded": true,
                        "truncated": false,
                        "trafficLightColor": "none"
                    },
                    "box2d": {
                        "x1": 540.550776,
                        "y1": 218.891398,
                        "x2": 554.327159,
                        "y2": 241.852035
                    }
                },
                {
                    "category": "car",
                    "id": 14,
                    "attributes": {
                        "occluded": true,
                        "truncated": false,
                        "trafficLightColor": "none"
                    },
                    "box2d": {
                        "x1": 486.975957,
                        "y1": 215.829981,
                        "x2": 520.651556,
                        "y2": 260.220542
                    }
                },
                {
                    "category": "car",
                    "id": 15,
                    "attributes": {
                        "occluded": true,
                        "truncated": false,
                        "trafficLightColor": "none"
                    },
                    "box2d": {
                        "x1": 474.730283,
                        "y1": 217.360689,
                        "x2": 508.405882,
                        "y2": 266.343381
                    }
                },
                {
                    "category": "car",
                    "id": 16,
                    "attributes": {
                        "occluded": true,
                        "truncated": false,
                        "trafficLightColor": "none"
                    },
                    "box2d": {
                        "x1": 424.216885,
                        "y1": 211.237852,
                        "x2": 490.037375,
                        "y2": 266.343379
                    }
                },
                {
                    "category": "car",
                    "id": 17,
                    "attributes": {
                        "occluded": true,
                        "truncated": false,
                        "trafficLightColor": "none"
                    },
                    "box2d": {
                        "x1": 416.56334,
                        "y1": 225.014234,
                        "x2": 462.484613,
                        "y2": 284.711888
                    }
                },
                {
                    "category": "car",
                    "id": 18,
                    "attributes": {
                        "occluded": false,
                        "truncated": false,
                        "trafficLightColor": "none"
                    },
                    "box2d": {
                        "x1": 312.47512,
                        "y1": 223.483528,
                        "x2": 444.116102,
                        "y2": 301.549691
                    }
                },
                {
                    "category": "traffic sign",
                    "id": 19,
                    "attributes": {
                        "occluded": false,
                        "truncated": false,
                        "trafficLightColor": "none"
                    },
                    "box2d": {
                        "x1": 216.040448,
                        "y1": 136.233109,
                        "x2": 240.531793,
                        "y2": 174.500836
                    }
                },
                {
                    "category": "traffic sign",
                    "id": 20,
                    "attributes": {
                        "occluded": false,
                        "truncated": false,
                        "trafficLightColor": "none"
                    },
                    "box2d": {
                        "x1": 450.238937,
                        "y1": 194.400054,
                        "x2": 471.668866,
                        "y2": 214.299271
                    }
                },
                {
                    "category": "traffic sign",
                    "id": 21,
                    "attributes": {
                        "occluded": false,
                        "truncated": false,
                        "trafficLightColor": "none"
                    },
                    "box2d": {
                        "x1": 952.311519,
                        "y1": 107.149636,
                        "x2": 989.048537,
                        "y2": 136.233109
                    }
                },
                {
                    "category": "traffic sign",
                    "id": 22,
                    "attributes": {
                        "occluded": false,
                        "truncated": false,
                        "trafficLightColor": "none"
                    },
                    "box2d": {
                        "x1": 930.881592,
                        "y1": 24.491346,
                        "x2": 1007.417046,
                        "y2": 108.680346
                    }
                },
                {
                    "category": "traffic sign",
                    "id": 23,
                    "attributes": {
                        "occluded": false,
                        "truncated": false,
                        "trafficLightColor": "none"
                    },
                    "box2d": {
                        "x1": 727.297283,
                        "y1": 186.746508,
                        "x2": 748.72721,
                        "y2": 197.461474
                    }
                },
                {
                    "category": "area/drivable",
                    "id": 24,
                    "attributes": {},
                    "poly2d": [
                        [
                            555.250549,
                            271.012174,
                            "L"
                        ],
                        [
                            381.812737,
                            543.022556,
                            "L"
                        ],
                        [
                            704.981034,
                            551.756834,
                            "C"
                        ],
                        [
                            894.639649,
                            565.482129,
                            "C"
                        ],
                        [
                            1141.694949,
                            596.675979,
                            "C"
                        ],
                        [
                            620.13376,
                            271.012174,
                            "L"
                        ],
                        [
                            555.250549,
                            271.012174,
                            "L"
                        ]
                    ]
                },
                {
                    "category": "area/alternative",
                    "id": 25,
                    "attributes": {},
                    "poly2d": [
                        [
                            510.331403,
                            266.021158,
                            "L"
                        ],
                        [
                            0,
                            541.774802,
                            "L"
                        ],
                        [
                            0,
                            570.473146,
                            "L"
                        ],
                        [
                            111.050109,
                            556.74785,
                            "C"
                        ],
                        [
                            224.595728,
                            549.261327,
                            "C"
                        ],
                        [
                            338.141345,
                            546.765817,
                            "C"
                        ],
                        [
                            547.764025,
                            268.516666,
                            "L"
                        ],
                        [
                            510.331403,
                            266.021158,
                            "L"
                        ]
                    ]
                },
                {
                    "category": "area/alternative",
                    "id": 26,
                    "attributes": {},
                    "poly2d": [
                        [
                            240.81653,
                            322.170091,
                            "L"
                        ],
                        [
                            240.81653,
                            398.283087,
                            "L"
                        ],
                        [
                            403.024556,
                            318.426827,
                            "L"
                        ],
                        [
                            294.469953,
                            309.69255,
                            "L"
                        ],
                        [
                            240.81653,
                            322.170091,
                            "L"
                        ]
                    ]
                },
                {
                    "category": "lane/road curb",
                    "id": 27,
                    "attributes": {
                        "direction": "parallel",
                        "style": "solid"
                    },
                    "poly2d": [
                        [
                            314.676198,
                            302.688533,
                            "L"
                        ],
                        [
                            234.758434,
                            326.663863,
                            "L"
                        ]
                    ]
                },
                {
                    "category": "lane/single white",
                    "id": 28,
                    "attributes": {
                        "direction": "parallel",
                        "style": "solid"
                    },
                    "poly2d": [
                        [
                            527.457246,
                            259.732735,
                            "L"
                        ],
                        [
                            0,
                            540.443883,
                            "L"
                        ]
                    ]
                },
                {
                    "category": "lane/single white",
                    "id": 29,
                    "attributes": {
                        "direction": "parallel",
                        "style": "solid"
                    },
                    "poly2d": [
                        [
                            0,
                            525.459302,
                            "L"
                        ],
                        [
                            514.47061,
                            263.728623,
                            "L"
                        ]
                    ]
                },
                {
                    "category": "lane/single white",
                    "id": 30,
                    "attributes": {
                        "direction": "parallel",
                        "style": "solid"
                    },
                    "poly2d": [
                        [
                            560.423324,
                            260.731707,
                            "L"
                        ],
                        [
                            380.608354,
                            544.439771,
                            "L"
                        ]
                    ]
                },
                {
                    "category": "lane/single white",
                    "id": 31,
                    "attributes": {
                        "direction": "parallel",
                        "style": "solid"
                    },
                    "poly2d": [
                        [
                            555.428464,
                            258.733763,
                            "L"
                        ],
                        [
                            336.653583,
                            547.436688,
                            "L"
                        ]
                    ]
                }
            ]
        }
    ],
    "attributes": {
        "weather": "undefined",
        "scene": "residential",
        "timeofday": "daytime"
    }
}