{
    "name": "0d933eed-b74c36f8",
    "frames": [
        {
            "timestamp": 10000,
            "objects": [
                {
                    "category": "traffic light",
                    "id": 0,
                    "attributes": {
                        "occluded": false,
                        "truncated": false,
                        "trafficLightColor": "green"
                    },
                    "box2d": {
                        "x1": 371.105788,
                        "y1": 273.838673,
                        "x2": 380.319052,
                        "y2": 293.800745
                    }
                },
                {
                    "category": "traffic light",
                    "id": 1,
                    "attributes": {
                        "occluded": false,
                        "truncated": false,
                        "trafficLightColor": "green"
                    },
                    "box2d": {
                        "x1": 503.162574,
                        "y1": 235.450073,
                        "x2": 512.375838,
                        "y2": 255.412145
                    }
                },
                {
                    "category": "traffic light",
                    "id": 2,
                    "attributes": {
                        "occluded": false,
                        "truncated": false,
                        "trafficLightColor": "green"
                    },
                    "box2d": {
                        "x1": 696.641116,
                        "y1": 241.59225,
                        "x2": 705.854381,
                        "y2": 263.089866
                    }
                },
                {
                    "category": "traffic light",
                    "id": 3,
                    "attributes": {
                        "occluded": false,
                        "truncated": false,
                        "trafficLightColor": "none"
                    },
                    "box2d": {
                        "x1": 685.892311,
                        "y1": 241.59225,
                        "x2": 695.105575,
                        "y2": 260.018778
                    }
                },
                {
                    "category": "traffic light",
                    "id": 4,
                    "attributes": {
                        "occluded": false,
                        "truncated": false,
                        "trafficLightColor": "none"
                    },
                    "box2d": {
                        "x1": 770.347228,
                        "y1": 230.843441,
                        "x2": 779.560493,
                        "y2": 250.805512
                    }
                },
                {
                    "category": "traffic light",
                    "id": 5,
                    "attributes": {
                        "occluded": false,
                        "truncated": false,
                        "trafficLightColor": "none"
                    },
                    "box2d": {
                        "x1": 782.631582,
                        "y1": 281.516393,
                        "x2": 799.522566,
                        "y2": 298.407377
                    }
                },
                {
                    "category": "traffic sign",
                    "id": 6,
                    "attributes": {
                        "occluded": false,
                        "truncated": false,
                        "trafficLightColor": "none"
                    },
                    "box2d": {
                        "x1": 730.423085,
                        "y1": 256.947689,
                        "x2": 745.778524,
                        "y2": 270.767586
                    }
                },
                {
                    "category": "traffic sign",
                    "id": 7,
                    "attributes": {
                        "occluded": false,
                        "truncated": false,
                        "trafficLightColor": "none"
                    },
                    "box2d": {
                        "x1": 759.598421,
                        "y1": 264.625409,
                        "x2": 776.489405,
                        "y2": 275.374216
                    }
                },
                {
                    "category": "traffic sign",
                    "id": 8,
                    "attributes": {
                        "occluded": false,
                        "truncated": false,
                        "trafficLightColor": "none"
                    },
                    "box2d": {
                        "x1": 776.489407,
                        "y1": 267.696497,
                        "x2": 790.309303,
                        "y2": 278.445304
                    }
                },
                {
                    "category": "traffic sign",
                    "id": 9,
                    "attributes": {
                        "occluded": false,
                        "truncated": false,
                        "trafficLightColor": "none"
                    },
                    "box2d": {
                        "x1": 420.243196,
                        "y1": 289.194113,
                        "x2": 434.063092,
                        "y2": 301.478465
                    }
                },
                {
                    "category": "car",
                    "id": 10,
                    "attributes": {
                        "occluded": true,
                        "truncated": false,
                        "trafficLightColor": "none"
                    },
                    "box2d": {
                        "x1": 384.925684,
                        "y1": 313.762817,
                        "x2": 434.063092,
                        "y2": 358.293593
                    }
                },
                {
                    "category": "car",
                    "id": 11,
                    "attributes": {
                        "occluded": true,
                        "truncated": false,
                        "trafficLightColor": "none"
                    },
                    "box2d": {
                        "x1": 341.930455,
                        "y1": 312.227272,
                        "x2": 404.887759,
                        "y2": 365.971313
                    }
                },
                {
                    "category": "car",
                    "id": 12,
                    "attributes": {
                        "occluded": true,
                        "truncated": false,
                        "trafficLightColor": "none"
                    },
                    "box2d": {
                        "x1": 292.793043,
                        "y1": 299.94292,
                        "x2": 355.75035,
                        "y2": 367.506857
                    }
                },
                {
                    "category": "car",
                    "id": 13,
                    "attributes": {
                        "occluded": false,
                        "truncated": false,
                        "trafficLightColor": "none"
                    },
                    "box2d": {
                        "x1": 435.598637,
                        "y1": 296.871833,
                        "x2": 513.911381,
                        "y2": 367.506857
                    }
                },
                {
                    "category": "car",
                    "id": 14,
                    "attributes": {
                        "occluded": false,
                        "truncated": false,
                        "trafficLightColor": "none"
                    },
                    "box2d": {
                        "x1": 506.233661,
                        "y1": 283.051938,
                        "x2": 644.432621,
                        "y2": 396.682193
                    }
                },
                {
                    "category": "car",
                    "id": 15,
                    "attributes": {
                        "occluded": true,
                        "truncated": false,
                        "trafficLightColor": "none"
                    },
                    "box2d": {
                        "x1": 627.541637,
                        "y1": 310.691729,
                        "x2": 655.18143,
                        "y2": 339.867066
                    }
                },
                {
                    "category": "car",
                    "id": 16,
                    "attributes": {
                        "occluded": true,
                        "truncated": false,
                        "trafficLightColor": "none"
                    },
                    "box2d": {
                        "x1": 650.574798,
                        "y1": 309.156185,
                        "x2": 693.570032,
                        "y2": 365.971313
                    }
                },
                {
                    "category": "car",
                    "id": 17,
                    "attributes": {
                        "occluded": false,
                        "truncated": false,
                        "trafficLightColor": "none"
                    },
                    "box2d": {
                        "x1": 669.001326,
                        "y1": 298.407377,
                        "x2": 788.773759,
                        "y2": 392.075561
                    }
                },
                {
                    "category": "car",
                    "id": 18,
                    "attributes": {
                        "occluded": false,
                        "truncated": false,
                        "trafficLightColor": "none"
                    },
                    "box2d": {
                        "x1": 794.915934,
                        "y1": 287.658568,
                        "x2": 948.470335,
                        "y2": 390.540018
                    }
                },
                {
                    "category": "car",
                    "id": 19,
                    "attributes": {
                        "occluded": false,
                        "truncated": true,
                        "trafficLightColor": "none"
                    },
                    "box2d": {
                        "x1": 0,
                        "y1": 229.307898,
                        "x2": 358.821437,
                        "y2": 562.520946
                    }
                },
                {
                    "category": "area/drivable",
                    "id": 20,
                    "attributes": {},
                    "poly2d": [
                        [
                            476.642045,
                            406.767818,
                            "L"
                        ],
                        [
                            680.261973,
                            405.383617,
                            "L"
                        ],
                        [
                            899.630665,
                            572.719106,
                            "L"
                        ],
                        [
                            683.769215,
                            554.002795,
                            "C"
                        ],
                        [
                            484.12857,
                            570.223598,
                            "C"
                        ],
                        [
                            257.037334,
                            611.399481,
                            "C"
                        ],
                        [
                            476.642045,
                            406.767818,
                            "L"
                        ]
                    ]
                },
                {
                    "category": "area/alternative",
                    "id": 21,
                    "attributes": {},
                    "poly2d": [
                        [
                            703.295133,
                            411.525793,
                            "L"
                        ],
                        [
                            814.78339,
                            393.042522,
                            "L"
                        ],
                        [
                            1280.195648,
                            527.79996,
                            "L"
                        ],
                        [
                            1280.6437,
                            598.862162,
                            "L"
                        ],
                        [
                            1199.275847,
                            592.719986,
                            "C"
                        ],
                        [
                            1046.865641,
                            582.701139,
                            "C"
                        ],
                        [
                            919.594728,
                            575.214614,
                            "C"
                        ],
                        [
                            703.295133,
                            411.525793,
                            "L"
                        ]
                    ]
                },
                {
                    "category": "area/alternative",
                    "id": 22,
                    "attributes": {},
                    "poly2d": [
                        [
                            422.29058,
                            366.995017,
                            "L"
                        ],
                        [
                            492.925604,
                            383.886001,
                            "L"
                        ],
                        [
                            380.830892,
                            483.696362,
                            "L"
                        ],
                        [
                            359.333276,
                            385.421545,
                            "L"
                        ],
                        [
                            422.29058,
                            366.995017,
                            "L"
                        ]
                    ]
                },
                {
                    "category": "area/alternative",
                    "id": 23,
                    "attributes": {},
                    "poly2d": [
                        [
                            1280.195648,
                            517.817927,
                            "L"
                        ],
                        [
                            899.630665,
                            408.015572,
                            "L"
                        ],
                        [
                            954.531843,
                            394.290278,
                            "L"
                        ],
                        [
                            1280.195648,
                            454.182472,
                            "L"
                        ],
                        [
                            1280.195648,
                            517.817927,
                            "L"
                        ]
                    ]
                },
                {
                    "category": "lane/single white",
                    "id": 24,
                    "attributes": {
                        "direction": "parallel",
                        "style": "solid"
                    },
                    "poly2d": [
                        [
                            436.550789,
                            358.630969,
                            "L"
                        ],
                        [
                            353.636108,
                            382.606298,
                            "L"
                        ]
                    ]
                },
                {
                    "category": "lane/road curb",
                    "id": 25,
                    "attributes": {
                        "direction": "parallel",
                        "style": "solid"
                    },
                    "poly2d": [
                        [
                            934.038874,
                            388.60013,
                            "L"
                        ],
                        [
                            1279.683206,
                            462.524063,
                            "L"
                        ]
                    ]
                },
                {
                    "category": "lane/single white",
                    "id": 26,
                    "attributes": {
                        "direction": "parallel",
                        "style": "dashed"
                    },
                    "poly2d": [
                        [
                            513.471638,
                            374.614522,
                            "L"
                        ],
                        [
                            259.732735,
                            610.371927,
                            "L"
                        ]
                    ]
                },
                {
                    "category": "lane/single white",
                    "id": 27,
                    "attributes": {
                        "direction": "parallel",
                        "style": "dashed"
                    },
                    "poly2d": [
                        [
                            512.472666,
                            368.620689,
                            "L"
                        ],
                        [
                            230.762545,
                            614.367816,
                            "L"
                        ]
                    ]
                },
                {
                    "category": "lane/single white",
                    "id": 28,
                    "attributes": {
                        "direction": "parallel",
                        "style": "dashed"
                    },
                    "poly2d": [
                        [
                            641.340061,
                            376.612466,
                            "L"
                        ],
                        [
                            907.066628,
                            576.406877,
                            "L"
                        ]
                    ]
                },
                {
                    "category": "lane/single white",
                    "id": 29,
                    "attributes": {
                        "direction": "parallel",
                        "style": "dashed"
                    },
                    "poly2d": [
                        [
                            642.339033,
                            368.620689,
                            "L"
                        ],
                        [
                            930.042986,
                            576.406877,
                            "L"
                        ]
                    ]
                },
                {
                    "category": "lane/single white",
                    "id": 30,
                    "attributes": {
                        "direction": "parallel",
                        "style": "dashed"
                    },
                    "poly2d": [
                        [
                            791.18587,
                            385.603214,
                            "L"
                        ],
                        [
                            1279.683206,
                            527.457246,
                            "L"
                        ]
                    ]
                },
                {
                    "category": "lane/single white",
                    "id": 31,
                    "attributes": {
                        "direction": "parallel",
                        "style": "dashed"
                    },
                    "poly2d": [
                        [
                            795.181758,
                            382.606298,
                            "L"
                        ],
                        [
                            1279.683206,
                            520.464442,
                            "L"
                        ]
                    ]
                }
            ]
        }
    ],
    "attributes": {
        "weather": "clear",
        "scene": "city street",
        "timeofday": "night"
    }
}