{
    "name": "0da41df0-26725c58",
    "frames": [
        {
            "timestamp": 10000,
            "objects": [
                {
                    "category": "traffic light",
                    "id": 0,
                    "attributes": {
                        "occluded": false,
                        "truncated": false,
                        "trafficLightColor": "red"
                    },
                    "box2d": {
                        "x1": 515.020633,
                        "y1": 305.265443,
                        "x2": 523.836963,
                        "y2": 315.183815
                    }
                },
                {
                    "category": "traffic light",
                    "id": 1,
                    "attributes": {
                        "occluded": false,
                        "truncated": false,
                        "trafficLightColor": "red"
                    },
                    "box2d": {
                        "x1": 429.061411,
                        "y1": 306.367485,
                        "x2": 437.877742,
                        "y2": 317.387897
                    }
                },
                {
                    "category": "car",
                    "id": 2,
                    "attributes": {
                        "occluded": true,
                        "truncated": false,
                        "trafficLightColor": "none"
                    },
                    "box2d": {
                        "x1": 426.489987,
                        "y1": 322.898103,
                        "x2": 444.122647,
                        "y2": 338.326682
                    }
                },
                {
                    "category": "car",
                    "id": 3,
                    "attributes": {
                        "occluded": true,
                        "truncated": false,
                        "trafficLightColor": "none"
                    },
                    "box2d": {
                        "x1": 411.061408,
                        "y1": 327.306268,
                        "x2": 428.694073,
                        "y2": 341.632805
                    }
                },
                {
                    "category": "car",
                    "id": 4,
                    "attributes": {
                        "occluded": true,
                        "truncated": false,
                        "trafficLightColor": "none"
                    },
                    "box2d": {
                        "x1": 382.408334,
                        "y1": 320.694022,
                        "x2": 413.265492,
                        "y2": 343.836889
                    }
                },
                {
                    "category": "car",
                    "id": 5,
                    "attributes": {
                        "occluded": true,
                        "truncated": false,
                        "trafficLightColor": "none"
                    },
                    "box2d": {
                        "x1": 351.551179,
                        "y1": 318.48994,
                        "x2": 389.02058,
                        "y2": 340.530765
                    }
                },
                {
                    "category": "car",
                    "id": 6,
                    "attributes": {
                        "occluded": true,
                        "truncated": false,
                        "trafficLightColor": "none"
                    },
                    "box2d": {
                        "x1": 347.143014,
                        "y1": 327.306268,
                        "x2": 383.510376,
                        "y2": 354.857301
                    }
                },
                {
                    "category": "car",
                    "id": 7,
                    "attributes": {
                        "occluded": false,
                        "truncated": false,
                        "trafficLightColor": "none"
                    },
                    "box2d": {
                        "x1": 304.163403,
                        "y1": 317.387898,
                        "x2": 349.347097,
                        "y2": 357.061389
                    }
                },
                {
                    "category": "car",
                    "id": 8,
                    "attributes": {
                        "occluded": false,
                        "truncated": false,
                        "trafficLightColor": "none"
                    },
                    "box2d": {
                        "x1": 238.040923,
                        "y1": 316.285856,
                        "x2": 321.796063,
                        "y2": 365.877716
                    }
                },
                {
                    "category": "car",
                    "id": 9,
                    "attributes": {
                        "occluded": true,
                        "truncated": false,
                        "trafficLightColor": "none"
                    },
                    "box2d": {
                        "x1": 182.938859,
                        "y1": 324.000145,
                        "x2": 307.469526,
                        "y2": 378.000169
                    }
                },
                {
                    "category": "car",
                    "id": 10,
                    "attributes": {
                        "occluded": true,
                        "truncated": false,
                        "trafficLightColor": "none"
                    },
                    "box2d": {
                        "x1": 144.367411,
                        "y1": 326.204228,
                        "x2": 230.326633,
                        "y2": 379.102211
                    }
                },
                {
                    "category": "car",
                    "id": 11,
                    "attributes": {
                        "occluded": true,
                        "truncated": false,
                        "trafficLightColor": "none"
                    },
                    "box2d": {
                        "x1": 128.938833,
                        "y1": 328.408312,
                        "x2": 202.775596,
                        "y2": 387.918547
                    }
                },
                {
                    "category": "car",
                    "id": 12,
                    "attributes": {
                        "occluded": true,
                        "truncated": false,
                        "trafficLightColor": "none"
                    },
                    "box2d": {
                        "x1": 100.653101,
                        "y1": 311.877691,
                        "x2": 145.836796,
                        "y2": 397.836913
                    }
                },
                {
                    "category": "car",
                    "id": 13,
                    "attributes": {
                        "occluded": true,
                        "truncated": true,
                        "trafficLightColor": "none"
                    },
                    "box2d": {
                        "x1": 0,
                        "y1": 299.069589,
                        "x2": 122.126224,
                        "y2": 407.069636
                    }
                },
                {
                    "category": "car",
                    "id": 14,
                    "attributes": {
                        "occluded": false,
                        "truncated": true,
                        "trafficLightColor": "none"
                    },
                    "box2d": {
                        "x1": 0,
                        "y1": 332.130828,
                        "x2": 65.922123,
                        "y2": 413.681889
                    }
                },
                {
                    "category": "car",
                    "id": 15,
                    "attributes": {
                        "occluded": true,
                        "truncated": false,
                        "trafficLightColor": "none"
                    },
                    "box2d": {
                        "x1": 534.017733,
                        "y1": 323.685278,
                        "x2": 543.936103,
                        "y2": 336.909769
                    }
                },
                {
                    "category": "car",
                    "id": 16,
                    "attributes": {
                        "occluded": true,
                        "truncated": false,
                        "trafficLightColor": "none"
                    },
                    "box2d": {
                        "x1": 541.732021,
                        "y1": 323.685278,
                        "x2": 557.160597,
                        "y2": 343.522022
                    }
                },
                {
                    "category": "car",
                    "id": 17,
                    "attributes": {
                        "occluded": true,
                        "truncated": false,
                        "trafficLightColor": "none"
                    },
                    "box2d": {
                        "x1": 552.752435,
                        "y1": 323.685278,
                        "x2": 583.609592,
                        "y2": 346.828145
                    }
                },
                {
                    "category": "car",
                    "id": 18,
                    "attributes": {
                        "occluded": true,
                        "truncated": false,
                        "trafficLightColor": "none"
                    },
                    "box2d": {
                        "x1": 563.772848,
                        "y1": 329.195483,
                        "x2": 593.527959,
                        "y2": 352.338352
                    }
                },
                {
                    "category": "car",
                    "id": 19,
                    "attributes": {
                        "occluded": true,
                        "truncated": false,
                        "trafficLightColor": "none"
                    },
                    "box2d": {
                        "x1": 585.813674,
                        "y1": 325.88936,
                        "x2": 614.466748,
                        "y2": 361.154682
                    }
                },
                {
                    "category": "car",
                    "id": 20,
                    "attributes": {
                        "occluded": true,
                        "truncated": false,
                        "trafficLightColor": "none"
                    },
                    "box2d": {
                        "x1": 705.106079,
                        "y1": 310.090002,
                        "x2": 866.004111,
                        "y2": 431.314542
                    }
                },
                {
                    "category": "car",
                    "id": 21,
                    "attributes": {
                        "occluded": true,
                        "truncated": false,
                        "trafficLightColor": "none"
                    },
                    "box2d": {
                        "x1": 799.530971,
                        "y1": 321.796063,
                        "x2": 1140.061736,
                        "y2": 498.122673
                    }
                },
                {
                    "category": "car",
                    "id": 22,
                    "attributes": {
                        "occluded": false,
                        "truncated": true,
                        "trafficLightColor": "none"
                    },
                    "box2d": {
                        "x1": 1007.842608,
                        "y1": 330.655442,
                        "x2": 1277.842733,
                        "y2": 594.043316
                    }
                },
                {
                    "category": "car",
                    "id": 23,
                    "attributes": {
                        "occluded": false,
                        "truncated": false,
                        "trafficLightColor": "none"
                    },
                    "box2d": {
                        "x1": 603.718277,
                        "y1": 311.192045,
                        "x2": 685.269334,
                        "y2": 376.212482
                    }
                },
                {
                    "category": "car",
                    "id": 24,
                    "attributes": {
                        "occluded": false,
                        "truncated": false,
                        "trafficLightColor": "none"
                    },
                    "box2d": {
                        "x1": 444.48999,
                        "y1": 324.000145,
                        "x2": 457.714485,
                        "y2": 337.22464
                    }
                },
                {
                    "category": "car",
                    "id": 25,
                    "attributes": {
                        "occluded": false,
                        "truncated": false,
                        "trafficLightColor": "none"
                    },
                    "box2d": {
                        "x1": 464.326732,
                        "y1": 327.306268,
                        "x2": 477.551228,
                        "y2": 335.020558
                    }
                },
                {
                    "category": "car",
                    "id": 26,
                    "attributes": {
                        "occluded": false,
                        "truncated": false,
                        "trafficLightColor": "none"
                    },
                    "box2d": {
                        "x1": 496.285933,
                        "y1": 329.510352,
                        "x2": 506.204303,
                        "y2": 337.22464
                    }
                },
                {
                    "category": "car",
                    "id": 27,
                    "attributes": {
                        "occluded": false,
                        "truncated": false,
                        "trafficLightColor": "none"
                    },
                    "box2d": {
                        "x1": 481.959394,
                        "y1": 322.898103,
                        "x2": 499.592059,
                        "y2": 337.224645
                    }
                },
                {
                    "category": "car",
                    "id": 28,
                    "attributes": {
                        "occluded": false,
                        "truncated": false,
                        "trafficLightColor": "none"
                    },
                    "box2d": {
                        "x1": 513.918592,
                        "y1": 324.000145,
                        "x2": 530.449212,
                        "y2": 335.020558
                    }
                },
                {
                    "category": "area/drivable",
                    "id": 29,
                    "attributes": {},
                    "poly2d": [
                        [
                            233.130626,
                            648.90892,
                            "L"
                        ],
                        [
                            572.580881,
                            587.562488,
                            "C"
                        ],
                        [
                            868.407005,
                            591.652249,
                            "C"
                        ],
                        [
                            1149.237336,
                            598.46852,
                            "C"
                        ],
                        [
                            529.33864,
                            342.379064,
                            "L"
                        ],
                        [
                            505.781432,
                            342.176762,
                            "L"
                        ],
                        [
                            233.130626,
                            648.90892,
                            "L"
                        ]
                    ]
                },
                {
                    "category": "lane/single yellow",
                    "id": 30,
                    "attributes": {
                        "direction": "parallel",
                        "style": "dashed"
                    },
                    "poly2d": [
                        [
                            194.715261,
                            655.988138,
                            "L"
                        ],
                        [
                            482.271705,
                            356.450176,
                            "L"
                        ]
                    ]
                },
                {
                    "category": "lane/single yellow",
                    "id": 31,
                    "attributes": {
                        "direction": "parallel",
                        "style": "dashed"
                    },
                    "poly2d": [
                        [
                            226.166747,
                            652.992759,
                            "L"
                        ],
                        [
                            492.734136,
                            355.310097,
                            "L"
                        ]
                    ]
                }
            ]
        }
    ],
    "attributes": {
        "weather": "clear",
        "scene": "residential",
        "timeofday": "daytime"
    }
}