{
    "name": "0dc3d787-4982a6e6",
    "frames": [
        {
            "timestamp": 10000,
            "objects": [
                {
                    "category": "car",
                    "id": 0,
                    "attributes": {
                        "occluded": true,
                        "truncated": false,
                        "trafficLightColor": "none"
                    },
                    "box2d": {
                        "x1": 647.999555,
                        "y1": 319.949777,
                        "x2": 702.674532,
                        "y2": 367.199743
                    }
                },
                {
                    "category": "car",
                    "id": 1,
                    "attributes": {
                        "occluded": true,
                        "truncated": false,
                        "trafficLightColor": "none"
                    },
                    "box2d": {
                        "x1": 592.987108,
                        "y1": 308.474793,
                        "x2": 627.749568,
                        "y2": 341.887262
                    }
                },
                {
                    "category": "car",
                    "id": 2,
                    "attributes": {
                        "occluded": false,
                        "truncated": false,
                        "trafficLightColor": "none"
                    },
                    "box2d": {
                        "x1": 535.612147,
                        "y1": 320.287285,
                        "x2": 559.237131,
                        "y2": 345.262258
                    }
                },
                {
                    "category": "car",
                    "id": 3,
                    "attributes": {
                        "occluded": false,
                        "truncated": false,
                        "trafficLightColor": "none"
                    },
                    "box2d": {
                        "x1": 850.311911,
                        "y1": 264.599822,
                        "x2": 1248.074154,
                        "y2": 517.724647
                    }
                },
                {
                    "category": "car",
                    "id": 4,
                    "attributes": {
                        "occluded": true,
                        "truncated": false,
                        "trafficLightColor": "none"
                    },
                    "box2d": {
                        "x1": 698.624521,
                        "y1": 316.57478,
                        "x2": 796.499453,
                        "y2": 402.637221
                    }
                },
                {
                    "category": "car",
                    "id": 5,
                    "attributes": {
                        "occluded": true,
                        "truncated": false,
                        "trafficLightColor": "none"
                    },
                    "box2d": {
                        "x1": 744.861978,
                        "y1": 319.949777,
                        "x2": 905.174369,
                        "y2": 434.699698
                    }
                },
                {
                    "category": "car",
                    "id": 6,
                    "attributes": {
                        "occluded": false,
                        "truncated": false,
                        "trafficLightColor": "none"
                    },
                    "box2d": {
                        "x1": 597.374589,
                        "y1": 318.26228,
                        "x2": 635.512073,
                        "y2": 352.349764
                    }
                },
                {
                    "category": "car",
                    "id": 7,
                    "attributes": {
                        "occluded": false,
                        "truncated": false,
                        "trafficLightColor": "none"
                    },
                    "box2d": {
                        "x1": 562.612128,
                        "y1": 317.249782,
                        "x2": 586.237112,
                        "y2": 336.824767
                    }
                },
                {
                    "category": "car",
                    "id": 8,
                    "attributes": {
                        "occluded": false,
                        "truncated": false,
                        "trafficLightColor": "none"
                    },
                    "box2d": {
                        "x1": 457.987201,
                        "y1": 319.274782,
                        "x2": 498.487173,
                        "y2": 350.324757
                    }
                },
                {
                    "category": "car",
                    "id": 9,
                    "attributes": {
                        "occluded": true,
                        "truncated": false,
                        "trafficLightColor": "none"
                    },
                    "box2d": {
                        "x1": 491.737179,
                        "y1": 321.637274,
                        "x2": 510.299667,
                        "y2": 336.824764
                    }
                },
                {
                    "category": "traffic light",
                    "id": 10,
                    "attributes": {
                        "occluded": false,
                        "truncated": false,
                        "trafficLightColor": "green"
                    },
                    "box2d": {
                        "x1": 506.924667,
                        "y1": 281.474813,
                        "x2": 513.674662,
                        "y2": 296.324794
                    }
                },
                {
                    "category": "traffic light",
                    "id": 11,
                    "attributes": {
                        "occluded": false,
                        "truncated": false,
                        "trafficLightColor": "green"
                    },
                    "box2d": {
                        "x1": 568.012119,
                        "y1": 263.587327,
                        "x2": 576.449613,
                        "y2": 287.212309
                    }
                },
                {
                    "category": "traffic sign",
                    "id": 12,
                    "attributes": {
                        "occluded": false,
                        "truncated": false,
                        "trafficLightColor": "none"
                    },
                    "box2d": {
                        "x1": 333.449779,
                        "y1": 221.399855,
                        "x2": 346.949769,
                        "y2": 236.587347
                    }
                },
                {
                    "category": "bike",
                    "id": 13,
                    "attributes": {
                        "occluded": true,
                        "truncated": false,
                        "trafficLightColor": "none"
                    },
                    "box2d": {
                        "x1": 226.124845,
                        "y1": 344.924765,
                        "x2": 285.187305,
                        "y2": 383.737239
                    }
                },
                {
                    "category": "bike",
                    "id": 14,
                    "attributes": {
                        "occluded": true,
                        "truncated": false,
                        "trafficLightColor": "none"
                    },
                    "box2d": {
                        "x1": 227.812343,
                        "y1": 519.749643,
                        "x2": 236.249837,
                        "y2": 536.624631
                    }
                },
                {
                    "category": "bike",
                    "id": 15,
                    "attributes": {
                        "occluded": true,
                        "truncated": false,
                        "trafficLightColor": "none"
                    },
                    "box2d": {
                        "x1": 302.737307,
                        "y1": 335.812269,
                        "x2": 353.36227,
                        "y2": 369.562247
                    }
                },
                {
                    "category": "traffic sign",
                    "id": 16,
                    "attributes": {
                        "occluded": false,
                        "truncated": false,
                        "trafficLightColor": "none"
                    },
                    "box2d": {
                        "x1": 785.024481,
                        "y1": 263.249819,
                        "x2": 810.336963,
                        "y2": 288.562302
                    }
                },
                {
                    "category": "car",
                    "id": 17,
                    "attributes": {
                        "occluded": true,
                        "truncated": false,
                        "trafficLightColor": "none"
                    },
                    "box2d": {
                        "x1": 704.699525,
                        "y1": 327.03728,
                        "x2": 721.574512,
                        "y2": 347.287265
                    }
                },
                {
                    "category": "area/drivable",
                    "id": 18,
                    "attributes": {},
                    "poly2d": [
                        [
                            548.205189,
                            350.615873,
                            "L"
                        ],
                        [
                            0,
                            607.837077,
                            "L"
                        ],
                        [
                            420.756731,
                            562.274607,
                            "L"
                        ],
                        [
                            397.131748,
                            504.899648,
                            "C"
                        ],
                        [
                            493.319181,
                            525.149634,
                            "C"
                        ],
                        [
                            457.881706,
                            563.962107,
                            "C"
                        ],
                        [
                            577.694124,
                            572.399601,
                            "C"
                        ],
                        [
                            673.881557,
                            574.087101,
                            "C"
                        ],
                        [
                            793.693975,
                            597.712084,
                            "C"
                        ],
                        [
                            928.693883,
                            601.087082,
                            "C"
                        ],
                        [
                            1082.256278,
                            671.962034,
                            "C"
                        ],
                        [
                            1227.381177,
                            720.562004,
                            "C"
                        ],
                        [
                            1280.811619,
                            720.562004,
                            "L"
                        ],
                        [
                            1280.811619,
                            530.212129,
                            "L"
                        ],
                        [
                            953.588806,
                            525.667889,
                            "L"
                        ],
                        [
                            597.342597,
                            352.151417,
                            "L"
                        ],
                        [
                            548.205189,
                            350.615873,
                            "L"
                        ]
                    ]
                },
                {
                    "category": "lane/road curb",
                    "id": 19,
                    "attributes": {
                        "direction": "parallel",
                        "style": "solid"
                    },
                    "poly2d": [
                        [
                            69.874226,
                            434.218407,
                            "L"
                        ],
                        [
                            445.448193,
                            355.609902,
                            "L"
                        ]
                    ]
                },
                {
                    "category": "lane/road curb",
                    "id": 20,
                    "attributes": {
                        "direction": "parallel",
                        "style": "solid"
                    },
                    "poly2d": [
                        [
                            1229.037732,
                            504.092633,
                            "L"
                        ],
                        [
                            1280.195648,
                            520.313436,
                            "L"
                        ]
                    ]
                }
            ]
        }
    ],
    "attributes": {
        "weather": "undefined",
        "scene": "city street",
        "timeofday": "dawn/dusk"
    }
}