{
    "name": "0ddfea57-b0fe6132",
    "frames": [
        {
            "timestamp": 10000,
            "objects": [
                {
                    "category": "traffic light",
                    "id": 0,
                    "attributes": {
                        "occluded": false,
                        "truncated": false,
                        "trafficLightColor": "yellow"
                    },
                    "box2d": {
                        "x1": 162.848669,
                        "y1": 132.311416,
                        "x2": 185.91307,
                        "y2": 152.080901
                    }
                },
                {
                    "category": "traffic light",
                    "id": 1,
                    "attributes": {
                        "occluded": false,
                        "truncated": false,
                        "trafficLightColor": "yellow"
                    },
                    "box2d": {
                        "x1": 934.956997,
                        "y1": 48.840245,
                        "x2": 962.414618,
                        "y2": 82.887697
                    }
                },
                {
                    "category": "traffic light",
                    "id": 2,
                    "attributes": {
                        "occluded": true,
                        "truncated": false,
                        "trafficLightColor": "none"
                    },
                    "box2d": {
                        "x1": 929.465471,
                        "y1": 203.701233,
                        "x2": 949.234958,
                        "y2": 250.928341
                    }
                },
                {
                    "category": "traffic sign",
                    "id": 3,
                    "attributes": {
                        "occluded": true,
                        "truncated": false,
                        "trafficLightColor": "none"
                    },
                    "box2d": {
                        "x1": 951.431571,
                        "y1": 193.816489,
                        "x2": 1003.0519,
                        "y2": 305.843586
                    }
                },
                {
                    "category": "traffic sign",
                    "id": 4,
                    "attributes": {
                        "occluded": false,
                        "truncated": false,
                        "trafficLightColor": "none"
                    },
                    "box2d": {
                        "x1": 127.702912,
                        "y1": 224.569025,
                        "x2": 170.536804,
                        "y2": 305.843586
                    }
                },
                {
                    "category": "traffic sign",
                    "id": 5,
                    "attributes": {
                        "occluded": false,
                        "truncated": false,
                        "trafficLightColor": "none"
                    },
                    "box2d": {
                        "x1": 874.550227,
                        "y1": 145.491074,
                        "x2": 921.777337,
                        "y2": 160.867341
                    }
                },
                {
                    "category": "traffic sign",
                    "id": 6,
                    "attributes": {
                        "occluded": false,
                        "truncated": false,
                        "trafficLightColor": "none"
                    },
                    "box2d": {
                        "x1": 837.207863,
                        "y1": 214.684282,
                        "x2": 852.584131,
                        "y2": 238.84699
                    }
                },
                {
                    "category": "traffic sign",
                    "id": 7,
                    "attributes": {
                        "occluded": false,
                        "truncated": false,
                        "trafficLightColor": "none"
                    },
                    "box2d": {
                        "x1": 592.285874,
                        "y1": 335.497817,
                        "x2": 604.367228,
                        "y2": 350.874085
                    }
                },
                {
                    "category": "traffic sign",
                    "id": 8,
                    "attributes": {
                        "occluded": false,
                        "truncated": false,
                        "trafficLightColor": "none"
                    },
                    "box2d": {
                        "x1": 654.889254,
                        "y1": 301.450367,
                        "x2": 679.051961,
                        "y2": 308.040196
                    }
                },
                {
                    "category": "traffic sign",
                    "id": 9,
                    "attributes": {
                        "occluded": false,
                        "truncated": false,
                        "trafficLightColor": "none"
                    },
                    "box2d": {
                        "x1": 267.187632,
                        "y1": 280.582575,
                        "x2": 284.760509,
                        "y2": 297.057147
                    }
                },
                {
                    "category": "car",
                    "id": 10,
                    "attributes": {
                        "occluded": false,
                        "truncated": true,
                        "trafficLightColor": "none"
                    },
                    "box2d": {
                        "x1": 1124.963741,
                        "y1": 499.145244,
                        "x2": 1277.412622,
                        "y2": 711.118085
                    }
                },
                {
                    "category": "car",
                    "id": 11,
                    "attributes": {
                        "occluded": true,
                        "truncated": false,
                        "trafficLightColor": "none"
                    },
                    "box2d": {
                        "x1": 752.638388,
                        "y1": 375.036793,
                        "x2": 1260.055239,
                        "y2": 644.121487
                    }
                },
                {
                    "category": "car",
                    "id": 12,
                    "attributes": {
                        "occluded": true,
                        "truncated": false,
                        "trafficLightColor": "none"
                    },
                    "box2d": {
                        "x1": 675.757046,
                        "y1": 342.087648,
                        "x2": 874.550228,
                        "y2": 481.572366
                    }
                },
                {
                    "category": "car",
                    "id": 13,
                    "attributes": {
                        "occluded": true,
                        "truncated": false,
                        "trafficLightColor": "none"
                    },
                    "box2d": {
                        "x1": 632.923156,
                        "y1": 356.36561,
                        "x2": 717.492631,
                        "y2": 439.836781
                    }
                },
                {
                    "category": "car",
                    "id": 14,
                    "attributes": {
                        "occluded": true,
                        "truncated": false,
                        "trafficLightColor": "none"
                    },
                    "box2d": {
                        "x1": 606.563839,
                        "y1": 370.643574,
                        "x2": 657.085863,
                        "y2": 414.575769
                    }
                },
                {
                    "category": "car",
                    "id": 15,
                    "attributes": {
                        "occluded": true,
                        "truncated": false,
                        "trafficLightColor": "none"
                    },
                    "box2d": {
                        "x1": 609.858753,
                        "y1": 345.382563,
                        "x2": 668.068912,
                        "y2": 394.806282
                    }
                },
                {
                    "category": "person",
                    "id": 16,
                    "attributes": {
                        "occluded": true,
                        "truncated": false,
                        "trafficLightColor": "none"
                    },
                    "box2d": {
                        "x1": 559.336729,
                        "y1": 369.545269,
                        "x2": 579.107356,
                        "y2": 398.101195
                    }
                },
                {
                    "category": "car",
                    "id": 17,
                    "attributes": {
                        "occluded": true,
                        "truncated": false,
                        "trafficLightColor": "none"
                    },
                    "box2d": {
                        "x1": 556.041814,
                        "y1": 365.152049,
                        "x2": 605.465534,
                        "y2": 400.297805
                    }
                },
                {
                    "category": "car",
                    "id": 18,
                    "attributes": {
                        "occluded": true,
                        "truncated": false,
                        "trafficLightColor": "none"
                    },
                    "box2d": {
                        "x1": 562.631643,
                        "y1": 359.660525,
                        "x2": 587.892655,
                        "y2": 367.348659
                    }
                },
                {
                    "category": "car",
                    "id": 19,
                    "attributes": {
                        "occluded": true,
                        "truncated": false,
                        "trafficLightColor": "none"
                    },
                    "box2d": {
                        "x1": 545.058765,
                        "y1": 355.267305,
                        "x2": 573.614692,
                        "y2": 364.053744
                    }
                },
                {
                    "category": "car",
                    "id": 20,
                    "attributes": {
                        "occluded": true,
                        "truncated": false,
                        "trafficLightColor": "none"
                    },
                    "box2d": {
                        "x1": 375.919815,
                        "y1": 359.660525,
                        "x2": 445.113022,
                        "y2": 397.002892
                    }
                },
                {
                    "category": "car",
                    "id": 21,
                    "attributes": {
                        "occluded": true,
                        "truncated": false,
                        "trafficLightColor": "none"
                    },
                    "box2d": {
                        "x1": 436.326583,
                        "y1": 358.56222,
                        "x2": 457.194374,
                        "y2": 392.609672
                    }
                },
                {
                    "category": "car",
                    "id": 22,
                    "attributes": {
                        "occluded": true,
                        "truncated": false,
                        "trafficLightColor": "none"
                    },
                    "box2d": {
                        "x1": 447.309631,
                        "y1": 356.36561,
                        "x2": 476.963861,
                        "y2": 378.331708
                    }
                },
                {
                    "category": "car",
                    "id": 23,
                    "attributes": {
                        "occluded": true,
                        "truncated": false,
                        "trafficLightColor": "none"
                    },
                    "box2d": {
                        "x1": 458.292678,
                        "y1": 350.874086,
                        "x2": 485.7503,
                        "y2": 378.331708
                    }
                },
                {
                    "category": "car",
                    "id": 24,
                    "attributes": {
                        "occluded": true,
                        "truncated": false,
                        "trafficLightColor": "none"
                    },
                    "box2d": {
                        "x1": 480.258778,
                        "y1": 358.56222,
                        "x2": 491.241827,
                        "y2": 378.331708
                    }
                },
                {
                    "category": "car",
                    "id": 25,
                    "attributes": {
                        "occluded": true,
                        "truncated": false,
                        "trafficLightColor": "none"
                    },
                    "box2d": {
                        "x1": 489.045217,
                        "y1": 354.169001,
                        "x2": 511.323145,
                        "y2": 373.938487
                    }
                },
                {
                    "category": "car",
                    "id": 26,
                    "attributes": {
                        "occluded": false,
                        "truncated": false,
                        "trafficLightColor": "none"
                    },
                    "box2d": {
                        "x1": 517.601144,
                        "y1": 355.267305,
                        "x2": 539.56724,
                        "y2": 373.452635
                    }
                },
                {
                    "category": "traffic sign",
                    "id": 27,
                    "attributes": {
                        "occluded": false,
                        "truncated": false,
                        "trafficLightColor": "none"
                    },
                    "box2d": {
                        "x1": 360.543546,
                        "y1": 306.941891,
                        "x2": 367.133376,
                        "y2": 324.514769
                    }
                },
                {
                    "category": "traffic sign",
                    "id": 28,
                    "attributes": {
                        "occluded": false,
                        "truncated": false,
                        "trafficLightColor": "none"
                    },
                    "box2d": {
                        "x1": 377.018119,
                        "y1": 309.138501,
                        "x2": 382.509644,
                        "y2": 326.711379
                    }
                },
                {
                    "category": "traffic sign",
                    "id": 29,
                    "attributes": {
                        "occluded": false,
                        "truncated": false,
                        "trafficLightColor": "none"
                    },
                    "box2d": {
                        "x1": 722.984155,
                        "y1": 298.155452,
                        "x2": 755.933302,
                        "y2": 310.236806
                    }
                },
                {
                    "category": "area/drivable",
                    "id": 30,
                    "attributes": {},
                    "poly2d": [
                        [
                            0,
                            534.295623,
                            "L"
                        ],
                        [
                            1.397852,
                            649.618633,
                            "L"
                        ],
                        [
                            200.191035,
                            628.750661,
                            "C"
                        ],
                        [
                            438.523193,
                            600.194487,
                            "C"
                        ],
                        [
                            833.613418,
                            647.422005,
                            "C"
                        ],
                        [
                            560.135503,
                            399.202955,
                            "L"
                        ],
                        [
                            542.562625,
                            371.745096,
                            "L"
                        ],
                        [
                            520.896059,
                            372.843409,
                            "L"
                        ],
                        [
                            443.715186,
                            402.497898,
                            "L"
                        ],
                        [
                            0,
                            534.295623,
                            "L"
                        ]
                    ]
                }
            ]
        }
    ],
    "attributes": {
        "weather": "snowy",
        "scene": "residential",
        "timeofday": "daytime"
    }
}