{
    "name": "0dffa115-18743b1b",
    "frames": [
        {
            "timestamp": 10000,
            "objects": [
                {
                    "category": "car",
                    "id": 0,
                    "attributes": {
                        "occluded": true,
                        "truncated": false,
                        "trafficLightColor": "none"
                    },
                    "box2d": {
                        "x1": 395.999885,
                        "y1": 383.657033,
                        "x2": 426.857021,
                        "y2": 404.228455
                    }
                },
                {
                    "category": "car",
                    "id": 1,
                    "attributes": {
                        "occluded": true,
                        "truncated": false,
                        "trafficLightColor": "none"
                    },
                    "box2d": {
                        "x1": 251.999927,
                        "y1": 388.799888,
                        "x2": 300.857053,
                        "y2": 411.942739
                    }
                },
                {
                    "category": "bus",
                    "id": 2,
                    "attributes": {
                        "occluded": true,
                        "truncated": false,
                        "trafficLightColor": "none"
                    },
                    "box2d": {
                        "x1": 64.285697,
                        "y1": 350.228472,
                        "x2": 215.99994,
                        "y2": 424.799877
                    }
                },
                {
                    "category": "car",
                    "id": 3,
                    "attributes": {
                        "occluded": true,
                        "truncated": false,
                        "trafficLightColor": "none"
                    },
                    "box2d": {
                        "x1": 516.856997,
                        "y1": 388.799888,
                        "x2": 542.571276,
                        "y2": 409.371313
                    }
                },
                {
                    "category": "car",
                    "id": 4,
                    "attributes": {
                        "occluded": true,
                        "truncated": false,
                        "trafficLightColor": "none"
                    },
                    "box2d": {
                        "x1": 732.856931,
                        "y1": 368.228467,
                        "x2": 776.571207,
                        "y2": 383.657031
                    }
                },
                {
                    "category": "car",
                    "id": 5,
                    "attributes": {
                        "occluded": true,
                        "truncated": false,
                        "trafficLightColor": "none"
                    },
                    "box2d": {
                        "x1": 809.999768,
                        "y1": 370.799894,
                        "x2": 843.42833,
                        "y2": 391.37132
                    }
                },
                {
                    "category": "car",
                    "id": 6,
                    "attributes": {
                        "occluded": true,
                        "truncated": false,
                        "trafficLightColor": "none"
                    },
                    "box2d": {
                        "x1": 833.142617,
                        "y1": 357.942755,
                        "x2": 920.571166,
                        "y2": 393.942746
                    }
                },
                {
                    "category": "car",
                    "id": 7,
                    "attributes": {
                        "occluded": true,
                        "truncated": false,
                        "trafficLightColor": "none"
                    },
                    "box2d": {
                        "x1": 907.714026,
                        "y1": 350.228472,
                        "x2": 1074.856837,
                        "y2": 399.085598
                    }
                },
                {
                    "category": "car",
                    "id": 8,
                    "attributes": {
                        "occluded": false,
                        "truncated": false,
                        "trafficLightColor": "none"
                    },
                    "box2d": {
                        "x1": 527.142707,
                        "y1": 396.514172,
                        "x2": 614.571254,
                        "y2": 465.942723
                    }
                },
                {
                    "category": "traffic sign",
                    "id": 9,
                    "attributes": {
                        "occluded": false,
                        "truncated": false,
                        "trafficLightColor": "none"
                    },
                    "box2d": {
                        "x1": 719.999793,
                        "y1": 239.65707,
                        "x2": 799.71406,
                        "y2": 311.657051
                    }
                },
                {
                    "category": "traffic sign",
                    "id": 10,
                    "attributes": {
                        "occluded": false,
                        "truncated": false,
                        "trafficLightColor": "none"
                    },
                    "box2d": {
                        "x1": 809.999768,
                        "y1": 237.085646,
                        "x2": 899.999743,
                        "y2": 311.657047
                    }
                },
                {
                    "category": "traffic sign",
                    "id": 11,
                    "attributes": {
                        "occluded": false,
                        "truncated": false,
                        "trafficLightColor": "none"
                    },
                    "box2d": {
                        "x1": 645.428385,
                        "y1": 352.799901,
                        "x2": 673.714092,
                        "y2": 373.371326
                    }
                },
                {
                    "category": "traffic light",
                    "id": 12,
                    "attributes": {
                        "occluded": false,
                        "truncated": false,
                        "trafficLightColor": "green"
                    },
                    "box2d": {
                        "x1": 678.85695,
                        "y1": 316.799909,
                        "x2": 689.14266,
                        "y2": 339.94276
                    }
                },
                {
                    "category": "car",
                    "id": 13,
                    "attributes": {
                        "occluded": true,
                        "truncated": false,
                        "trafficLightColor": "none"
                    },
                    "box2d": {
                        "x1": 686.571232,
                        "y1": 341.999902,
                        "x2": 694.285513,
                        "y2": 365.142755
                    }
                },
                {
                    "category": "car",
                    "id": 14,
                    "attributes": {
                        "occluded": true,
                        "truncated": false,
                        "trafficLightColor": "none"
                    },
                    "box2d": {
                        "x1": 722.571222,
                        "y1": 318.857053,
                        "x2": 730.285506,
                        "y2": 344.571329
                    }
                },
                {
                    "category": "traffic light",
                    "id": 15,
                    "attributes": {
                        "occluded": false,
                        "truncated": false,
                        "trafficLightColor": "none"
                    },
                    "box2d": {
                        "x1": 765.303124,
                        "y1": 323.92166,
                        "x2": 775.881117,
                        "y2": 343.902314
                    }
                },
                {
                    "category": "traffic light",
                    "id": 16,
                    "attributes": {
                        "occluded": false,
                        "truncated": false,
                        "trafficLightColor": "none"
                    },
                    "box2d": {
                        "x1": 733.099015,
                        "y1": 319.22033,
                        "x2": 743.677008,
                        "y2": 338.025651
                    }
                },
                {
                    "category": "area/drivable",
                    "id": 17,
                    "attributes": {},
                    "poly2d": [
                        [
                            491.631683,
                            467.437179,
                            "L"
                        ],
                        [
                            662.069066,
                            475.874674,
                            "L"
                        ],
                        [
                            986.068843,
                            720.562006,
                            "L"
                        ],
                        [
                            382.494525,
                            720.702495,
                            "L"
                        ],
                        [
                            456.777458,
                            627.453708,
                            "C"
                        ],
                        [
                            436.231115,
                            629.034195,
                            "C"
                        ],
                        [
                            339.821351,
                            600.585413,
                            "C"
                        ],
                        [
                            491.631683,
                            467.437179,
                            "L"
                        ]
                    ]
                },
                {
                    "category": "area/alternative",
                    "id": 18,
                    "attributes": {},
                    "poly2d": [
                        [
                            248.631851,
                            482.624667,
                            "L"
                        ],
                        [
                            496.69418,
                            410.062217,
                            "L"
                        ],
                        [
                            520.319164,
                            411.749717,
                            "L"
                        ],
                        [
                            498.381678,
                            448.874691,
                            "C"
                        ],
                        [
                            410.631738,
                            528.187138,
                            "C"
                        ],
                        [
                            321.1943,
                            593.999592,
                            "C"
                        ],
                        [
                            267.194337,
                            593.999592,
                            "L"
                        ],
                        [
                            248.631851,
                            482.624667,
                            "L"
                        ]
                    ]
                },
                {
                    "category": "area/alternative",
                    "id": 19,
                    "attributes": {},
                    "poly2d": [
                        [
                            216.569372,
                            448.874691,
                            "L"
                        ],
                        [
                            468.0067,
                            404.999722,
                            "L"
                        ],
                        [
                            476.444195,
                            410.062217,
                            "L"
                        ],
                        [
                            245.256853,
                            475.874674,
                            "L"
                        ],
                        [
                            216.569372,
                            448.874691,
                            "L"
                        ]
                    ]
                },
                {
                    "category": "lane/single white",
                    "id": 20,
                    "attributes": {
                        "direction": "parallel",
                        "style": "solid"
                    },
                    "poly2d": [
                        [
                            984.47794,
                            717.458575,
                            "C"
                        ],
                        [
                            860.950289,
                            623.877021,
                            "C"
                        ],
                        [
                            738.670393,
                            526.552206,
                            "C"
                        ],
                        [
                            610.151727,
                            436.713915,
                            "L"
                        ]
                    ]
                },
                {
                    "category": "lane/single white",
                    "id": 21,
                    "attributes": {
                        "direction": "parallel",
                        "style": "solid"
                    },
                    "poly2d": [
                        [
                            1016.919545,
                            716.210821,
                            "C"
                        ],
                        [
                            883.409862,
                            621.381513,
                            "C"
                        ],
                        [
                            749.90018,
                            521.56119,
                            "C"
                        ],
                        [
                            611.399481,
                            432.970653,
                            "L"
                        ]
                    ]
                },
                {
                    "category": "lane/single white",
                    "id": 22,
                    "attributes": {
                        "direction": "parallel",
                        "style": "solid"
                    },
                    "poly2d": [
                        [
                            1179.12757,
                            718.706329,
                            "L"
                        ],
                        [
                            627.620283,
                            435.466161,
                            "L"
                        ]
                    ]
                },
                {
                    "category": "lane/single white",
                    "id": 23,
                    "attributes": {
                        "direction": "parallel",
                        "style": "solid"
                    },
                    "poly2d": [
                        [
                            1214.064684,
                            719.954083,
                            "L"
                        ],
                        [
                            630.115792,
                            432.970653,
                            "L"
                        ]
                    ]
                },
                {
                    "category": "lane/single white",
                    "id": 24,
                    "attributes": {
                        "direction": "parallel",
                        "style": "dashed"
                    },
                    "poly2d": [
                        [
                            340.636854,
                            602.665203,
                            "C"
                        ],
                        [
                            413.006588,
                            531.543222,
                            "C"
                        ],
                        [
                            522.808944,
                            446.695947,
                            "C"
                        ],
                        [
                            524.056698,
                            414.254342,
                            "L"
                        ]
                    ]
                },
                {
                    "category": "lane/single white",
                    "id": 25,
                    "attributes": {
                        "direction": "parallel",
                        "style": "dashed"
                    },
                    "poly2d": [
                        [
                            323.168297,
                            597.674186,
                            "C"
                        ],
                        [
                            406.767818,
                            526.552206,
                            "C"
                        ],
                        [
                            516.570174,
                            437.961669,
                            "C"
                        ],
                        [
                            520.313436,
                            416.74985,
                            "L"
                        ]
                    ]
                },
                {
                    "category": "lane/single white",
                    "id": 26,
                    "attributes": {
                        "direction": "parallel",
                        "style": "dashed"
                    },
                    "poly2d": [
                        [
                            243.312038,
                            484.128569,
                            "C"
                        ],
                        [
                            359.353164,
                            450.439209,
                            "C"
                        ],
                        [
                            455.430226,
                            429.227391,
                            "C"
                        ],
                        [
                            485.376323,
                            409.263326,
                            "L"
                        ]
                    ]
                },
                {
                    "category": "lane/single white",
                    "id": 27,
                    "attributes": {
                        "direction": "parallel",
                        "style": "dashed"
                    },
                    "poly2d": [
                        [
                            239.568776,
                            477.889798,
                            "C"
                        ],
                        [
                            346.875624,
                            447.943701,
                            "C"
                        ],
                        [
                            437.961669,
                            426.731883,
                            "C"
                        ],
                        [
                            477.889798,
                            410.51108,
                            "L"
                        ]
                    ]
                },
                {
                    "category": "lane/road curb",
                    "id": 28,
                    "attributes": {
                        "direction": "parallel",
                        "style": "solid"
                    },
                    "poly2d": [
                        [
                            1276.452386,
                            568.975843,
                            "C"
                        ],
                        [
                            1095.52805,
                            526.552206,
                            "C"
                        ],
                        [
                            864.693552,
                            465.412258,
                            "C"
                        ],
                        [
                            734.927131,
                            442.952685,
                            "L"
                        ]
                    ]
                },
                {
                    "category": "lane/road curb",
                    "id": 29,
                    "attributes": {
                        "direction": "parallel",
                        "style": "solid"
                    },
                    "poly2d": [
                        [
                            205.879417,
                            446.695947,
                            "C"
                        ],
                        [
                            260.780595,
                            441.704931,
                            "C"
                        ],
                        [
                            350.618886,
                            427.979637,
                            "C"
                        ],
                        [
                            420.493112,
                            415.502096,
                            "L"
                        ]
                    ]
                }
            ]
        }
    ],
    "attributes": {
        "weather": "overcast",
        "scene": "highway",
        "timeofday": "dawn/dusk"
    }
}