{
    "name": "0e1c42db-f6a14072",
    "frames": [
        {
            "timestamp": 10000,
            "objects": [
                {
                    "category": "traffic light",
                    "id": 0,
                    "attributes": {
                        "occluded": false,
                        "truncated": false,
                        "trafficLightColor": "green"
                    },
                    "box2d": {
                        "x1": 441.704931,
                        "y1": 49.034577,
                        "x2": 458.111176,
                        "y2": 154.721501
                    }
                },
                {
                    "category": "traffic light",
                    "id": 1,
                    "attributes": {
                        "occluded": false,
                        "truncated": false,
                        "trafficLightColor": "green"
                    },
                    "box2d": {
                        "x1": 339.536632,
                        "y1": 337.669988,
                        "x2": 353.578354,
                        "y2": 367.313624
                    }
                },
                {
                    "category": "traffic light",
                    "id": 2,
                    "attributes": {
                        "occluded": false,
                        "truncated": false,
                        "trafficLightColor": "green"
                    },
                    "box2d": {
                        "x1": 111.748686,
                        "y1": 328.30884,
                        "x2": 121.109834,
                        "y2": 357.952477
                    }
                },
                {
                    "category": "traffic light",
                    "id": 3,
                    "attributes": {
                        "occluded": false,
                        "truncated": false,
                        "trafficLightColor": "green"
                    },
                    "box2d": {
                        "x1": 172.245131,
                        "y1": 376.006128,
                        "x2": 181.60628,
                        "y2": 397.848807
                    }
                },
                {
                    "category": "traffic light",
                    "id": 4,
                    "attributes": {
                        "occluded": false,
                        "truncated": false,
                        "trafficLightColor": "none"
                    },
                    "box2d": {
                        "x1": 420.666584,
                        "y1": 58.172848,
                        "x2": 436.268498,
                        "y2": 159.58529
                    }
                },
                {
                    "category": "traffic light",
                    "id": 5,
                    "attributes": {
                        "occluded": false,
                        "truncated": false,
                        "trafficLightColor": "none"
                    },
                    "box2d": {
                        "x1": 473.713091,
                        "y1": 64.413615,
                        "x2": 501.796537,
                        "y2": 154.904715
                    }
                },
                {
                    "category": "traffic light",
                    "id": 6,
                    "attributes": {
                        "occluded": false,
                        "truncated": false,
                        "trafficLightColor": "none"
                    },
                    "box2d": {
                        "x1": 327.640195,
                        "y1": 337.521411,
                        "x2": 337.001343,
                        "y2": 367.165048
                    }
                },
                {
                    "category": "traffic light",
                    "id": 7,
                    "attributes": {
                        "occluded": false,
                        "truncated": false,
                        "trafficLightColor": "none"
                    },
                    "box2d": {
                        "x1": 461.816656,
                        "y1": 417.091173,
                        "x2": 475.858379,
                        "y2": 429.572704
                    }
                },
                {
                    "category": "traffic light",
                    "id": 8,
                    "attributes": {
                        "occluded": false,
                        "truncated": false,
                        "trafficLightColor": "none"
                    },
                    "box2d": {
                        "x1": 98.292058,
                        "y1": 332.840838,
                        "x2": 109.213397,
                        "y2": 360.924283
                    }
                },
                {
                    "category": "traffic light",
                    "id": 9,
                    "attributes": {
                        "occluded": false,
                        "truncated": false,
                        "trafficLightColor": "green"
                    },
                    "box2d": {
                        "x1": 639.678476,
                        "y1": 360.924281,
                        "x2": 663.081347,
                        "y2": 384.327152
                    }
                },
                {
                    "category": "traffic sign",
                    "id": 10,
                    "attributes": {
                        "occluded": false,
                        "truncated": false,
                        "trafficLightColor": "none"
                    },
                    "box2d": {
                        "x1": 8.191005,
                        "y1": 333.100865,
                        "x2": 67.478275,
                        "y2": 345.582395
                    }
                },
                {
                    "category": "traffic sign",
                    "id": 11,
                    "attributes": {
                        "occluded": false,
                        "truncated": false,
                        "trafficLightColor": "none"
                    },
                    "box2d": {
                        "x1": 37.834641,
                        "y1": 409.550245,
                        "x2": 51.876364,
                        "y2": 440.754073
                    }
                },
                {
                    "category": "traffic sign",
                    "id": 12,
                    "attributes": {
                        "occluded": false,
                        "truncated": false,
                        "trafficLightColor": "none"
                    },
                    "box2d": {
                        "x1": 457.526129,
                        "y1": 392.388138,
                        "x2": 476.248425,
                        "y2": 400.189095
                    }
                },
                {
                    "category": "traffic sign",
                    "id": 13,
                    "attributes": {
                        "occluded": false,
                        "truncated": false,
                        "trafficLightColor": "none"
                    },
                    "box2d": {
                        "x1": 553.86795,
                        "y1": 394.728425,
                        "x2": 569.469862,
                        "y2": 407.209957
                    }
                },
                {
                    "category": "car",
                    "id": 14,
                    "attributes": {
                        "occluded": true,
                        "truncated": false,
                        "trafficLightColor": "none"
                    },
                    "box2d": {
                        "x1": 385.757326,
                        "y1": 448.555028,
                        "x2": 401.35924,
                        "y2": 468.837516
                    }
                },
                {
                    "category": "person",
                    "id": 15,
                    "attributes": {
                        "occluded": false,
                        "truncated": false,
                        "trafficLightColor": "none"
                    },
                    "box2d": {
                        "x1": 429.442684,
                        "y1": 446.994837,
                        "x2": 446.604789,
                        "y2": 482.879241
                    }
                },
                {
                    "category": "car",
                    "id": 16,
                    "attributes": {
                        "occluded": true,
                        "truncated": false,
                        "trafficLightColor": "none"
                    },
                    "box2d": {
                        "x1": 312.428329,
                        "y1": 448.555028,
                        "x2": 335.831198,
                        "y2": 470.397708
                    }
                },
                {
                    "category": "car",
                    "id": 17,
                    "attributes": {
                        "occluded": true,
                        "truncated": false,
                        "trafficLightColor": "none"
                    },
                    "box2d": {
                        "x1": 262.502205,
                        "y1": 448.555028,
                        "x2": 285.905073,
                        "y2": 475.078283
                    }
                },
                {
                    "category": "car",
                    "id": 18,
                    "attributes": {
                        "occluded": true,
                        "truncated": false,
                        "trafficLightColor": "none"
                    },
                    "box2d": {
                        "x1": 15.991962,
                        "y1": 446.994837,
                        "x2": 133.006317,
                        "y2": 498.481154
                    }
                },
                {
                    "category": "car",
                    "id": 19,
                    "attributes": {
                        "occluded": false,
                        "truncated": false,
                        "trafficLightColor": "none"
                    },
                    "box2d": {
                        "x1": 399.799047,
                        "y1": 446.994837,
                        "x2": 427.882493,
                        "y2": 475.078284
                    }
                },
                {
                    "category": "car",
                    "id": 20,
                    "attributes": {
                        "occluded": false,
                        "truncated": false,
                        "trafficLightColor": "none"
                    },
                    "box2d": {
                        "x1": 331.150626,
                        "y1": 437.633688,
                        "x2": 385.757326,
                        "y2": 487.559814
                    }
                },
                {
                    "category": "car",
                    "id": 21,
                    "attributes": {
                        "occluded": false,
                        "truncated": false,
                        "trafficLightColor": "none"
                    },
                    "box2d": {
                        "x1": 282.784693,
                        "y1": 451.675412,
                        "x2": 317.108904,
                        "y2": 478.198665
                    }
                },
                {
                    "category": "car",
                    "id": 22,
                    "attributes": {
                        "occluded": false,
                        "truncated": false,
                        "trafficLightColor": "none"
                    },
                    "box2d": {
                        "x1": 98.682106,
                        "y1": 442.314263,
                        "x2": 235.97895,
                        "y2": 520.323833
                    }
                },
                {
                    "category": "car",
                    "id": 23,
                    "attributes": {
                        "occluded": false,
                        "truncated": true,
                        "trafficLightColor": "none"
                    },
                    "box2d": {
                        "x1": 696.246756,
                        "y1": 247.0553,
                        "x2": 1277.70014,
                        "y2": 658.814135
                    }
                },
                {
                    "category": "area/drivable",
                    "id": 24,
                    "attributes": {},
                    "poly2d": [
                        [
                            317.819303,
                            491.062162,
                            "L"
                        ],
                        [
                            397.131748,
                            491.062162,
                            "L"
                        ],
                        [
                            398.819247,
                            480.937169,
                            "L"
                        ],
                        [
                            437.63172,
                            480.937169,
                            "L"
                        ],
                        [
                            493.319181,
                            524.812138,
                            "C"
                        ],
                        [
                            577.694124,
                            529.874637,
                            "C"
                        ],
                        [
                            692.444046,
                            533.249633,
                            "C"
                        ],
                        [
                            695.819042,
                            617.624575,
                            "L"
                        ],
                        [
                            501.187155,
                            634.499565,
                            "C"
                        ],
                        [
                            290.819322,
                            664.874543,
                            "C"
                        ],
                        [
                            95.069456,
                            664.874543,
                            "C"
                        ],
                        [
                            317.819303,
                            491.062162,
                            "L"
                        ]
                    ]
                },
                {
                    "category": "lane/single white",
                    "id": 25,
                    "attributes": {
                        "direction": "parallel",
                        "style": "solid"
                    },
                    "poly2d": [
                        [
                            1.280633,
                            525.059421,
                            "L"
                        ],
                        [
                            87.083026,
                            505.84993,
                            "L"
                        ]
                    ]
                },
                {
                    "category": "lane/double yellow",
                    "id": 26,
                    "attributes": {
                        "direction": "parallel",
                        "style": "dashed"
                    },
                    "poly2d": [
                        [
                            99.889353,
                            660.806491,
                            "L"
                        ],
                        [
                            329.122613,
                            484.079174,
                            "L"
                        ]
                    ]
                },
                {
                    "category": "lane/double yellow",
                    "id": 27,
                    "attributes": {
                        "direction": "parallel",
                        "style": "dashed"
                    },
                    "poly2d": [
                        [
                            26.893287,
                            663.367757,
                            "L"
                        ],
                        [
                            308.632489,
                            485.359807,
                            "L"
                        ]
                    ]
                },
                {
                    "category": "lane/road curb",
                    "id": 28,
                    "attributes": {
                        "direction": "parallel",
                        "style": "solid"
                    },
                    "poly2d": [
                        [
                            704.348004,
                            531.462585,
                            "C"
                        ],
                        [
                            668.490288,
                            532.743218,
                            "C"
                        ],
                        [
                            604.458651,
                            531.462585,
                            "C"
                        ],
                        [
                            544.268912,
                            509.691829,
                            "L"
                        ]
                    ]
                }
            ]
        }
    ],
    "attributes": {
        "weather": "clear",
        "scene": "residential",
        "timeofday": "daytime"
    }
}