{
    "name": "0e4066b2-9b16405b",
    "frames": [
        {
            "timestamp": 10000,
            "objects": [
                {
                    "category": "traffic light",
                    "id": 0,
                    "attributes": {
                        "occluded": false,
                        "truncated": false,
                        "trafficLightColor": "green"
                    },
                    "box2d": {
                        "x1": 679.812659,
                        "y1": 212.480783,
                        "x2": 690.090605,
                        "y2": 231.568395
                    }
                },
                {
                    "category": "traffic light",
                    "id": 1,
                    "attributes": {
                        "occluded": false,
                        "truncated": false,
                        "trafficLightColor": "green"
                    },
                    "box2d": {
                        "x1": 532.984873,
                        "y1": 205.139394,
                        "x2": 543.262819,
                        "y2": 224.227006
                    }
                },
                {
                    "category": "traffic light",
                    "id": 2,
                    "attributes": {
                        "occluded": false,
                        "truncated": false,
                        "trafficLightColor": "none"
                    },
                    "box2d": {
                        "x1": 543.262807,
                        "y1": 206.660108,
                        "x2": 552.072474,
                        "y2": 224.279443
                    }
                },
                {
                    "category": "traffic light",
                    "id": 3,
                    "attributes": {
                        "occluded": false,
                        "truncated": false,
                        "trafficLightColor": "none"
                    },
                    "box2d": {
                        "x1": 690.090593,
                        "y1": 214.001498,
                        "x2": 697.431982,
                        "y2": 233.089111
                    }
                },
                {
                    "category": "car",
                    "id": 4,
                    "attributes": {
                        "occluded": true,
                        "truncated": false,
                        "trafficLightColor": "none"
                    },
                    "box2d": {
                        "x1": 622.549811,
                        "y1": 296.298476,
                        "x2": 638.700868,
                        "y2": 310.981255
                    }
                },
                {
                    "category": "car",
                    "id": 5,
                    "attributes": {
                        "occluded": true,
                        "truncated": false,
                        "trafficLightColor": "none"
                    },
                    "box2d": {
                        "x1": 596.12081,
                        "y1": 297.766754,
                        "x2": 606.398755,
                        "y2": 312.449532
                    }
                },
                {
                    "category": "car",
                    "id": 6,
                    "attributes": {
                        "occluded": true,
                        "truncated": false,
                        "trafficLightColor": "none"
                    },
                    "box2d": {
                        "x1": 582.906309,
                        "y1": 296.298476,
                        "x2": 596.12081,
                        "y2": 308.044699
                    }
                },
                {
                    "category": "car",
                    "id": 7,
                    "attributes": {
                        "occluded": true,
                        "truncated": false,
                        "trafficLightColor": "none"
                    },
                    "box2d": {
                        "x1": 577.033198,
                        "y1": 300.70331,
                        "x2": 593.184254,
                        "y2": 313.91781
                    }
                },
                {
                    "category": "car",
                    "id": 8,
                    "attributes": {
                        "occluded": true,
                        "truncated": false,
                        "trafficLightColor": "none"
                    },
                    "box2d": {
                        "x1": 550.604196,
                        "y1": 296.298476,
                        "x2": 578.501476,
                        "y2": 313.91781
                    }
                },
                {
                    "category": "car",
                    "id": 9,
                    "attributes": {
                        "occluded": true,
                        "truncated": false,
                        "trafficLightColor": "none"
                    },
                    "box2d": {
                        "x1": 481.595137,
                        "y1": 302.171587,
                        "x2": 519.770361,
                        "y2": 341.81509
                    }
                },
                {
                    "category": "car",
                    "id": 10,
                    "attributes": {
                        "occluded": true,
                        "truncated": false,
                        "trafficLightColor": "none"
                    },
                    "box2d": {
                        "x1": 462.507525,
                        "y1": 302.171587,
                        "x2": 496.277916,
                        "y2": 346.219924
                    }
                },
                {
                    "category": "car",
                    "id": 11,
                    "attributes": {
                        "occluded": true,
                        "truncated": false,
                        "trafficLightColor": "none"
                    },
                    "box2d": {
                        "x1": 416.990911,
                        "y1": 291.893642,
                        "x2": 469.848915,
                        "y2": 356.497868
                    }
                },
                {
                    "category": "car",
                    "id": 12,
                    "attributes": {
                        "occluded": true,
                        "truncated": false,
                        "trafficLightColor": "none"
                    },
                    "box2d": {
                        "x1": 346.513574,
                        "y1": 287.488809,
                        "x2": 437.546801,
                        "y2": 375.58548
                    }
                },
                {
                    "category": "car",
                    "id": 13,
                    "attributes": {
                        "occluded": true,
                        "truncated": false,
                        "trafficLightColor": "none"
                    },
                    "box2d": {
                        "x1": 268.694848,
                        "y1": 305.108143,
                        "x2": 387.625354,
                        "y2": 391.736536
                    }
                },
                {
                    "category": "car",
                    "id": 14,
                    "attributes": {
                        "occluded": true,
                        "truncated": false,
                        "trafficLightColor": "none"
                    },
                    "box2d": {
                        "x1": 93.969783,
                        "y1": 306.576421,
                        "x2": 302.465238,
                        "y2": 428.443483
                    }
                },
                {
                    "category": "car",
                    "id": 15,
                    "attributes": {
                        "occluded": true,
                        "truncated": false,
                        "trafficLightColor": "none"
                    },
                    "box2d": {
                        "x1": 739.131064,
                        "y1": 288.957087,
                        "x2": 759.686953,
                        "y2": 313.91781
                    }
                },
                {
                    "category": "car",
                    "id": 16,
                    "attributes": {
                        "occluded": true,
                        "truncated": false,
                        "trafficLightColor": "none"
                    },
                    "box2d": {
                        "x1": 742.06762,
                        "y1": 281.615697,
                        "x2": 808.140123,
                        "y2": 346.219923
                    }
                },
                {
                    "category": "car",
                    "id": 17,
                    "attributes": {
                        "occluded": true,
                        "truncated": false,
                        "trafficLightColor": "none"
                    },
                    "box2d": {
                        "x1": 793.457345,
                        "y1": 250.781862,
                        "x2": 966.714133,
                        "y2": 378.522036
                    }
                },
                {
                    "category": "car",
                    "id": 18,
                    "attributes": {
                        "occluded": true,
                        "truncated": false,
                        "trafficLightColor": "none"
                    },
                    "box2d": {
                        "x1": 772.901455,
                        "y1": 306.576421,
                        "x2": 797.862178,
                        "y2": 350.624757
                    }
                },
                {
                    "category": "truck",
                    "id": 19,
                    "attributes": {
                        "occluded": false,
                        "truncated": false,
                        "trafficLightColor": "none"
                    },
                    "box2d": {
                        "x1": 654.851924,
                        "y1": 239.03564,
                        "x2": 742.948596,
                        "y2": 353.561312
                    }
                },
                {
                    "category": "car",
                    "id": 20,
                    "attributes": {
                        "occluded": false,
                        "truncated": false,
                        "trafficLightColor": "none"
                    },
                    "box2d": {
                        "x1": 607.867033,
                        "y1": 296.29847,
                        "x2": 624.018089,
                        "y2": 312.449527
                    }
                },
                {
                    "category": "car",
                    "id": 21,
                    "attributes": {
                        "occluded": false,
                        "truncated": false,
                        "trafficLightColor": "none"
                    },
                    "box2d": {
                        "x1": 531.516584,
                        "y1": 300.703304,
                        "x2": 566.755253,
                        "y2": 325.664028
                    }
                },
                {
                    "category": "car",
                    "id": 22,
                    "attributes": {
                        "occluded": false,
                        "truncated": true,
                        "trafficLightColor": "none"
                    },
                    "box2d": {
                        "x1": 1.468278,
                        "y1": 321.846502,
                        "x2": 124.803618,
                        "y2": 473.079121
                    }
                },
                {
                    "category": "car",
                    "id": 23,
                    "attributes": {
                        "occluded": false,
                        "truncated": true,
                        "trafficLightColor": "none"
                    },
                    "box2d": {
                        "x1": 1207.511701,
                        "y1": 349.743781,
                        "x2": 1279.457316,
                        "y2": 549.429571
                    }
                },
                {
                    "category": "area/drivable",
                    "id": 24,
                    "attributes": {},
                    "poly2d": [
                        [
                            530.19778,
                            539.168332,
                            "L"
                        ],
                        [
                            772.823529,
                            530.182194,
                            "C"
                        ],
                        [
                            985.495482,
                            534.675263,
                            "C"
                        ],
                        [
                            1214.642023,
                            548.154473,
                            "C"
                        ],
                        [
                            750.896997,
                            353.686961,
                            "L"
                        ],
                        [
                            623.054547,
                            353.454796,
                            "L"
                        ],
                        [
                            530.19778,
                            539.168332,
                            "L"
                        ]
                    ]
                },
                {
                    "category": "lane/double yellow",
                    "id": 25,
                    "attributes": {
                        "direction": "parallel",
                        "style": "solid"
                    },
                    "poly2d": [
                        [
                            627.620283,
                            334.398083,
                            "L"
                        ],
                        [
                            529.047714,
                            539.029747,
                            "L"
                        ]
                    ]
                },
                {
                    "category": "lane/double yellow",
                    "id": 26,
                    "attributes": {
                        "direction": "parallel",
                        "style": "solid"
                    },
                    "poly2d": [
                        [
                            612.647236,
                            336.893592,
                            "L"
                        ],
                        [
                            470.403274,
                            544.020763,
                            "L"
                        ]
                    ]
                }
            ]
        }
    ],
    "attributes": {
        "weather": "clear",
        "scene": "city street",
        "timeofday": "daytime"
    }
}