{
    "name": "0e460dd3-2cf2a7b9",
    "frames": [
        {
            "timestamp": 10000,
            "objects": [
                {
                    "category": "car",
                    "id": 0,
                    "attributes": {
                        "occluded": false,
                        "truncated": false,
                        "trafficLightColor": "none"
                    },
                    "box2d": {
                        "x1": 525.391566,
                        "y1": 272.415792,
                        "x2": 535.623146,
                        "y2": 278.810529
                    }
                },
                {
                    "category": "car",
                    "id": 1,
                    "attributes": {
                        "occluded": false,
                        "truncated": false,
                        "trafficLightColor": "none"
                    },
                    "box2d": {
                        "x1": 492.138934,
                        "y1": 272.415792,
                        "x2": 503.649461,
                        "y2": 281.368423
                    }
                },
                {
                    "category": "car",
                    "id": 2,
                    "attributes": {
                        "occluded": false,
                        "truncated": false,
                        "trafficLightColor": "none"
                    },
                    "box2d": {
                        "x1": 474.233671,
                        "y1": 272.415792,
                        "x2": 487.023145,
                        "y2": 281.368423
                    }
                },
                {
                    "category": "truck",
                    "id": 3,
                    "attributes": {
                        "occluded": false,
                        "truncated": false,
                        "trafficLightColor": "none"
                    },
                    "box2d": {
                        "x1": 13.812616,
                        "y1": 273.694738,
                        "x2": 103.338932,
                        "y2": 312.06316
                    }
                },
                {
                    "category": "car",
                    "id": 4,
                    "attributes": {
                        "occluded": true,
                        "truncated": false,
                        "trafficLightColor": "none"
                    },
                    "box2d": {
                        "x1": 451.212619,
                        "y1": 269.857896,
                        "x2": 460.16525,
                        "y2": 281.368423
                    }
                },
                {
                    "category": "car",
                    "id": 5,
                    "attributes": {
                        "occluded": true,
                        "truncated": false,
                        "trafficLightColor": "none"
                    },
                    "box2d": {
                        "x1": 585.502092,
                        "y1": 274.973686,
                        "x2": 595.733672,
                        "y2": 283.926318
                    }
                },
                {
                    "category": "car",
                    "id": 6,
                    "attributes": {
                        "occluded": true,
                        "truncated": false,
                        "trafficLightColor": "none"
                    },
                    "box2d": {
                        "x1": 640.496829,
                        "y1": 273.694738,
                        "x2": 660.959987,
                        "y2": 289.042107
                    }
                },
                {
                    "category": "car",
                    "id": 7,
                    "attributes": {
                        "occluded": true,
                        "truncated": false,
                        "trafficLightColor": "none"
                    },
                    "box2d": {
                        "x1": 600.849461,
                        "y1": 277.531579,
                        "x2": 631.544198,
                        "y2": 291.600001
                    }
                },
                {
                    "category": "car",
                    "id": 8,
                    "attributes": {
                        "occluded": false,
                        "truncated": false,
                        "trafficLightColor": "none"
                    },
                    "box2d": {
                        "x1": 277.275775,
                        "y1": 272.415792,
                        "x2": 324.596828,
                        "y2": 299.273686
                    }
                },
                {
                    "category": "car",
                    "id": 9,
                    "attributes": {
                        "occluded": false,
                        "truncated": false,
                        "trafficLightColor": "none"
                    },
                    "box2d": {
                        "x1": 434.586302,
                        "y1": 272.415792,
                        "x2": 449.933671,
                        "y2": 283.926318
                    }
                },
                {
                    "category": "car",
                    "id": 10,
                    "attributes": {
                        "occluded": false,
                        "truncated": false,
                        "trafficLightColor": "none"
                    },
                    "box2d": {
                        "x1": 456.328408,
                        "y1": 276.252633,
                        "x2": 471.675776,
                        "y2": 287.763159
                    }
                },
                {
                    "category": "car",
                    "id": 11,
                    "attributes": {
                        "occluded": false,
                        "truncated": false,
                        "trafficLightColor": "none"
                    },
                    "box2d": {
                        "x1": 575.270514,
                        "y1": 277.531579,
                        "x2": 589.338935,
                        "y2": 285.205264
                    }
                },
                {
                    "category": "car",
                    "id": 12,
                    "attributes": {
                        "occluded": false,
                        "truncated": false,
                        "trafficLightColor": "none"
                    },
                    "box2d": {
                        "x1": 572.712619,
                        "y1": 289.042107,
                        "x2": 703.16525,
                        "y2": 392.636844
                    }
                },
                {
                    "category": "area/drivable",
                    "id": 13,
                    "attributes": {},
                    "poly2d": [
                        [
                            516.203309,
                            398.10464,
                            "L"
                        ],
                        [
                            753.437162,
                            389.318125,
                            "L"
                        ],
                        [
                            967.949661,
                            583.199796,
                            "L"
                        ],
                        [
                            797.849721,
                            568.349801,
                            "C"
                        ],
                        [
                            519.498223,
                            565.048426,
                            "C"
                        ],
                        [
                            306.427076,
                            621.06246,
                            "C"
                        ],
                        [
                            516.203309,
                            398.10464,
                            "L"
                        ]
                    ]
                },
                {
                    "category": "area/alternative",
                    "id": 14,
                    "attributes": {},
                    "poly2d": [
                        [
                            699.620224,
                            336.599035,
                            "L"
                        ],
                        [
                            976.393051,
                            578.228199,
                            "L"
                        ],
                        [
                            1088.099619,
                            581.849796,
                            "C"
                        ],
                        [
                            1182.874368,
                            595.801229,
                            "C"
                        ],
                        [
                            1278.426891,
                            621.06246,
                            "C"
                        ],
                        [
                            1279.525181,
                            477.183275,
                            "L"
                        ],
                        [
                            715.49975,
                            298.349896,
                            "L"
                        ],
                        [
                            699.620224,
                            336.599035,
                            "L"
                        ]
                    ]
                },
                {
                    "category": "area/alternative",
                    "id": 15,
                    "attributes": {},
                    "poly2d": [
                        [
                            0,
                            481.949831,
                            "L"
                        ],
                        [
                            0,
                            720.487999,
                            "L"
                        ],
                        [
                            76.881358,
                            720.487999,
                            "L"
                        ],
                        [
                            110.928809,
                            691.35458,
                            "C"
                        ],
                        [
                            197.694893,
                            647.422004,
                            "C"
                        ],
                        [
                            285.559285,
                            623.259088,
                            "C"
                        ],
                        [
                            572.216857,
                            324.517578,
                            "L"
                        ],
                        [
                            576.610077,
                            289.371517,
                            "L"
                        ],
                        [
                            0,
                            481.949831,
                            "L"
                        ]
                    ]
                },
                {
                    "category": "lane/single white",
                    "id": 16,
                    "attributes": {
                        "direction": "parallel",
                        "style": "solid"
                    },
                    "poly2d": [
                        [
                            696.210475,
                            296.688726,
                            "L"
                        ],
                        [
                            1280.632735,
                            473.834112,
                            "L"
                        ]
                    ]
                },
                {
                    "category": "lane/single white",
                    "id": 17,
                    "attributes": {
                        "direction": "parallel",
                        "style": "dashed"
                    },
                    "poly2d": [
                        [
                            699.822086,
                            343.924175,
                            "L"
                        ],
                        [
                            972.01876,
                            580.257097,
                            "L"
                        ]
                    ]
                },
                {
                    "category": "lane/single white",
                    "id": 18,
                    "attributes": {
                        "direction": "parallel",
                        "style": "dashed"
                    },
                    "poly2d": [
                        [
                            701.786739,
                            335.525777,
                            "L"
                        ],
                        [
                            999.606261,
                            582.096264,
                            "L"
                        ]
                    ]
                },
                {
                    "category": "lane/single white",
                    "id": 19,
                    "attributes": {
                        "direction": "parallel",
                        "style": "dashed"
                    },
                    "poly2d": [
                        [
                            580.126629,
                            330.403246,
                            "L"
                        ],
                        [
                            294.545529,
                            627.51004,
                            "L"
                        ]
                    ]
                },
                {
                    "category": "lane/single white",
                    "id": 20,
                    "attributes": {
                        "direction": "parallel",
                        "style": "dashed"
                    },
                    "poly2d": [
                        [
                            581.223452,
                            320.045769,
                            "L"
                        ],
                        [
                            268.932874,
                            626.229407,
                            "L"
                        ]
                    ]
                },
                {
                    "category": "lane/double yellow",
                    "id": 21,
                    "attributes": {
                        "direction": "parallel",
                        "style": "solid"
                    },
                    "poly2d": [
                        [
                            579.42678,
                            289.501944,
                            "L"
                        ],
                        [
                            0,
                            480.942095,
                            "L"
                        ]
                    ]
                },
                {
                    "category": "lane/double yellow",
                    "id": 22,
                    "attributes": {
                        "direction": "parallel",
                        "style": "solid"
                    },
                    "poly2d": [
                        [
                            576.731771,
                            284.111856,
                            "L"
                        ],
                        [
                            0,
                            463.58905,
                            "L"
                        ]
                    ]
                },
                {
                    "category": "lane/single yellow",
                    "id": 23,
                    "attributes": {
                        "direction": "parallel",
                        "style": "solid"
                    },
                    "poly2d": [
                        [
                            474.321455,
                            286.8069,
                            "L"
                        ],
                        [
                            0,
                            338.911074,
                            "L"
                        ]
                    ]
                },
                {
                    "category": "lane/single white",
                    "id": 24,
                    "attributes": {
                        "direction": "parallel",
                        "style": "dashed"
                    },
                    "poly2d": [
                        [
                            283.8742,
                            298.485421,
                            "L"
                        ],
                        [
                            0,
                            326.452092,
                            "L"
                        ]
                    ]
                },
                {
                    "category": "lane/road curb",
                    "id": 25,
                    "attributes": {
                        "direction": "parallel",
                        "style": "solid"
                    },
                    "poly2d": [
                        [
                            277.585845,
                            293.095334,
                            "L"
                        ],
                        [
                            132.055395,
                            303.875508,
                            "L"
                        ]
                    ]
                },
                {
                    "category": "lane/road curb",
                    "id": 26,
                    "attributes": {
                        "direction": "parallel",
                        "style": "solid"
                    },
                    "poly2d": [
                        [
                            437.489674,
                            283.213508,
                            "L"
                        ],
                        [
                            328.791005,
                            290.400291,
                            "L"
                        ]
                    ]
                }
            ]
        }
    ],
    "attributes": {
        "weather": "partly cloudy",
        "scene": "highway",
        "timeofday": "daytime"
    }
}