{
    "name": "0e764680-656be9ac",
    "frames": [
        {
            "timestamp": 10000,
            "objects": [
                {
                    "category": "car",
                    "id": 0,
                    "attributes": {
                        "occluded": true,
                        "truncated": false,
                        "trafficLightColor": "none"
                    },
                    "box2d": {
                        "x1": 376.708708,
                        "y1": 288.607477,
                        "x2": 420.455526,
                        "y2": 326.278349
                    }
                },
                {
                    "category": "car",
                    "id": 1,
                    "attributes": {
                        "occluded": true,
                        "truncated": false,
                        "trafficLightColor": "none"
                    },
                    "box2d": {
                        "x1": 371.847951,
                        "y1": 286.177099,
                        "x2": 386.430222,
                        "y2": 303.189753
                    }
                },
                {
                    "category": "car",
                    "id": 2,
                    "attributes": {
                        "occluded": false,
                        "truncated": false,
                        "trafficLightColor": "none"
                    },
                    "box2d": {
                        "x1": 414.379581,
                        "y1": 259.442933,
                        "x2": 533.468138,
                        "y2": 370.025166
                    }
                },
                {
                    "category": "person",
                    "id": 3,
                    "attributes": {
                        "occluded": false,
                        "truncated": false,
                        "trafficLightColor": "none"
                    },
                    "box2d": {
                        "x1": 295.29102,
                        "y1": 286.177099,
                        "x2": 312.303671,
                        "y2": 332.354297
                    }
                },
                {
                    "category": "person",
                    "id": 4,
                    "attributes": {
                        "occluded": false,
                        "truncated": false,
                        "trafficLightColor": "none"
                    },
                    "box2d": {
                        "x1": 332.961889,
                        "y1": 276.455583,
                        "x2": 368.202382,
                        "y2": 350.582135
                    }
                },
                {
                    "category": "traffic light",
                    "id": 5,
                    "attributes": {
                        "occluded": false,
                        "truncated": false,
                        "trafficLightColor": "red"
                    },
                    "box2d": {
                        "x1": 529.82257,
                        "y1": 218.126493,
                        "x2": 539.544085,
                        "y2": 230.278387
                    }
                },
                {
                    "category": "traffic light",
                    "id": 6,
                    "attributes": {
                        "occluded": false,
                        "truncated": false,
                        "trafficLightColor": "red"
                    },
                    "box2d": {
                        "x1": 353.620109,
                        "y1": 218.126493,
                        "x2": 365.772003,
                        "y2": 227.848007
                    }
                },
                {
                    "category": "traffic light",
                    "id": 7,
                    "attributes": {
                        "occluded": false,
                        "truncated": false,
                        "trafficLightColor": "red"
                    },
                    "box2d": {
                        "x1": 268.556853,
                        "y1": 255.797363,
                        "x2": 281.923934,
                        "y2": 269.164447
                    }
                },
                {
                    "category": "traffic light",
                    "id": 8,
                    "attributes": {
                        "occluded": false,
                        "truncated": false,
                        "trafficLightColor": "red"
                    },
                    "box2d": {
                        "x1": 589.366851,
                        "y1": 269.164448,
                        "x2": 600.303555,
                        "y2": 283.74672
                    }
                },
                {
                    "category": "car",
                    "id": 9,
                    "attributes": {
                        "occluded": true,
                        "truncated": false,
                        "trafficLightColor": "none"
                    },
                    "box2d": {
                        "x1": 710.885789,
                        "y1": 292.253047,
                        "x2": 754.632605,
                        "y2": 316.556836
                    }
                },
                {
                    "category": "car",
                    "id": 10,
                    "attributes": {
                        "occluded": true,
                        "truncated": false,
                        "trafficLightColor": "none"
                    },
                    "box2d": {
                        "x1": 788.657907,
                        "y1": 276.455583,
                        "x2": 884.657868,
                        "y2": 314.126454
                    }
                },
                {
                    "category": "traffic light",
                    "id": 11,
                    "attributes": {
                        "occluded": false,
                        "truncated": false,
                        "trafficLightColor": "green"
                    },
                    "box2d": {
                        "x1": 88.708824,
                        "y1": 276.455583,
                        "x2": 102.075906,
                        "y2": 287.392288
                    }
                },
                {
                    "category": "traffic sign",
                    "id": 12,
                    "attributes": {
                        "occluded": false,
                        "truncated": false,
                        "trafficLightColor": "none"
                    },
                    "box2d": {
                        "x1": 660.339617,
                        "y1": 162.391532,
                        "x2": 686.768619,
                        "y2": 196.161922
                    }
                },
                {
                    "category": "traffic sign",
                    "id": 13,
                    "attributes": {
                        "occluded": false,
                        "truncated": false,
                        "trafficLightColor": "none"
                    },
                    "box2d": {
                        "x1": 690.929608,
                        "y1": 228.631834,
                        "x2": 707.080665,
                        "y2": 255.060835
                    }
                },
                {
                    "category": "traffic sign",
                    "id": 14,
                    "attributes": {
                        "occluded": false,
                        "truncated": false,
                        "trafficLightColor": "none"
                    },
                    "box2d": {
                        "x1": 579.340491,
                        "y1": 221.290444,
                        "x2": 594.02327,
                        "y2": 235.973223
                    }
                },
                {
                    "category": "traffic sign",
                    "id": 15,
                    "attributes": {
                        "occluded": false,
                        "truncated": false,
                        "trafficLightColor": "none"
                    },
                    "box2d": {
                        "x1": 881.456133,
                        "y1": 190.876121,
                        "x2": 909.353412,
                        "y2": 231.987901
                    }
                },
                {
                    "category": "traffic light",
                    "id": 16,
                    "attributes": {
                        "occluded": false,
                        "truncated": false,
                        "trafficLightColor": "yellow"
                    },
                    "box2d": {
                        "x1": 262.821736,
                        "y1": 281.028395,
                        "x2": 274.567959,
                        "y2": 288.369786
                    }
                },
                {
                    "category": "area/drivable",
                    "id": 17,
                    "attributes": {},
                    "poly2d": [
                        [
                            268.874966,
                            338.624958,
                            "L"
                        ],
                        [
                            0,
                            435.374945,
                            "L"
                        ],
                        [
                            0,
                            622.124922,
                            "L"
                        ],
                        [
                            498.374939,
                            552.37493,
                            "C"
                        ],
                        [
                            832.499896,
                            548.999931,
                            "C"
                        ],
                        [
                            1280.249839,
                            602.999926,
                            "C"
                        ],
                        [
                            1280.249839,
                            501.749936,
                            "L"
                        ],
                        [
                            567.569131,
                            320.62478,
                            "L"
                        ],
                        [
                            538.874933,
                            327.374959,
                            "L"
                        ],
                        [
                            542.256648,
                            381.374738,
                            "L"
                        ],
                        [
                            349.881781,
                            381.374738,
                            "L"
                        ],
                        [
                            333.006792,
                            335.812269,
                            "L"
                        ],
                        [
                            268.874966,
                            338.624958,
                            "L"
                        ]
                    ]
                }
            ]
        }
    ],
    "attributes": {
        "weather": "snowy",
        "scene": "city street",
        "timeofday": "night"
    }
}