{
    "name": "0e888d6a-85910f38",
    "frames": [
        {
            "timestamp": 10000,
            "objects": [
                {
                    "category": "car",
                    "id": 0,
                    "attributes": {
                        "occluded": true,
                        "truncated": false,
                        "trafficLightColor": "none"
                    },
                    "box2d": {
                        "x1": 69.119994,
                        "y1": 361.079982,
                        "x2": 141.47999,
                        "y2": 380.519981
                    }
                },
                {
                    "category": "car",
                    "id": 1,
                    "attributes": {
                        "occluded": true,
                        "truncated": false,
                        "trafficLightColor": "none"
                    },
                    "box2d": {
                        "x1": 100.439992,
                        "y1": 351.359983,
                        "x2": 176.039984,
                        "y2": 380.519981
                    }
                },
                {
                    "category": "car",
                    "id": 2,
                    "attributes": {
                        "occluded": true,
                        "truncated": false,
                        "trafficLightColor": "none"
                    },
                    "box2d": {
                        "x1": 150.119988,
                        "y1": 353.519984,
                        "x2": 226.799982,
                        "y2": 376.199981
                    }
                },
                {
                    "category": "car",
                    "id": 3,
                    "attributes": {
                        "occluded": true,
                        "truncated": false,
                        "trafficLightColor": "none"
                    },
                    "box2d": {
                        "x1": 146.879989,
                        "y1": 343.799983,
                        "x2": 205.199985,
                        "y2": 356.759981
                    }
                },
                {
                    "category": "car",
                    "id": 4,
                    "attributes": {
                        "occluded": true,
                        "truncated": false,
                        "trafficLightColor": "none"
                    },
                    "box2d": {
                        "x1": 207.359983,
                        "y1": 347.039983,
                        "x2": 272.159979,
                        "y2": 374.039983
                    }
                },
                {
                    "category": "car",
                    "id": 5,
                    "attributes": {
                        "occluded": true,
                        "truncated": false,
                        "trafficLightColor": "none"
                    },
                    "box2d": {
                        "x1": 271.079978,
                        "y1": 357.839982,
                        "x2": 325.079975,
                        "y2": 371.87998
                    }
                },
                {
                    "category": "car",
                    "id": 6,
                    "attributes": {
                        "occluded": true,
                        "truncated": false,
                        "trafficLightColor": "none"
                    },
                    "box2d": {
                        "x1": 299.159976,
                        "y1": 348.119982,
                        "x2": 348.839972,
                        "y2": 369.719977
                    }
                },
                {
                    "category": "car",
                    "id": 7,
                    "attributes": {
                        "occluded": true,
                        "truncated": false,
                        "trafficLightColor": "none"
                    },
                    "box2d": {
                        "x1": 344.879982,
                        "y1": 343.799983,
                        "x2": 403.199979,
                        "y2": 369.719982
                    }
                },
                {
                    "category": "car",
                    "id": 8,
                    "attributes": {
                        "occluded": true,
                        "truncated": false,
                        "trafficLightColor": "none"
                    },
                    "box2d": {
                        "x1": 384.83998,
                        "y1": 344.879982,
                        "x2": 431.279975,
                        "y2": 369.719981
                    }
                },
                {
                    "category": "car",
                    "id": 9,
                    "attributes": {
                        "occluded": true,
                        "truncated": false,
                        "trafficLightColor": "none"
                    },
                    "box2d": {
                        "x1": 406.439978,
                        "y1": 342.719984,
                        "x2": 446.399975,
                        "y2": 367.559982
                    }
                },
                {
                    "category": "car",
                    "id": 10,
                    "attributes": {
                        "occluded": true,
                        "truncated": false,
                        "trafficLightColor": "none"
                    },
                    "box2d": {
                        "x1": 445.319975,
                        "y1": 339.479983,
                        "x2": 469.079972,
                        "y2": 349.199985
                    }
                },
                {
                    "category": "car",
                    "id": 11,
                    "attributes": {
                        "occluded": true,
                        "truncated": false,
                        "trafficLightColor": "none"
                    },
                    "box2d": {
                        "x1": 443.159976,
                        "y1": 350.279983,
                        "x2": 464.759973,
                        "y2": 361.079982
                    }
                },
                {
                    "category": "car",
                    "id": 12,
                    "attributes": {
                        "occluded": true,
                        "truncated": false,
                        "trafficLightColor": "none"
                    },
                    "box2d": {
                        "x1": 476.639974,
                        "y1": 344.879982,
                        "x2": 491.759972,
                        "y2": 363.239981
                    }
                },
                {
                    "category": "car",
                    "id": 13,
                    "attributes": {
                        "occluded": true,
                        "truncated": false,
                        "trafficLightColor": "none"
                    },
                    "box2d": {
                        "x1": 551.519977,
                        "y1": 324.359985,
                        "x2": 591.479975,
                        "y2": 359.999983
                    }
                },
                {
                    "category": "car",
                    "id": 14,
                    "attributes": {
                        "occluded": true,
                        "truncated": false,
                        "trafficLightColor": "none"
                    },
                    "box2d": {
                        "x1": 823.679956,
                        "y1": 334.079984,
                        "x2": 873.359952,
                        "y2": 382.67998
                    }
                },
                {
                    "category": "car",
                    "id": 15,
                    "attributes": {
                        "occluded": true,
                        "truncated": false,
                        "trafficLightColor": "none"
                    },
                    "box2d": {
                        "x1": 877.679952,
                        "y1": 331.919984,
                        "x2": 896.039951,
                        "y2": 355.679982
                    }
                },
                {
                    "category": "car",
                    "id": 16,
                    "attributes": {
                        "occluded": true,
                        "truncated": false,
                        "trafficLightColor": "none"
                    },
                    "box2d": {
                        "x1": 908.999949,
                        "y1": 336.239984,
                        "x2": 916.559949,
                        "y2": 351.359983
                    }
                },
                {
                    "category": "car",
                    "id": 17,
                    "attributes": {
                        "occluded": true,
                        "truncated": false,
                        "trafficLightColor": "none"
                    },
                    "box2d": {
                        "x1": 919.799948,
                        "y1": 334.079984,
                        "x2": 933.839947,
                        "y2": 355.679983
                    }
                },
                {
                    "category": "truck",
                    "id": 18,
                    "attributes": {
                        "occluded": true,
                        "truncated": false,
                        "trafficLightColor": "none"
                    },
                    "box2d": {
                        "x1": 477.719973,
                        "y1": 335.879973,
                        "x2": 526.319969,
                        "y2": 357.479971
                    }
                },
                {
                    "category": "traffic sign",
                    "id": 19,
                    "attributes": {
                        "occluded": false,
                        "truncated": false,
                        "trafficLightColor": "none"
                    },
                    "box2d": {
                        "x1": 228.959981,
                        "y1": 205.739984,
                        "x2": 285.119976,
                        "y2": 255.41998
                    }
                },
                {
                    "category": "traffic sign",
                    "id": 20,
                    "attributes": {
                        "occluded": false,
                        "truncated": false,
                        "trafficLightColor": "none"
                    },
                    "box2d": {
                        "x1": 238.67998,
                        "y1": 253.25998,
                        "x2": 277.559975,
                        "y2": 280.259978
                    }
                },
                {
                    "category": "traffic sign",
                    "id": 21,
                    "attributes": {
                        "occluded": false,
                        "truncated": false,
                        "trafficLightColor": "none"
                    },
                    "box2d": {
                        "x1": 311.399986,
                        "y1": 318.599975,
                        "x2": 325.439984,
                        "y2": 334.799974
                    }
                },
                {
                    "category": "traffic sign",
                    "id": 22,
                    "attributes": {
                        "occluded": false,
                        "truncated": false,
                        "trafficLightColor": "none"
                    },
                    "box2d": {
                        "x1": 509.03997,
                        "y1": 326.159974,
                        "x2": 527.399968,
                        "y2": 336.959972
                    }
                },
                {
                    "category": "traffic sign",
                    "id": 23,
                    "attributes": {
                        "occluded": false,
                        "truncated": false,
                        "trafficLightColor": "none"
                    },
                    "box2d": {
                        "x1": 523.079968,
                        "y1": 302.399976,
                        "x2": 542.519968,
                        "y2": 326.159974
                    }
                },
                {
                    "category": "traffic sign",
                    "id": 24,
                    "attributes": {
                        "occluded": false,
                        "truncated": false,
                        "trafficLightColor": "none"
                    },
                    "box2d": {
                        "x1": 879.479974,
                        "y1": 285.839983,
                        "x2": 928.079968,
                        "y2": 308.519981
                    }
                },
                {
                    "category": "traffic sign",
                    "id": 25,
                    "attributes": {
                        "occluded": false,
                        "truncated": false,
                        "trafficLightColor": "none"
                    },
                    "box2d": {
                        "x1": 973.439966,
                        "y1": 228.599988,
                        "x2": 1003.679965,
                        "y2": 264.239985
                    }
                },
                {
                    "category": "traffic sign",
                    "id": 26,
                    "attributes": {
                        "occluded": false,
                        "truncated": true,
                        "trafficLightColor": "none"
                    },
                    "box2d": {
                        "x1": 0,
                        "y1": 115.868561,
                        "x2": 122.03999,
                        "y2": 283.268548
                    }
                },
                {
                    "category": "car",
                    "id": 27,
                    "attributes": {
                        "occluded": false,
                        "truncated": false,
                        "trafficLightColor": "none"
                    },
                    "box2d": {
                        "x1": 533.828552,
                        "y1": 293.605696,
                        "x2": 883.748524,
                        "y2": 540.925673
                    }
                },
                {
                    "category": "car",
                    "id": 28,
                    "attributes": {
                        "occluded": false,
                        "truncated": true,
                        "trafficLightColor": "none"
                    },
                    "box2d": {
                        "x1": 1156.139908,
                        "y1": 363.419972,
                        "x2": 1279.259898,
                        "y2": 552.419953
                    }
                },
                {
                    "category": "person",
                    "id": 29,
                    "attributes": {
                        "occluded": false,
                        "truncated": false,
                        "trafficLightColor": "none"
                    },
                    "box2d": {
                        "x1": 116.639991,
                        "y1": 337.823976,
                        "x2": 134.999989,
                        "y2": 385.343972
                    }
                },
                {
                    "category": "person",
                    "id": 30,
                    "attributes": {
                        "occluded": false,
                        "truncated": false,
                        "trafficLightColor": "none"
                    },
                    "box2d": {
                        "x1": 1050.839916,
                        "y1": 292.46398,
                        "x2": 1094.039912,
                        "y2": 408.023971
                    }
                },
                {
                    "category": "person",
                    "id": 31,
                    "attributes": {
                        "occluded": false,
                        "truncated": false,
                        "trafficLightColor": "none"
                    },
                    "box2d": {
                        "x1": 1095.119912,
                        "y1": 276.263981,
                        "x2": 1146.959909,
                        "y2": 419.903969
                    }
                },
                {
                    "category": "person",
                    "id": 32,
                    "attributes": {
                        "occluded": true,
                        "truncated": false,
                        "trafficLightColor": "none"
                    },
                    "box2d": {
                        "x1": 1200.959904,
                        "y1": 274.103981,
                        "x2": 1249.559899,
                        "y2": 385.343972
                    }
                },
                {
                    "category": "area/drivable",
                    "id": 33,
                    "attributes": {},
                    "poly2d": [
                        [
                            529.778661,
                            378.255665,
                            "L"
                        ],
                        [
                            363.939908,
                            379.791209,
                            "C"
                        ],
                        [
                            238.0253,
                            461.175041,
                            "C"
                        ],
                        [
                            4.622611,
                            645.440322,
                            "C"
                        ],
                        [
                            505.209956,
                            605.516178,
                            "L"
                        ],
                        [
                            508.281044,
                            554.843226,
                            "C"
                        ],
                        [
                            495.996692,
                            442.748513,
                            "C"
                        ],
                        [
                            542.063013,
                            419.715353,
                            "C"
                        ],
                        [
                            529.778661,
                            378.255665,
                            "L"
                        ]
                    ]
                },
                {
                    "category": "area/alternative",
                    "id": 34,
                    "attributes": {},
                    "poly2d": [
                        [
                            529.778661,
                            556.37877,
                            "L"
                        ],
                        [
                            978.15751,
                            524.132345,
                            "L"
                        ],
                        [
                            1213.095743,
                            602.44509,
                            "L"
                        ],
                        [
                            1148.602895,
                            617.80053,
                            "L"
                        ],
                        [
                            740.148189,
                            611.658354,
                            "L"
                        ],
                        [
                            535.920837,
                            605.516178,
                            "L"
                        ],
                        [
                            529.778661,
                            556.37877,
                            "L"
                        ]
                    ]
                },
                {
                    "category": "area/alternative",
                    "id": 35,
                    "attributes": {},
                    "poly2d": [
                        [
                            889.095958,
                            402.824369,
                            "L"
                        ],
                        [
                            1142.460718,
                            448.890689,
                            "L"
                        ],
                        [
                            1136.318542,
                            557.914314,
                            "L"
                        ],
                        [
                            886.02487,
                            467.317217,
                            "L"
                        ],
                        [
                            889.095958,
                            402.824369,
                            "L"
                        ]
                    ]
                },
                {
                    "category": "lane/road curb",
                    "id": 36,
                    "attributes": {
                        "direction": "parallel",
                        "style": "solid"
                    },
                    "poly2d": [
                        [
                            13.725294,
                            642.593332,
                            "C"
                        ],
                        [
                            150.978239,
                            541.525255,
                            "C"
                        ],
                        [
                            266.451643,
                            399.178491,
                            "C"
                        ],
                        [
                            534.899177,
                            374.229835,
                            "L"
                        ]
                    ]
                },
                {
                    "category": "lane/road curb",
                    "id": 37,
                    "attributes": {
                        "direction": "parallel",
                        "style": "solid"
                    },
                    "poly2d": [
                        [
                            882.162108,
                            398.03354,
                            "L"
                        ],
                        [
                            1147.933719,
                            450.439209,
                            "L"
                        ]
                    ]
                },
                {
                    "category": "lane/single white",
                    "id": 38,
                    "attributes": {
                        "direction": "parallel",
                        "style": "solid"
                    },
                    "poly2d": [
                        [
                            883.409862,
                            495.358355,
                            "L"
                        ],
                        [
                            1212.81693,
                            600.169695,
                            "L"
                        ]
                    ]
                },
                {
                    "category": "lane/single white",
                    "id": 39,
                    "attributes": {
                        "direction": "parallel",
                        "style": "solid"
                    },
                    "poly2d": [
                        [
                            885.90537,
                            487.871831,
                            "L"
                        ],
                        [
                            1230.285486,
                            595.178678,
                            "L"
                        ]
                    ]
                },
                {
                    "category": "lane/single white",
                    "id": 40,
                    "attributes": {
                        "direction": "parallel",
                        "style": "dashed"
                    },
                    "poly2d": [
                        [
                            531.905339,
                            438.098394,
                            "C"
                        ],
                        [
                            519.065682,
                            490.367339,
                            "C"
                        ],
                        [
                            530.295468,
                            550.259533,
                            "C"
                        ],
                        [
                            532.790976,
                            607.656219,
                            "L"
                        ]
                    ]
                },
                {
                    "category": "lane/single white",
                    "id": 41,
                    "attributes": {
                        "direction": "parallel",
                        "style": "dashed"
                    },
                    "poly2d": [
                        [
                            521.56119,
                            444.200439,
                            "C"
                        ],
                        [
                            505.340387,
                            487.871831,
                            "C"
                        ],
                        [
                            504.092633,
                            554.002795,
                            "C"
                        ],
                        [
                            506.588141,
                            607.656219,
                            "L"
                        ]
                    ]
                },
                {
                    "category": "lane/single white",
                    "id": 42,
                    "attributes": {
                        "direction": "parallel",
                        "style": "dashed"
                    },
                    "poly2d": [
                        [
                            106.059094,
                            406.767818,
                            "L"
                        ],
                        [
                            349.371132,
                            376.821721,
                            "L"
                        ]
                    ]
                }
            ]
        }
    ],
    "attributes": {
        "weather": "clear",
        "scene": "highway",
        "timeofday": "daytime"
    }
}