{
    "name": "0e8e5273-5fd9ed6c",
    "frames": [
        {
            "timestamp": 10000,
            "objects": [
                {
                    "category": "car",
                    "id": 0,
                    "attributes": {
                        "occluded": true,
                        "truncated": false,
                        "trafficLightColor": "none"
                    },
                    "box2d": {
                        "x1": 1114.829111,
                        "y1": 191.842105,
                        "x2": 1151.918586,
                        "y2": 199.51579
                    }
                },
                {
                    "category": "car",
                    "id": 1,
                    "attributes": {
                        "occluded": true,
                        "truncated": false,
                        "trafficLightColor": "none"
                    },
                    "box2d": {
                        "x1": 1108.434374,
                        "y1": 202.073685,
                        "x2": 1150.639638,
                        "y2": 205.910527
                    }
                },
                {
                    "category": "car",
                    "id": 2,
                    "attributes": {
                        "occluded": true,
                        "truncated": false,
                        "trafficLightColor": "none"
                    },
                    "box2d": {
                        "x1": 1112.271217,
                        "y1": 208.468422,
                        "x2": 1168.544902,
                        "y2": 214.86316
                    }
                },
                {
                    "category": "car",
                    "id": 3,
                    "attributes": {
                        "occluded": true,
                        "truncated": false,
                        "trafficLightColor": "none"
                    },
                    "box2d": {
                        "x1": 1123.781743,
                        "y1": 209.74737,
                        "x2": 1158.313321,
                        "y2": 219.978949
                    }
                },
                {
                    "category": "car",
                    "id": 4,
                    "attributes": {
                        "occluded": true,
                        "truncated": false,
                        "trafficLightColor": "none"
                    },
                    "box2d": {
                        "x1": 1107.155427,
                        "y1": 218.700001,
                        "x2": 1158.313321,
                        "y2": 230.210529
                    }
                },
                {
                    "category": "car",
                    "id": 5,
                    "attributes": {
                        "occluded": true,
                        "truncated": false,
                        "trafficLightColor": "none"
                    },
                    "box2d": {
                        "x1": 975.423847,
                        "y1": 230.210527,
                        "x2": 997.165952,
                        "y2": 254.510527
                    }
                },
                {
                    "category": "car",
                    "id": 6,
                    "attributes": {
                        "occluded": true,
                        "truncated": false,
                        "trafficLightColor": "none"
                    },
                    "box2d": {
                        "x1": 963.913321,
                        "y1": 235.326317,
                        "x2": 979.260689,
                        "y2": 255.789476
                    }
                },
                {
                    "category": "car",
                    "id": 7,
                    "attributes": {
                        "occluded": true,
                        "truncated": false,
                        "trafficLightColor": "none"
                    },
                    "box2d": {
                        "x1": 953.681742,
                        "y1": 235.326317,
                        "x2": 972.865953,
                        "y2": 262.184213
                    }
                },
                {
                    "category": "car",
                    "id": 8,
                    "attributes": {
                        "occluded": true,
                        "truncated": false,
                        "trafficLightColor": "none"
                    },
                    "box2d": {
                        "x1": 925.5449,
                        "y1": 236.605264,
                        "x2": 956.239637,
                        "y2": 264.742108
                    }
                },
                {
                    "category": "car",
                    "id": 9,
                    "attributes": {
                        "occluded": true,
                        "truncated": false,
                        "trafficLightColor": "none"
                    },
                    "box2d": {
                        "x1": 884.618584,
                        "y1": 237.884212,
                        "x2": 929.38174,
                        "y2": 271.136844
                    }
                },
                {
                    "category": "car",
                    "id": 10,
                    "attributes": {
                        "occluded": false,
                        "truncated": false,
                        "trafficLightColor": "none"
                    },
                    "box2d": {
                        "x1": 986.934374,
                        "y1": 230.210527,
                        "x2": 1029.139637,
                        "y2": 260.905265
                    }
                },
                {
                    "category": "car",
                    "id": 11,
                    "attributes": {
                        "occluded": false,
                        "truncated": false,
                        "trafficLightColor": "none"
                    },
                    "box2d": {
                        "x1": 806.602794,
                        "y1": 227.652633,
                        "x2": 884.618584,
                        "y2": 282.647369
                    }
                },
                {
                    "category": "car",
                    "id": 12,
                    "attributes": {
                        "occluded": false,
                        "truncated": false,
                        "trafficLightColor": "none"
                    },
                    "box2d": {
                        "x1": 1071.3449,
                        "y1": 232.768422,
                        "x2": 1107.155426,
                        "y2": 250.673686
                    }
                },
                {
                    "category": "car",
                    "id": 13,
                    "attributes": {
                        "occluded": false,
                        "truncated": false,
                        "trafficLightColor": "none"
                    },
                    "box2d": {
                        "x1": 695.334372,
                        "y1": 243.000001,
                        "x2": 788.69753,
                        "y2": 304.389475
                    }
                },
                {
                    "category": "car",
                    "id": 14,
                    "attributes": {
                        "occluded": true,
                        "truncated": false,
                        "trafficLightColor": "none"
                    },
                    "box2d": {
                        "x1": 22.608053,
                        "y1": 263.463158,
                        "x2": 413.965949,
                        "y2": 411.821055
                    }
                },
                {
                    "category": "car",
                    "id": 15,
                    "attributes": {
                        "occluded": true,
                        "truncated": false,
                        "trafficLightColor": "none"
                    },
                    "box2d": {
                        "x1": 1104.597532,
                        "y1": 217.421054,
                        "x2": 1240.165954,
                        "y2": 290.321054
                    }
                },
                {
                    "category": "car",
                    "id": 16,
                    "attributes": {
                        "occluded": true,
                        "truncated": true,
                        "trafficLightColor": "none"
                    },
                    "box2d": {
                        "x1": 1196.681743,
                        "y1": 232.768422,
                        "x2": 1278.534375,
                        "y2": 303.110528
                    }
                },
                {
                    "category": "car",
                    "id": 17,
                    "attributes": {
                        "occluded": false,
                        "truncated": true,
                        "trafficLightColor": "none"
                    },
                    "box2d": {
                        "x1": 1236.329113,
                        "y1": 257.068422,
                        "x2": 1278.534375,
                        "y2": 340.200002
                    }
                },
                {
                    "category": "car",
                    "id": 18,
                    "attributes": {
                        "occluded": false,
                        "truncated": true,
                        "trafficLightColor": "none"
                    },
                    "box2d": {
                        "x1": 0,
                        "y1": 281.368423,
                        "x2": 27.723842,
                        "y2": 396.473687
                    }
                },
                {
                    "category": "motor",
                    "id": 19,
                    "attributes": {
                        "occluded": false,
                        "truncated": false,
                        "trafficLightColor": "none"
                    },
                    "box2d": {
                        "x1": 585.344898,
                        "y1": 260.905265,
                        "x2": 673.592267,
                        "y2": 324.852633
                    }
                },
                {
                    "category": "area/drivable",
                    "id": 20,
                    "attributes": {},
                    "poly2d": [
                        [
                            1017.030332,
                            282.781631,
                            "L"
                        ],
                        [
                            1077.4371,
                            253.127142,
                            "L"
                        ],
                        [
                            1099.403198,
                            255.323771,
                            "L"
                        ],
                        [
                            1105.993027,
                            292.66646,
                            "L"
                        ],
                        [
                            1191.660807,
                            299.256347,
                            "L"
                        ],
                        [
                            1279.525181,
                            351.975436,
                            "L"
                        ],
                        [
                            1279.799552,
                            573.749798,
                            "L"
                        ],
                        [
                            1025.816771,
                            550.770339,
                            "C"
                        ],
                        [
                            671.064296,
                            526.607423,
                            "C"
                        ],
                        [
                            353.654187,
                            563.950112,
                            "C"
                        ],
                        [
                            1017.030332,
                            282.781631,
                            "L"
                        ]
                    ]
                },
                {
                    "category": "lane/single yellow",
                    "id": 21,
                    "attributes": {
                        "direction": "parallel",
                        "style": "dashed"
                    },
                    "poly2d": [
                        [
                            968.003924,
                            301.689561,
                            "L"
                        ],
                        [
                            401.586766,
                            555.428464,
                            "L"
                        ]
                    ]
                },
                {
                    "category": "lane/single yellow",
                    "id": 22,
                    "attributes": {
                        "direction": "parallel",
                        "style": "dashed"
                    },
                    "poly2d": [
                        [
                            962.010091,
                            297.693673,
                            "L"
                        ],
                        [
                            380.608354,
                            552.431548,
                            "L"
                        ]
                    ]
                },
                {
                    "category": "lane/road curb",
                    "id": 23,
                    "attributes": {
                        "direction": "parallel",
                        "style": "solid"
                    },
                    "poly2d": [
                        [
                            573.191038,
                            332.638255,
                            "L"
                        ],
                        [
                            405.270284,
                            361.701729,
                            "L"
                        ]
                    ]
                }
            ]
        }
    ],
    "attributes": {
        "weather": "rainy",
        "scene": "city street",
        "timeofday": "daytime"
    }
}