{
    "name": "0e946d23-8a9b41b7",
    "frames": [
        {
            "timestamp": 10000,
            "objects": [
                {
                    "category": "traffic light",
                    "id": 0,
                    "attributes": {
                        "occluded": false,
                        "truncated": false,
                        "trafficLightColor": "red"
                    },
                    "box2d": {
                        "x1": 462.606708,
                        "y1": 266.962311,
                        "x2": 474.4192,
                        "y2": 287.212297
                    }
                },
                {
                    "category": "traffic light",
                    "id": 1,
                    "attributes": {
                        "occluded": false,
                        "truncated": false,
                        "trafficLightColor": "red"
                    },
                    "box2d": {
                        "x1": 440.669224,
                        "y1": 278.774802,
                        "x2": 450.794216,
                        "y2": 293.962293
                    }
                },
                {
                    "category": "traffic light",
                    "id": 2,
                    "attributes": {
                        "occluded": false,
                        "truncated": false,
                        "trafficLightColor": "red"
                    },
                    "box2d": {
                        "x1": 384.981762,
                        "y1": 297.337291,
                        "x2": 393.419256,
                        "y2": 314.212278
                    }
                },
                {
                    "category": "traffic light",
                    "id": 3,
                    "attributes": {
                        "occluded": false,
                        "truncated": false,
                        "trafficLightColor": "red"
                    },
                    "box2d": {
                        "x1": 314.10681,
                        "y1": 283.8373,
                        "x2": 320.856806,
                        "y2": 300.712288
                    }
                },
                {
                    "category": "traffic sign",
                    "id": 4,
                    "attributes": {
                        "occluded": false,
                        "truncated": false,
                        "trafficLightColor": "none"
                    },
                    "box2d": {
                        "x1": 487.919191,
                        "y1": 273.712307,
                        "x2": 504.794179,
                        "y2": 282.149801
                    }
                },
                {
                    "category": "car",
                    "id": 5,
                    "attributes": {
                        "occluded": true,
                        "truncated": false,
                        "trafficLightColor": "none"
                    },
                    "box2d": {
                        "x1": 764.668999,
                        "y1": 329.399768,
                        "x2": 832.168953,
                        "y2": 373.274738
                    }
                },
                {
                    "category": "car",
                    "id": 6,
                    "attributes": {
                        "occluded": true,
                        "truncated": false,
                        "trafficLightColor": "none"
                    },
                    "box2d": {
                        "x1": 820.356463,
                        "y1": 324.337272,
                        "x2": 886.168917,
                        "y2": 371.587238
                    }
                },
                {
                    "category": "car",
                    "id": 7,
                    "attributes": {
                        "occluded": true,
                        "truncated": false,
                        "trafficLightColor": "none"
                    },
                    "box2d": {
                        "x1": 843.981446,
                        "y1": 327.71227,
                        "x2": 919.918895,
                        "y2": 380.024735
                    }
                },
                {
                    "category": "car",
                    "id": 8,
                    "attributes": {
                        "occluded": true,
                        "truncated": false,
                        "trafficLightColor": "none"
                    },
                    "box2d": {
                        "x1": 882.793918,
                        "y1": 320.962274,
                        "x2": 953.668871,
                        "y2": 374.962237
                    }
                },
                {
                    "category": "car",
                    "id": 9,
                    "attributes": {
                        "occluded": true,
                        "truncated": false,
                        "trafficLightColor": "none"
                    },
                    "box2d": {
                        "x1": 924.98139,
                        "y1": 310.837281,
                        "x2": 1053.231302,
                        "y2": 380.024734
                    }
                },
                {
                    "category": "car",
                    "id": 10,
                    "attributes": {
                        "occluded": true,
                        "truncated": false,
                        "trafficLightColor": "none"
                    },
                    "box2d": {
                        "x1": 594.231618,
                        "y1": 329.399768,
                        "x2": 676.919062,
                        "y2": 368.212242
                    }
                },
                {
                    "category": "car",
                    "id": 11,
                    "attributes": {
                        "occluded": true,
                        "truncated": false,
                        "trafficLightColor": "none"
                    },
                    "box2d": {
                        "x1": 462.606708,
                        "y1": 324.337272,
                        "x2": 487.919191,
                        "y2": 347.962256
                    }
                },
                {
                    "category": "car",
                    "id": 12,
                    "attributes": {
                        "occluded": true,
                        "truncated": false,
                        "trafficLightColor": "none"
                    },
                    "box2d": {
                        "x1": 437.294226,
                        "y1": 320.962274,
                        "x2": 467.669206,
                        "y2": 353.024752
                    }
                },
                {
                    "category": "car",
                    "id": 13,
                    "attributes": {
                        "occluded": true,
                        "truncated": false,
                        "trafficLightColor": "none"
                    },
                    "box2d": {
                        "x1": 405.231748,
                        "y1": 320.962274,
                        "x2": 450.794216,
                        "y2": 368.212242
                    }
                },
                {
                    "category": "car",
                    "id": 14,
                    "attributes": {
                        "occluded": true,
                        "truncated": false,
                        "trafficLightColor": "none"
                    },
                    "box2d": {
                        "x1": 111.606949,
                        "y1": 327.71227,
                        "x2": 170.669408,
                        "y2": 356.39975
                    }
                },
                {
                    "category": "car",
                    "id": 15,
                    "attributes": {
                        "occluded": true,
                        "truncated": false,
                        "trafficLightColor": "none"
                    },
                    "box2d": {
                        "x1": 1.919525,
                        "y1": 334.462266,
                        "x2": 87.981966,
                        "y2": 358.087249
                    }
                },
                {
                    "category": "car",
                    "id": 16,
                    "attributes": {
                        "occluded": false,
                        "truncated": false,
                        "trafficLightColor": "none"
                    },
                    "box2d": {
                        "x1": 152.106922,
                        "y1": 324.337272,
                        "x2": 270.23184,
                        "y2": 395.212223
                    }
                },
                {
                    "category": "car",
                    "id": 17,
                    "attributes": {
                        "occluded": false,
                        "truncated": false,
                        "trafficLightColor": "none"
                    },
                    "box2d": {
                        "x1": 271.919339,
                        "y1": 309.149782,
                        "x2": 425.481734,
                        "y2": 420.524706
                    }
                },
                {
                    "category": "area/alternative",
                    "id": 18,
                    "attributes": {},
                    "poly2d": [
                        [
                            425.361668,
                            439.677425,
                            "L"
                        ],
                        [
                            231.883124,
                            421.250897,
                            "L"
                        ],
                        [
                            0,
                            504.170273,
                            "L"
                        ],
                        [
                            0,
                            607.051722,
                            "L"
                        ],
                        [
                            98.290795,
                            585.554106,
                            "C"
                        ],
                        [
                            231.883124,
                            580.947474,
                            "C"
                        ],
                        [
                            342.442292,
                            568.663122,
                            "C"
                        ],
                        [
                            425.361668,
                            439.677425,
                            "L"
                        ]
                    ]
                },
                {
                    "category": "area/alternative",
                    "id": 19,
                    "attributes": {},
                    "poly2d": [
                        [
                            133.608307,
                            390.540017,
                            "L"
                        ],
                        [
                            0,
                            421.250897,
                            "L"
                        ],
                        [
                            0,
                            491.885921,
                            "L"
                        ],
                        [
                            221.134316,
                            416.644265,
                            "L"
                        ],
                        [
                            133.608307,
                            390.540017,
                            "L"
                        ]
                    ]
                },
                {
                    "category": "area/drivable",
                    "id": 20,
                    "attributes": {},
                    "poly2d": [
                        [
                            485.247884,
                            353.686961,
                            "L"
                        ],
                        [
                            545.134101,
                            353.686961,
                            "L"
                        ],
                        [
                            1047.25699,
                            642.369234,
                            "L"
                        ],
                        [
                            830.745285,
                            580.947474,
                            "C"
                        ],
                        [
                            618.840213,
                            568.663122,
                            "C"
                        ],
                        [
                            359.333276,
                            571.73421,
                            "C"
                        ],
                        [
                            485.247884,
                            353.686961,
                            "L"
                        ]
                    ]
                },
                {
                    "category": "lane/road curb",
                    "id": 21,
                    "attributes": {
                        "direction": "parallel",
                        "style": "solid"
                    },
                    "poly2d": [
                        [
                            1.247754,
                            413.006587,
                            "L"
                        ],
                        [
                            154.721501,
                            381.812737,
                            "L"
                        ]
                    ]
                },
                {
                    "category": "lane/road curb",
                    "id": 22,
                    "attributes": {
                        "direction": "parallel",
                        "style": "solid"
                    },
                    "poly2d": [
                        [
                            525.172029,
                            350.104033,
                            "L"
                        ],
                        [
                            707.476542,
                            439.209424,
                            "L"
                        ]
                    ]
                },
                {
                    "category": "lane/road curb",
                    "id": 23,
                    "attributes": {
                        "direction": "parallel",
                        "style": "solid"
                    },
                    "poly2d": [
                        [
                            4.991016,
                            364.34418,
                            "L"
                        ],
                        [
                            143.491715,
                            355.609903,
                            "L"
                        ]
                    ]
                },
                {
                    "category": "lane/road curb",
                    "id": 24,
                    "attributes": {
                        "direction": "parallel",
                        "style": "solid"
                    },
                    "poly2d": [
                        [
                            711.219804,
                            429.227391,
                            "C"
                        ],
                        [
                            747.404673,
                            425.484129,
                            "C"
                        ],
                        [
                            818.526652,
                            425.484129,
                            "C"
                        ],
                        [
                            819.774406,
                            417.997605,
                            "L"
                        ]
                    ]
                },
                {
                    "category": "lane/single white",
                    "id": 25,
                    "attributes": {
                        "direction": "parallel",
                        "style": "solid"
                    },
                    "poly2d": [
                        [
                            714.963066,
                            447.943701,
                            "L"
                        ],
                        [
                            1034.388101,
                            638.850069,
                            "L"
                        ]
                    ]
                },
                {
                    "category": "lane/single white",
                    "id": 26,
                    "attributes": {
                        "direction": "parallel",
                        "style": "solid"
                    },
                    "poly2d": [
                        [
                            721.201837,
                            440.457178,
                            "L"
                        ],
                        [
                            1149.181474,
                            672.539429,
                            "L"
                        ]
                    ]
                },
                {
                    "category": "lane/single white",
                    "id": 27,
                    "attributes": {
                        "direction": "parallel",
                        "style": "solid"
                    },
                    "poly2d": [
                        [
                            1.247754,
                            421.740866,
                            "L"
                        ],
                        [
                            155.969255,
                            389.299261,
                            "L"
                        ]
                    ]
                },
                {
                    "category": "lane/single white",
                    "id": 28,
                    "attributes": {
                        "direction": "parallel",
                        "style": "dashed"
                    },
                    "poly2d": [
                        [
                            0,
                            495.358355,
                            "L"
                        ],
                        [
                            270.762626,
                            399.281293,
                            "L"
                        ]
                    ]
                },
                {
                    "category": "lane/single white",
                    "id": 29,
                    "attributes": {
                        "direction": "parallel",
                        "style": "dashed"
                    },
                    "poly2d": [
                        [
                            0,
                            504.092633,
                            "L"
                        ],
                        [
                            270.762626,
                            408.015572,
                            "L"
                        ]
                    ]
                },
                {
                    "category": "lane/single white",
                    "id": 30,
                    "attributes": {
                        "direction": "parallel",
                        "style": "dashed"
                    },
                    "poly2d": [
                        [
                            474.146535,
                            353.114393,
                            "C"
                        ],
                        [
                            477.889799,
                            378.069476,
                            "C"
                        ],
                        [
                            385.555999,
                            491.615093,
                            "C"
                        ],
                        [
                            336.893591,
                            571.471352,
                            "L"
                        ]
                    ]
                },
                {
                    "category": "lane/single white",
                    "id": 31,
                    "attributes": {
                        "direction": "parallel",
                        "style": "dashed"
                    },
                    "poly2d": [
                        [
                            477.889799,
                            354.362147,
                            "C"
                        ],
                        [
                            484.12857,
                            380.564983,
                            "C"
                        ],
                        [
                            395.538032,
                            494.110601,
                            "C"
                        ],
                        [
                            354.362147,
                            570.223598,
                            "L"
                        ]
                    ]
                }
            ]
        }
    ],
    "attributes": {
        "weather": "overcast",
        "scene": "city street",
        "timeofday": "dawn/dusk"
    }
}