{
    "name": "0e9e8f3e-55cd30d7",
    "frames": [
        {
            "timestamp": 10000,
            "objects": [
                {
                    "category": "traffic sign",
                    "id": 0,
                    "attributes": {
                        "occluded": false,
                        "truncated": false,
                        "trafficLightColor": "none"
                    },
                    "box2d": {
                        "x1": 695.70676,
                        "y1": 231.987901,
                        "x2": 713.326094,
                        "y2": 240.797568
                    }
                },
                {
                    "category": "traffic sign",
                    "id": 1,
                    "attributes": {
                        "occluded": true,
                        "truncated": false,
                        "trafficLightColor": "none"
                    },
                    "box2d": {
                        "x1": 791.634244,
                        "y1": 252.54379,
                        "x2": 814.147839,
                        "y2": 261.353458
                    }
                },
                {
                    "category": "traffic sign",
                    "id": 2,
                    "attributes": {
                        "occluded": false,
                        "truncated": false,
                        "trafficLightColor": "none"
                    },
                    "box2d": {
                        "x1": 397.973216,
                        "y1": 263.590842,
                        "x2": 408.740587,
                        "y2": 270.442803
                    }
                },
                {
                    "category": "traffic sign",
                    "id": 3,
                    "attributes": {
                        "occluded": false,
                        "truncated": false,
                        "trafficLightColor": "none"
                    },
                    "box2d": {
                        "x1": 410.698293,
                        "y1": 270.442803,
                        "x2": 421.465661,
                        "y2": 280.231324
                    }
                },
                {
                    "category": "person",
                    "id": 4,
                    "attributes": {
                        "occluded": true,
                        "truncated": false,
                        "trafficLightColor": "none"
                    },
                    "box2d": {
                        "x1": 375.226558,
                        "y1": 293.003006,
                        "x2": 385.015077,
                        "y2": 306.706934
                    }
                },
                {
                    "category": "person",
                    "id": 5,
                    "attributes": {
                        "occluded": true,
                        "truncated": false,
                        "trafficLightColor": "none"
                    },
                    "box2d": {
                        "x1": 368.374595,
                        "y1": 293.003006,
                        "x2": 376.205409,
                        "y2": 304.749229
                    }
                },
                {
                    "category": "car",
                    "id": 6,
                    "attributes": {
                        "occluded": true,
                        "truncated": false,
                        "trafficLightColor": "none"
                    },
                    "box2d": {
                        "x1": 368.374595,
                        "y1": 305.401794,
                        "x2": 407.528672,
                        "y2": 346.513574
                    }
                },
                {
                    "category": "car",
                    "id": 7,
                    "attributes": {
                        "occluded": true,
                        "truncated": false,
                        "trafficLightColor": "none"
                    },
                    "box2d": {
                        "x1": 332.157075,
                        "y1": 293.65557,
                        "x2": 385.993928,
                        "y2": 355.323241
                    }
                },
                {
                    "category": "car",
                    "id": 8,
                    "attributes": {
                        "occluded": true,
                        "truncated": false,
                        "trafficLightColor": "none"
                    },
                    "box2d": {
                        "x1": 244.060403,
                        "y1": 283.867053,
                        "x2": 358.586075,
                        "y2": 366.090613
                    }
                },
                {
                    "category": "car",
                    "id": 9,
                    "attributes": {
                        "occluded": true,
                        "truncated": false,
                        "trafficLightColor": "none"
                    },
                    "box2d": {
                        "x1": 175.540769,
                        "y1": 298.549831,
                        "x2": 302.791518,
                        "y2": 387.625353
                    }
                },
                {
                    "category": "car",
                    "id": 10,
                    "attributes": {
                        "occluded": false,
                        "truncated": true,
                        "trafficLightColor": "none"
                    },
                    "box2d": {
                        "x1": 0,
                        "y1": 282.902106,
                        "x2": 217.127158,
                        "y2": 425.814482
                    }
                },
                {
                    "category": "car",
                    "id": 11,
                    "attributes": {
                        "occluded": true,
                        "truncated": false,
                        "trafficLightColor": "none"
                    },
                    "box2d": {
                        "x1": 478.984862,
                        "y1": 303.117812,
                        "x2": 502.477307,
                        "y2": 321.715998
                    }
                },
                {
                    "category": "car",
                    "id": 12,
                    "attributes": {
                        "occluded": true,
                        "truncated": false,
                        "trafficLightColor": "none"
                    },
                    "box2d": {
                        "x1": 465.280932,
                        "y1": 306.054366,
                        "x2": 486.815676,
                        "y2": 324.652552
                    }
                },
                {
                    "category": "car",
                    "id": 13,
                    "attributes": {
                        "occluded": true,
                        "truncated": false,
                        "trafficLightColor": "none"
                    },
                    "box2d": {
                        "x1": 498.561898,
                        "y1": 306.054366,
                        "x2": 509.32927,
                        "y2": 317.800591
                    }
                },
                {
                    "category": "bus",
                    "id": 14,
                    "attributes": {
                        "occluded": true,
                        "truncated": false,
                        "trafficLightColor": "none"
                    },
                    "box2d": {
                        "x1": 529.885159,
                        "y1": 292.35044,
                        "x2": 546.525643,
                        "y2": 313.885182
                    }
                },
                {
                    "category": "car",
                    "id": 15,
                    "attributes": {
                        "occluded": true,
                        "truncated": false,
                        "trafficLightColor": "none"
                    },
                    "box2d": {
                        "x1": 624.329552,
                        "y1": 307.359498,
                        "x2": 665.129866,
                        "y2": 344.035857
                    }
                },
                {
                    "category": "car",
                    "id": 16,
                    "attributes": {
                        "occluded": true,
                        "truncated": false,
                        "trafficLightColor": "none"
                    },
                    "box2d": {
                        "x1": 868.785434,
                        "y1": 328.476187,
                        "x2": 886.404768,
                        "y2": 346.095521
                    }
                },
                {
                    "category": "car",
                    "id": 17,
                    "attributes": {
                        "occluded": true,
                        "truncated": false,
                        "trafficLightColor": "none"
                    },
                    "box2d": {
                        "x1": 858.018062,
                        "y1": 354.905188,
                        "x2": 858.996913,
                        "y2": 363.714856
                    }
                },
                {
                    "category": "car",
                    "id": 18,
                    "attributes": {
                        "occluded": false,
                        "truncated": false,
                        "trafficLightColor": "none"
                    },
                    "box2d": {
                        "x1": 432.474578,
                        "y1": 303.724949,
                        "x2": 465.755543,
                        "y2": 329.175099
                    }
                },
                {
                    "category": "car",
                    "id": 19,
                    "attributes": {
                        "occluded": false,
                        "truncated": false,
                        "trafficLightColor": "none"
                    },
                    "box2d": {
                        "x1": 504.909619,
                        "y1": 302.746096,
                        "x2": 534.275175,
                        "y2": 324.280839
                    }
                },
                {
                    "category": "car",
                    "id": 20,
                    "attributes": {
                        "occluded": false,
                        "truncated": false,
                        "trafficLightColor": "none"
                    },
                    "box2d": {
                        "x1": 542.105992,
                        "y1": 301.767243,
                        "x2": 566.577288,
                        "y2": 324.280838
                    }
                },
                {
                    "category": "car",
                    "id": 21,
                    "attributes": {
                        "occluded": false,
                        "truncated": false,
                        "trafficLightColor": "none"
                    },
                    "box2d": {
                        "x1": 572.450401,
                        "y1": 300.788392,
                        "x2": 622.371847,
                        "y2": 344.836728
                    }
                },
                {
                    "category": "traffic sign",
                    "id": 22,
                    "attributes": {
                        "occluded": false,
                        "truncated": false,
                        "trafficLightColor": "none"
                    },
                    "box2d": {
                        "x1": 853.742275,
                        "y1": 242.618448,
                        "x2": 891.88983,
                        "y2": 256.351568
                    }
                },
                {
                    "category": "area/drivable",
                    "id": 23,
                    "attributes": {},
                    "poly2d": [
                        [
                            380.362061,
                            534.395582,
                            "L"
                        ],
                        [
                            685.730966,
                            513.94677,
                            "C"
                        ],
                        [
                            997.916139,
                            558.934153,
                            "C"
                        ],
                        [
                            1280.095536,
                            594.378758,
                            "C"
                        ],
                        [
                            1280.095536,
                            504.403993,
                            "L"
                        ],
                        [
                            661.192391,
                            351.71954,
                            "L"
                        ],
                        [
                            563.038102,
                            347.629778,
                            "L"
                        ],
                        [
                            563.038102,
                            329.907476,
                            "L"
                        ],
                        [
                            535.773022,
                            328.544222,
                            "L"
                        ],
                        [
                            380.362061,
                            534.395582,
                            "L"
                        ]
                    ]
                },
                {
                    "category": "area/alternative",
                    "id": 24,
                    "attributes": {},
                    "poly2d": [
                        [
                            0,
                            458.053354,
                            "L"
                        ],
                        [
                            0,
                            556.207646,
                            "L"
                        ],
                        [
                            119.980541,
                            548.02812,
                            "C"
                        ],
                        [
                            256.305944,
                            537.122089,
                            "C"
                        ],
                        [
                            366.729521,
                            533.032326,
                            "C"
                        ],
                        [
                            523.037185,
                            331.351517,
                            "L"
                        ],
                        [
                            499.406727,
                            326.625426,
                            "L"
                        ],
                        [
                            0,
                            458.053354,
                            "L"
                        ]
                    ]
                },
                {
                    "category": "lane/road curb",
                    "id": 25,
                    "attributes": {
                        "direction": "parallel",
                        "style": "solid"
                    },
                    "poly2d": [
                        [
                            748.860492,
                            368.431693,
                            "L"
                        ],
                        [
                            1280.524791,
                            515.205296,
                            "L"
                        ]
                    ]
                },
                {
                    "category": "lane/single white",
                    "id": 26,
                    "attributes": {
                        "direction": "parallel",
                        "style": "dashed"
                    },
                    "poly2d": [
                        [
                            518.21626,
                            335.482518,
                            "L"
                        ],
                        [
                            429.852561,
                            452.302324,
                            "L"
                        ]
                    ]
                },
                {
                    "category": "lane/single white",
                    "id": 27,
                    "attributes": {
                        "direction": "parallel",
                        "style": "dashed"
                    },
                    "poly2d": [
                        [
                            446.327149,
                            447.809254,
                            "L"
                        ],
                        [
                            527.202399,
                            336.980208,
                            "L"
                        ]
                    ]
                },
                {
                    "category": "lane/road curb",
                    "id": 28,
                    "attributes": {
                        "direction": "parallel",
                        "style": "solid"
                    },
                    "poly2d": [
                        [
                            656.003723,
                            341.473277,
                            "C"
                        ],
                        [
                            681.46445,
                            353.454796,
                            "C"
                        ],
                        [
                            813.261154,
                            344.468658,
                            "C"
                        ],
                        [
                            877.661816,
                            350.459416,
                            "L"
                        ]
                    ]
                },
                {
                    "category": "lane/crosswalk",
                    "id": 29,
                    "attributes": {
                        "direction": "vertical",
                        "style": "dashed"
                    },
                    "poly2d": [
                        [
                            750.358182,
                            359.445555,
                            "L"
                        ],
                        [
                            721.902075,
                            348.961727,
                            "L"
                        ]
                    ]
                },
                {
                    "category": "lane/crosswalk",
                    "id": 30,
                    "attributes": {
                        "direction": "vertical",
                        "style": "dashed"
                    },
                    "poly2d": [
                        [
                            858.191848,
                            354.952487,
                            "L"
                        ],
                        [
                            837.224191,
                            347.464037,
                            "L"
                        ]
                    ]
                }
            ]
        }
    ],
    "attributes": {
        "weather": "undefined",
        "scene": "residential",
        "timeofday": "daytime"
    }
}