{
    "name": "0ea18604-eec933af",
    "frames": [
        {
            "timestamp": 10000,
            "objects": [
                {
                    "category": "traffic sign",
                    "id": 0,
                    "attributes": {
                        "occluded": false,
                        "truncated": false,
                        "trafficLightColor": "none"
                    },
                    "box2d": {
                        "x1": 1172.888801,
                        "y1": 7.486524,
                        "x2": 1210.321421,
                        "y2": 42.423638
                    }
                },
                {
                    "category": "traffic sign",
                    "id": 1,
                    "attributes": {
                        "occluded": true,
                        "truncated": false,
                        "trafficLightColor": "none"
                    },
                    "box2d": {
                        "x1": 625.124775,
                        "y1": 143.491715,
                        "x2": 657.566382,
                        "y2": 154.721502
                    }
                },
                {
                    "category": "traffic light",
                    "id": 2,
                    "attributes": {
                        "occluded": false,
                        "truncated": false,
                        "trafficLightColor": "green"
                    },
                    "box2d": {
                        "x1": 496.606109,
                        "y1": 159.712518,
                        "x2": 505.340387,
                        "y2": 178.428829
                    }
                },
                {
                    "category": "traffic sign",
                    "id": 3,
                    "attributes": {
                        "occluded": false,
                        "truncated": false,
                        "trafficLightColor": "none"
                    },
                    "box2d": {
                        "x1": 496.606109,
                        "y1": 177.181074,
                        "x2": 506.588141,
                        "y2": 183.419843
                    }
                },
                {
                    "category": "traffic light",
                    "id": 4,
                    "attributes": {
                        "occluded": false,
                        "truncated": false,
                        "trafficLightColor": "none"
                    },
                    "box2d": {
                        "x1": 459.173488,
                        "y1": 149.730484,
                        "x2": 469.15552,
                        "y2": 175.93332
                    }
                },
                {
                    "category": "traffic light",
                    "id": 5,
                    "attributes": {
                        "occluded": false,
                        "truncated": false,
                        "trafficLightColor": "none"
                    },
                    "box2d": {
                        "x1": 449.191455,
                        "y1": 182.172089,
                        "x2": 464.164504,
                        "y2": 192.154123
                    }
                },
                {
                    "category": "traffic light",
                    "id": 6,
                    "attributes": {
                        "occluded": false,
                        "truncated": false,
                        "trafficLightColor": "none"
                    },
                    "box2d": {
                        "x1": 544.020763,
                        "y1": 163.45578,
                        "x2": 551.507287,
                        "y2": 178.428827
                    }
                },
                {
                    "category": "traffic light",
                    "id": 7,
                    "attributes": {
                        "occluded": false,
                        "truncated": false,
                        "trafficLightColor": "none"
                    },
                    "box2d": {
                        "x1": 535.286483,
                        "y1": 162.208026,
                        "x2": 541.525254,
                        "y2": 178.428829
                    }
                },
                {
                    "category": "traffic light",
                    "id": 8,
                    "attributes": {
                        "occluded": false,
                        "truncated": false,
                        "trafficLightColor": "none"
                    },
                    "box2d": {
                        "x1": 617.638251,
                        "y1": 142.243962,
                        "x2": 626.372529,
                        "y2": 155.969255
                    }
                },
                {
                    "category": "traffic sign",
                    "id": 9,
                    "attributes": {
                        "occluded": false,
                        "truncated": false,
                        "trafficLightColor": "none"
                    },
                    "box2d": {
                        "x1": 661.309643,
                        "y1": 169.694549,
                        "x2": 667.548412,
                        "y2": 182.172089
                    }
                },
                {
                    "category": "car",
                    "id": 10,
                    "attributes": {
                        "occluded": false,
                        "truncated": true,
                        "trafficLightColor": "none"
                    },
                    "box2d": {
                        "x1": 0,
                        "y1": 132.261929,
                        "x2": 401.776803,
                        "y2": 577.71012
                    }
                },
                {
                    "category": "car",
                    "id": 11,
                    "attributes": {
                        "occluded": true,
                        "truncated": false,
                        "trafficLightColor": "none"
                    },
                    "box2d": {
                        "x1": 385.555999,
                        "y1": 215.86145,
                        "x2": 460.421242,
                        "y2": 277.001397
                    }
                },
                {
                    "category": "car",
                    "id": 12,
                    "attributes": {
                        "occluded": false,
                        "truncated": false,
                        "trafficLightColor": "none"
                    },
                    "box2d": {
                        "x1": 461.668995,
                        "y1": 190.906369,
                        "x2": 578.957875,
                        "y2": 284.487922
                    }
                },
                {
                    "category": "car",
                    "id": 13,
                    "attributes": {
                        "occluded": true,
                        "truncated": false,
                        "trafficLightColor": "none"
                    },
                    "box2d": {
                        "x1": 566.480335,
                        "y1": 197.145138,
                        "x2": 612.647235,
                        "y2": 237.073268
                    }
                },
                {
                    "category": "car",
                    "id": 14,
                    "attributes": {
                        "occluded": true,
                        "truncated": false,
                        "trafficLightColor": "none"
                    },
                    "box2d": {
                        "x1": 643.169084,
                        "y1": 197.145138,
                        "x2": 686.264723,
                        "y2": 267.637318
                    }
                },
                {
                    "category": "car",
                    "id": 15,
                    "attributes": {
                        "occluded": true,
                        "truncated": true,
                        "trafficLightColor": "none"
                    },
                    "box2d": {
                        "x1": 1125.474147,
                        "y1": 109.802357,
                        "x2": 1279.356147,
                        "y2": 301.956479
                    }
                },
                {
                    "category": "truck",
                    "id": 16,
                    "attributes": {
                        "occluded": false,
                        "truncated": true,
                        "trafficLightColor": "none"
                    },
                    "box2d": {
                        "x1": 665.106569,
                        "y1": 0,
                        "x2": 1145.43821,
                        "y2": 468.449681
                    }
                },
                {
                    "category": "car",
                    "id": 17,
                    "attributes": {
                        "occluded": true,
                        "truncated": false,
                        "trafficLightColor": "none"
                    },
                    "box2d": {
                        "x1": 618.886004,
                        "y1": 194.649631,
                        "x2": 641.345578,
                        "y2": 212.118187
                    }
                },
                {
                    "category": "truck",
                    "id": 18,
                    "attributes": {
                        "occluded": true,
                        "truncated": false,
                        "trafficLightColor": "none"
                    },
                    "box2d": {
                        "x1": 598.921941,
                        "y1": 183.419845,
                        "x2": 630.115793,
                        "y2": 208.374925
                    }
                },
                {
                    "category": "truck",
                    "id": 19,
                    "attributes": {
                        "occluded": true,
                        "truncated": false,
                        "trafficLightColor": "none"
                    },
                    "box2d": {
                        "x1": 666.300658,
                        "y1": 132.261929,
                        "x2": 714.044035,
                        "y2": 205.879415
                    }
                },
                {
                    "category": "car",
                    "id": 20,
                    "attributes": {
                        "occluded": true,
                        "truncated": false,
                        "trafficLightColor": "none"
                    },
                    "box2d": {
                        "x1": 641.481585,
                        "y1": 193.387369,
                        "x2": 665.106569,
                        "y2": 211.949856
                    }
                },
                {
                    "category": "area/drivable",
                    "id": 21,
                    "attributes": {},
                    "poly2d": [
                        [
                            416.148404,
                            566.615738,
                            "L"
                        ],
                        [
                            734.006013,
                            517.47833,
                            "C"
                        ],
                        [
                            964.337615,
                            542.047034,
                            "C"
                        ],
                        [
                            1208.489111,
                            575.829002,
                            "C"
                        ],
                        [
                            1077.96787,
                            474.483097,
                            "L"
                        ],
                        [
                            469.892444,
                            479.089729,
                            "L"
                        ],
                        [
                            416.148404,
                            566.615738,
                            "L"
                        ]
                    ]
                },
                {
                    "category": "area/alternative",
                    "id": 22,
                    "attributes": {},
                    "poly2d": [
                        [
                            1164.94372,
                            307.124789,
                            "L"
                        ],
                        [
                            1280.811619,
                            325.687276,
                            "L"
                        ],
                        [
                            1280.811619,
                            583.874599,
                            "L"
                        ],
                        [
                            1092.38127,
                            458.999684,
                            "L"
                        ],
                        [
                            1154.818727,
                            425.249708,
                            "L"
                        ],
                        [
                            1164.94372,
                            307.124789,
                            "L"
                        ]
                    ]
                },
                {
                    "category": "lane/single white",
                    "id": 23,
                    "attributes": {
                        "direction": "parallel",
                        "style": "solid"
                    },
                    "poly2d": [
                        [
                            1077.01213,
                            446.940825,
                            "L"
                        ],
                        [
                            1279.352102,
                            585.24916,
                            "L"
                        ]
                    ]
                },
                {
                    "category": "lane/single white",
                    "id": 24,
                    "attributes": {
                        "direction": "parallel",
                        "style": "solid"
                    },
                    "poly2d": [
                        [
                            1059.083272,
                            457.185886,
                            "L"
                        ],
                        [
                            1220.442996,
                            580.126629,
                            "L"
                        ]
                    ]
                },
                {
                    "category": "lane/double yellow",
                    "id": 25,
                    "attributes": {
                        "direction": "parallel",
                        "style": "solid"
                    },
                    "poly2d": [
                        [
                            407.24121,
                            568.600934,
                            "L"
                        ],
                        [
                            646.719531,
                            257.40718,
                            "L"
                        ]
                    ]
                },
                {
                    "category": "lane/double yellow",
                    "id": 26,
                    "attributes": {
                        "direction": "parallel",
                        "style": "solid"
                    },
                    "poly2d": [
                        [
                            318.877551,
                            582.687894,
                            "L"
                        ],
                        [
                            646.719531,
                            235.636423,
                            "L"
                        ]
                    ]
                }
            ]
        }
    ],
    "attributes": {
        "weather": "overcast",
        "scene": "city street",
        "timeofday": "daytime"
    }
}