{
    "name": "0ed0d326-f3689a47",
    "frames": [
        {
            "timestamp": 10000,
            "objects": [
                {
                    "category": "car",
                    "id": 0,
                    "attributes": {
                        "occluded": false,
                        "truncated": true,
                        "trafficLightColor": "none"
                    },
                    "box2d": {
                        "x1": 423.734884,
                        "y1": 392.326707,
                        "x2": 513.00023,
                        "y2": 437.510401
                    }
                },
                {
                    "category": "car",
                    "id": 1,
                    "attributes": {
                        "occluded": true,
                        "truncated": false,
                        "trafficLightColor": "none"
                    },
                    "box2d": {
                        "x1": 771.979938,
                        "y1": 371.387922,
                        "x2": 840.3065,
                        "y2": 425.387946
                    }
                },
                {
                    "category": "car",
                    "id": 2,
                    "attributes": {
                        "occluded": true,
                        "truncated": false,
                        "trafficLightColor": "none"
                    },
                    "box2d": {
                        "x1": 820.469756,
                        "y1": 375.796087,
                        "x2": 888.796317,
                        "y2": 441.918566
                    }
                },
                {
                    "category": "car",
                    "id": 3,
                    "attributes": {
                        "occluded": true,
                        "truncated": false,
                        "trafficLightColor": "none"
                    },
                    "box2d": {
                        "x1": 865.65345,
                        "y1": 354.857302,
                        "x2": 1048.592308,
                        "y2": 463.959392
                    }
                },
                {
                    "category": "car",
                    "id": 4,
                    "attributes": {
                        "occluded": false,
                        "truncated": true,
                        "trafficLightColor": "none"
                    },
                    "box2d": {
                        "x1": 965.939209,
                        "y1": 360.367509,
                        "x2": 1276.714859,
                        "y2": 525.673705
                    }
                },
                {
                    "category": "car",
                    "id": 5,
                    "attributes": {
                        "occluded": false,
                        "truncated": false,
                        "trafficLightColor": "none"
                    },
                    "box2d": {
                        "x1": 109.469431,
                        "y1": 369.183839,
                        "x2": 326.57157,
                        "y2": 489.306342
                    }
                },
                {
                    "category": "car",
                    "id": 6,
                    "attributes": {
                        "occluded": false,
                        "truncated": false,
                        "trafficLightColor": "none"
                    },
                    "box2d": {
                        "x1": 568.023581,
                        "y1": 392.169277,
                        "x2": 583.452159,
                        "y2": 405.393773
                    }
                },
                {
                    "category": "car",
                    "id": 7,
                    "attributes": {
                        "occluded": false,
                        "truncated": false,
                        "trafficLightColor": "none"
                    },
                    "box2d": {
                        "x1": 586.758283,
                        "y1": 398.781525,
                        "x2": 605.492986,
                        "y2": 415.312145
                    }
                },
                {
                    "category": "car",
                    "id": 8,
                    "attributes": {
                        "occluded": true,
                        "truncated": false,
                        "trafficLightColor": "none"
                    },
                    "box2d": {
                        "x1": 711.288951,
                        "y1": 394.37336,
                        "x2": 752.06448,
                        "y2": 412.006021
                    }
                },
                {
                    "category": "traffic sign",
                    "id": 9,
                    "attributes": {
                        "occluded": false,
                        "truncated": false,
                        "trafficLightColor": "none"
                    },
                    "box2d": {
                        "x1": 787.229428,
                        "y1": 344.057294,
                        "x2": 808.168213,
                        "y2": 371.608327
                    }
                },
                {
                    "category": "area/drivable",
                    "id": 10,
                    "attributes": {},
                    "poly2d": [
                        [
                            637.602316,
                            417.997605,
                            "L"
                        ],
                        [
                            713.715312,
                            416.749851,
                            "L"
                        ],
                        [
                            1104.262328,
                            537.781993,
                            "L"
                        ],
                        [
                            1280.195648,
                            534.038729,
                            "L"
                        ],
                        [
                            1280.195648,
                            697.49451,
                            "L"
                        ],
                        [
                            985.725693,
                            686.264723,
                            "C"
                        ],
                        [
                            690.007986,
                            681.273708,
                            "C"
                        ],
                        [
                            384.308245,
                            703.733281,
                            "C"
                        ],
                        [
                            637.602316,
                            417.997605,
                            "L"
                        ]
                    ]
                },
                {
                    "category": "lane/road curb",
                    "id": 11,
                    "attributes": {
                        "direction": "parallel",
                        "style": "solid"
                    },
                    "poly2d": [
                        [
                            125.870479,
                            499.486029,
                            "L"
                        ],
                        [
                            0,
                            530.454163,
                            "L"
                        ]
                    ]
                },
                {
                    "category": "lane/road curb",
                    "id": 12,
                    "attributes": {
                        "direction": "parallel",
                        "style": "solid"
                    },
                    "poly2d": [
                        [
                            433.553873,
                            438.548733,
                            "L"
                        ],
                        [
                            325.664891,
                            454.532286,
                            "L"
                        ]
                    ]
                },
                {
                    "category": "lane/double yellow",
                    "id": 13,
                    "attributes": {
                        "direction": "parallel",
                        "style": "solid"
                    },
                    "poly2d": [
                        [
                            628.353424,
                            417.57032,
                            "L"
                        ],
                        [
                            455.531258,
                            623.358564,
                            "L"
                        ]
                    ]
                },
                {
                    "category": "lane/double yellow",
                    "id": 14,
                    "attributes": {
                        "direction": "parallel",
                        "style": "solid"
                    },
                    "poly2d": [
                        [
                            621.36062,
                            417.57032,
                            "L"
                        ],
                        [
                            396.591907,
                            621.36062,
                            "L"
                        ]
                    ]
                }
            ]
        }
    ],
    "attributes": {
        "weather": "clear",
        "scene": "residential",
        "timeofday": "daytime"
    }
}