{
    "name": "0efe0129-c499802e",
    "frames": [
        {
            "timestamp": 10000,
            "objects": [
                {
                    "category": "traffic light",
                    "id": 0,
                    "attributes": {
                        "occluded": false,
                        "truncated": false,
                        "trafficLightColor": "yellow"
                    },
                    "box2d": {
                        "x1": 757.25528,
                        "y1": 320.339975,
                        "x2": 765.328364,
                        "y2": 333.256909
                    }
                },
                {
                    "category": "traffic light",
                    "id": 1,
                    "attributes": {
                        "occluded": false,
                        "truncated": false,
                        "trafficLightColor": "yellow"
                    },
                    "box2d": {
                        "x1": 764.682526,
                        "y1": 320.339989,
                        "x2": 771.140993,
                        "y2": 333.256924
                    }
                },
                {
                    "category": "traffic sign",
                    "id": 2,
                    "attributes": {
                        "occluded": false,
                        "truncated": false,
                        "trafficLightColor": "none"
                    },
                    "box2d": {
                        "x1": 863.174151,
                        "y1": 302.579191,
                        "x2": 880.934938,
                        "y2": 318.72536
                    }
                },
                {
                    "category": "truck",
                    "id": 3,
                    "attributes": {
                        "occluded": false,
                        "truncated": false,
                        "trafficLightColor": "none"
                    },
                    "box2d": {
                        "x1": 748.859302,
                        "y1": 377.820334,
                        "x2": 771.463938,
                        "y2": 387.508036
                    }
                },
                {
                    "category": "car",
                    "id": 4,
                    "attributes": {
                        "occluded": true,
                        "truncated": false,
                        "trafficLightColor": "none"
                    },
                    "box2d": {
                        "x1": 744.015451,
                        "y1": 384.278799,
                        "x2": 776.307787,
                        "y2": 414.956517
                    }
                },
                {
                    "category": "car",
                    "id": 5,
                    "attributes": {
                        "occluded": false,
                        "truncated": false,
                        "trafficLightColor": "none"
                    },
                    "box2d": {
                        "x1": 767.481203,
                        "y1": 369.20905,
                        "x2": 841.753576,
                        "y2": 435.408339
                    }
                },
                {
                    "category": "person",
                    "id": 6,
                    "attributes": {
                        "occluded": false,
                        "truncated": false,
                        "trafficLightColor": "none"
                    },
                    "box2d": {
                        "x1": 878.674484,
                        "y1": 373.622343,
                        "x2": 885.132951,
                        "y2": 404.300062
                    }
                },
                {
                    "category": "person",
                    "id": 7,
                    "attributes": {
                        "occluded": false,
                        "truncated": false,
                        "trafficLightColor": "none"
                    },
                    "box2d": {
                        "x1": 883.518333,
                        "y1": 372.007726,
                        "x2": 904.508353,
                        "y2": 405.914678
                    }
                },
                {
                    "category": "person",
                    "id": 8,
                    "attributes": {
                        "occluded": false,
                        "truncated": false,
                        "trafficLightColor": "none"
                    },
                    "box2d": {
                        "x1": 902.893736,
                        "y1": 370.393108,
                        "x2": 917.425287,
                        "y2": 402.685444
                    }
                },
                {
                    "category": "person",
                    "id": 9,
                    "attributes": {
                        "occluded": true,
                        "truncated": false,
                        "trafficLightColor": "none"
                    },
                    "box2d": {
                        "x1": 917.748182,
                        "y1": 363.611698,
                        "x2": 938.7382,
                        "y2": 405.591736
                    }
                },
                {
                    "category": "person",
                    "id": 10,
                    "attributes": {
                        "occluded": true,
                        "truncated": false,
                        "trafficLightColor": "none"
                    },
                    "box2d": {
                        "x1": 937.123583,
                        "y1": 352.309381,
                        "x2": 974.25977,
                        "y2": 405.591736
                    }
                },
                {
                    "category": "motor",
                    "id": 11,
                    "attributes": {
                        "occluded": true,
                        "truncated": false,
                        "trafficLightColor": "none"
                    },
                    "box2d": {
                        "x1": 846.705042,
                        "y1": 376.528635,
                        "x2": 867.695061,
                        "y2": 426.581755
                    }
                },
                {
                    "category": "car",
                    "id": 12,
                    "attributes": {
                        "occluded": true,
                        "truncated": false,
                        "trafficLightColor": "none"
                    },
                    "box2d": {
                        "x1": 720.657293,
                        "y1": 377.282128,
                        "x2": 761.022714,
                        "y2": 480.617602
                    }
                },
                {
                    "category": "car",
                    "id": 13,
                    "attributes": {
                        "occluded": false,
                        "truncated": true,
                        "trafficLightColor": "none"
                    },
                    "box2d": {
                        "x1": 919.255158,
                        "y1": 309.46822,
                        "x2": 1279.314706,
                        "y2": 516.13917
                    }
                },
                {
                    "category": "car",
                    "id": 14,
                    "attributes": {
                        "occluded": false,
                        "truncated": true,
                        "trafficLightColor": "none"
                    },
                    "box2d": {
                        "x1": 254.033035,
                        "y1": 293.322053,
                        "x2": 756.178861,
                        "y2": 562.963058
                    }
                },
                {
                    "category": "truck",
                    "id": 15,
                    "attributes": {
                        "occluded": false,
                        "truncated": true,
                        "trafficLightColor": "none"
                    },
                    "box2d": {
                        "x1": 1.190785,
                        "y1": 340.684146,
                        "x2": 267.602558,
                        "y2": 590.949751
                    }
                },
                {
                    "category": "area/alternative",
                    "id": 16,
                    "attributes": {},
                    "poly2d": [
                        [
                            768.381493,
                            447.187193,
                            "L"
                        ],
                        [
                            849.381437,
                            440.437197,
                            "L"
                        ],
                        [
                            911.818894,
                            455.624687,
                            "L"
                        ],
                        [
                            921.943887,
                            512.999647,
                            "L"
                        ],
                        [
                            763.318996,
                            519.749643,
                            "L"
                        ],
                        [
                            768.381493,
                            447.187193,
                            "L"
                        ]
                    ]
                },
                {
                    "category": "lane/road curb",
                    "id": 17,
                    "attributes": {
                        "direction": "parallel",
                        "style": "solid"
                    },
                    "poly2d": [
                        [
                            842.955339,
                            432.925211,
                            "L"
                        ],
                        [
                            922.047445,
                            462.064408,
                            "L"
                        ]
                    ]
                }
            ]
        }
    ],
    "attributes": {
        "weather": "rainy",
        "scene": "city street",
        "timeofday": "daytime"
    }
}