{
    "name": "0f026efa-37f39d4a",
    "frames": [
        {
            "timestamp": 10000,
            "objects": [
                {
                    "category": "traffic light",
                    "id": 0,
                    "attributes": {
                        "occluded": false,
                        "truncated": false,
                        "trafficLightColor": "green"
                    },
                    "box2d": {
                        "x1": 1218.606188,
                        "y1": 187.649866,
                        "x2": 1272.60615,
                        "y2": 231.524836
                    }
                },
                {
                    "category": "traffic light",
                    "id": 1,
                    "attributes": {
                        "occluded": true,
                        "truncated": false,
                        "trafficLightColor": "red"
                    },
                    "box2d": {
                        "x1": 1157.85623,
                        "y1": 192.712361,
                        "x2": 1189.918708,
                        "y2": 239.962329
                    }
                },
                {
                    "category": "traffic light",
                    "id": 2,
                    "attributes": {
                        "occluded": false,
                        "truncated": false,
                        "trafficLightColor": "green"
                    },
                    "box2d": {
                        "x1": 410.294244,
                        "y1": 278.774803,
                        "x2": 418.731738,
                        "y2": 295.649791
                    }
                },
                {
                    "category": "traffic light",
                    "id": 3,
                    "attributes": {
                        "occluded": false,
                        "truncated": false,
                        "trafficLightColor": "none"
                    },
                    "box2d": {
                        "x1": 401.85675,
                        "y1": 275.399807,
                        "x2": 411.981743,
                        "y2": 297.337289
                    }
                },
                {
                    "category": "traffic sign",
                    "id": 4,
                    "attributes": {
                        "occluded": false,
                        "truncated": false,
                        "trafficLightColor": "none"
                    },
                    "box2d": {
                        "x1": 359.669279,
                        "y1": 283.8373,
                        "x2": 388.356759,
                        "y2": 295.649791
                    }
                },
                {
                    "category": "traffic sign",
                    "id": 5,
                    "attributes": {
                        "occluded": false,
                        "truncated": false,
                        "trafficLightColor": "none"
                    },
                    "box2d": {
                        "x1": 1210.168694,
                        "y1": 81.337439,
                        "x2": 1265.856156,
                        "y2": 104.962423
                    }
                },
                {
                    "category": "traffic sign",
                    "id": 6,
                    "attributes": {
                        "occluded": false,
                        "truncated": false,
                        "trafficLightColor": "none"
                    },
                    "box2d": {
                        "x1": 1156.168731,
                        "y1": 64.46245,
                        "x2": 1184.856212,
                        "y2": 98.212426
                    }
                },
                {
                    "category": "traffic sign",
                    "id": 7,
                    "attributes": {
                        "occluded": false,
                        "truncated": false,
                        "trafficLightColor": "none"
                    },
                    "box2d": {
                        "x1": 1157.85623,
                        "y1": 23.962477,
                        "x2": 1247.293669,
                        "y2": 52.649959
                    }
                },
                {
                    "category": "person",
                    "id": 8,
                    "attributes": {
                        "occluded": true,
                        "truncated": false,
                        "trafficLightColor": "none"
                    },
                    "box2d": {
                        "x1": 1157.85623,
                        "y1": 317.587278,
                        "x2": 1189.918708,
                        "y2": 405.337217
                    }
                },
                {
                    "category": "person",
                    "id": 9,
                    "attributes": {
                        "occluded": true,
                        "truncated": false,
                        "trafficLightColor": "none"
                    },
                    "box2d": {
                        "x1": 1161.231228,
                        "y1": 297.337291,
                        "x2": 1184.856212,
                        "y2": 388.462227
                    }
                },
                {
                    "category": "person",
                    "id": 10,
                    "attributes": {
                        "occluded": true,
                        "truncated": false,
                        "trafficLightColor": "none"
                    },
                    "box2d": {
                        "x1": 1097.106272,
                        "y1": 300.712288,
                        "x2": 1124.106252,
                        "y2": 393.524724
                    }
                },
                {
                    "category": "person",
                    "id": 11,
                    "attributes": {
                        "occluded": true,
                        "truncated": false,
                        "trafficLightColor": "none"
                    },
                    "box2d": {
                        "x1": 1017.793826,
                        "y1": 310.837281,
                        "x2": 1029.606318,
                        "y2": 359.774749
                    }
                },
                {
                    "category": "person",
                    "id": 12,
                    "attributes": {
                        "occluded": true,
                        "truncated": false,
                        "trafficLightColor": "none"
                    },
                    "box2d": {
                        "x1": 1022.856323,
                        "y1": 307.462284,
                        "x2": 1046.481308,
                        "y2": 378.337235
                    }
                },
                {
                    "category": "person",
                    "id": 13,
                    "attributes": {
                        "occluded": false,
                        "truncated": false,
                        "trafficLightColor": "none"
                    },
                    "box2d": {
                        "x1": 1097.106272,
                        "y1": 302.399787,
                        "x2": 1161.231228,
                        "y2": 491.399657
                    }
                },
                {
                    "category": "person",
                    "id": 14,
                    "attributes": {
                        "occluded": false,
                        "truncated": false,
                        "trafficLightColor": "none"
                    },
                    "box2d": {
                        "x1": 1049.856304,
                        "y1": 285.524799,
                        "x2": 1098.793771,
                        "y2": 482.962163
                    }
                },
                {
                    "category": "person",
                    "id": 15,
                    "attributes": {
                        "occluded": true,
                        "truncated": true,
                        "trafficLightColor": "none"
                    },
                    "box2d": {
                        "x1": 1242.231172,
                        "y1": 317.587278,
                        "x2": 1279.356148,
                        "y2": 442.462191
                    }
                },
                {
                    "category": "car",
                    "id": 16,
                    "attributes": {
                        "occluded": true,
                        "truncated": false,
                        "trafficLightColor": "none"
                    },
                    "box2d": {
                        "x1": 489.606691,
                        "y1": 322.649773,
                        "x2": 513.231674,
                        "y2": 334.462265
                    }
                },
                {
                    "category": "car",
                    "id": 17,
                    "attributes": {
                        "occluded": true,
                        "truncated": false,
                        "trafficLightColor": "none"
                    },
                    "box2d": {
                        "x1": 484.544192,
                        "y1": 320.962274,
                        "x2": 545.29415,
                        "y2": 366.524742
                    }
                },
                {
                    "category": "car",
                    "id": 18,
                    "attributes": {
                        "occluded": true,
                        "truncated": false,
                        "trafficLightColor": "none"
                    },
                    "box2d": {
                        "x1": 455.856712,
                        "y1": 327.71227,
                        "x2": 503.106679,
                        "y2": 368.212242
                    }
                },
                {
                    "category": "car",
                    "id": 19,
                    "attributes": {
                        "occluded": true,
                        "truncated": false,
                        "trafficLightColor": "none"
                    },
                    "box2d": {
                        "x1": 341.106792,
                        "y1": 314.212279,
                        "x2": 459.23171,
                        "y2": 400.27472
                    }
                },
                {
                    "category": "car",
                    "id": 20,
                    "attributes": {
                        "occluded": true,
                        "truncated": false,
                        "trafficLightColor": "none"
                    },
                    "box2d": {
                        "x1": 148.731924,
                        "y1": 314.212279,
                        "x2": 359.669279,
                        "y2": 450.899685
                    }
                },
                {
                    "category": "car",
                    "id": 21,
                    "attributes": {
                        "occluded": false,
                        "truncated": true,
                        "trafficLightColor": "none"
                    },
                    "box2d": {
                        "x1": 474.4192,
                        "y1": 164.024881,
                        "x2": 1071.793789,
                        "y2": 646.649549
                    }
                },
                {
                    "category": "truck",
                    "id": 22,
                    "attributes": {
                        "occluded": false,
                        "truncated": true,
                        "trafficLightColor": "none"
                    },
                    "box2d": {
                        "x1": 0,
                        "y1": 93.14993,
                        "x2": 167.29441,
                        "y2": 550.462115
                    }
                },
                {
                    "category": "bus",
                    "id": 23,
                    "attributes": {
                        "occluded": true,
                        "truncated": false,
                        "trafficLightColor": "none"
                    },
                    "box2d": {
                        "x1": 79.667906,
                        "y1": 234.620739,
                        "x2": 356.829768,
                        "y2": 355.798484
                    }
                },
                {
                    "category": "lane/crosswalk",
                    "id": 24,
                    "attributes": {
                        "direction": "vertical",
                        "style": "dashed"
                    },
                    "poly2d": [
                        [
                            489.593169,
                            512.292205,
                            "L"
                        ],
                        [
                            145.530437,
                            516.783944,
                            "L"
                        ]
                    ]
                },
                {
                    "category": "lane/crosswalk",
                    "id": 25,
                    "attributes": {
                        "direction": "vertical",
                        "style": "dashed"
                    },
                    "poly2d": [
                        [
                            491.389841,
                            445.814466,
                            "L"
                        ],
                        [
                            265.00914,
                            449.407856,
                            "L"
                        ]
                    ]
                },
                {
                    "category": "lane/crosswalk",
                    "id": 26,
                    "attributes": {
                        "direction": "vertical",
                        "style": "dashed"
                    },
                    "poly2d": [
                        [
                            1276.535606,
                            530.259161,
                            "L"
                        ],
                        [
                            1066.324955,
                            522.17403,
                            "L"
                        ]
                    ]
                },
                {
                    "category": "lane/crosswalk",
                    "id": 27,
                    "attributes": {
                        "direction": "vertical",
                        "style": "dashed"
                    },
                    "poly2d": [
                        [
                            1268.45058,
                            522.17403,
                            "L"
                        ],
                        [
                            1069.918299,
                            516.783944,
                            "L"
                        ]
                    ]
                },
                {
                    "category": "lane/single white",
                    "id": 28,
                    "attributes": {
                        "direction": "parallel",
                        "style": "solid"
                    },
                    "poly2d": [
                        [
                            467.134766,
                            421.559073,
                            "L"
                        ],
                        [
                            440.184683,
                            445.814466,
                            "L"
                        ]
                    ]
                },
                {
                    "category": "lane/single white",
                    "id": 29,
                    "attributes": {
                        "direction": "parallel",
                        "style": "solid"
                    },
                    "poly2d": [
                        [
                            474.321455,
                            425.152466,
                            "L"
                        ],
                        [
                            450.066379,
                            444.916118,
                            "L"
                        ]
                    ]
                }
            ]
        }
    ],
    "attributes": {
        "weather": "overcast",
        "scene": "city street",
        "timeofday": "daytime"
    }
}