{
    "name": "0f06d2de-7b9b4397",
    "frames": [
        {
            "timestamp": 10000,
            "objects": [
                {
                    "category": "traffic light",
                    "id": 0,
                    "attributes": {
                        "occluded": false,
                        "truncated": false,
                        "trafficLightColor": "green"
                    },
                    "box2d": {
                        "x1": 423.794235,
                        "y1": 172.462376,
                        "x2": 435.606728,
                        "y2": 192.712363
                    }
                },
                {
                    "category": "traffic light",
                    "id": 1,
                    "attributes": {
                        "occluded": false,
                        "truncated": false,
                        "trafficLightColor": "green"
                    },
                    "box2d": {
                        "x1": 415.356742,
                        "y1": 214.649847,
                        "x2": 423.794235,
                        "y2": 229.837337
                    }
                },
                {
                    "category": "traffic sign",
                    "id": 2,
                    "attributes": {
                        "occluded": false,
                        "truncated": false,
                        "trafficLightColor": "none"
                    },
                    "box2d": {
                        "x1": 496.356685,
                        "y1": 185.962366,
                        "x2": 516.606672,
                        "y2": 206.212353
                    }
                },
                {
                    "category": "traffic sign",
                    "id": 3,
                    "attributes": {
                        "occluded": false,
                        "truncated": false,
                        "trafficLightColor": "none"
                    },
                    "box2d": {
                        "x1": 538.544156,
                        "y1": 206.212353,
                        "x2": 557.106643,
                        "y2": 219.712344
                    }
                },
                {
                    "category": "traffic sign",
                    "id": 4,
                    "attributes": {
                        "occluded": false,
                        "truncated": false,
                        "trafficLightColor": "none"
                    },
                    "box2d": {
                        "x1": 622.919098,
                        "y1": 197.774859,
                        "x2": 631.356592,
                        "y2": 214.649847
                    }
                },
                {
                    "category": "traffic sign",
                    "id": 5,
                    "attributes": {
                        "occluded": false,
                        "truncated": false,
                        "trafficLightColor": "none"
                    },
                    "box2d": {
                        "x1": 428.85673,
                        "y1": 216.337347,
                        "x2": 438.981723,
                        "y2": 229.837338
                    }
                },
                {
                    "category": "person",
                    "id": 6,
                    "attributes": {
                        "occluded": true,
                        "truncated": false,
                        "trafficLightColor": "none"
                    },
                    "box2d": {
                        "x1": 1080.231284,
                        "y1": 287.212297,
                        "x2": 1129.16875,
                        "y2": 358.087249
                    }
                },
                {
                    "category": "person",
                    "id": 7,
                    "attributes": {
                        "occluded": true,
                        "truncated": false,
                        "trafficLightColor": "none"
                    },
                    "box2d": {
                        "x1": 1154.481233,
                        "y1": 285.524799,
                        "x2": 1211.856194,
                        "y2": 353.024752
                    }
                },
                {
                    "category": "bike",
                    "id": 8,
                    "attributes": {
                        "occluded": true,
                        "truncated": false,
                        "trafficLightColor": "none"
                    },
                    "box2d": {
                        "x1": 840.606448,
                        "y1": 324.337272,
                        "x2": 887.856416,
                        "y2": 378.337234
                    }
                },
                {
                    "category": "car",
                    "id": 9,
                    "attributes": {
                        "occluded": true,
                        "truncated": false,
                        "trafficLightColor": "none"
                    },
                    "box2d": {
                        "x1": 307.356815,
                        "y1": 250.087323,
                        "x2": 341.106793,
                        "y2": 282.1498
                    }
                },
                {
                    "category": "car",
                    "id": 10,
                    "attributes": {
                        "occluded": true,
                        "truncated": false,
                        "trafficLightColor": "none"
                    },
                    "box2d": {
                        "x1": 246.606856,
                        "y1": 239.96233,
                        "x2": 312.41931,
                        "y2": 307.462284
                    }
                },
                {
                    "category": "car",
                    "id": 11,
                    "attributes": {
                        "occluded": true,
                        "truncated": false,
                        "trafficLightColor": "none"
                    },
                    "box2d": {
                        "x1": 401.85675,
                        "y1": 251.774822,
                        "x2": 422.106737,
                        "y2": 272.024808
                    }
                },
                {
                    "category": "truck",
                    "id": 12,
                    "attributes": {
                        "occluded": true,
                        "truncated": false,
                        "trafficLightColor": "none"
                    },
                    "box2d": {
                        "x1": 368.106773,
                        "y1": 239.96233,
                        "x2": 393.419255,
                        "y2": 255.14982
                    }
                },
                {
                    "category": "truck",
                    "id": 13,
                    "attributes": {
                        "occluded": true,
                        "truncated": false,
                        "trafficLightColor": "none"
                    },
                    "box2d": {
                        "x1": 314.10681,
                        "y1": 216.337347,
                        "x2": 363.044278,
                        "y2": 273.712308
                    }
                },
                {
                    "category": "truck",
                    "id": 14,
                    "attributes": {
                        "occluded": true,
                        "truncated": false,
                        "trafficLightColor": "none"
                    },
                    "box2d": {
                        "x1": 435.606727,
                        "y1": 238.274832,
                        "x2": 469.356704,
                        "y2": 268.64981
                    }
                },
                {
                    "category": "car",
                    "id": 15,
                    "attributes": {
                        "occluded": false,
                        "truncated": false,
                        "trafficLightColor": "none"
                    },
                    "box2d": {
                        "x1": 425.481734,
                        "y1": 258.524817,
                        "x2": 477.794198,
                        "y2": 309.149782
                    }
                },
                {
                    "category": "car",
                    "id": 16,
                    "attributes": {
                        "occluded": false,
                        "truncated": false,
                        "trafficLightColor": "none"
                    },
                    "box2d": {
                        "x1": 346.169288,
                        "y1": 251.774822,
                        "x2": 422.106735,
                        "y2": 319.274774
                    }
                },
                {
                    "category": "car",
                    "id": 17,
                    "attributes": {
                        "occluded": false,
                        "truncated": false,
                        "trafficLightColor": "none"
                    },
                    "box2d": {
                        "x1": 489.60669,
                        "y1": 266.962312,
                        "x2": 697.169047,
                        "y2": 420.524707
                    }
                },
                {
                    "category": "truck",
                    "id": 18,
                    "attributes": {
                        "occluded": true,
                        "truncated": false,
                        "trafficLightColor": "none"
                    },
                    "box2d": {
                        "x1": 570.606634,
                        "y1": 226.462339,
                        "x2": 636.419089,
                        "y2": 277.087304
                    }
                },
                {
                    "category": "truck",
                    "id": 19,
                    "attributes": {
                        "occluded": true,
                        "truncated": false,
                        "trafficLightColor": "none"
                    },
                    "box2d": {
                        "x1": 624.606597,
                        "y1": 142.087396,
                        "x2": 897.981408,
                        "y2": 393.524723
                    }
                },
                {
                    "category": "truck",
                    "id": 20,
                    "attributes": {
                        "occluded": false,
                        "truncated": true,
                        "trafficLightColor": "none"
                    },
                    "box2d": {
                        "x1": 0,
                        "y1": 10.462488,
                        "x2": 270.23184,
                        "y2": 358.087248
                    }
                },
                {
                    "category": "car",
                    "id": 21,
                    "attributes": {
                        "occluded": false,
                        "truncated": true,
                        "trafficLightColor": "none"
                    },
                    "box2d": {
                        "x1": 1061.668796,
                        "y1": 258.524817,
                        "x2": 1279.356148,
                        "y2": 523.462134
                    }
                },
                {
                    "category": "area/alternative",
                    "id": 22,
                    "attributes": {},
                    "poly2d": [
                        [
                            192.154123,
                            381.812737,
                            "L"
                        ],
                        [
                            0,
                            502.844879,
                            "L"
                        ],
                        [
                            0,
                            365.591935,
                            "L"
                        ],
                        [
                            192.154123,
                            381.812737,
                            "L"
                        ]
                    ]
                },
                {
                    "category": "area/alternative",
                    "id": 23,
                    "attributes": {},
                    "poly2d": [
                        [
                            517.817928,
                            432.970653,
                            "L"
                        ],
                        [
                            698.742264,
                            673.787183,
                            "L"
                        ],
                        [
                            872.180076,
                            719.954083,
                            "L"
                        ],
                        [
                            1280.195648,
                            719.954083,
                            "L"
                        ],
                        [
                            1280.195648,
                            666.300659,
                            "L"
                        ],
                        [
                            749.90018,
                            421.740866,
                            "L"
                        ],
                        [
                            517.817928,
                            432.970653,
                            "L"
                        ]
                    ]
                },
                {
                    "category": "area/drivable",
                    "id": 24,
                    "attributes": {},
                    "poly2d": [
                        [
                            305.69974,
                            318.177281,
                            "L"
                        ],
                        [
                            0,
                            521.56119,
                            "L"
                        ],
                        [
                            1.247754,
                            658.814135,
                            "L"
                        ],
                        [
                            212.118187,
                            630.115792,
                            "C"
                        ],
                        [
                            462.91675,
                            647.584348,
                            "C"
                        ],
                        [
                            673.787183,
                            666.300659,
                            "C"
                        ],
                        [
                            427.979637,
                            324.416051,
                            "L"
                        ],
                        [
                            305.69974,
                            318.177281,
                            "L"
                        ]
                    ]
                },
                {
                    "category": "area/alternative",
                    "id": 25,
                    "attributes": {},
                    "poly2d": [
                        [
                            723.697345,
                            403.024556,
                            "L"
                        ],
                        [
                            863.445798,
                            395.538032,
                            "L"
                        ],
                        [
                            1051.856658,
                            445.448193,
                            "L"
                        ],
                        [
                            1088.041525,
                            562.737073,
                            "L"
                        ],
                        [
                            723.697345,
                            403.024556,
                            "L"
                        ]
                    ]
                },
                {
                    "category": "lane/road curb",
                    "id": 26,
                    "attributes": {
                        "direction": "parallel",
                        "style": "solid"
                    },
                    "poly2d": [
                        [
                            824.603109,
                            380.814913,
                            "L"
                        ],
                        [
                            1070.29015,
                            451.449938,
                            "L"
                        ]
                    ]
                },
                {
                    "category": "lane/single white",
                    "id": 27,
                    "attributes": {
                        "direction": "parallel",
                        "style": "solid"
                    },
                    "poly2d": [
                        [
                            692.82231,
                            396.996148,
                            "L"
                        ],
                        [
                            1280.6437,
                            666.426099,
                            "L"
                        ]
                    ]
                },
                {
                    "category": "lane/single white",
                    "id": 28,
                    "attributes": {
                        "direction": "parallel",
                        "style": "solid"
                    },
                    "poly2d": [
                        [
                            694.08187,
                            390.028176,
                            "L"
                        ],
                        [
                            1280.6437,
                            647.99957,
                            "L"
                        ]
                    ]
                },
                {
                    "category": "lane/single white",
                    "id": 29,
                    "attributes": {
                        "direction": "parallel",
                        "style": "solid"
                    },
                    "poly2d": [
                        [
                            320.944675,
                            310.179889,
                            "L"
                        ],
                        [
                            130.537219,
                            433.023409,
                            "L"
                        ]
                    ]
                },
                {
                    "category": "lane/single white",
                    "id": 30,
                    "attributes": {
                        "direction": "parallel",
                        "style": "solid"
                    },
                    "poly2d": [
                        [
                            310.195868,
                            310.179889,
                            "L"
                        ],
                        [
                            115.181779,
                            429.952321,
                            "L"
                        ]
                    ]
                },
                {
                    "category": "lane/single white",
                    "id": 31,
                    "attributes": {
                        "direction": "parallel",
                        "style": "solid"
                    },
                    "poly2d": [
                        [
                            422.290579,
                            313.250977,
                            "L"
                        ],
                        [
                            509.816588,
                            439.165585,
                            "L"
                        ]
                    ]
                },
                {
                    "category": "lane/single white",
                    "id": 32,
                    "attributes": {
                        "direction": "parallel",
                        "style": "solid"
                    },
                    "poly2d": [
                        [
                            434.574932,
                            316.322065,
                            "L"
                        ],
                        [
                            525.172029,
                            442.236672,
                            "L"
                        ]
                    ]
                },
                {
                    "category": "lane/single white",
                    "id": 33,
                    "attributes": {
                        "direction": "vertical",
                        "style": "solid"
                    },
                    "poly2d": [
                        [
                            500.603324,
                            317.857609,
                            "L"
                        ],
                        [
                            259.522916,
                            304.037713,
                            "L"
                        ]
                    ]
                }
            ]
        }
    ],
    "attributes": {
        "weather": "rainy",
        "scene": "city street",
        "timeofday": "daytime"
    }
}