{
    "name": "0f11e283-a34ec892",
    "frames": [
        {
            "timestamp": 10000,
            "objects": [
                {
                    "category": "traffic sign",
                    "id": 0,
                    "attributes": {
                        "occluded": false,
                        "truncated": false,
                        "trafficLightColor": "none"
                    },
                    "box2d": {
                        "x1": 184.527217,
                        "y1": 126.544143,
                        "x2": 217.436529,
                        "y2": 138.297468
                    }
                },
                {
                    "category": "traffic sign",
                    "id": 1,
                    "attributes": {
                        "occluded": false,
                        "truncated": false,
                        "trafficLightColor": "none"
                    },
                    "box2d": {
                        "x1": 252.696507,
                        "y1": 183.351883,
                        "x2": 275.027826,
                        "y2": 212.735198
                    }
                },
                {
                    "category": "traffic sign",
                    "id": 2,
                    "attributes": {
                        "occluded": false,
                        "truncated": false,
                        "trafficLightColor": "none"
                    },
                    "box2d": {
                        "x1": 296.575592,
                        "y1": 190.40388,
                        "x2": 308.328917,
                        "y2": 206.858536
                    }
                },
                {
                    "category": "traffic sign",
                    "id": 3,
                    "attributes": {
                        "occluded": false,
                        "truncated": false,
                        "trafficLightColor": "none"
                    },
                    "box2d": {
                        "x1": 468.17416,
                        "y1": 198.631208,
                        "x2": 488.154813,
                        "y2": 206.858536
                    }
                },
                {
                    "category": "traffic sign",
                    "id": 4,
                    "attributes": {
                        "occluded": false,
                        "truncated": false,
                        "trafficLightColor": "none"
                    },
                    "box2d": {
                        "x1": 468.17416,
                        "y1": 208.033868,
                        "x2": 486.979481,
                        "y2": 224.488524
                    }
                },
                {
                    "category": "traffic light",
                    "id": 5,
                    "attributes": {
                        "occluded": false,
                        "truncated": false,
                        "trafficLightColor": "green"
                    },
                    "box2d": {
                        "x1": 189.228548,
                        "y1": 140.648134,
                        "x2": 203.332539,
                        "y2": 171.206781
                    }
                },
                {
                    "category": "traffic light",
                    "id": 6,
                    "attributes": {
                        "occluded": false,
                        "truncated": false,
                        "trafficLightColor": "green"
                    },
                    "box2d": {
                        "x1": 406.665075,
                        "y1": 68.561065,
                        "x2": 420.769066,
                        "y2": 104.996377
                    }
                },
                {
                    "category": "traffic light",
                    "id": 7,
                    "attributes": {
                        "occluded": false,
                        "truncated": false,
                        "trafficLightColor": "red"
                    },
                    "box2d": {
                        "x1": 170.423226,
                        "y1": 182.176552,
                        "x2": 198.631208,
                        "y2": 203.332539
                    }
                },
                {
                    "category": "person",
                    "id": 8,
                    "attributes": {
                        "occluded": true,
                        "truncated": false,
                        "trafficLightColor": "none"
                    },
                    "box2d": {
                        "x1": 155.143902,
                        "y1": 217.82831,
                        "x2": 198.631208,
                        "y2": 314.205582
                    }
                },
                {
                    "category": "person",
                    "id": 9,
                    "attributes": {
                        "occluded": true,
                        "truncated": false,
                        "trafficLightColor": "none"
                    },
                    "box2d": {
                        "x1": 99.903271,
                        "y1": 227.23097,
                        "x2": 115.182595,
                        "y2": 284.822267
                    }
                },
                {
                    "category": "person",
                    "id": 10,
                    "attributes": {
                        "occluded": true,
                        "truncated": false,
                        "trafficLightColor": "none"
                    },
                    "box2d": {
                        "x1": 69.344624,
                        "y1": 221.354308,
                        "x2": 98.727939,
                        "y2": 260.140284
                    }
                },
                {
                    "category": "person",
                    "id": 11,
                    "attributes": {
                        "occluded": true,
                        "truncated": false,
                        "trafficLightColor": "none"
                    },
                    "box2d": {
                        "x1": 38.785975,
                        "y1": 223.704973,
                        "x2": 69.344624,
                        "y2": 247.211624
                    }
                },
                {
                    "category": "person",
                    "id": 12,
                    "attributes": {
                        "occluded": true,
                        "truncated": false,
                        "trafficLightColor": "none"
                    },
                    "box2d": {
                        "x1": 279.729157,
                        "y1": 219.003642,
                        "x2": 305.586475,
                        "y2": 242.510295
                    }
                },
                {
                    "category": "car",
                    "id": 13,
                    "attributes": {
                        "occluded": true,
                        "truncated": false,
                        "trafficLightColor": "none"
                    },
                    "box2d": {
                        "x1": 458.379709,
                        "y1": 221.354308,
                        "x2": 490.11369,
                        "y2": 282.471603
                    }
                },
                {
                    "category": "car",
                    "id": 14,
                    "attributes": {
                        "occluded": true,
                        "truncated": false,
                        "trafficLightColor": "none"
                    },
                    "box2d": {
                        "x1": 399.613081,
                        "y1": 216.652977,
                        "x2": 457.204377,
                        "y2": 261.315614
                    }
                },
                {
                    "category": "car",
                    "id": 15,
                    "attributes": {
                        "occluded": false,
                        "truncated": true,
                        "trafficLightColor": "none"
                    },
                    "box2d": {
                        "x1": 0,
                        "y1": 214.302321,
                        "x2": 222.137858,
                        "y2": 567.293887
                    }
                },
                {
                    "category": "car",
                    "id": 16,
                    "attributes": {
                        "occluded": false,
                        "truncated": false,
                        "trafficLightColor": "none"
                    },
                    "box2d": {
                        "x1": 239.767848,
                        "y1": 222.137858,
                        "x2": 452.503047,
                        "y2": 362.002438
                    }
                },
                {
                    "category": "truck",
                    "id": 17,
                    "attributes": {
                        "occluded": false,
                        "truncated": false,
                        "trafficLightColor": "none"
                    },
                    "box2d": {
                        "x1": 482.893791,
                        "y1": 13.264466,
                        "x2": 763.798279,
                        "y2": 373.252049
                    }
                },
                {
                    "category": "traffic sign",
                    "id": 18,
                    "attributes": {
                        "occluded": false,
                        "truncated": false,
                        "trafficLightColor": "none"
                    },
                    "box2d": {
                        "x1": 791.166769,
                        "y1": 159.173613,
                        "x2": 825.251413,
                        "y2": 170.926938
                    }
                },
                {
                    "category": "traffic sign",
                    "id": 19,
                    "attributes": {
                        "occluded": false,
                        "truncated": false,
                        "trafficLightColor": "none"
                    },
                    "box2d": {
                        "x1": 794.692766,
                        "y1": 177.978932,
                        "x2": 808.796757,
                        "y2": 199.134919
                    }
                },
                {
                    "category": "traffic sign",
                    "id": 20,
                    "attributes": {
                        "occluded": false,
                        "truncated": false,
                        "trafficLightColor": "none"
                    },
                    "box2d": {
                        "x1": 1097.928573,
                        "y1": 14.4398,
                        "x2": 1142.591213,
                        "y2": 60.277771
                    }
                },
                {
                    "category": "traffic light",
                    "id": 21,
                    "attributes": {
                        "occluded": false,
                        "truncated": false,
                        "trafficLightColor": "red"
                    },
                    "box2d": {
                        "x1": 809.132537,
                        "y1": 177.978932,
                        "x2": 833.814521,
                        "y2": 199.134919
                    }
                },
                {
                    "category": "traffic light",
                    "id": 22,
                    "attributes": {
                        "occluded": false,
                        "truncated": false,
                        "trafficLightColor": "none"
                    },
                    "box2d": {
                        "x1": 1101.454572,
                        "y1": 80.258424,
                        "x2": 1122.610559,
                        "y2": 126.096396
                    }
                },
                {
                    "category": "traffic light",
                    "id": 23,
                    "attributes": {
                        "occluded": false,
                        "truncated": false,
                        "trafficLightColor": "none"
                    },
                    "box2d": {
                        "x1": 1133.188553,
                        "y1": 67.329766,
                        "x2": 1200.182511,
                        "y2": 124.921062
                    }
                },
                {
                    "category": "car",
                    "id": 24,
                    "attributes": {
                        "occluded": true,
                        "truncated": false,
                        "trafficLightColor": "none"
                    },
                    "box2d": {
                        "x1": 1080.718316,
                        "y1": 208.201778,
                        "x2": 1186.078519,
                        "y2": 283.423064
                    }
                },
                {
                    "category": "person",
                    "id": 25,
                    "attributes": {
                        "occluded": false,
                        "truncated": false,
                        "trafficLightColor": "none"
                    },
                    "box2d": {
                        "x1": 824.076081,
                        "y1": 216.429106,
                        "x2": 848.758065,
                        "y2": 275.195734
                    }
                },
                {
                    "category": "person",
                    "id": 26,
                    "attributes": {
                        "occluded": false,
                        "truncated": false,
                        "trafficLightColor": "none"
                    },
                    "box2d": {
                        "x1": 999.200636,
                        "y1": 199.97445,
                        "x2": 1037.986611,
                        "y2": 336.31303
                    }
                },
                {
                    "category": "person",
                    "id": 27,
                    "attributes": {
                        "occluded": true,
                        "truncated": false,
                        "trafficLightColor": "none"
                    },
                    "box2d": {
                        "x1": 960.91836,
                        "y1": 208.033868,
                        "x2": 1000.879668,
                        "y2": 312.638469
                    }
                },
                {
                    "category": "person",
                    "id": 28,
                    "attributes": {
                        "occluded": false,
                        "truncated": false,
                        "trafficLightColor": "none"
                    },
                    "box2d": {
                        "x1": 962.093691,
                        "y1": 217.436529,
                        "x2": 992.65234,
                        "y2": 325.567128
                    }
                },
                {
                    "category": "person",
                    "id": 29,
                    "attributes": {
                        "occluded": true,
                        "truncated": false,
                        "trafficLightColor": "none"
                    },
                    "box2d": {
                        "x1": 772.193529,
                        "y1": 217.436529,
                        "x2": 789.823519,
                        "y2": 260.923835
                    }
                },
                {
                    "category": "area/drivable",
                    "id": 30,
                    "attributes": {},
                    "poly2d": [
                        [
                            327.692071,
                            504.116425,
                            "L"
                        ],
                        [
                            521.461821,
                            486.787424,
                            "C"
                        ],
                        [
                            683.724296,
                            486.787424,
                            "C"
                        ],
                        [
                            844.411406,
                            493.088879,
                            "C"
                        ],
                        [
                            767.218579,
                            393.840958,
                            "L"
                        ],
                        [
                            437.967538,
                            395.416321,
                            "L"
                        ],
                        [
                            327.692071,
                            504.116425,
                            "L"
                        ]
                    ]
                },
                {
                    "category": "area/alternative",
                    "id": 31,
                    "attributes": {},
                    "poly2d": [
                        [
                            759.341759,
                            365.484409,
                            "L"
                        ],
                        [
                            890.096957,
                            494.664243,
                            "L"
                        ],
                        [
                            1071.263798,
                            497.814971,
                            "C"
                        ],
                        [
                            1123.250804,
                            510.417882,
                            "C"
                        ],
                        [
                            1280.770794,
                            541.925158,
                            "C"
                        ],
                        [
                            1280.770794,
                            441.101872,
                            "L"
                        ],
                        [
                            962.563694,
                            341.85395,
                            "L"
                        ],
                        [
                            959.412965,
                            293.017672,
                            "L"
                        ],
                        [
                            759.341759,
                            302.469856,
                            "L"
                        ],
                        [
                            759.341759,
                            365.484409,
                            "L"
                        ]
                    ]
                },
                {
                    "category": "lane/road curb",
                    "id": 32,
                    "attributes": {
                        "direction": "parallel",
                        "style": "solid"
                    },
                    "poly2d": [
                        [
                            983.997792,
                            347.464037,
                            "L"
                        ],
                        [
                            1280.524791,
                            444.813875,
                            "L"
                        ]
                    ]
                },
                {
                    "category": "lane/road curb",
                    "id": 33,
                    "attributes": {
                        "direction": "parallel",
                        "style": "solid"
                    },
                    "poly2d": [
                        [
                            753.353561,
                            283.063375,
                            "C"
                        ],
                        [
                            774.321219,
                            316.012551,
                            "C"
                        ],
                        [
                            1040.910005,
                            284.561065,
                            "C"
                        ],
                        [
                            1189.181297,
                            280.067995,
                            "L"
                        ]
                    ]
                },
                {
                    "category": "lane/single white",
                    "id": 34,
                    "attributes": {
                        "direction": "vertical",
                        "style": "solid"
                    },
                    "poly2d": [
                        [
                            217.180607,
                            401.38087,
                            "L"
                        ],
                        [
                            1151.739052,
                            407.371629,
                            "L"
                        ]
                    ]
                },
                {
                    "category": "lane/single white",
                    "id": 35,
                    "attributes": {
                        "direction": "vertical",
                        "style": "solid"
                    },
                    "poly2d": [
                        [
                            215.682918,
                            387.901663,
                            "L"
                        ],
                        [
                            1126.278326,
                            398.385491,
                            "L"
                        ]
                    ]
                },
                {
                    "category": "lane/single white",
                    "id": 36,
                    "attributes": {
                        "direction": "parallel",
                        "style": "solid"
                    },
                    "poly2d": [
                        [
                            322.018895,
                            509.214536,
                            "L"
                        ],
                        [
                            429.852561,
                            401.38087,
                            "L"
                        ]
                    ]
                },
                {
                    "category": "lane/single white",
                    "id": 37,
                    "attributes": {
                        "direction": "parallel",
                        "style": "solid"
                    },
                    "poly2d": [
                        [
                            411.880284,
                            405.873939,
                            "L"
                        ],
                        [
                            296.558168,
                            512.209916,
                            "L"
                        ]
                    ]
                },
                {
                    "category": "lane/single white",
                    "id": 38,
                    "attributes": {
                        "direction": "parallel",
                        "style": "solid"
                    },
                    "poly2d": [
                        [
                            847.708019,
                            498.730708,
                            "L"
                        ],
                        [
                            769.82815,
                            402.87856,
                            "L"
                        ]
                    ]
                },
                {
                    "category": "lane/single white",
                    "id": 39,
                    "attributes": {
                        "direction": "parallel",
                        "style": "solid"
                    },
                    "poly2d": [
                        [
                            886.647955,
                            494.237637,
                            "L"
                        ],
                        [
                            799.781945,
                            407.371629,
                            "L"
                        ]
                    ]
                },
                {
                    "category": "lane/crosswalk",
                    "id": 40,
                    "attributes": {
                        "direction": "vertical",
                        "style": "dashed"
                    },
                    "poly2d": [
                        [
                            759.34432,
                            359.445555,
                            "L"
                        ],
                        [
                            994.481621,
                            362.440936,
                            "L"
                        ]
                    ]
                },
                {
                    "category": "lane/crosswalk",
                    "id": 41,
                    "attributes": {
                        "direction": "vertical",
                        "style": "dashed"
                    },
                    "poly2d": [
                        [
                            753.353561,
                            324.998689,
                            "L"
                        ],
                        [
                            897.131783,
                            320.50562,
                            "L"
                        ]
                    ]
                },
                {
                    "category": "lane/crosswalk",
                    "id": 42,
                    "attributes": {
                        "direction": "vertical",
                        "style": "dashed"
                    },
                    "poly2d": [
                        [
                            877.661816,
                            301.035652,
                            "L"
                        ],
                        [
                            986.993172,
                            327.994069,
                            "L"
                        ]
                    ]
                },
                {
                    "category": "lane/crosswalk",
                    "id": 43,
                    "attributes": {
                        "direction": "vertical",
                        "style": "dashed"
                    },
                    "poly2d": [
                        [
                            1145.748292,
                            286.058753,
                            "L"
                        ],
                        [
                            1186.185918,
                            295.044893,
                            "L"
                        ]
                    ]
                },
                {
                    "category": "lane/crosswalk",
                    "id": 44,
                    "attributes": {
                        "direction": "vertical",
                        "style": "dashed"
                    },
                    "poly2d": [
                        [
                            417.871043,
                            353.454796,
                            "L"
                        ],
                        [
                            501.741672,
                            359.445555,
                            "L"
                        ]
                    ]
                },
                {
                    "category": "lane/crosswalk",
                    "id": 45,
                    "attributes": {
                        "direction": "vertical",
                        "style": "dashed"
                    },
                    "poly2d": [
                        [
                            450.820218,
                            317.51024,
                            "L"
                        ],
                        [
                            492.755534,
                            323.501,
                            "L"
                        ]
                    ]
                },
                {
                    "category": "lane/crosswalk",
                    "id": 46,
                    "attributes": {
                        "direction": "vertical",
                        "style": "dashed"
                    },
                    "poly2d": [
                        [
                            202.20371,
                            356.450176,
                            "L"
                        ],
                        [
                            254.622854,
                            357.947865,
                            "L"
                        ]
                    ]
                }
            ]
        }
    ],
    "attributes": {
        "weather": "undefined",
        "scene": "city street",
        "timeofday": "daytime"
    }
}