{
    "name": "0f1359f1-203c30d4",
    "frames": [
        {
            "timestamp": 10000,
            "objects": [
                {
                    "category": "person",
                    "id": 0,
                    "attributes": {
                        "occluded": false,
                        "truncated": false,
                        "trafficLightColor": "none"
                    },
                    "box2d": {
                        "x1": 928.356389,
                        "y1": 280.462302,
                        "x2": 970.54386,
                        "y2": 395.212223
                    }
                },
                {
                    "category": "traffic sign",
                    "id": 1,
                    "attributes": {
                        "occluded": false,
                        "truncated": false,
                        "trafficLightColor": "none"
                    },
                    "box2d": {
                        "x1": 855.793938,
                        "y1": 88.087434,
                        "x2": 918.231396,
                        "y2": 155.587388
                    }
                },
                {
                    "category": "traffic sign",
                    "id": 2,
                    "attributes": {
                        "occluded": false,
                        "truncated": false,
                        "trafficLightColor": "none"
                    },
                    "box2d": {
                        "x1": 113.294447,
                        "y1": 223.087342,
                        "x2": 167.29441,
                        "y2": 239.962329
                    }
                },
                {
                    "category": "traffic sign",
                    "id": 3,
                    "attributes": {
                        "occluded": false,
                        "truncated": false,
                        "trafficLightColor": "none"
                    },
                    "box2d": {
                        "x1": 187.544398,
                        "y1": 152.21239,
                        "x2": 314.10681,
                        "y2": 175.837374
                    }
                },
                {
                    "category": "traffic sign",
                    "id": 4,
                    "attributes": {
                        "occluded": false,
                        "truncated": false,
                        "trafficLightColor": "none"
                    },
                    "box2d": {
                        "x1": 607.499582,
                        "y1": 235.912329,
                        "x2": 646.312056,
                        "y2": 246.037322
                    }
                },
                {
                    "category": "traffic sign",
                    "id": 5,
                    "attributes": {
                        "occluded": false,
                        "truncated": false,
                        "trafficLightColor": "none"
                    },
                    "box2d": {
                        "x1": 636.187063,
                        "y1": 254.474817,
                        "x2": 658.124548,
                        "y2": 278.099799
                    }
                },
                {
                    "category": "traffic light",
                    "id": 6,
                    "attributes": {
                        "occluded": false,
                        "truncated": false,
                        "trafficLightColor": "green"
                    },
                    "box2d": {
                        "x1": 337.731794,
                        "y1": 158.962386,
                        "x2": 347.856787,
                        "y2": 192.712363
                    }
                },
                {
                    "category": "traffic light",
                    "id": 7,
                    "attributes": {
                        "occluded": false,
                        "truncated": false,
                        "trafficLightColor": "green"
                    },
                    "box2d": {
                        "x1": 597.606616,
                        "y1": 209.587352,
                        "x2": 607.731608,
                        "y2": 231.524837
                    }
                },
                {
                    "category": "traffic light",
                    "id": 8,
                    "attributes": {
                        "occluded": false,
                        "truncated": false,
                        "trafficLightColor": "none"
                    },
                    "box2d": {
                        "x1": 325.919302,
                        "y1": 162.337383,
                        "x2": 336.044294,
                        "y2": 192.712361
                    }
                },
                {
                    "category": "traffic light",
                    "id": 9,
                    "attributes": {
                        "occluded": false,
                        "truncated": false,
                        "trafficLightColor": "none"
                    },
                    "box2d": {
                        "x1": 589.169121,
                        "y1": 209.587352,
                        "x2": 599.294113,
                        "y2": 233.212335
                    }
                },
                {
                    "category": "traffic light",
                    "id": 10,
                    "attributes": {
                        "occluded": false,
                        "truncated": false,
                        "trafficLightColor": "none"
                    },
                    "box2d": {
                        "x1": 837.231451,
                        "y1": 236.587332,
                        "x2": 881.10642,
                        "y2": 265.274813
                    }
                },
                {
                    "category": "traffic light",
                    "id": 11,
                    "attributes": {
                        "occluded": false,
                        "truncated": false,
                        "trafficLightColor": "none"
                    },
                    "box2d": {
                        "x1": 64.356982,
                        "y1": 265.274813,
                        "x2": 103.169455,
                        "y2": 288.899795
                    }
                },
                {
                    "category": "car",
                    "id": 12,
                    "attributes": {
                        "occluded": true,
                        "truncated": false,
                        "trafficLightColor": "none"
                    },
                    "box2d": {
                        "x1": 342.562264,
                        "y1": 323.035482,
                        "x2": 366.187248,
                        "y2": 339.91047
                    }
                },
                {
                    "category": "car",
                    "id": 13,
                    "attributes": {
                        "occluded": true,
                        "truncated": false,
                        "trafficLightColor": "none"
                    },
                    "box2d": {
                        "x1": 371.249745,
                        "y1": 317.972987,
                        "x2": 391.499732,
                        "y2": 331.472977
                    }
                },
                {
                    "category": "car",
                    "id": 14,
                    "attributes": {
                        "occluded": true,
                        "truncated": false,
                        "trafficLightColor": "none"
                    },
                    "box2d": {
                        "x1": 386.437234,
                        "y1": 324.722982,
                        "x2": 401.624724,
                        "y2": 341.59797
                    }
                },
                {
                    "category": "car",
                    "id": 15,
                    "attributes": {
                        "occluded": true,
                        "truncated": false,
                        "trafficLightColor": "none"
                    },
                    "box2d": {
                        "x1": 391.49973,
                        "y1": 314.597989,
                        "x2": 435.374701,
                        "y2": 358.472959
                    }
                },
                {
                    "category": "car",
                    "id": 16,
                    "attributes": {
                        "occluded": true,
                        "truncated": false,
                        "trafficLightColor": "none"
                    },
                    "box2d": {
                        "x1": 384.749735,
                        "y1": 304.472996,
                        "x2": 406.687221,
                        "y2": 317.972987
                    }
                },
                {
                    "category": "car",
                    "id": 17,
                    "attributes": {
                        "occluded": true,
                        "truncated": false,
                        "trafficLightColor": "none"
                    },
                    "box2d": {
                        "x1": 551.812121,
                        "y1": 312.91049,
                        "x2": 600.749587,
                        "y2": 333.160476
                    }
                },
                {
                    "category": "car",
                    "id": 18,
                    "attributes": {
                        "occluded": true,
                        "truncated": false,
                        "trafficLightColor": "none"
                    },
                    "box2d": {
                        "x1": 622.687072,
                        "y1": 307.847994,
                        "x2": 700.31202,
                        "y2": 339.910471
                    }
                },
                {
                    "category": "truck",
                    "id": 19,
                    "attributes": {
                        "occluded": true,
                        "truncated": false,
                        "trafficLightColor": "none"
                    },
                    "box2d": {
                        "x1": 749.249485,
                        "y1": 297.723,
                        "x2": 813.374441,
                        "y2": 333.160476
                    }
                },
                {
                    "category": "truck",
                    "id": 20,
                    "attributes": {
                        "occluded": true,
                        "truncated": false,
                        "trafficLightColor": "none"
                    },
                    "box2d": {
                        "x1": 357.749754,
                        "y1": 304.472996,
                        "x2": 381.374738,
                        "y2": 321.347984
                    }
                },
                {
                    "category": "car",
                    "id": 21,
                    "attributes": {
                        "occluded": true,
                        "truncated": false,
                        "trafficLightColor": "none"
                    },
                    "box2d": {
                        "x1": 897.749384,
                        "y1": 299.410499,
                        "x2": 938.249356,
                        "y2": 333.160476
                    }
                },
                {
                    "category": "car",
                    "id": 22,
                    "attributes": {
                        "occluded": true,
                        "truncated": false,
                        "trafficLightColor": "none"
                    },
                    "box2d": {
                        "x1": 1054.927854,
                        "y1": 287.598007,
                        "x2": 1173.052771,
                        "y2": 328.09798
                    }
                },
                {
                    "category": "car",
                    "id": 23,
                    "attributes": {
                        "occluded": true,
                        "truncated": false,
                        "trafficLightColor": "none"
                    },
                    "box2d": {
                        "x1": 66.044481,
                        "y1": 336.824768,
                        "x2": 248.294355,
                        "y2": 395.887228
                    }
                },
                {
                    "category": "car",
                    "id": 24,
                    "attributes": {
                        "occluded": false,
                        "truncated": false,
                        "trafficLightColor": "none"
                    },
                    "box2d": {
                        "x1": 509.856675,
                        "y1": 313.199785,
                        "x2": 548.669148,
                        "y2": 340.199767
                    }
                },
                {
                    "category": "car",
                    "id": 25,
                    "attributes": {
                        "occluded": false,
                        "truncated": false,
                        "trafficLightColor": "none"
                    },
                    "box2d": {
                        "x1": 408.606745,
                        "y1": 319.949782,
                        "x2": 462.606708,
                        "y2": 367.199749
                    }
                },
                {
                    "category": "car",
                    "id": 26,
                    "attributes": {
                        "occluded": true,
                        "truncated": true,
                        "trafficLightColor": "none"
                    },
                    "box2d": {
                        "x1": 1205.106198,
                        "y1": 286.199803,
                        "x2": 1279.356146,
                        "y2": 325.012277
                    }
                },
                {
                    "category": "traffic sign",
                    "id": 27,
                    "attributes": {
                        "occluded": false,
                        "truncated": false,
                        "trafficLightColor": "none"
                    },
                    "box2d": {
                        "x1": 889.648632,
                        "y1": 175.93332,
                        "x2": 960.770613,
                        "y2": 192.154123
                    }
                },
                {
                    "category": "traffic sign",
                    "id": 28,
                    "attributes": {
                        "occluded": false,
                        "truncated": false,
                        "trafficLightColor": "none"
                    },
                    "box2d": {
                        "x1": 888.400878,
                        "y1": 160.960272,
                        "x2": 909.612697,
                        "y2": 178.428828
                    }
                },
                {
                    "category": "area/drivable",
                    "id": 29,
                    "attributes": {},
                    "poly2d": [
                        [
                            209.249927,
                            606.149788,
                            "L"
                        ],
                        [
                            351.86664,
                            515.32242,
                            "C"
                        ],
                        [
                            541.525255,
                            379.31723,
                            "C"
                        ],
                        [
                            471.149835,
                            336.149882,
                            "C"
                        ],
                        [
                            666.300658,
                            353.114394,
                            "L"
                        ],
                        [
                            822.269914,
                            340.636854,
                            "L"
                        ],
                        [
                            821.02216,
                            369.335197,
                            "L"
                        ],
                        [
                            791.076063,
                            386.803753,
                            "L"
                        ],
                        [
                            1280.195647,
                            587.692154,
                            "L"
                        ],
                        [
                            1280.195647,
                            621.381513,
                            "L"
                        ],
                        [
                            912.108205,
                            561.489319,
                            "C"
                        ],
                        [
                            642.593332,
                            551.507287,
                            "C"
                        ],
                        [
                            209.249927,
                            606.149788,
                            "C"
                        ]
                    ]
                },
                {
                    "category": "lane/road curb",
                    "id": 30,
                    "attributes": {
                        "direction": "parallel",
                        "style": "solid"
                    },
                    "poly2d": [
                        [
                            265.453696,
                            396.184652,
                            "L"
                        ],
                        [
                            6.985624,
                            464.044995,
                            "L"
                        ]
                    ]
                },
                {
                    "category": "lane/road curb",
                    "id": 31,
                    "attributes": {
                        "direction": "parallel",
                        "style": "solid"
                    },
                    "poly2d": [
                        [
                            801.35082,
                            395.186706,
                            "C"
                        ],
                        [
                            958.028378,
                            462.049103,
                            "C"
                        ],
                        [
                            1111.712097,
                            522.923823,
                            "C"
                        ],
                        [
                            1267.391708,
                            586.792381,
                            "L"
                        ]
                    ]
                },
                {
                    "category": "lane/single white",
                    "id": 32,
                    "attributes": {
                        "direction": "vertical",
                        "style": "solid"
                    },
                    "poly2d": [
                        [
                            488.993651,
                            411.153845,
                            "L"
                        ],
                        [
                            717.523337,
                            408.160007,
                            "L"
                        ]
                    ]
                },
                {
                    "category": "lane/crosswalk",
                    "id": 33,
                    "attributes": {
                        "direction": "vertical",
                        "style": "dashed"
                    },
                    "poly2d": [
                        [
                            249.486557,
                            414.147684,
                            "C"
                        ],
                        [
                            426.123039,
                            390.196975,
                            "C"
                        ],
                        [
                            607.749252,
                            390.196975,
                            "C"
                        ],
                        [
                            780.393949,
                            393.190813,
                            "L"
                        ]
                    ]
                },
                {
                    "category": "lane/crosswalk",
                    "id": 34,
                    "attributes": {
                        "direction": "vertical",
                        "style": "dashed"
                    },
                    "poly2d": [
                        [
                            297.387976,
                            396.184652,
                            "C"
                        ],
                        [
                            458.057318,
                            368.242158,
                            "C"
                        ],
                        [
                            605.75336,
                            381.215459,
                            "C"
                        ],
                        [
                            761.432971,
                            378.22162,
                            "L"
                        ]
                    ]
                },
                {
                    "category": "lane/road curb",
                    "id": 35,
                    "attributes": {
                        "direction": "parallel",
                        "style": "solid"
                    },
                    "poly2d": [
                        [
                            542.882747,
                            341.29761,
                            "C"
                        ],
                        [
                            643.675316,
                            354.27091,
                            "C"
                        ],
                        [
                            733.490477,
                            347.285287,
                            "C"
                        ],
                        [
                            830.291261,
                            344.291448,
                            "L"
                        ]
                    ]
                },
                {
                    "category": "lane/crosswalk",
                    "id": 36,
                    "attributes": {
                        "direction": "vertical",
                        "style": "dashed"
                    },
                    "poly2d": [
                        [
                            768.418595,
                            347.285287,
                            "L"
                        ],
                        [
                            828.295368,
                            363.252427,
                            "L"
                        ]
                    ]
                },
                {
                    "category": "lane/crosswalk",
                    "id": 37,
                    "attributes": {
                        "direction": "vertical",
                        "style": "dashed"
                    },
                    "poly2d": [
                        [
                            691.576735,
                            351.277072,
                            "L"
                        ],
                        [
                            789.375465,
                            376.225727,
                            "L"
                        ]
                    ]
                },
                {
                    "category": "lane/crosswalk",
                    "id": 38,
                    "attributes": {
                        "direction": "vertical",
                        "style": "dashed"
                    },
                    "poly2d": [
                        [
                            482.008027,
                            397.182598,
                            "L"
                        ],
                        [
                            221.544062,
                            595.773897,
                            "L"
                        ]
                    ]
                },
                {
                    "category": "lane/double white",
                    "id": 39,
                    "attributes": {
                        "direction": "parallel",
                        "style": "solid"
                    },
                    "poly2d": [
                        [
                            502.964898,
                            398.180544,
                            "L"
                        ],
                        [
                            294.394137,
                            580.804704,
                            "L"
                        ]
                    ]
                }
            ]
        }
    ],
    "attributes": {
        "weather": "clear",
        "scene": "city street",
        "timeofday": "dawn/dusk"
    }
}