{
    "name": "0f145ef9-2fb016d0",
    "frames": [
        {
            "timestamp": 10000,
            "objects": [
                {
                    "category": "car",
                    "id": 0,
                    "attributes": {
                        "occluded": true,
                        "truncated": false,
                        "trafficLightColor": "none"
                    },
                    "box2d": {
                        "x1": 517.447413,
                        "y1": 466.151821,
                        "x2": 564.259199,
                        "y2": 503.629755
                    }
                },
                {
                    "category": "car",
                    "id": 1,
                    "attributes": {
                        "occluded": true,
                        "truncated": false,
                        "trafficLightColor": "none"
                    },
                    "box2d": {
                        "x1": 486.953273,
                        "y1": 462.911309,
                        "x2": 532.09683,
                        "y2": 539.841545
                    }
                },
                {
                    "category": "car",
                    "id": 2,
                    "attributes": {
                        "occluded": true,
                        "truncated": false,
                        "trafficLightColor": "none"
                    },
                    "box2d": {
                        "x1": 613.758461,
                        "y1": 460.64293,
                        "x2": 635.308059,
                        "y2": 478.789959
                    }
                },
                {
                    "category": "car",
                    "id": 3,
                    "attributes": {
                        "occluded": true,
                        "truncated": false,
                        "trafficLightColor": "none"
                    },
                    "box2d": {
                        "x1": 634.173872,
                        "y1": 451.569415,
                        "x2": 665.931172,
                        "y2": 488.997663
                    }
                },
                {
                    "category": "car",
                    "id": 4,
                    "attributes": {
                        "occluded": true,
                        "truncated": false,
                        "trafficLightColor": "none"
                    },
                    "box2d": {
                        "x1": 653.455091,
                        "y1": 456.106173,
                        "x2": 697.688473,
                        "y2": 495.8028
                    }
                },
                {
                    "category": "car",
                    "id": 5,
                    "attributes": {
                        "occluded": false,
                        "truncated": false,
                        "trafficLightColor": "none"
                    },
                    "box2d": {
                        "x1": 662.528603,
                        "y1": 464.045497,
                        "x2": 723.774828,
                        "y2": 504.876313
                    }
                },
                {
                    "category": "car",
                    "id": 6,
                    "attributes": {
                        "occluded": false,
                        "truncated": false,
                        "trafficLightColor": "none"
                    },
                    "box2d": {
                        "x1": 68.807485,
                        "y1": 367.477348,
                        "x2": 481.652403,
                        "y2": 653.293062
                    }
                },
                {
                    "category": "car",
                    "id": 7,
                    "attributes": {
                        "occluded": false,
                        "truncated": false,
                        "trafficLightColor": "none"
                    },
                    "box2d": {
                        "x1": 820.585991,
                        "y1": 414.053224,
                        "x2": 1178.989824,
                        "y2": 631.743466
                    }
                },
                {
                    "category": "traffic sign",
                    "id": 8,
                    "attributes": {
                        "occluded": false,
                        "truncated": false,
                        "trafficLightColor": "none"
                    },
                    "box2d": {
                        "x1": 769.547469,
                        "y1": 360.672211,
                        "x2": 799.03639,
                        "y2": 394.697894
                    }
                },
                {
                    "category": "traffic sign",
                    "id": 9,
                    "attributes": {
                        "occluded": false,
                        "truncated": false,
                        "trafficLightColor": "none"
                    },
                    "box2d": {
                        "x1": 779.755175,
                        "y1": 395.83208,
                        "x2": 799.036392,
                        "y2": 410.57654
                    }
                },
                {
                    "category": "car",
                    "id": 10,
                    "attributes": {
                        "occluded": true,
                        "truncated": false,
                        "trafficLightColor": "none"
                    },
                    "box2d": {
                        "x1": 564.881478,
                        "y1": 463.606299,
                        "x2": 589.090684,
                        "y2": 482.973663
                    }
                },
                {
                    "category": "car",
                    "id": 11,
                    "attributes": {
                        "occluded": true,
                        "truncated": false,
                        "trafficLightColor": "none"
                    },
                    "box2d": {
                        "x1": 587.246175,
                        "y1": 459.28323,
                        "x2": 598.140318,
                        "y2": 475.019213
                    }
                },
                {
                    "category": "car",
                    "id": 12,
                    "attributes": {
                        "occluded": true,
                        "truncated": false,
                        "trafficLightColor": "none"
                    },
                    "box2d": {
                        "x1": 458.365019,
                        "y1": 452.170897,
                        "x2": 507.917994,
                        "y2": 551.276847
                    }
                },
                {
                    "category": "area/drivable",
                    "id": 13,
                    "attributes": {},
                    "poly2d": [
                        [
                            581.987157,
                            485.231906,
                            "L"
                        ],
                        [
                            423.826124,
                            651.070658,
                            "L"
                        ],
                        [
                            121.323954,
                            667.961642,
                            "L"
                        ],
                        [
                            0,
                            718.634594,
                            "L"
                        ],
                        [
                            1280.6437,
                            720.170138,
                            "L"
                        ],
                        [
                            1280.6437,
                            654.141746,
                            "L"
                        ],
                        [
                            1167.029423,
                            623.430866,
                            "L"
                        ],
                        [
                            918.271294,
                            641.857394,
                            "L"
                        ],
                        [
                            824.603109,
                            588.113353,
                            "L"
                        ],
                        [
                            816.925389,
                            534.369314,
                            "L"
                        ],
                        [
                            729.399381,
                            508.265065,
                            "L"
                        ],
                        [
                            667.977622,
                            512.871698,
                            "L"
                        ],
                        [
                            624.982389,
                            482.160818,
                            "L"
                        ],
                        [
                            581.987157,
                            485.231906,
                            "L"
                        ]
                    ]
                },
                {
                    "category": "lane/road curb",
                    "id": 14,
                    "attributes": {
                        "direction": "parallel",
                        "style": "solid"
                    },
                    "poly2d": [
                        [
                            1153.625838,
                            621.720499,
                            "L"
                        ],
                        [
                            1280.6437,
                            655.67729,
                            "L"
                        ]
                    ]
                },
                {
                    "category": "lane/road curb",
                    "id": 15,
                    "attributes": {
                        "direction": "parallel",
                        "style": "solid"
                    },
                    "poly2d": [
                        [
                            148.963747,
                            654.141746,
                            "L"
                        ],
                        [
                            1.551523,
                            715.563506,
                            "L"
                        ]
                    ]
                },
                {
                    "category": "lane/crosswalk",
                    "id": 16,
                    "attributes": {
                        "direction": "vertical",
                        "style": "dashed"
                    },
                    "poly2d": [
                        [
                            626.71023,
                            485.999812,
                            "L"
                        ],
                        [
                            562.841672,
                            488.993651,
                            "L"
                        ]
                    ]
                },
                {
                    "category": "lane/crosswalk",
                    "id": 17,
                    "attributes": {
                        "direction": "vertical",
                        "style": "dashed"
                    },
                    "poly2d": [
                        [
                            625.712284,
                            480.012135,
                            "L"
                        ],
                        [
                            566.833457,
                            485.001866,
                            "L"
                        ]
                    ]
                }
            ]
        }
    ],
    "attributes": {
        "weather": "overcast",
        "scene": "city street",
        "timeofday": "daytime"
    }
}