{
    "name": "0f31361a-7020f98e",
    "frames": [
        {
            "timestamp": 10000,
            "objects": [
                {
                    "category": "car",
                    "id": 0,
                    "attributes": {
                        "occluded": true,
                        "truncated": false,
                        "trafficLightColor": "none"
                    },
                    "box2d": {
                        "x1": 537.962738,
                        "y1": 320.943684,
                        "x2": 559.970303,
                        "y2": 337.44936
                    }
                },
                {
                    "category": "car",
                    "id": 1,
                    "attributes": {
                        "occluded": true,
                        "truncated": false,
                        "trafficLightColor": "none"
                    },
                    "box2d": {
                        "x1": 514.121209,
                        "y1": 315.441793,
                        "x2": 543.464629,
                        "y2": 342.951251
                    }
                },
                {
                    "category": "car",
                    "id": 2,
                    "attributes": {
                        "occluded": true,
                        "truncated": false,
                        "trafficLightColor": "none"
                    },
                    "box2d": {
                        "x1": 541.630664,
                        "y1": 326.445576,
                        "x2": 569.140122,
                        "y2": 348.453145
                    }
                },
                {
                    "category": "car",
                    "id": 3,
                    "attributes": {
                        "occluded": false,
                        "truncated": false,
                        "trafficLightColor": "none"
                    },
                    "box2d": {
                        "x1": 497.615531,
                        "y1": 319.109721,
                        "x2": 528.792918,
                        "y2": 346.619179
                    }
                },
                {
                    "category": "car",
                    "id": 4,
                    "attributes": {
                        "occluded": true,
                        "truncated": false,
                        "trafficLightColor": "none"
                    },
                    "box2d": {
                        "x1": 383.909769,
                        "y1": 315.441793,
                        "x2": 404.083372,
                        "y2": 331.947468
                    }
                },
                {
                    "category": "car",
                    "id": 5,
                    "attributes": {
                        "occluded": true,
                        "truncated": false,
                        "trafficLightColor": "none"
                    },
                    "box2d": {
                        "x1": 343.562563,
                        "y1": 315.441793,
                        "x2": 383.909769,
                        "y2": 333.781434
                    }
                },
                {
                    "category": "car",
                    "id": 6,
                    "attributes": {
                        "occluded": true,
                        "truncated": false,
                        "trafficLightColor": "none"
                    },
                    "box2d": {
                        "x1": 365.57013,
                        "y1": 317.275757,
                        "x2": 383.909769,
                        "y2": 333.781434
                    }
                },
                {
                    "category": "car",
                    "id": 7,
                    "attributes": {
                        "occluded": true,
                        "truncated": false,
                        "trafficLightColor": "none"
                    },
                    "box2d": {
                        "x1": 312.385176,
                        "y1": 313.607829,
                        "x2": 339.894635,
                        "y2": 333.781434
                    }
                },
                {
                    "category": "car",
                    "id": 8,
                    "attributes": {
                        "occluded": true,
                        "truncated": false,
                        "trafficLightColor": "none"
                    },
                    "box2d": {
                        "x1": 270.204005,
                        "y1": 309.939901,
                        "x2": 306.883283,
                        "y2": 331.947468
                    }
                },
                {
                    "category": "car",
                    "id": 9,
                    "attributes": {
                        "occluded": true,
                        "truncated": false,
                        "trafficLightColor": "none"
                    },
                    "box2d": {
                        "x1": 237.192658,
                        "y1": 311.773865,
                        "x2": 283.041756,
                        "y2": 331.947468
                    }
                },
                {
                    "category": "car",
                    "id": 10,
                    "attributes": {
                        "occluded": false,
                        "truncated": false,
                        "trafficLightColor": "none"
                    },
                    "box2d": {
                        "x1": 424.256973,
                        "y1": 308.105937,
                        "x2": 497.61553,
                        "y2": 363.124854
                    }
                },
                {
                    "category": "car",
                    "id": 11,
                    "attributes": {
                        "occluded": false,
                        "truncated": false,
                        "trafficLightColor": "none"
                    },
                    "box2d": {
                        "x1": 550.800485,
                        "y1": 316.664429,
                        "x2": 648.00057,
                        "y2": 390.022983
                    }
                },
                {
                    "category": "car",
                    "id": 12,
                    "attributes": {
                        "occluded": false,
                        "truncated": true,
                        "trafficLightColor": "none"
                    },
                    "box2d": {
                        "x1": 0.611312,
                        "y1": 223.743597,
                        "x2": 272.03797,
                        "y2": 542.85332
                    }
                },
                {
                    "category": "traffic sign",
                    "id": 13,
                    "attributes": {
                        "occluded": true,
                        "truncated": false,
                        "trafficLightColor": "none"
                    },
                    "box2d": {
                        "x1": 266.536079,
                        "y1": 234.747381,
                        "x2": 306.883283,
                        "y2": 256.754949
                    }
                },
                {
                    "category": "traffic sign",
                    "id": 14,
                    "attributes": {
                        "occluded": true,
                        "truncated": false,
                        "trafficLightColor": "none"
                    },
                    "box2d": {
                        "x1": 303.215359,
                        "y1": 231.079455,
                        "x2": 328.890853,
                        "y2": 260.422875
                    }
                },
                {
                    "category": "traffic sign",
                    "id": 15,
                    "attributes": {
                        "occluded": true,
                        "truncated": false,
                        "trafficLightColor": "none"
                    },
                    "box2d": {
                        "x1": 273.871932,
                        "y1": 254.920984,
                        "x2": 317.887066,
                        "y2": 275.094587
                    }
                },
                {
                    "category": "traffic sign",
                    "id": 16,
                    "attributes": {
                        "occluded": true,
                        "truncated": false,
                        "trafficLightColor": "none"
                    },
                    "box2d": {
                        "x1": 349.064456,
                        "y1": 245.751162,
                        "x2": 391.245625,
                        "y2": 271.426657
                    }
                },
                {
                    "category": "traffic sign",
                    "id": 17,
                    "attributes": {
                        "occluded": false,
                        "truncated": false,
                        "trafficLightColor": "none"
                    },
                    "box2d": {
                        "x1": 545.298593,
                        "y1": 238.415308,
                        "x2": 570.974088,
                        "y2": 253.08702
                    }
                },
                {
                    "category": "traffic sign",
                    "id": 18,
                    "attributes": {
                        "occluded": false,
                        "truncated": false,
                        "trafficLightColor": "none"
                    },
                    "box2d": {
                        "x1": 607.653366,
                        "y1": 248.19644,
                        "x2": 629.660935,
                        "y2": 261.034187
                    }
                },
                {
                    "category": "traffic sign",
                    "id": 19,
                    "attributes": {
                        "occluded": false,
                        "truncated": false,
                        "trafficLightColor": "none"
                    },
                    "box2d": {
                        "x1": 528.792916,
                        "y1": 242.694548,
                        "x2": 570.974088,
                        "y2": 292.211573
                    }
                },
                {
                    "category": "traffic sign",
                    "id": 20,
                    "attributes": {
                        "occluded": false,
                        "truncated": false,
                        "trafficLightColor": "none"
                    },
                    "box2d": {
                        "x1": 578.309944,
                        "y1": 255.532295,
                        "x2": 631.494895,
                        "y2": 288.543646
                    }
                },
                {
                    "category": "traffic sign",
                    "id": 21,
                    "attributes": {
                        "occluded": false,
                        "truncated": false,
                        "trafficLightColor": "none"
                    },
                    "box2d": {
                        "x1": 770.876154,
                        "y1": 277.539862,
                        "x2": 809.389396,
                        "y2": 323.38896
                    }
                },
                {
                    "category": "traffic sign",
                    "id": 22,
                    "attributes": {
                        "occluded": false,
                        "truncated": false,
                        "trafficLightColor": "none"
                    },
                    "box2d": {
                        "x1": 629.660933,
                        "y1": 310.551213,
                        "x2": 646.16661,
                        "y2": 325.222924
                    }
                },
                {
                    "category": "area/drivable",
                    "id": 23,
                    "attributes": {},
                    "poly2d": [
                        [
                            483.769395,
                            390.89704,
                            "L"
                        ],
                        [
                            215.682918,
                            590.089786,
                            "L"
                        ],
                        [
                            555.658506,
                            579.605958,
                            "C"
                        ],
                        [
                            727.892834,
                            582.601337,
                            "C"
                        ],
                        [
                            1019.942348,
                            618.545894,
                            "C"
                        ],
                        [
                            669.482932,
                            395.390111,
                            "L"
                        ],
                        [
                            483.769395,
                            390.89704,
                            "L"
                        ]
                    ]
                },
                {
                    "category": "area/alternative",
                    "id": 24,
                    "attributes": {},
                    "poly2d": [
                        [
                            696.441348,
                            359.445555,
                            "L"
                        ],
                        [
                            661.994483,
                            383.408591,
                            "L"
                        ],
                        [
                            1055.886903,
                            621.541273,
                            "L"
                        ],
                        [
                            1136.762153,
                            635.020481,
                            "C"
                        ],
                        [
                            1234.11199,
                            655.988138,
                            "C"
                        ],
                        [
                            1280.524791,
                            675.458107,
                            "C"
                        ],
                        [
                            1280.524791,
                            515.205296,
                            "L"
                        ],
                        [
                            696.441348,
                            359.445555,
                            "L"
                        ]
                    ]
                },
                {
                    "category": "area/alternative",
                    "id": 25,
                    "attributes": {},
                    "poly2d": [
                        [
                            867.177986,
                            383.408591,
                            "L"
                        ],
                        [
                            1280.524791,
                            473.269981,
                            "L"
                        ],
                        [
                            1280.524791,
                            509.214537,
                            "L"
                        ],
                        [
                            843.21495,
                            395.390111,
                            "L"
                        ],
                        [
                            867.177986,
                            383.408591,
                            "L"
                        ]
                    ]
                },
                {
                    "category": "area/alternative",
                    "id": 26,
                    "attributes": {},
                    "poly2d": [
                        [
                            425.361668,
                            359.317297,
                            "L"
                        ],
                        [
                            271.807268,
                            391.563721,
                            "L"
                        ],
                        [
                            280.08358,
                            515.205296,
                            "L"
                        ],
                        [
                            474.783256,
                            386.403972,
                            "L"
                        ],
                        [
                            425.361668,
                            359.317297,
                            "L"
                        ]
                    ]
                },
                {
                    "category": "lane/single white",
                    "id": 27,
                    "attributes": {
                        "direction": "parallel",
                        "style": "solid"
                    },
                    "poly2d": [
                        [
                            1277.544996,
                            512.209916,
                            "L"
                        ],
                        [
                            642.524515,
                            345.966347,
                            "L"
                        ]
                    ]
                },
                {
                    "category": "lane/single white",
                    "id": 28,
                    "attributes": {
                        "direction": "parallel",
                        "style": "solid"
                    },
                    "poly2d": [
                        [
                            263.608992,
                            363.938625,
                            "L"
                        ],
                        [
                            425.359492,
                            345.966347,
                            "L"
                        ]
                    ]
                },
                {
                    "category": "lane/single white",
                    "id": 29,
                    "attributes": {
                        "direction": "parallel",
                        "style": "dashed"
                    },
                    "poly2d": [
                        [
                            647.017584,
                            381.910902,
                            "L"
                        ],
                        [
                            1018.444658,
                            620.043583,
                            "L"
                        ]
                    ]
                },
                {
                    "category": "lane/single white",
                    "id": 30,
                    "attributes": {
                        "direction": "parallel",
                        "style": "dashed"
                    },
                    "poly2d": [
                        [
                            654.506033,
                            377.417833,
                            "L"
                        ],
                        [
                            1064.873042,
                            626.034342,
                            "L"
                        ]
                    ]
                },
                {
                    "category": "lane/single white",
                    "id": 31,
                    "attributes": {
                        "direction": "parallel",
                        "style": "dashed"
                    },
                    "poly2d": [
                        [
                            539.183918,
                            338.477898,
                            "L"
                        ],
                        [
                            190.222191,
                            578.108268,
                            "L"
                        ]
                    ]
                },
                {
                    "category": "lane/single white",
                    "id": 32,
                    "attributes": {
                        "direction": "parallel",
                        "style": "dashed"
                    },
                    "poly2d": [
                        [
                            214.185228,
                            587.094407,
                            "L"
                        ],
                        [
                            548.170057,
                            341.473277,
                            "L"
                        ]
                    ]
                }
            ]
        }
    ],
    "attributes": {
        "weather": "overcast",
        "scene": "highway",
        "timeofday": "daytime"
    }
}