{
    "name": "0f31361a-f207c44b",
    "frames": [
        {
            "timestamp": 10000,
            "objects": [
                {
                    "category": "traffic sign",
                    "id": 0,
                    "attributes": {
                        "occluded": false,
                        "truncated": false,
                        "trafficLightColor": "none"
                    },
                    "box2d": {
                        "x1": 662.629696,
                        "y1": 293.484904,
                        "x2": 673.399784,
                        "y2": 300.216209
                    }
                },
                {
                    "category": "traffic sign",
                    "id": 1,
                    "attributes": {
                        "occluded": false,
                        "truncated": false,
                        "trafficLightColor": "none"
                    },
                    "box2d": {
                        "x1": 744.482349,
                        "y1": 274.63725,
                        "x2": 760.637483,
                        "y2": 284.061077
                    }
                },
                {
                    "category": "traffic sign",
                    "id": 2,
                    "attributes": {
                        "occluded": false,
                        "truncated": false,
                        "trafficLightColor": "none"
                    },
                    "box2d": {
                        "x1": 745.82861,
                        "y1": 286.753599,
                        "x2": 760.63748,
                        "y2": 300.21621
                    }
                },
                {
                    "category": "traffic sign",
                    "id": 3,
                    "attributes": {
                        "occluded": false,
                        "truncated": false,
                        "trafficLightColor": "none"
                    },
                    "box2d": {
                        "x1": 709.479562,
                        "y1": 292.138643,
                        "x2": 720.24965,
                        "y2": 298.869949
                    }
                },
                {
                    "category": "traffic sign",
                    "id": 4,
                    "attributes": {
                        "occluded": false,
                        "truncated": false,
                        "trafficLightColor": "none"
                    },
                    "box2d": {
                        "x1": 686.593125,
                        "y1": 290.792382,
                        "x2": 697.363214,
                        "y2": 300.21621
                    }
                },
                {
                    "category": "car",
                    "id": 5,
                    "attributes": {
                        "occluded": false,
                        "truncated": false,
                        "trafficLightColor": "none"
                    },
                    "box2d": {
                        "x1": 706.78704,
                        "y1": 316.371342,
                        "x2": 724.288434,
                        "y2": 325.795171
                    }
                },
                {
                    "category": "car",
                    "id": 6,
                    "attributes": {
                        "occluded": true,
                        "truncated": false,
                        "trafficLightColor": "none"
                    },
                    "box2d": {
                        "x1": 691.978169,
                        "y1": 317.717603,
                        "x2": 708.133301,
                        "y2": 332.526472
                    }
                },
                {
                    "category": "car",
                    "id": 7,
                    "attributes": {
                        "occluded": true,
                        "truncated": false,
                        "trafficLightColor": "none"
                    },
                    "box2d": {
                        "x1": 647.551556,
                        "y1": 313.678821,
                        "x2": 671.784254,
                        "y2": 333.872735
                    }
                },
                {
                    "category": "car",
                    "id": 8,
                    "attributes": {
                        "occluded": true,
                        "truncated": false,
                        "trafficLightColor": "none"
                    },
                    "box2d": {
                        "x1": 619.280073,
                        "y1": 317.717603,
                        "x2": 638.127728,
                        "y2": 333.872735
                    }
                },
                {
                    "category": "car",
                    "id": 9,
                    "attributes": {
                        "occluded": true,
                        "truncated": false,
                        "trafficLightColor": "none"
                    },
                    "box2d": {
                        "x1": 558.698328,
                        "y1": 313.678821,
                        "x2": 576.199722,
                        "y2": 333.872735
                    }
                },
                {
                    "category": "car",
                    "id": 10,
                    "attributes": {
                        "occluded": false,
                        "truncated": false,
                        "trafficLightColor": "none"
                    },
                    "box2d": {
                        "x1": 518.310496,
                        "y1": 306.947515,
                        "x2": 564.083372,
                        "y2": 343.296562
                    }
                },
                {
                    "category": "car",
                    "id": 11,
                    "attributes": {
                        "occluded": false,
                        "truncated": false,
                        "trafficLightColor": "none"
                    },
                    "box2d": {
                        "x1": 294.831165,
                        "y1": 305.601254,
                        "x2": 344.642824,
                        "y2": 332.526472
                    }
                },
                {
                    "category": "car",
                    "id": 12,
                    "attributes": {
                        "occluded": false,
                        "truncated": false,
                        "trafficLightColor": "none"
                    },
                    "box2d": {
                        "x1": 573.507198,
                        "y1": 306.947515,
                        "x2": 627.35764,
                        "y2": 352.72039
                    }
                },
                {
                    "category": "car",
                    "id": 13,
                    "attributes": {
                        "occluded": false,
                        "truncated": false,
                        "trafficLightColor": "none"
                    },
                    "box2d": {
                        "x1": 666.399209,
                        "y1": 320.410125,
                        "x2": 704.094518,
                        "y2": 345.989086
                    }
                },
                {
                    "category": "area/drivable",
                    "id": 14,
                    "attributes": {},
                    "poly2d": [
                        [
                            717.409006,
                            587.094408,
                            "L"
                        ],
                        [
                            687.439624,
                            512.209916,
                            "C"
                        ],
                        [
                            623.054547,
                            401.380869,
                            "C"
                        ],
                        [
                            626.049926,
                            360.943245,
                            "C"
                        ],
                        [
                            560.151575,
                            353.454796,
                            "L"
                        ],
                        [
                            452.317909,
                            383.408592,
                            "C"
                        ],
                        [
                            187.211227,
                            516.702986,
                            "C"
                        ],
                        [
                            0,
                            599.075925,
                            "C"
                        ],
                        [
                            0,
                            614.052824,
                            "L"
                        ],
                        [
                            260.613613,
                            582.601338,
                            "C"
                        ],
                        [
                            594.598442,
                            588.592097,
                            "C"
                        ],
                        [
                            717.409006,
                            587.094408,
                            "C"
                        ]
                    ]
                },
                {
                    "category": "area/alternative",
                    "id": 15,
                    "attributes": {},
                    "poly2d": [
                        [
                            748.860492,
                            590.089787,
                            "L"
                        ],
                        [
                            676.971382,
                            452.302325,
                            "C"
                        ],
                        [
                            621.556858,
                            416.357769,
                            "C"
                        ],
                        [
                            648.515274,
                            347.464037,
                            "C"
                        ],
                        [
                            699.436728,
                            350.459416,
                            "L"
                        ],
                        [
                            730.888214,
                            386.403972,
                            "C"
                        ],
                        [
                            1085.8407,
                            500.228398,
                            "C"
                        ],
                        [
                            1280.52479,
                            584.099027,
                            "C"
                        ],
                        [
                            1280.52479,
                            670.965035,
                            "L"
                        ],
                        [
                            1136.762153,
                            629.029722,
                            "C"
                        ],
                        [
                            1081.347631,
                            612.555135,
                            "C"
                        ],
                        [
                            748.860492,
                            590.089787,
                            "C"
                        ]
                    ]
                },
                {
                    "category": "area/alternative",
                    "id": 16,
                    "attributes": {},
                    "poly2d": [
                        [
                            516.718572,
                            354.952486,
                            "L"
                        ],
                        [
                            0,
                            579.605958,
                            "L"
                        ],
                        [
                            0,
                            428.339287,
                            "L"
                        ],
                        [
                            501.741672,
                            342.970967,
                            "L"
                        ],
                        [
                            516.718572,
                            354.952486,
                            "L"
                        ]
                    ]
                },
                {
                    "category": "lane/road curb",
                    "id": 17,
                    "attributes": {
                        "direction": "parallel",
                        "style": "solid"
                    },
                    "poly2d": [
                        [
                            494.952634,
                            340.200002,
                            "L"
                        ],
                        [
                            6.394737,
                            407.984213,
                            "L"
                        ]
                    ]
                },
                {
                    "category": "lane/single yellow",
                    "id": 18,
                    "attributes": {
                        "direction": "parallel",
                        "style": "solid"
                    },
                    "poly2d": [
                        [
                            360.66316,
                            360.66316,
                            "L"
                        ],
                        [
                            0,
                            419.494739,
                            "L"
                        ]
                    ]
                },
                {
                    "category": "lane/single yellow",
                    "id": 19,
                    "attributes": {
                        "direction": "parallel",
                        "style": "solid"
                    },
                    "poly2d": [
                        [
                            376.010528,
                            361.942107,
                            "L"
                        ],
                        [
                            1.278947,
                            427.168423,
                            "L"
                        ]
                    ]
                },
                {
                    "category": "lane/single white",
                    "id": 20,
                    "attributes": {
                        "direction": "parallel",
                        "style": "solid"
                    },
                    "poly2d": [
                        [
                            698.305267,
                            350.431581,
                            "C"
                        ],
                        [
                            801.900004,
                            407.984213,
                            "C"
                        ],
                        [
                            1085.826322,
                            503.905266,
                            "C"
                        ],
                        [
                            1280.226323,
                            580.642108,
                            "L"
                        ]
                    ]
                },
                {
                    "category": "lane/single white",
                    "id": 21,
                    "attributes": {
                        "direction": "parallel",
                        "style": "solid"
                    },
                    "poly2d": [
                        [
                            704.700004,
                            347.873686,
                            "C"
                        ],
                        [
                            794.22632,
                            399.031581,
                            "C"
                        ],
                        [
                            1088.384216,
                            497.510529,
                            "C"
                        ],
                        [
                            1280.226323,
                            572.968424,
                            "L"
                        ]
                    ]
                },
                {
                    "category": "lane/single white",
                    "id": 22,
                    "attributes": {
                        "direction": "parallel",
                        "style": "dashed"
                    },
                    "poly2d": [
                        [
                            661.215793,
                            336.36316,
                            "C"
                        ],
                        [
                            597.268424,
                            352.989476,
                            "C"
                        ],
                        [
                            688.073688,
                            488.557897,
                            "C"
                        ],
                        [
                            748.184214,
                            592.152635,
                            "L"
                        ]
                    ]
                },
                {
                    "category": "lane/single white",
                    "id": 23,
                    "attributes": {
                        "direction": "parallel",
                        "style": "dashed"
                    },
                    "poly2d": [
                        [
                            650.984214,
                            336.36316,
                            "C"
                        ],
                        [
                            592.152635,
                            367.057897,
                            "C"
                        ],
                        [
                            667.61053,
                            478.326318,
                            "C"
                        ],
                        [
                            722.605267,
                            592.152635,
                            "L"
                        ]
                    ]
                },
                {
                    "category": "lane/single white",
                    "id": 24,
                    "attributes": {
                        "direction": "parallel",
                        "style": "dashed"
                    },
                    "poly2d": [
                        [
                            561.457898,
                            345.315791,
                            "C"
                        ],
                        [
                            395.194739,
                            391.357897,
                            "C"
                        ],
                        [
                            176.494738,
                            503.905266,
                            "C"
                        ],
                        [
                            0,
                            585.757898,
                            "L"
                        ]
                    ]
                },
                {
                    "category": "lane/single white",
                    "id": 25,
                    "attributes": {
                        "direction": "parallel",
                        "style": "dashed"
                    },
                    "poly2d": [
                        [
                            570.410529,
                            346.594739,
                            "C"
                        ],
                        [
                            384.96316,
                            409.26316,
                            "C"
                        ],
                        [
                            190.563159,
                            512.857897,
                            "C"
                        ],
                        [
                            0,
                            595.989477,
                            "L"
                        ]
                    ]
                }
            ]
        }
    ],
    "attributes": {
        "weather": "undefined",
        "scene": "highway",
        "timeofday": "daytime"
    }
}