{
    "name": "0f89108b-3ab59119",
    "frames": [
        {
            "timestamp": 10000,
            "objects": [
                {
                    "category": "car",
                    "id": 0,
                    "attributes": {
                        "occluded": true,
                        "truncated": false,
                        "trafficLightColor": "none"
                    },
                    "box2d": {
                        "x1": 300.390772,
                        "y1": 312.373516,
                        "x2": 349.528181,
                        "y2": 352.29766
                    }
                },
                {
                    "category": "car",
                    "id": 1,
                    "attributes": {
                        "occluded": true,
                        "truncated": false,
                        "trafficLightColor": "none"
                    },
                    "box2d": {
                        "x1": 334.172742,
                        "y1": 278.591546,
                        "x2": 358.741446,
                        "y2": 293.946986
                    }
                },
                {
                    "category": "car",
                    "id": 2,
                    "attributes": {
                        "occluded": true,
                        "truncated": false,
                        "trafficLightColor": "none"
                    },
                    "box2d": {
                        "x1": 417.092116,
                        "y1": 287.804811,
                        "x2": 441.660821,
                        "y2": 298.553619
                    }
                },
                {
                    "category": "car",
                    "id": 3,
                    "attributes": {
                        "occluded": true,
                        "truncated": false,
                        "trafficLightColor": "none"
                    },
                    "box2d": {
                        "x1": 455.480717,
                        "y1": 280.127091,
                        "x2": 467.76507,
                        "y2": 295.48253
                    }
                },
                {
                    "category": "bus",
                    "id": 4,
                    "attributes": {
                        "occluded": true,
                        "truncated": false,
                        "trafficLightColor": "none"
                    },
                    "box2d": {
                        "x1": 470.836157,
                        "y1": 277.056004,
                        "x2": 546.077814,
                        "y2": 297.018076
                    }
                },
                {
                    "category": "car",
                    "id": 5,
                    "attributes": {
                        "occluded": false,
                        "truncated": false,
                        "trafficLightColor": "none"
                    },
                    "box2d": {
                        "x1": 412.485485,
                        "y1": 293.946987,
                        "x2": 519.973565,
                        "y2": 378.401908
                    }
                },
                {
                    "category": "area/drivable",
                    "id": 6,
                    "attributes": {},
                    "poly2d": [
                        [
                            315.681773,
                            359.353165,
                            "L"
                        ],
                        [
                            343.132363,
                            378.069475,
                            "C"
                        ],
                        [
                            163.45578,
                            484.12857,
                            "C"
                        ],
                        [
                            0,
                            582.701138,
                            "C"
                        ],
                        [
                            0,
                            620.133758,
                            "L"
                        ],
                        [
                            420.493112,
                            535.286484,
                            "C"
                        ],
                        [
                            868.436814,
                            542.773009,
                            "C"
                        ],
                        [
                            1249.001797,
                            632.6113,
                            "C"
                        ],
                        [
                            1126.721901,
                            520.313436,
                            "C"
                        ],
                        [
                            853.463766,
                            420.493112,
                            "C"
                        ],
                        [
                            603.912958,
                            364.34418,
                            "C"
                        ],
                        [
                            415.684772,
                            395.121982,
                            "L"
                        ],
                        [
                            388.051507,
                            350.618886,
                            "L"
                        ],
                        [
                            315.681773,
                            359.353165,
                            "L"
                        ]
                    ]
                },
                {
                    "category": "lane/road curb",
                    "id": 7,
                    "attributes": {
                        "direction": "parallel",
                        "style": "solid"
                    },
                    "poly2d": [
                        [
                            0,
                            581.453384,
                            "C"
                        ],
                        [
                            111.05011,
                            515.32242,
                            "C"
                        ],
                        [
                            262.028349,
                            436.713916,
                            "C"
                        ],
                        [
                            314.434019,
                            369.335197,
                            "L"
                        ]
                    ]
                },
                {
                    "category": "lane/road curb",
                    "id": 8,
                    "attributes": {
                        "direction": "parallel",
                        "style": "solid"
                    },
                    "poly2d": [
                        [
                            1159.163506,
                            534.03873,
                            "C"
                        ],
                        [
                            952.036335,
                            465.412257,
                            "C"
                        ],
                        [
                            748.652426,
                            368.087443,
                            "C"
                        ],
                        [
                            517.817929,
                            349.371132,
                            "L"
                        ]
                    ]
                },
                {
                    "category": "lane/single white",
                    "id": 9,
                    "attributes": {
                        "direction": "parallel",
                        "style": "solid"
                    },
                    "poly2d": [
                        [
                            1149.181473,
                            535.286484,
                            "C"
                        ],
                        [
                            969.504891,
                            471.651028,
                            "C"
                        ],
                        [
                            799.810341,
                            401.776802,
                            "C"
                        ],
                        [
                            611.399481,
                            363.096427,
                            "L"
                        ]
                    ]
                },
                {
                    "category": "lane/single white",
                    "id": 10,
                    "attributes": {
                        "direction": "parallel",
                        "style": "solid"
                    },
                    "poly2d": [
                        [
                            1124.226392,
                            539.029747,
                            "C"
                        ],
                        [
                            984.47794,
                            481.63306,
                            "C"
                        ],
                        [
                            837.242963,
                            429.22739,
                            "C"
                        ],
                        [
                            678.7782,
                            381.812737,
                            "L"
                        ]
                    ]
                }
            ]
        }
    ],
    "attributes": {
        "weather": "undefined",
        "scene": "highway",
        "timeofday": "dawn/dusk"
    }
}