{
    "name": "0f8fd55d-a77de0d3",
    "frames": [
        {
            "timestamp": 10000,
            "objects": [
                {
                    "category": "truck",
                    "id": 0,
                    "attributes": {
                        "occluded": true,
                        "truncated": false,
                        "trafficLightColor": "none"
                    },
                    "box2d": {
                        "x1": 617.856601,
                        "y1": 386.437234,
                        "x2": 639.794086,
                        "y2": 415.124715
                    }
                },
                {
                    "category": "car",
                    "id": 1,
                    "attributes": {
                        "occluded": true,
                        "truncated": false,
                        "trafficLightColor": "none"
                    },
                    "box2d": {
                        "x1": 530.106663,
                        "y1": 389.812232,
                        "x2": 546.981651,
                        "y2": 406.68722
                    }
                },
                {
                    "category": "car",
                    "id": 2,
                    "attributes": {
                        "occluded": true,
                        "truncated": false,
                        "trafficLightColor": "none"
                    },
                    "box2d": {
                        "x1": 516.606671,
                        "y1": 388.124733,
                        "x2": 535.169158,
                        "y2": 411.749718
                    }
                },
                {
                    "category": "car",
                    "id": 3,
                    "attributes": {
                        "occluded": true,
                        "truncated": false,
                        "trafficLightColor": "none"
                    },
                    "box2d": {
                        "x1": 464.294207,
                        "y1": 388.124733,
                        "x2": 482.856694,
                        "y2": 408.37472
                    }
                },
                {
                    "category": "car",
                    "id": 4,
                    "attributes": {
                        "occluded": false,
                        "truncated": false,
                        "trafficLightColor": "none"
                    },
                    "box2d": {
                        "x1": 477.794198,
                        "y1": 388.124733,
                        "x2": 521.669168,
                        "y2": 421.874711
                    }
                },
                {
                    "category": "car",
                    "id": 5,
                    "attributes": {
                        "occluded": true,
                        "truncated": false,
                        "trafficLightColor": "none"
                    },
                    "box2d": {
                        "x1": 303.981817,
                        "y1": 374.624742,
                        "x2": 359.669279,
                        "y2": 403.312223
                    }
                },
                {
                    "category": "car",
                    "id": 6,
                    "attributes": {
                        "occluded": true,
                        "truncated": true,
                        "trafficLightColor": "none"
                    },
                    "box2d": {
                        "x1": 0.232026,
                        "y1": 357.749754,
                        "x2": 89.669464,
                        "y2": 413.437216
                    }
                },
                {
                    "category": "car",
                    "id": 7,
                    "attributes": {
                        "occluded": false,
                        "truncated": false,
                        "trafficLightColor": "none"
                    },
                    "box2d": {
                        "x1": 346.169288,
                        "y1": 349.31226,
                        "x2": 465.981706,
                        "y2": 455.624687
                    }
                },
                {
                    "category": "car",
                    "id": 8,
                    "attributes": {
                        "occluded": false,
                        "truncated": false,
                        "trafficLightColor": "none"
                    },
                    "box2d": {
                        "x1": 543.606653,
                        "y1": 371.249745,
                        "x2": 626.294096,
                        "y2": 448.874691
                    }
                },
                {
                    "category": "car",
                    "id": 9,
                    "attributes": {
                        "occluded": true,
                        "truncated": false,
                        "trafficLightColor": "none"
                    },
                    "box2d": {
                        "x1": 455.856713,
                        "y1": 389.812232,
                        "x2": 467.669204,
                        "y2": 404.999721
                    }
                },
                {
                    "category": "area/drivable",
                    "id": 10,
                    "attributes": {},
                    "poly2d": [
                        [
                            496.606109,
                            447.943701,
                            "L"
                        ],
                        [
                            323.168296,
                            551.507287,
                            "L"
                        ],
                        [
                            472.898782,
                            540.2775,
                            "C"
                        ],
                        [
                            645.088839,
                            541.525255,
                            "C"
                        ],
                        [
                            772.359752,
                            547.764025,
                            "C"
                        ],
                        [
                            645.088839,
                            447.943701,
                            "L"
                        ],
                        [
                            496.606109,
                            447.943701,
                            "L"
                        ]
                    ]
                },
                {
                    "category": "area/alternative",
                    "id": 11,
                    "attributes": {},
                    "poly2d": [
                        [
                            633.859055,
                            432.970652,
                            "L"
                        ],
                        [
                            633.859055,
                            419.245358,
                            "L"
                        ],
                        [
                            652.575364,
                            416.74985,
                            "L"
                        ],
                        [
                            1247.754044,
                            572.719106,
                            "L"
                        ],
                        [
                            794.819326,
                            546.516271,
                            "L"
                        ],
                        [
                            633.859055,
                            432.970652,
                            "L"
                        ]
                    ]
                },
                {
                    "category": "area/alternative",
                    "id": 12,
                    "attributes": {},
                    "poly2d": [
                        [
                            279.496906,
                            454.182472,
                            "L"
                        ],
                        [
                            0,
                            511.579158,
                            "L"
                        ],
                        [
                            0,
                            552.755041,
                            "L"
                        ],
                        [
                            308.195249,
                            551.507287,
                            "L"
                        ],
                        [
                            454.182472,
                            461.668996,
                            "L"
                        ],
                        [
                            279.496906,
                            454.182472,
                            "L"
                        ]
                    ]
                },
                {
                    "category": "lane/single white",
                    "id": 13,
                    "attributes": {
                        "direction": "parallel",
                        "style": "solid"
                    },
                    "poly2d": [
                        [
                            337.652555,
                            442.544622,
                            "L"
                        ],
                        [
                            1.997943,
                            511.473695,
                            "L"
                        ]
                    ]
                },
                {
                    "category": "lane/road curb",
                    "id": 14,
                    "attributes": {
                        "direction": "parallel",
                        "style": "solid"
                    },
                    "poly2d": [
                        [
                            4.99486,
                            503.481917,
                            "L"
                        ],
                        [
                            335.654611,
                            440.546677,
                            "L"
                        ]
                    ]
                },
                {
                    "category": "lane/single white",
                    "id": 15,
                    "attributes": {
                        "direction": "parallel",
                        "style": "dashed"
                    },
                    "poly2d": [
                        [
                            530.454164,
                            422.56518,
                            "L"
                        ],
                        [
                            335.654611,
                            546.437716,
                            "L"
                        ]
                    ]
                },
                {
                    "category": "lane/single white",
                    "id": 16,
                    "attributes": {
                        "direction": "parallel",
                        "style": "dashed"
                    },
                    "poly2d": [
                        [
                            523.461359,
                            421.566207,
                            "L"
                        ],
                        [
                            310.680311,
                            545.438743,
                            "L"
                        ]
                    ]
                },
                {
                    "category": "lane/single white",
                    "id": 17,
                    "attributes": {
                        "direction": "parallel",
                        "style": "dashed"
                    },
                    "poly2d": [
                        [
                            631.350339,
                            434.552845,
                            "L"
                        ],
                        [
                            763.214652,
                            539.444911,
                            "L"
                        ]
                    ]
                },
                {
                    "category": "lane/single white",
                    "id": 18,
                    "attributes": {
                        "direction": "parallel",
                        "style": "dashed"
                    },
                    "poly2d": [
                        [
                            641.34006,
                            434.552845,
                            "L"
                        ],
                        [
                            781.196149,
                            537.446966,
                            "L"
                        ]
                    ]
                },
                {
                    "category": "lane/single white",
                    "id": 19,
                    "attributes": {
                        "direction": "parallel",
                        "style": "solid"
                    },
                    "poly2d": [
                        [
                            678.302027,
                            424.563124,
                            "L"
                        ],
                        [
                            1268.694513,
                            577.405848,
                            "L"
                        ]
                    ]
                },
                {
                    "category": "lane/road curb",
                    "id": 20,
                    "attributes": {
                        "direction": "parallel",
                        "style": "solid"
                    },
                    "poly2d": [
                        [
                            686.293804,
                            423.564151,
                            "L"
                        ],
                        [
                            1269.693484,
                            572.410988,
                            "L"
                        ]
                    ]
                }
            ]
        }
    ],
    "attributes": {
        "weather": "clear",
        "scene": "highway",
        "timeofday": "daytime"
    }
}