{
    "name": "0f959aac-24823e01",
    "frames": [
        {
            "timestamp": 10000,
            "objects": [
                {
                    "category": "car",
                    "id": 0,
                    "attributes": {
                        "occluded": false,
                        "truncated": false,
                        "trafficLightColor": "none"
                    },
                    "box2d": {
                        "x1": 163.785871,
                        "y1": 300.631267,
                        "x2": 250.117865,
                        "y2": 342.878835
                    }
                },
                {
                    "category": "car",
                    "id": 1,
                    "attributes": {
                        "occluded": true,
                        "truncated": false,
                        "trafficLightColor": "none"
                    },
                    "box2d": {
                        "x1": 433.190671,
                        "y1": 296.957563,
                        "x2": 456.151308,
                        "y2": 312.264654
                    }
                },
                {
                    "category": "car",
                    "id": 2,
                    "attributes": {
                        "occluded": true,
                        "truncated": false,
                        "trafficLightColor": "none"
                    },
                    "box2d": {
                        "x1": 592.384415,
                        "y1": 290.834726,
                        "x2": 604.630088,
                        "y2": 301.54969
                    }
                },
                {
                    "category": "car",
                    "id": 3,
                    "attributes": {
                        "occluded": true,
                        "truncated": false,
                        "trafficLightColor": "none"
                    },
                    "box2d": {
                        "x1": 583.200162,
                        "y1": 292.365434,
                        "x2": 595.445835,
                        "y2": 304.611107
                    }
                },
                {
                    "category": "car",
                    "id": 4,
                    "attributes": {
                        "occluded": true,
                        "truncated": false,
                        "trafficLightColor": "none"
                    },
                    "box2d": {
                        "x1": 574.015907,
                        "y1": 295.426853,
                        "x2": 580.138743,
                        "y2": 307.672526
                    }
                },
                {
                    "category": "car",
                    "id": 5,
                    "attributes": {
                        "occluded": true,
                        "truncated": false,
                        "trafficLightColor": "none"
                    },
                    "box2d": {
                        "x1": 543.401726,
                        "y1": 300.018981,
                        "x2": 554.11669,
                        "y2": 313.795363
                    }
                },
                {
                    "category": "car",
                    "id": 6,
                    "attributes": {
                        "occluded": true,
                        "truncated": false,
                        "trafficLightColor": "none"
                    },
                    "box2d": {
                        "x1": 534.217472,
                        "y1": 296.957563,
                        "x2": 544.932435,
                        "y2": 313.795363
                    }
                },
                {
                    "category": "car",
                    "id": 7,
                    "attributes": {
                        "occluded": true,
                        "truncated": false,
                        "trafficLightColor": "none"
                    },
                    "box2d": {
                        "x1": 494.419035,
                        "y1": 298.488272,
                        "x2": 506.664707,
                        "y2": 307.672527
                    }
                },
                {
                    "category": "car",
                    "id": 8,
                    "attributes": {
                        "occluded": true,
                        "truncated": false,
                        "trafficLightColor": "none"
                    },
                    "box2d": {
                        "x1": 600.037963,
                        "y1": 254.097709,
                        "x2": 670.45058,
                        "y2": 304.611108
                    }
                },
                {
                    "category": "car",
                    "id": 9,
                    "attributes": {
                        "occluded": true,
                        "truncated": false,
                        "trafficLightColor": "none"
                    },
                    "box2d": {
                        "x1": 587.792289,
                        "y1": 300.018981,
                        "x2": 621.467889,
                        "y2": 367.370181
                    }
                },
                {
                    "category": "traffic sign",
                    "id": 10,
                    "attributes": {
                        "occluded": false,
                        "truncated": false,
                        "trafficLightColor": "none"
                    },
                    "box2d": {
                        "x1": 727.69909,
                        "y1": 188.277218,
                        "x2": 761.37469,
                        "y2": 220.422107
                    }
                },
                {
                    "category": "traffic sign",
                    "id": 11,
                    "attributes": {
                        "occluded": true,
                        "truncated": false,
                        "trafficLightColor": "none"
                    },
                    "box2d": {
                        "x1": 127.048854,
                        "y1": 292.365434,
                        "x2": 143.886654,
                        "y2": 304.611107
                    }
                },
                {
                    "category": "traffic sign",
                    "id": 12,
                    "attributes": {
                        "occluded": true,
                        "truncated": false,
                        "trafficLightColor": "none"
                    },
                    "box2d": {
                        "x1": 290.834726,
                        "y1": 273.996926,
                        "x2": 303.080398,
                        "y2": 286.242598
                    }
                },
                {
                    "category": "car",
                    "id": 13,
                    "attributes": {
                        "occluded": false,
                        "truncated": false,
                        "trafficLightColor": "none"
                    },
                    "box2d": {
                        "x1": 562.382532,
                        "y1": 295.426853,
                        "x2": 579.220332,
                        "y2": 309.203233
                    }
                },
                {
                    "category": "car",
                    "id": 14,
                    "attributes": {
                        "occluded": false,
                        "truncated": false,
                        "trafficLightColor": "none"
                    },
                    "box2d": {
                        "x1": 523.502508,
                        "y1": 300.018981,
                        "x2": 541.871016,
                        "y2": 315.326072
                    }
                },
                {
                    "category": "car",
                    "id": 15,
                    "attributes": {
                        "occluded": false,
                        "truncated": false,
                        "trafficLightColor": "none"
                    },
                    "box2d": {
                        "x1": 437.782799,
                        "y1": 300.018981,
                        "x2": 476.050526,
                        "y2": 329.102454
                    }
                },
                {
                    "category": "car",
                    "id": 16,
                    "attributes": {
                        "occluded": false,
                        "truncated": false,
                        "trafficLightColor": "none"
                    },
                    "box2d": {
                        "x1": 607.691507,
                        "y1": 278.589055,
                        "x2": 736.27107,
                        "y2": 385.738689
                    }
                },
                {
                    "category": "traffic sign",
                    "id": 17,
                    "attributes": {
                        "occluded": false,
                        "truncated": false,
                        "trafficLightColor": "none"
                    },
                    "box2d": {
                        "x1": 720.963979,
                        "y1": 243.382745,
                        "x2": 739.332489,
                        "y2": 258.689835
                    }
                },
                {
                    "category": "area/alternative",
                    "id": 18,
                    "attributes": {},
                    "poly2d": [
                        [
                            28.940441,
                            668.623971,
                            "L"
                        ],
                        [
                            208.570762,
                            628.706123,
                            "C"
                        ],
                        [
                            341.29761,
                            616.730768,
                            "C"
                        ],
                        [
                            526.915608,
                            599.765682,
                            "C"
                        ],
                        [
                            536.89507,
                            517.934091,
                            "C"
                        ],
                        [
                            542.882747,
                            374.229836,
                            "C"
                        ],
                        [
                            585.794435,
                            345.289395,
                            "C"
                        ],
                        [
                            572.821134,
                            334.311986,
                            "L"
                        ],
                        [
                            377.223673,
                            393.190813,
                            "C"
                        ],
                        [
                            167.654966,
                            570.825241,
                            "C"
                        ],
                        [
                            28.940441,
                            668.623971,
                            "C"
                        ]
                    ]
                },
                {
                    "category": "area/alternative",
                    "id": 19,
                    "attributes": {},
                    "poly2d": [
                        [
                            0,
                            649.662994,
                            "L"
                        ],
                        [
                            217.552277,
                            511.946414,
                            "C"
                        ],
                        [
                            403.170276,
                            382.213405,
                            "C"
                        ],
                        [
                            567.831403,
                            331.318146,
                            "C"
                        ],
                        [
                            544.87864,
                            329.322255,
                            "L"
                        ],
                        [
                            449.075802,
                            348.283233,
                            "C"
                        ],
                        [
                            183.622106,
                            393.190813,
                            "C"
                        ],
                        [
                            0,
                            439.09634,
                            "C"
                        ],
                        [
                            0,
                            649.662994,
                            "L"
                        ]
                    ]
                },
                {
                    "category": "area/drivable",
                    "id": 20,
                    "attributes": {},
                    "poly2d": [
                        [
                            565.835511,
                            399.178492,
                            "L"
                        ],
                        [
                            740.4761,
                            395.186705,
                            "L"
                        ],
                        [
                            874.200895,
                            475.022404,
                            "C"
                        ],
                        [
                            1070.796301,
                            546.874532,
                            "C"
                        ],
                        [
                            1228.471805,
                            606.751306,
                            "C"
                        ],
                        [
                            972.997571,
                            591.782112,
                            "C"
                        ],
                        [
                            767.420648,
                            583.798543,
                            "C"
                        ],
                        [
                            554.858102,
                            600.763628,
                            "C"
                        ],
                        [
                            565.835511,
                            399.178492,
                            "L"
                        ]
                    ]
                },
                {
                    "category": "lane/single white",
                    "id": 21,
                    "attributes": {
                        "direction": "parallel",
                        "style": "solid"
                    },
                    "poly2d": [
                        [
                            542.063013,
                            345.497401,
                            "C"
                        ],
                        [
                            465.285812,
                            376.208281,
                            "C"
                        ],
                        [
                            253.38074,
                            491.374082,
                            "C"
                        ],
                        [
                            41.475667,
                            666.426098,
                            "L"
                        ]
                    ]
                },
                {
                    "category": "lane/single white",
                    "id": 22,
                    "attributes": {
                        "direction": "parallel",
                        "style": "solid"
                    },
                    "poly2d": [
                        [
                            538.991925,
                            339.355225,
                            "C"
                        ],
                        [
                            448.394828,
                            371.601649,
                            "C"
                        ],
                        [
                            219.598772,
                            497.516258,
                            "C"
                        ],
                        [
                            0,
                            657.212834,
                            "L"
                        ]
                    ]
                },
                {
                    "category": "lane/single white",
                    "id": 23,
                    "attributes": {
                        "direction": "parallel",
                        "style": "solid"
                    },
                    "poly2d": [
                        [
                            591.200421,
                            347.032945,
                            "C"
                        ],
                        [
                            569.702805,
                            370.066105,
                            "C"
                        ],
                        [
                            566.631717,
                            377.743825,
                            "C"
                        ],
                        [
                            554.347365,
                            601.933251,
                            "L"
                        ]
                    ]
                },
                {
                    "category": "lane/single white",
                    "id": 24,
                    "attributes": {
                        "direction": "parallel",
                        "style": "solid"
                    },
                    "poly2d": [
                        [
                            581.987157,
                            347.032945,
                            "C"
                        ],
                        [
                            551.276277,
                            377.743825,
                            "C"
                        ],
                        [
                            548.205189,
                            448.378849,
                            "C"
                        ],
                        [
                            529.778661,
                            601.933251,
                            "L"
                        ]
                    ]
                },
                {
                    "category": "lane/road curb",
                    "id": 25,
                    "attributes": {
                        "direction": "parallel",
                        "style": "solid"
                    },
                    "poly2d": [
                        [
                            732.470469,
                            383.886001,
                            "C"
                        ],
                        [
                            917.715912,
                            487.536578,
                            "C"
                        ],
                        [
                            1065.205969,
                            527.481802,
                            "C"
                        ],
                        [
                            1216.792972,
                            576.645154,
                            "L"
                        ]
                    ]
                },
                {
                    "category": "lane/single yellow",
                    "id": 26,
                    "attributes": {
                        "direction": "parallel",
                        "style": "solid"
                    },
                    "poly2d": [
                        [
                            486.783428,
                            336.284137,
                            "C"
                        ],
                        [
                            345.51338,
                            357.781753,
                            "C"
                        ],
                        [
                            211.921052,
                            380.814913,
                            "C"
                        ],
                        [
                            0,
                            437.630041,
                            "L"
                        ]
                    ]
                },
                {
                    "category": "lane/single yellow",
                    "id": 27,
                    "attributes": {
                        "direction": "parallel",
                        "style": "solid"
                    },
                    "poly2d": [
                        [
                            422.29058,
                            333.213049,
                            "L"
                        ],
                        [
                            0.015979,
                            382.350457,
                            "L"
                        ]
                    ]
                },
                {
                    "category": "lane/single white",
                    "id": 28,
                    "attributes": {
                        "direction": "parallel",
                        "style": "solid"
                    },
                    "poly2d": [
                        [
                            288.698252,
                            340.890769,
                            "L"
                        ],
                        [
                            0,
                            365.459472,
                            "L"
                        ]
                    ]
                },
                {
                    "category": "lane/road curb",
                    "id": 29,
                    "attributes": {
                        "direction": "parallel",
                        "style": "solid"
                    },
                    "poly2d": [
                        [
                            159.712555,
                            343.961857,
                            "L"
                        ],
                        [
                            0,
                            356.246209,
                            "L"
                        ]
                    ]
                },
                {
                    "category": "lane/crosswalk",
                    "id": 30,
                    "attributes": {
                        "direction": "vertical",
                        "style": "dashed"
                    },
                    "poly2d": [
                        [
                            377.759804,
                            327.070873,
                            "L"
                        ],
                        [
                            591.200421,
                            334.748593,
                            "L"
                        ]
                    ]
                },
                {
                    "category": "lane/crosswalk",
                    "id": 31,
                    "attributes": {
                        "direction": "vertical",
                        "style": "dashed"
                    },
                    "poly2d": [
                        [
                            592.735965,
                            325.53533,
                            "L"
                        ],
                        [
                            477.294213,
                            323.658737,
                            "L"
                        ]
                    ]
                }
            ]
        }
    ],
    "attributes": {
        "weather": "clear",
        "scene": "residential",
        "timeofday": "dawn/dusk"
    }
}