{
    "name": "0f9fbe4b-081bb395",
    "frames": [
        {
            "timestamp": 10000,
            "objects": [
                {
                    "category": "car",
                    "id": 0,
                    "attributes": {
                        "occluded": false,
                        "truncated": false,
                        "trafficLightColor": "none"
                    },
                    "box2d": {
                        "x1": 441.334858,
                        "y1": 434.330046,
                        "x2": 529.698555,
                        "y2": 507.716847
                    }
                },
                {
                    "category": "car",
                    "id": 1,
                    "attributes": {
                        "occluded": false,
                        "truncated": false,
                        "trafficLightColor": "none"
                    },
                    "box2d": {
                        "x1": 577.624632,
                        "y1": 449.306943,
                        "x2": 637.532225,
                        "y2": 503.223777
                    }
                },
                {
                    "category": "car",
                    "id": 2,
                    "attributes": {
                        "occluded": false,
                        "truncated": false,
                        "trafficLightColor": "none"
                    },
                    "box2d": {
                        "x1": 134.308449,
                        "y1": 444.813875,
                        "x2": 275.091291,
                        "y2": 530.182193
                    }
                },
                {
                    "category": "car",
                    "id": 3,
                    "attributes": {
                        "occluded": false,
                        "truncated": false,
                        "trafficLightColor": "none"
                    },
                    "box2d": {
                        "x1": 291.565877,
                        "y1": 444.813875,
                        "x2": 345.48271,
                        "y2": 495.735328
                    }
                },
                {
                    "category": "car",
                    "id": 4,
                    "attributes": {
                        "occluded": false,
                        "truncated": false,
                        "trafficLightColor": "none"
                    },
                    "box2d": {
                        "x1": 697.439816,
                        "y1": 464.283843,
                        "x2": 778.315066,
                        "y2": 513.707607
                    }
                },
                {
                    "category": "car",
                    "id": 5,
                    "attributes": {
                        "occluded": true,
                        "truncated": false,
                        "trafficLightColor": "none"
                    },
                    "box2d": {
                        "x1": 667.486021,
                        "y1": 453.800014,
                        "x2": 730.388991,
                        "y2": 503.223777
                    }
                },
                {
                    "category": "car",
                    "id": 6,
                    "attributes": {
                        "occluded": true,
                        "truncated": false,
                        "trafficLightColor": "none"
                    },
                    "box2d": {
                        "x1": 396.404163,
                        "y1": 455.297704,
                        "x2": 439.837168,
                        "y2": 497.233018
                    }
                },
                {
                    "category": "car",
                    "id": 7,
                    "attributes": {
                        "occluded": true,
                        "truncated": false,
                        "trafficLightColor": "none"
                    },
                    "box2d": {
                        "x1": 529.698557,
                        "y1": 461.288462,
                        "x2": 555.159283,
                        "y2": 492.739948
                    }
                },
                {
                    "category": "car",
                    "id": 8,
                    "attributes": {
                        "occluded": true,
                        "truncated": false,
                        "trafficLightColor": "none"
                    },
                    "box2d": {
                        "x1": 553.661593,
                        "y1": 455.297704,
                        "x2": 577.624632,
                        "y2": 482.25612
                    }
                },
                {
                    "category": "car",
                    "id": 9,
                    "attributes": {
                        "occluded": true,
                        "truncated": false,
                        "trafficLightColor": "none"
                    },
                    "box2d": {
                        "x1": 340.98964,
                        "y1": 461.288462,
                        "x2": 363.454988,
                        "y2": 492.739948
                    }
                },
                {
                    "category": "traffic light",
                    "id": 10,
                    "attributes": {
                        "occluded": false,
                        "truncated": false,
                        "trafficLightColor": "none"
                    },
                    "box2d": {
                        "x1": 592.601531,
                        "y1": 179.722778,
                        "x2": 621.057638,
                        "y2": 227.648853
                    }
                },
                {
                    "category": "traffic light",
                    "id": 11,
                    "attributes": {
                        "occluded": false,
                        "truncated": false,
                        "trafficLightColor": "none"
                    },
                    "box2d": {
                        "x1": 637.532224,
                        "y1": 176.727398,
                        "x2": 661.49526,
                        "y2": 232.141921
                    }
                },
                {
                    "category": "traffic light",
                    "id": 12,
                    "attributes": {
                        "occluded": false,
                        "truncated": false,
                        "trafficLightColor": "green"
                    },
                    "box2d": {
                        "x1": 621.057636,
                        "y1": 176.727398,
                        "x2": 643.522984,
                        "y2": 229.146541
                    }
                },
                {
                    "category": "traffic sign",
                    "id": 13,
                    "attributes": {
                        "occluded": false,
                        "truncated": false,
                        "trafficLightColor": "none"
                    },
                    "box2d": {
                        "x1": 713.914403,
                        "y1": 236.634992,
                        "x2": 811.264241,
                        "y2": 257.602648
                    }
                },
                {
                    "category": "traffic light",
                    "id": 14,
                    "attributes": {
                        "occluded": false,
                        "truncated": false,
                        "trafficLightColor": "green"
                    },
                    "box2d": {
                        "x1": 427.855651,
                        "y1": 413.362389,
                        "x2": 439.837168,
                        "y2": 428.339287
                    }
                },
                {
                    "category": "traffic light",
                    "id": 15,
                    "attributes": {
                        "occluded": false,
                        "truncated": false,
                        "trafficLightColor": "green"
                    },
                    "box2d": {
                        "x1": 589.606151,
                        "y1": 422.348527,
                        "x2": 603.085356,
                        "y2": 434.330046
                    }
                },
                {
                    "category": "traffic light",
                    "id": 16,
                    "attributes": {
                        "occluded": false,
                        "truncated": false,
                        "trafficLightColor": "none"
                    },
                    "box2d": {
                        "x1": 886.148733,
                        "y1": 377.417834,
                        "x2": 928.084047,
                        "y2": 404.376251
                    }
                },
                {
                    "category": "area/drivable",
                    "id": 17,
                    "attributes": {},
                    "poly2d": [
                        [
                            375.935728,
                            666.471966,
                            "L"
                        ],
                        [
                            705.427486,
                            596.080545,
                            "C"
                        ],
                        [
                            927.085579,
                            620.043583,
                            "C"
                        ],
                        [
                            1280.524791,
                            655.988138,
                            "C"
                        ],
                        [
                            1280.524791,
                            551.149851,
                            "L"
                        ],
                        [
                            1144.250602,
                            545.159092,
                            "C"
                        ],
                        [
                            931.578648,
                            563.13137,
                            "C"
                        ],
                        [
                            786.302737,
                            521.196055,
                            "C"
                        ],
                        [
                            708.422867,
                            521.196055,
                            "L"
                        ],
                        [
                            675.473691,
                            503.223776,
                            "L"
                        ],
                        [
                            555.658506,
                            501.726088,
                            "L"
                        ],
                        [
                            543.676988,
                            518.200676,
                            "L"
                        ],
                        [
                            399.898765,
                            518.200676,
                            "L"
                        ],
                        [
                            0,
                            685.941935,
                            "L"
                        ],
                        [
                            375.935728,
                            666.471966,
                            "L"
                        ]
                    ]
                },
                {
                    "category": "lane/crosswalk",
                    "id": 18,
                    "attributes": {
                        "direction": "vertical",
                        "style": "dashed"
                    },
                    "poly2d": [
                        [
                            964.172844,
                            546.106637,
                            "L"
                        ],
                        [
                            1261.363657,
                            623.59368,
                            "L"
                        ]
                    ]
                },
                {
                    "category": "lane/crosswalk",
                    "id": 19,
                    "attributes": {
                        "direction": "vertical",
                        "style": "dashed"
                    },
                    "poly2d": [
                        [
                            848.435169,
                            546.106637,
                            "L"
                        ],
                        [
                            0,
                            560.819366,
                            "L"
                        ]
                    ]
                },
                {
                    "category": "lane/crosswalk",
                    "id": 20,
                    "attributes": {
                        "direction": "vertical",
                        "style": "dashed"
                    },
                    "poly2d": [
                        [
                            801.355435,
                            524.527968,
                            "L"
                        ],
                        [
                            109.871867,
                            515.700329,
                            "L"
                        ]
                    ]
                },
                {
                    "category": "lane/road curb",
                    "id": 21,
                    "attributes": {
                        "direction": "parallel",
                        "style": "solid"
                    },
                    "poly2d": [
                        [
                            1273.133589,
                            541.202394,
                            "C"
                        ],
                        [
                            902.380697,
                            546.106637,
                            "C"
                        ],
                        [
                            856.281791,
                            550.030032,
                            "C"
                        ],
                        [
                            815.087025,
                            523.547117,
                            "L"
                        ]
                    ]
                },
                {
                    "category": "lane/crosswalk",
                    "id": 22,
                    "attributes": {
                        "direction": "vertical",
                        "style": "dashed"
                    },
                    "poly2d": [
                        [
                            1228.996339,
                            546.106637,
                            "L"
                        ],
                        [
                            1279.980227,
                            552.972578,
                            "L"
                        ]
                    ]
                }
            ]
        }
    ],
    "attributes": {
        "weather": "rainy",
        "scene": "city street",
        "timeofday": "dawn/dusk"
    }
}