{
    "name": "0fabbd93-2184c8fb",
    "frames": [
        {
            "timestamp": 10000,
            "objects": [
                {
                    "category": "car",
                    "id": 0,
                    "attributes": {
                        "occluded": true,
                        "truncated": false,
                        "trafficLightColor": "none"
                    },
                    "box2d": {
                        "x1": 422.274601,
                        "y1": 258.355281,
                        "x2": 449.914394,
                        "y2": 270.639632
                    }
                },
                {
                    "category": "car",
                    "id": 1,
                    "attributes": {
                        "occluded": true,
                        "truncated": false,
                        "trafficLightColor": "none"
                    },
                    "box2d": {
                        "x1": 439.165585,
                        "y1": 269.104087,
                        "x2": 474.483096,
                        "y2": 292.137247
                    }
                },
                {
                    "category": "car",
                    "id": 2,
                    "attributes": {
                        "occluded": true,
                        "truncated": false,
                        "trafficLightColor": "none"
                    },
                    "box2d": {
                        "x1": 425.345689,
                        "y1": 269.104087,
                        "x2": 443.772216,
                        "y2": 290.601703
                    }
                },
                {
                    "category": "car",
                    "id": 3,
                    "attributes": {
                        "occluded": true,
                        "truncated": false,
                        "trafficLightColor": "none"
                    },
                    "box2d": {
                        "x1": 397.705899,
                        "y1": 266.032998,
                        "x2": 440.701132,
                        "y2": 305.957143
                    }
                },
                {
                    "category": "car",
                    "id": 4,
                    "attributes": {
                        "occluded": true,
                        "truncated": false,
                        "trafficLightColor": "none"
                    },
                    "box2d": {
                        "x1": 274.862378,
                        "y1": 266.032998,
                        "x2": 320.928698,
                        "y2": 296.743879
                    }
                },
                {
                    "category": "car",
                    "id": 5,
                    "attributes": {
                        "occluded": true,
                        "truncated": false,
                        "trafficLightColor": "none"
                    },
                    "box2d": {
                        "x1": 271.791289,
                        "y1": 264.497455,
                        "x2": 419.203514,
                        "y2": 313.634862
                    }
                },
                {
                    "category": "car",
                    "id": 6,
                    "attributes": {
                        "occluded": true,
                        "truncated": false,
                        "trafficLightColor": "none"
                    },
                    "box2d": {
                        "x1": 698.672522,
                        "y1": 258.355281,
                        "x2": 744.738842,
                        "y2": 302.886057
                    }
                },
                {
                    "category": "car",
                    "id": 7,
                    "attributes": {
                        "occluded": true,
                        "truncated": false,
                        "trafficLightColor": "none"
                    },
                    "box2d": {
                        "x1": 717.099051,
                        "y1": 262.961911,
                        "x2": 766.236457,
                        "y2": 324.383671
                    }
                },
                {
                    "category": "car",
                    "id": 8,
                    "attributes": {
                        "occluded": true,
                        "truncated": false,
                        "trafficLightColor": "none"
                    },
                    "box2d": {
                        "x1": 743.203298,
                        "y1": 235.322119,
                        "x2": 898.293243,
                        "y2": 350.48792
                    }
                },
                {
                    "category": "car",
                    "id": 9,
                    "attributes": {
                        "occluded": false,
                        "truncated": false,
                        "trafficLightColor": "none"
                    },
                    "box2d": {
                        "x1": 471.412009,
                        "y1": 197.317404,
                        "x2": 715.563508,
                        "y2": 412.293563
                    }
                },
                {
                    "category": "car",
                    "id": 10,
                    "attributes": {
                        "occluded": false,
                        "truncated": false,
                        "trafficLightColor": "none"
                    },
                    "box2d": {
                        "x1": 836.564381,
                        "y1": 244.765716,
                        "x2": 1220.450382,
                        "y2": 436.708716
                    }
                },
                {
                    "category": "truck",
                    "id": 11,
                    "attributes": {
                        "occluded": true,
                        "truncated": false,
                        "trafficLightColor": "none"
                    },
                    "box2d": {
                        "x1": 44.530777,
                        "y1": 241.464295,
                        "x2": 270.255746,
                        "y2": 349.612736
                    }
                },
                {
                    "category": "area/drivable",
                    "id": 12,
                    "attributes": {},
                    "poly2d": [
                        [
                            486.569186,
                            428.9622,
                            "L"
                        ],
                        [
                            422.444231,
                            493.087156,
                            "L"
                        ],
                        [
                            613.131601,
                            479.587164,
                            "C"
                        ],
                        [
                            792.006477,
                            479.587164,
                            "C"
                        ],
                        [
                            975.94385,
                            482.962163,
                            "C"
                        ],
                        [
                            882.953782,
                            418.179809,
                            "L"
                        ],
                        [
                            486.569186,
                            428.9622,
                            "L"
                        ]
                    ]
                },
                {
                    "category": "lane/road curb",
                    "id": 13,
                    "attributes": {
                        "direction": "parallel",
                        "style": "solid"
                    },
                    "poly2d": [
                        [
                            1218.836849,
                            368.336844,
                            "L"
                        ],
                        [
                            1277.668428,
                            377.289476,
                            "L"
                        ]
                    ]
                },
                {
                    "category": "lane/road curb",
                    "id": 14,
                    "attributes": {
                        "direction": "parallel",
                        "style": "solid"
                    },
                    "poly2d": [
                        [
                            469.373687,
                            397.752634,
                            "L"
                        ],
                        [
                            336.36316,
                            494.952634,
                            "L"
                        ]
                    ]
                },
                {
                    "category": "lane/road curb",
                    "id": 15,
                    "attributes": {
                        "direction": "parallel",
                        "style": "solid"
                    },
                    "poly2d": [
                        [
                            0,
                            350.431581,
                            "L"
                        ],
                        [
                            52.436842,
                            342.757897,
                            "L"
                        ]
                    ]
                },
                {
                    "category": "lane/single white",
                    "id": 16,
                    "attributes": {
                        "direction": "parallel",
                        "style": "solid"
                    },
                    "poly2d": [
                        [
                            1.278947,
                            352.989476,
                            "L"
                        ],
                        [
                            48.6,
                            346.594739,
                            "L"
                        ]
                    ]
                },
                {
                    "category": "lane/single white",
                    "id": 17,
                    "attributes": {
                        "direction": "parallel",
                        "style": "solid"
                    },
                    "poly2d": [
                        [
                            1218.836849,
                            373.452634,
                            "L"
                        ],
                        [
                            1277.668428,
                            383.684213,
                            "L"
                        ]
                    ]
                },
                {
                    "category": "lane/single yellow",
                    "id": 18,
                    "attributes": {
                        "direction": "parallel",
                        "style": "solid"
                    },
                    "poly2d": [
                        [
                            477.047371,
                            413.100002,
                            "L"
                        ],
                        [
                            387.521055,
                            493.673687,
                            "L"
                        ]
                    ]
                },
                {
                    "category": "lane/single yellow",
                    "id": 19,
                    "attributes": {
                        "direction": "parallel",
                        "style": "solid"
                    },
                    "poly2d": [
                        [
                            492.394739,
                            416.936844,
                            "L"
                        ],
                        [
                            418.215792,
                            494.952634,
                            "L"
                        ]
                    ]
                },
                {
                    "category": "lane/single white",
                    "id": 20,
                    "attributes": {
                        "direction": "parallel",
                        "style": "dashed"
                    },
                    "poly2d": [
                        [
                            732.836846,
                            336.36316,
                            "L"
                        ],
                        [
                            983.510531,
                            483.442108,
                            "L"
                        ]
                    ]
                },
                {
                    "category": "lane/single white",
                    "id": 21,
                    "attributes": {
                        "direction": "parallel",
                        "style": "dashed"
                    },
                    "poly2d": [
                        [
                            739.231583,
                            335.084212,
                            "L"
                        ],
                        [
                            1011.647374,
                            483.442108,
                            "L"
                        ]
                    ]
                }
            ]
        }
    ],
    "attributes": {
        "weather": "partly cloudy",
        "scene": "highway",
        "timeofday": "daytime"
    }
}