{
    "name": "0fbf178c-8d2aa7d8",
    "frames": [
        {
            "timestamp": 10000,
            "objects": [
                {
                    "category": "person",
                    "id": 0,
                    "attributes": {
                        "occluded": true,
                        "truncated": false,
                        "trafficLightColor": "none"
                    },
                    "box2d": {
                        "x1": 134.757437,
                        "y1": 244.559791,
                        "x2": 202.136155,
                        "y2": 419.245357
                    }
                },
                {
                    "category": "person",
                    "id": 1,
                    "attributes": {
                        "occluded": true,
                        "truncated": false,
                        "trafficLightColor": "none"
                    },
                    "box2d": {
                        "x1": 189.658614,
                        "y1": 264.523857,
                        "x2": 229.586744,
                        "y2": 376.821721
                    }
                },
                {
                    "category": "person",
                    "id": 2,
                    "attributes": {
                        "occluded": true,
                        "truncated": false,
                        "trafficLightColor": "none"
                    },
                    "box2d": {
                        "x1": 929.576762,
                        "y1": 291.974447,
                        "x2": 959.522859,
                        "y2": 355.609903
                    }
                },
                {
                    "category": "person",
                    "id": 3,
                    "attributes": {
                        "occluded": true,
                        "truncated": false,
                        "trafficLightColor": "none"
                    },
                    "box2d": {
                        "x1": 613.894989,
                        "y1": 278.249152,
                        "x2": 636.354564,
                        "y2": 351.86664
                    }
                },
                {
                    "category": "person",
                    "id": 4,
                    "attributes": {
                        "occluded": true,
                        "truncated": false,
                        "trafficLightColor": "none"
                    },
                    "box2d": {
                        "x1": 596.426432,
                        "y1": 286.98343,
                        "x2": 615.142743,
                        "y2": 333.150329
                    }
                },
                {
                    "category": "person",
                    "id": 5,
                    "attributes": {
                        "occluded": true,
                        "truncated": false,
                        "trafficLightColor": "none"
                    },
                    "box2d": {
                        "x1": 1053.104412,
                        "y1": 284.487922,
                        "x2": 1070.572968,
                        "y2": 303.204234
                    }
                },
                {
                    "category": "traffic light",
                    "id": 6,
                    "attributes": {
                        "occluded": false,
                        "truncated": false,
                        "trafficLightColor": "red"
                    },
                    "box2d": {
                        "x1": 6.238771,
                        "y1": 235.825514,
                        "x2": 31.19385,
                        "y2": 259.532841
                    }
                },
                {
                    "category": "traffic light",
                    "id": 7,
                    "attributes": {
                        "occluded": false,
                        "truncated": false,
                        "trafficLightColor": "red"
                    },
                    "box2d": {
                        "x1": 835.995209,
                        "y1": 248.303056,
                        "x2": 852.216012,
                        "y2": 272.01038
                    }
                },
                {
                    "category": "traffic light",
                    "id": 8,
                    "attributes": {
                        "occluded": false,
                        "truncated": false,
                        "trafficLightColor": "red"
                    },
                    "box2d": {
                        "x1": 540.2775,
                        "y1": 260.780595,
                        "x2": 551.507287,
                        "y2": 273.258135
                    }
                },
                {
                    "category": "traffic light",
                    "id": 9,
                    "attributes": {
                        "occluded": false,
                        "truncated": false,
                        "trafficLightColor": "none"
                    },
                    "box2d": {
                        "x1": 26.202835,
                        "y1": 240.81653,
                        "x2": 47.414654,
                        "y2": 259.532841
                    }
                },
                {
                    "category": "traffic sign",
                    "id": 10,
                    "attributes": {
                        "occluded": false,
                        "truncated": false,
                        "trafficLightColor": "none"
                    },
                    "box2d": {
                        "x1": 284.487922,
                        "y1": 260.780595,
                        "x2": 306.947495,
                        "y2": 280.744661
                    }
                },
                {
                    "category": "traffic sign",
                    "id": 11,
                    "attributes": {
                        "occluded": false,
                        "truncated": false,
                        "trafficLightColor": "none"
                    },
                    "box2d": {
                        "x1": 1080.555,
                        "y1": 212.118188,
                        "x2": 1105.510081,
                        "y2": 247.055299
                    }
                },
                {
                    "category": "traffic sign",
                    "id": 12,
                    "attributes": {
                        "occluded": false,
                        "truncated": false,
                        "trafficLightColor": "none"
                    },
                    "box2d": {
                        "x1": 1080.555,
                        "y1": 168.446796,
                        "x2": 1110.501098,
                        "y2": 209.62268
                    }
                },
                {
                    "category": "car",
                    "id": 13,
                    "attributes": {
                        "occluded": true,
                        "truncated": false,
                        "trafficLightColor": "none"
                    },
                    "box2d": {
                        "x1": 940.806548,
                        "y1": 299.46097,
                        "x2": 1089.289279,
                        "y2": 369.335197
                    }
                },
                {
                    "category": "car",
                    "id": 14,
                    "attributes": {
                        "occluded": false,
                        "truncated": false,
                        "trafficLightColor": "none"
                    },
                    "box2d": {
                        "x1": 646.336593,
                        "y1": 284.487922,
                        "x2": 877.171091,
                        "y2": 371.830706
                    }
                },
                {
                    "category": "car",
                    "id": 15,
                    "attributes": {
                        "occluded": true,
                        "truncated": false,
                        "trafficLightColor": "none"
                    },
                    "box2d": {
                        "x1": 566.480336,
                        "y1": 286.98343,
                        "x2": 596.426433,
                        "y2": 309.443003
                    }
                },
                {
                    "category": "traffic sign",
                    "id": 16,
                    "attributes": {
                        "occluded": false,
                        "truncated": false,
                        "trafficLightColor": "none"
                    },
                    "box2d": {
                        "x1": 17.468556,
                        "y1": 159.712517,
                        "x2": 42.423636,
                        "y2": 172.190058
                    }
                },
                {
                    "category": "traffic sign",
                    "id": 17,
                    "attributes": {
                        "occluded": false,
                        "truncated": false,
                        "trafficLightColor": "none"
                    },
                    "box2d": {
                        "x1": 52.405671,
                        "y1": 157.217009,
                        "x2": 72.369735,
                        "y2": 170.942304
                    }
                },
                {
                    "category": "traffic sign",
                    "id": 18,
                    "attributes": {
                        "occluded": false,
                        "truncated": false,
                        "trafficLightColor": "none"
                    },
                    "box2d": {
                        "x1": 14.973049,
                        "y1": 174.685566,
                        "x2": 46.1669,
                        "y2": 187.163104
                    }
                },
                {
                    "category": "car",
                    "id": 19,
                    "attributes": {
                        "occluded": true,
                        "truncated": false,
                        "trafficLightColor": "none"
                    },
                    "box2d": {
                        "x1": 230.834498,
                        "y1": 289.478938,
                        "x2": 263.276103,
                        "y2": 321.920543
                    }
                },
                {
                    "category": "car",
                    "id": 20,
                    "attributes": {
                        "occluded": true,
                        "truncated": false,
                        "trafficLightColor": "none"
                    },
                    "box2d": {
                        "x1": 678.865251,
                        "y1": 288.231184,
                        "x2": 733.679377,
                        "y2": 310.784212
                    }
                },
                {
                    "category": "car",
                    "id": 21,
                    "attributes": {
                        "occluded": true,
                        "truncated": false,
                        "trafficLightColor": "none"
                    },
                    "box2d": {
                        "x1": 632.6113,
                        "y1": 296.965462,
                        "x2": 671.291674,
                        "y2": 325.663806
                    }
                },
                {
                    "category": "truck",
                    "id": 22,
                    "attributes": {
                        "occluded": false,
                        "truncated": true,
                        "trafficLightColor": "none"
                    },
                    "box2d": {
                        "x1": 985.725694,
                        "y1": 67.378718,
                        "x2": 1277.700141,
                        "y2": 596.426432
                    }
                },
                {
                    "category": "traffic light",
                    "id": 23,
                    "attributes": {
                        "occluded": false,
                        "truncated": false,
                        "trafficLightColor": "red"
                    },
                    "box2d": {
                        "x1": 662.557397,
                        "y1": 112.297864,
                        "x2": 682.521461,
                        "y2": 158.464763
                    }
                },
                {
                    "category": "traffic light",
                    "id": 24,
                    "attributes": {
                        "occluded": false,
                        "truncated": false,
                        "trafficLightColor": "none"
                    },
                    "box2d": {
                        "x1": 681.273708,
                        "y1": 118.536634,
                        "x2": 694.999001,
                        "y2": 157.217008
                    }
                },
                {
                    "category": "traffic light",
                    "id": 25,
                    "attributes": {
                        "occluded": false,
                        "truncated": false,
                        "trafficLightColor": "none"
                    },
                    "box2d": {
                        "x1": 646.336593,
                        "y1": 117.28888,
                        "x2": 665.052905,
                        "y2": 155.969254
                    }
                },
                {
                    "category": "traffic sign",
                    "id": 26,
                    "attributes": {
                        "occluded": false,
                        "truncated": false,
                        "trafficLightColor": "none"
                    },
                    "box2d": {
                        "x1": 806.049112,
                        "y1": 224.595729,
                        "x2": 838.490717,
                        "y2": 234.577761
                    }
                },
                {
                    "category": "traffic sign",
                    "id": 27,
                    "attributes": {
                        "occluded": false,
                        "truncated": false,
                        "trafficLightColor": "none"
                    },
                    "box2d": {
                        "x1": 643.841086,
                        "y1": 270.762627,
                        "x2": 660.061888,
                        "y2": 285.735676
                    }
                },
                {
                    "category": "car",
                    "id": 28,
                    "attributes": {
                        "occluded": true,
                        "truncated": false,
                        "trafficLightColor": "none"
                    },
                    "box2d": {
                        "x1": 267.019365,
                        "y1": 291.974447,
                        "x2": 289.478938,
                        "y2": 316.929526
                    }
                },
                {
                    "category": "car",
                    "id": 29,
                    "attributes": {
                        "occluded": false,
                        "truncated": true,
                        "trafficLightColor": "none"
                    },
                    "box2d": {
                        "x1": 103.563586,
                        "y1": 169.69455,
                        "x2": 686.264723,
                        "y2": 608.903973
                    }
                },
                {
                    "category": "area/alternative",
                    "id": 30,
                    "attributes": {},
                    "poly2d": [
                        [
                            701.999754,
                            595.349792,
                            "L"
                        ],
                        [
                            1111.049611,
                            623.699782,
                            "L"
                        ],
                        [
                            1008.449647,
                            546.749809,
                            "L"
                        ],
                        [
                            1011.149646,
                            379.349866,
                            "L"
                        ],
                        [
                            665.549767,
                            369.899871,
                            "L"
                        ],
                        [
                            701.999754,
                            595.349792,
                            "L"
                        ]
                    ]
                },
                {
                    "category": "lane/single white",
                    "id": 31,
                    "attributes": {
                        "direction": "vertical",
                        "style": "solid"
                    },
                    "poly2d": [
                        [
                            681.273707,
                            510.331403,
                            "L"
                        ],
                        [
                            1028.149332,
                            519.065683,
                            "L"
                        ]
                    ]
                },
                {
                    "category": "lane/single white",
                    "id": 32,
                    "attributes": {
                        "direction": "vertical",
                        "style": "solid"
                    },
                    "poly2d": [
                        [
                            678.46907,
                            491.242259,
                            "L"
                        ],
                        [
                            1023.158315,
                            500.349371,
                            "L"
                        ]
                    ]
                },
                {
                    "category": "lane/single white",
                    "id": 33,
                    "attributes": {
                        "direction": "parallel",
                        "style": "solid"
                    },
                    "poly2d": [
                        [
                            771.325839,
                            518.200675,
                            "L"
                        ],
                        [
                            869.684569,
                            610.151726,
                            "L"
                        ]
                    ]
                },
                {
                    "category": "lane/single white",
                    "id": 34,
                    "attributes": {
                        "direction": "parallel",
                        "style": "solid"
                    },
                    "poly2d": [
                        [
                            894.639648,
                            607.656219,
                            "L"
                        ],
                        [
                            781.094031,
                            515.32242,
                            "L"
                        ]
                    ]
                },
                {
                    "category": "lane/crosswalk",
                    "id": 35,
                    "attributes": {
                        "direction": "vertical",
                        "style": "dashed"
                    },
                    "poly2d": [
                        [
                            670.980621,
                            440.320805,
                            "L"
                        ],
                        [
                            1014.424036,
                            450.43921,
                            "L"
                        ]
                    ]
                },
                {
                    "category": "lane/crosswalk",
                    "id": 36,
                    "attributes": {
                        "direction": "vertical",
                        "style": "dashed"
                    },
                    "poly2d": [
                        [
                            132.261929,
                            441.704931,
                            "L"
                        ],
                        [
                            1.247754,
                            444.200439,
                            "L"
                        ]
                    ]
                },
                {
                    "category": "lane/crosswalk",
                    "id": 37,
                    "attributes": {
                        "direction": "vertical",
                        "style": "dashed"
                    },
                    "poly2d": [
                        [
                            139.300738,
                            437.325426,
                            "L"
                        ],
                        [
                            1.247754,
                            439.209423,
                            "L"
                        ]
                    ]
                },
                {
                    "category": "lane/crosswalk",
                    "id": 38,
                    "attributes": {
                        "direction": "vertical",
                        "style": "dashed"
                    },
                    "poly2d": [
                        [
                            671.291675,
                            434.218407,
                            "L"
                        ],
                        [
                            1018.444658,
                            443.316185,
                            "L"
                        ]
                    ]
                },
                {
                    "category": "lane/crosswalk",
                    "id": 39,
                    "attributes": {
                        "direction": "vertical",
                        "style": "dashed"
                    },
                    "poly2d": [
                        [
                            642.593332,
                            395.538032,
                            "L"
                        ],
                        [
                            991.964464,
                            396.785785,
                            "L"
                        ]
                    ]
                },
                {
                    "category": "lane/crosswalk",
                    "id": 40,
                    "attributes": {
                        "direction": "vertical",
                        "style": "dashed"
                    },
                    "poly2d": [
                        [
                            132.261929,
                            395.538032,
                            "L"
                        ],
                        [
                            1.247754,
                            398.033539,
                            "L"
                        ]
                    ]
                },
                {
                    "category": "lane/crosswalk",
                    "id": 41,
                    "attributes": {
                        "direction": "vertical",
                        "style": "dashed"
                    },
                    "poly2d": [
                        [
                            1010.680775,
                            389.299261,
                            "L"
                        ],
                        [
                            955.779597,
                            378.069475,
                            "L"
                        ]
                    ]
                }
            ]
        }
    ],
    "attributes": {
        "weather": "snowy",
        "scene": "city street",
        "timeofday": "daytime"
    }
}