{
    "name": "0fc07ccd-14991933",
    "frames": [
        {
            "timestamp": 10000,
            "objects": [
                {
                    "category": "traffic sign",
                    "id": 0,
                    "attributes": {
                        "occluded": false,
                        "truncated": false,
                        "trafficLightColor": "none"
                    },
                    "box2d": {
                        "x1": 1034.388101,
                        "y1": 244.559792,
                        "x2": 1056.847675,
                        "y2": 280.74466
                    }
                },
                {
                    "category": "traffic sign",
                    "id": 1,
                    "attributes": {
                        "occluded": false,
                        "truncated": false,
                        "trafficLightColor": "none"
                    },
                    "box2d": {
                        "x1": 1033.140347,
                        "y1": 304.451987,
                        "x2": 1059.343182,
                        "y2": 350.618886
                    }
                },
                {
                    "category": "traffic sign",
                    "id": 2,
                    "attributes": {
                        "occluded": false,
                        "truncated": false,
                        "trafficLightColor": "none"
                    },
                    "box2d": {
                        "x1": 980.734678,
                        "y1": 244.559792,
                        "x2": 1028.149332,
                        "y2": 281.992414
                    }
                },
                {
                    "category": "traffic sign",
                    "id": 3,
                    "attributes": {
                        "occluded": false,
                        "truncated": false,
                        "trafficLightColor": "none"
                    },
                    "box2d": {
                        "x1": 930.824515,
                        "y1": 243.312038,
                        "x2": 980.734677,
                        "y2": 283.240168
                    }
                },
                {
                    "category": "traffic sign",
                    "id": 4,
                    "attributes": {
                        "occluded": false,
                        "truncated": false,
                        "trafficLightColor": "none"
                    },
                    "box2d": {
                        "x1": 814.78339,
                        "y1": 349.371133,
                        "x2": 844.729486,
                        "y2": 383.060491
                    }
                },
                {
                    "category": "traffic sign",
                    "id": 5,
                    "attributes": {
                        "occluded": false,
                        "truncated": false,
                        "trafficLightColor": "none"
                    },
                    "box2d": {
                        "x1": 794.819325,
                        "y1": 351.86664,
                        "x2": 813.535636,
                        "y2": 373.078459
                    }
                },
                {
                    "category": "traffic sign",
                    "id": 6,
                    "attributes": {
                        "occluded": false,
                        "truncated": false,
                        "trafficLightColor": "none"
                    },
                    "box2d": {
                        "x1": 363.096426,
                        "y1": 310.690757,
                        "x2": 390.547016,
                        "y2": 361.848671
                    }
                },
                {
                    "category": "traffic sign",
                    "id": 7,
                    "attributes": {
                        "occluded": false,
                        "truncated": false,
                        "trafficLightColor": "none"
                    },
                    "box2d": {
                        "x1": 148.48273,
                        "y1": 350.618886,
                        "x2": 168.446795,
                        "y2": 378.069476
                    }
                },
                {
                    "category": "traffic sign",
                    "id": 8,
                    "attributes": {
                        "occluded": false,
                        "truncated": false,
                        "trafficLightColor": "none"
                    },
                    "box2d": {
                        "x1": 44.919146,
                        "y1": 341.884608,
                        "x2": 77.360751,
                        "y2": 371.830705
                    }
                },
                {
                    "category": "traffic light",
                    "id": 9,
                    "attributes": {
                        "occluded": false,
                        "truncated": false,
                        "trafficLightColor": "green"
                    },
                    "box2d": {
                        "x1": 89.838291,
                        "y1": 285.735676,
                        "x2": 104.81134,
                        "y2": 311.938511
                    }
                },
                {
                    "category": "traffic light",
                    "id": 10,
                    "attributes": {
                        "occluded": false,
                        "truncated": false,
                        "trafficLightColor": "green"
                    },
                    "box2d": {
                        "x1": 180.924336,
                        "y1": 286.98343,
                        "x2": 194.649632,
                        "y2": 315.681773
                    }
                },
                {
                    "category": "traffic light",
                    "id": 11,
                    "attributes": {
                        "occluded": false,
                        "truncated": false,
                        "trafficLightColor": "green"
                    },
                    "box2d": {
                        "x1": 269.514873,
                        "y1": 286.98343,
                        "x2": 285.735676,
                        "y2": 315.681773
                    }
                },
                {
                    "category": "traffic light",
                    "id": 12,
                    "attributes": {
                        "occluded": false,
                        "truncated": false,
                        "trafficLightColor": "green"
                    },
                    "box2d": {
                        "x1": 369.335197,
                        "y1": 278.249151,
                        "x2": 384.308245,
                        "y2": 310.690756
                    }
                },
                {
                    "category": "traffic light",
                    "id": 13,
                    "attributes": {
                        "occluded": false,
                        "truncated": false,
                        "trafficLightColor": "green"
                    },
                    "box2d": {
                        "x1": 494.110601,
                        "y1": 291.974447,
                        "x2": 506.588141,
                        "y2": 321.920543
                    }
                },
                {
                    "category": "traffic light",
                    "id": 14,
                    "attributes": {
                        "occluded": false,
                        "truncated": false,
                        "trafficLightColor": "green"
                    },
                    "box2d": {
                        "x1": 571.471352,
                        "y1": 298.213216,
                        "x2": 585.196646,
                        "y2": 324.416051
                    }
                },
                {
                    "category": "traffic light",
                    "id": 15,
                    "attributes": {
                        "occluded": false,
                        "truncated": false,
                        "trafficLightColor": "green"
                    },
                    "box2d": {
                        "x1": 653.823118,
                        "y1": 295.717708,
                        "x2": 666.300659,
                        "y2": 321.920543
                    }
                },
                {
                    "category": "traffic light",
                    "id": 16,
                    "attributes": {
                        "occluded": false,
                        "truncated": false,
                        "trafficLightColor": "green"
                    },
                    "box2d": {
                        "x1": 766.120982,
                        "y1": 294.469954,
                        "x2": 779.846277,
                        "y2": 321.920543
                    }
                },
                {
                    "category": "traffic light",
                    "id": 17,
                    "attributes": {
                        "occluded": false,
                        "truncated": false,
                        "trafficLightColor": "none"
                    },
                    "box2d": {
                        "x1": 416.749849,
                        "y1": 247.055301,
                        "x2": 429.227391,
                        "y2": 285.735677
                    }
                },
                {
                    "category": "car",
                    "id": 18,
                    "attributes": {
                        "occluded": true,
                        "truncated": false,
                        "trafficLightColor": "none"
                    },
                    "box2d": {
                        "x1": 1040.626872,
                        "y1": 371.830705,
                        "x2": 1073.068476,
                        "y2": 396.785786
                    }
                },
                {
                    "category": "car",
                    "id": 19,
                    "attributes": {
                        "occluded": true,
                        "truncated": false,
                        "trafficLightColor": "none"
                    },
                    "box2d": {
                        "x1": 1008.185267,
                        "y1": 373.078459,
                        "x2": 1030.644838,
                        "y2": 400.529048
                    }
                },
                {
                    "category": "car",
                    "id": 20,
                    "attributes": {
                        "occluded": true,
                        "truncated": false,
                        "trafficLightColor": "none"
                    },
                    "box2d": {
                        "x1": 973.248154,
                        "y1": 375.573966,
                        "x2": 1005.689758,
                        "y2": 400.529048
                    }
                },
                {
                    "category": "car",
                    "id": 21,
                    "attributes": {
                        "occluded": true,
                        "truncated": false,
                        "trafficLightColor": "none"
                    },
                    "box2d": {
                        "x1": 772.359751,
                        "y1": 376.821722,
                        "x2": 824.765422,
                        "y2": 391.794769
                    }
                },
                {
                    "category": "car",
                    "id": 22,
                    "attributes": {
                        "occluded": true,
                        "truncated": false,
                        "trafficLightColor": "none"
                    },
                    "box2d": {
                        "x1": 739.918147,
                        "y1": 370.582951,
                        "x2": 766.120982,
                        "y2": 393.042522
                    }
                },
                {
                    "category": "car",
                    "id": 23,
                    "attributes": {
                        "occluded": true,
                        "truncated": false,
                        "trafficLightColor": "none"
                    },
                    "box2d": {
                        "x1": 541.525255,
                        "y1": 376.821722,
                        "x2": 566.480334,
                        "y2": 399.281295
                    }
                },
                {
                    "category": "car",
                    "id": 24,
                    "attributes": {
                        "occluded": true,
                        "truncated": false,
                        "trafficLightColor": "none"
                    },
                    "box2d": {
                        "x1": 554.002795,
                        "y1": 366.839689,
                        "x2": 647.584348,
                        "y2": 432.970654
                    }
                },
                {
                    "category": "car",
                    "id": 25,
                    "attributes": {
                        "occluded": true,
                        "truncated": false,
                        "trafficLightColor": "none"
                    },
                    "box2d": {
                        "x1": 476.642044,
                        "y1": 351.86664,
                        "x2": 522.808944,
                        "y2": 416.749851
                    }
                },
                {
                    "category": "car",
                    "id": 26,
                    "attributes": {
                        "occluded": true,
                        "truncated": false,
                        "trafficLightColor": "none"
                    },
                    "box2d": {
                        "x1": 316.47762,
                        "y1": 387.440406,
                        "x2": 340.636854,
                        "y2": 408.015572
                    }
                },
                {
                    "category": "car",
                    "id": 27,
                    "attributes": {
                        "occluded": false,
                        "truncated": false,
                        "trafficLightColor": "none"
                    },
                    "box2d": {
                        "x1": 632.611299,
                        "y1": 361.848673,
                        "x2": 731.183868,
                        "y2": 446.695948
                    }
                },
                {
                    "category": "car",
                    "id": 28,
                    "attributes": {
                        "occluded": false,
                        "truncated": false,
                        "trafficLightColor": "none"
                    },
                    "box2d": {
                        "x1": 814.78339,
                        "y1": 381.812737,
                        "x2": 972.000398,
                        "y2": 465.412258
                    }
                },
                {
                    "category": "car",
                    "id": 29,
                    "attributes": {
                        "occluded": false,
                        "truncated": false,
                        "trafficLightColor": "none"
                    },
                    "box2d": {
                        "x1": 511.579158,
                        "y1": 378.069476,
                        "x2": 547.764026,
                        "y2": 411.758834
                    }
                },
                {
                    "category": "car",
                    "id": 30,
                    "attributes": {
                        "occluded": false,
                        "truncated": false,
                        "trafficLightColor": "none"
                    },
                    "box2d": {
                        "x1": 207.127172,
                        "y1": 379.317229,
                        "x2": 255.789579,
                        "y2": 414.254343
                    }
                },
                {
                    "category": "car",
                    "id": 31,
                    "attributes": {
                        "occluded": false,
                        "truncated": false,
                        "trafficLightColor": "none"
                    },
                    "box2d": {
                        "x1": 127.270912,
                        "y1": 381.812737,
                        "x2": 198.392893,
                        "y2": 416.749851
                    }
                },
                {
                    "category": "car",
                    "id": 32,
                    "attributes": {
                        "occluded": false,
                        "truncated": true,
                        "trafficLightColor": "none"
                    },
                    "box2d": {
                        "x1": 0,
                        "y1": 368.087443,
                        "x2": 49.910161,
                        "y2": 421.740865
                    }
                },
                {
                    "category": "car",
                    "id": 33,
                    "attributes": {
                        "occluded": false,
                        "truncated": false,
                        "trafficLightColor": "none"
                    },
                    "box2d": {
                        "x1": 369.335197,
                        "y1": 354.362148,
                        "x2": 499.101617,
                        "y2": 456.67798
                    }
                },
                {
                    "category": "area/drivable",
                    "id": 34,
                    "attributes": {},
                    "poly2d": [
                        [
                            344.819284,
                            458.999684,
                            "L"
                        ],
                        [
                            623.256592,
                            464.062181,
                            "L"
                        ],
                        [
                            773.443989,
                            565.312112,
                            "L"
                        ],
                        [
                            76.506968,
                            543.374626,
                            "L"
                        ],
                        [
                            344.819284,
                            458.999684,
                            "L"
                        ]
                    ]
                },
                {
                    "category": "area/alternative",
                    "id": 35,
                    "attributes": {},
                    "poly2d": [
                        [
                            628.319089,
                            455.624686,
                            "L"
                        ],
                        [
                            770.068991,
                            445.499693,
                            "L"
                        ],
                        [
                            1212.193687,
                            533.249633,
                            "L"
                        ],
                        [
                            1124.443747,
                            563.624614,
                            "L"
                        ],
                        [
                            783.568982,
                            566.99961,
                            "L"
                        ],
                        [
                            628.319089,
                            455.624686,
                            "L"
                        ]
                    ]
                },
                {
                    "category": "area/alternative",
                    "id": 36,
                    "attributes": {},
                    "poly2d": [
                        [
                            986.068843,
                            453.937188,
                            "L"
                        ],
                        [
                            1280.811618,
                            492.749662,
                            "L"
                        ],
                        [
                            1280.811618,
                            518.062145,
                            "L"
                        ],
                        [
                            1221.733615,
                            524.721992,
                            "L"
                        ],
                        [
                            925.318886,
                            469.124677,
                            "L"
                        ],
                        [
                            986.068843,
                            453.937188,
                            "L"
                        ]
                    ]
                },
                {
                    "category": "area/alternative",
                    "id": 37,
                    "attributes": {},
                    "poly2d": [
                        [
                            0,
                            442.53662,
                            "L"
                        ],
                        [
                            308.211593,
                            406.185398,
                            "L"
                        ],
                        [
                            316.114032,
                            418.829301,
                            "L"
                        ],
                        [
                            0,
                            470.985403,
                            "L"
                        ],
                        [
                            0,
                            442.53662,
                            "L"
                        ]
                    ]
                },
                {
                    "category": "lane/crosswalk",
                    "id": 38,
                    "attributes": {
                        "direction": "vertical",
                        "style": "dashed"
                    },
                    "poly2d": [
                        [
                            497.853863,
                            421.740867,
                            "L"
                        ],
                        [
                            557.746057,
                            422.98862,
                            "L"
                        ]
                    ]
                },
                {
                    "category": "lane/crosswalk",
                    "id": 39,
                    "attributes": {
                        "direction": "vertical",
                        "style": "dashed"
                    },
                    "poly2d": [
                        [
                            729.936116,
                            422.98862,
                            "L"
                        ],
                        [
                            817.278897,
                            424.236375,
                            "L"
                        ]
                    ]
                },
                {
                    "category": "lane/crosswalk",
                    "id": 40,
                    "attributes": {
                        "direction": "vertical",
                        "style": "dashed"
                    },
                    "poly2d": [
                        [
                            496.606109,
                            425.484129,
                            "L"
                        ],
                        [
                            556.498303,
                            426.731883,
                            "L"
                        ]
                    ]
                },
                {
                    "category": "lane/crosswalk",
                    "id": 41,
                    "attributes": {
                        "direction": "vertical",
                        "style": "dashed"
                    },
                    "poly2d": [
                        [
                            731.183869,
                            429.22739,
                            "L"
                        ],
                        [
                            817.278897,
                            430.475145,
                            "L"
                        ]
                    ]
                },
                {
                    "category": "lane/single white",
                    "id": 42,
                    "attributes": {
                        "direction": "vertical",
                        "style": "solid"
                    },
                    "poly2d": [
                        [
                            814.78339,
                            435.466161,
                            "L"
                        ],
                        [
                            729.936116,
                            432.970653,
                            "L"
                        ]
                    ]
                },
                {
                    "category": "lane/single white",
                    "id": 43,
                    "attributes": {
                        "direction": "vertical",
                        "style": "solid"
                    },
                    "poly2d": [
                        [
                            496.606109,
                            429.22739,
                            "L"
                        ],
                        [
                            557.746057,
                            429.22739,
                            "L"
                        ]
                    ]
                },
                {
                    "category": "lane/crosswalk",
                    "id": 44,
                    "attributes": {
                        "direction": "vertical",
                        "style": "dashed"
                    },
                    "poly2d": [
                        [
                            300.708724,
                            420.493111,
                            "C"
                        ],
                        [
                            200.888401,
                            416.74985,
                            "C"
                        ],
                        [
                            101.068077,
                            419.245358,
                            "C"
                        ],
                        [
                            4.991016,
                            421.740867,
                            "L"
                        ]
                    ]
                },
                {
                    "category": "lane/crosswalk",
                    "id": 45,
                    "attributes": {
                        "direction": "vertical",
                        "style": "dashed"
                    },
                    "poly2d": [
                        [
                            290.726692,
                            425.484129,
                            "L"
                        ],
                        [
                            0,
                            426.731883,
                            "L"
                        ]
                    ]
                },
                {
                    "category": "lane/single white",
                    "id": 46,
                    "attributes": {
                        "direction": "parallel",
                        "style": "solid"
                    },
                    "poly2d": [
                        [
                            0,
                            441.704931,
                            "L"
                        ],
                        [
                            116.041126,
                            430.475145,
                            "L"
                        ]
                    ]
                },
                {
                    "category": "lane/single white",
                    "id": 47,
                    "attributes": {
                        "direction": "parallel",
                        "style": "solid"
                    },
                    "poly2d": [
                        [
                            0,
                            436.713916,
                            "L"
                        ],
                        [
                            86.095029,
                            429.22739,
                            "L"
                        ]
                    ]
                },
                {
                    "category": "lane/single white",
                    "id": 48,
                    "attributes": {
                        "direction": "parallel",
                        "style": "solid"
                    },
                    "poly2d": [
                        [
                            566.480335,
                            431.722899,
                            "C"
                        ],
                        [
                            620.13376,
                            459.173489,
                            "C"
                        ],
                        [
                            665.052905,
                            495.358356,
                            "C"
                        ],
                        [
                            714.963067,
                            527.79996,
                            "L"
                        ]
                    ]
                },
                {
                    "category": "lane/single white",
                    "id": 49,
                    "attributes": {
                        "direction": "parallel",
                        "style": "solid"
                    },
                    "poly2d": [
                        [
                            726.192853,
                            520.313436,
                            "C"
                        ],
                        [
                            675.034937,
                            489.119585,
                            "C"
                        ],
                        [
                            625.124775,
                            455.430226,
                            "C"
                        ],
                        [
                            572.719106,
                            426.731883,
                            "L"
                        ]
                    ]
                },
                {
                    "category": "lane/single white",
                    "id": 50,
                    "attributes": {
                        "direction": "parallel",
                        "style": "solid"
                    },
                    "poly2d": [
                        [
                            739.918147,
                            439.209423,
                            "L"
                        ],
                        [
                            1199.091634,
                            531.543223,
                            "L"
                        ]
                    ]
                },
                {
                    "category": "lane/single white",
                    "id": 51,
                    "attributes": {
                        "direction": "parallel",
                        "style": "solid"
                    },
                    "poly2d": [
                        [
                            1206.57816,
                            525.304453,
                            "L"
                        ],
                        [
                            754.891196,
                            437.961669,
                            "L"
                        ]
                    ]
                },
                {
                    "category": "lane/single white",
                    "id": 52,
                    "attributes": {
                        "direction": "parallel",
                        "style": "solid"
                    },
                    "poly2d": [
                        [
                            964.513874,
                            451.686963,
                            "L"
                        ],
                        [
                            1280.195647,
                            494.110601,
                            "L"
                        ]
                    ]
                },
                {
                    "category": "lane/single white",
                    "id": 53,
                    "attributes": {
                        "direction": "parallel",
                        "style": "solid"
                    },
                    "poly2d": [
                        [
                            969.504891,
                            447.943701,
                            "L"
                        ],
                        [
                            1280.195647,
                            487.87183,
                            "L"
                        ]
                    ]
                },
                {
                    "category": "lane/single white",
                    "id": 54,
                    "attributes": {
                        "direction": "parallel",
                        "style": "solid"
                    },
                    "poly2d": [
                        [
                            373.078459,
                            449.191455,
                            "L"
                        ],
                        [
                            73.617489,
                            541.525255,
                            "L"
                        ]
                    ]
                },
                {
                    "category": "lane/single white",
                    "id": 55,
                    "attributes": {
                        "direction": "parallel",
                        "style": "solid"
                    },
                    "poly2d": [
                        [
                            370.58295,
                            445.448193,
                            "L"
                        ],
                        [
                            48.664044,
                            537.865749,
                            "L"
                        ]
                    ]
                },
                {
                    "category": "lane/single white",
                    "id": 56,
                    "attributes": {
                        "direction": "parallel",
                        "style": "solid"
                    },
                    "poly2d": [
                        [
                            0,
                            476.642044,
                            "L"
                        ],
                        [
                            278.249152,
                            431.722899,
                            "L"
                        ]
                    ]
                },
                {
                    "category": "lane/single white",
                    "id": 57,
                    "attributes": {
                        "direction": "parallel",
                        "style": "solid"
                    },
                    "poly2d": [
                        [
                            0,
                            469.992214,
                            "L"
                        ],
                        [
                            266.371609,
                            427.731333,
                            "L"
                        ]
                    ]
                },
                {
                    "category": "lane/road curb",
                    "id": 58,
                    "attributes": {
                        "direction": "parallel",
                        "style": "solid"
                    },
                    "poly2d": [
                        [
                            46.1669,
                            414.254343,
                            "L"
                        ],
                        [
                            128.518667,
                            411.758834,
                            "L"
                        ]
                    ]
                }
            ]
        }
    ],
    "attributes": {
        "weather": "overcast",
        "scene": "city street",
        "timeofday": "daytime"
    }
}