{
    "name": "0fd50fa7-f14c78b9",
    "frames": [
        {
            "timestamp": 10000,
            "objects": [
                {
                    "category": "traffic sign",
                    "id": 0,
                    "attributes": {
                        "occluded": false,
                        "truncated": false,
                        "trafficLightColor": "none"
                    },
                    "box2d": {
                        "x1": 356.857656,
                        "y1": 279.496906,
                        "x2": 384.308245,
                        "y2": 288.231184
                    }
                },
                {
                    "category": "traffic sign",
                    "id": 1,
                    "attributes": {
                        "occluded": false,
                        "truncated": false,
                        "trafficLightColor": "none"
                    },
                    "box2d": {
                        "x1": 781.094031,
                        "y1": 286.98343,
                        "x2": 803.553605,
                        "y2": 293.2222
                    }
                },
                {
                    "category": "traffic sign",
                    "id": 2,
                    "attributes": {
                        "occluded": false,
                        "truncated": false,
                        "trafficLightColor": "none"
                    },
                    "box2d": {
                        "x1": 996.95548,
                        "y1": 227.091236,
                        "x2": 1029.397085,
                        "y2": 237.073268
                    }
                },
                {
                    "category": "traffic sign",
                    "id": 3,
                    "attributes": {
                        "occluded": false,
                        "truncated": false,
                        "trafficLightColor": "none"
                    },
                    "box2d": {
                        "x1": 996.95548,
                        "y1": 204.631663,
                        "x2": 1018.167299,
                        "y2": 220.852466
                    }
                },
                {
                    "category": "traffic sign",
                    "id": 4,
                    "attributes": {
                        "occluded": false,
                        "truncated": false,
                        "trafficLightColor": "none"
                    },
                    "box2d": {
                        "x1": 979.486924,
                        "y1": 240.81653,
                        "x2": 995.707726,
                        "y2": 257.037332
                    }
                },
                {
                    "category": "traffic sign",
                    "id": 5,
                    "attributes": {
                        "occluded": false,
                        "truncated": false,
                        "trafficLightColor": "none"
                    },
                    "box2d": {
                        "x1": 792.323817,
                        "y1": 263.276103,
                        "x2": 812.287882,
                        "y2": 278.249152
                    }
                },
                {
                    "category": "traffic sign",
                    "id": 6,
                    "attributes": {
                        "occluded": true,
                        "truncated": true,
                        "trafficLightColor": "none"
                    },
                    "box2d": {
                        "x1": 12.47754,
                        "y1": 144.739469,
                        "x2": 41.175883,
                        "y2": 164.703534
                    }
                },
                {
                    "category": "traffic light",
                    "id": 7,
                    "attributes": {
                        "occluded": false,
                        "truncated": false,
                        "trafficLightColor": "none"
                    },
                    "box2d": {
                        "x1": 1.247754,
                        "y1": 71.12198,
                        "x2": 26.202836,
                        "y2": 126.023158
                    }
                },
                {
                    "category": "traffic light",
                    "id": 8,
                    "attributes": {
                        "occluded": false,
                        "truncated": false,
                        "trafficLightColor": "green"
                    },
                    "box2d": {
                        "x1": 364.34418,
                        "y1": 248.303055,
                        "x2": 373.07846,
                        "y2": 273.258135
                    }
                },
                {
                    "category": "traffic light",
                    "id": 9,
                    "attributes": {
                        "occluded": false,
                        "truncated": false,
                        "trafficLightColor": "green"
                    },
                    "box2d": {
                        "x1": 687.512478,
                        "y1": 235.825514,
                        "x2": 699.990019,
                        "y2": 260.780596
                    }
                },
                {
                    "category": "traffic light",
                    "id": 10,
                    "attributes": {
                        "occluded": false,
                        "truncated": false,
                        "trafficLightColor": "none"
                    },
                    "box2d": {
                        "x1": 676.282691,
                        "y1": 237.073268,
                        "x2": 686.264723,
                        "y2": 257.037333
                    }
                },
                {
                    "category": "traffic light",
                    "id": 11,
                    "attributes": {
                        "occluded": false,
                        "truncated": false,
                        "trafficLightColor": "none"
                    },
                    "box2d": {
                        "x1": 804.801358,
                        "y1": 329.407067,
                        "x2": 813.535636,
                        "y2": 343.132363
                    }
                },
                {
                    "category": "traffic light",
                    "id": 12,
                    "attributes": {
                        "occluded": false,
                        "truncated": false,
                        "trafficLightColor": "none"
                    },
                    "box2d": {
                        "x1": 1015.671791,
                        "y1": 296.965462,
                        "x2": 1041.874626,
                        "y2": 318.177281
                    }
                },
                {
                    "category": "traffic light",
                    "id": 13,
                    "attributes": {
                        "occluded": false,
                        "truncated": false,
                        "trafficLightColor": "none"
                    },
                    "box2d": {
                        "x1": 1004.442004,
                        "y1": 296.965462,
                        "x2": 1014.424038,
                        "y2": 318.177281
                    }
                },
                {
                    "category": "person",
                    "id": 14,
                    "attributes": {
                        "occluded": true,
                        "truncated": false,
                        "trafficLightColor": "none"
                    },
                    "box2d": {
                        "x1": 909.612697,
                        "y1": 360.600918,
                        "x2": 925.8335,
                        "y2": 399.281294
                    }
                },
                {
                    "category": "person",
                    "id": 15,
                    "attributes": {
                        "occluded": true,
                        "truncated": false,
                        "trafficLightColor": "none"
                    },
                    "box2d": {
                        "x1": 835.995209,
                        "y1": 359.353164,
                        "x2": 855.959273,
                        "y2": 381.812737
                    }
                },
                {
                    "category": "car",
                    "id": 16,
                    "attributes": {
                        "occluded": false,
                        "truncated": true,
                        "trafficLightColor": "none"
                    },
                    "box2d": {
                        "x1": 0,
                        "y1": 262.028349,
                        "x2": 152.225993,
                        "y2": 466.660012
                    }
                },
                {
                    "category": "car",
                    "id": 17,
                    "attributes": {
                        "occluded": false,
                        "truncated": false,
                        "trafficLightColor": "none"
                    },
                    "box2d": {
                        "x1": 366.839689,
                        "y1": 291.974446,
                        "x2": 571.471352,
                        "y2": 465.412258
                    }
                },
                {
                    "category": "car",
                    "id": 18,
                    "attributes": {
                        "occluded": false,
                        "truncated": false,
                        "trafficLightColor": "none"
                    },
                    "box2d": {
                        "x1": 194.649631,
                        "y1": 330.654821,
                        "x2": 301.956478,
                        "y2": 390.547015
                    }
                },
                {
                    "category": "car",
                    "id": 19,
                    "attributes": {
                        "occluded": true,
                        "truncated": false,
                        "trafficLightColor": "none"
                    },
                    "box2d": {
                        "x1": 137.252945,
                        "y1": 350.618886,
                        "x2": 182.172091,
                        "y2": 380.564983
                    }
                },
                {
                    "category": "car",
                    "id": 20,
                    "attributes": {
                        "occluded": true,
                        "truncated": false,
                        "trafficLightColor": "none"
                    },
                    "box2d": {
                        "x1": 678.778199,
                        "y1": 356.857656,
                        "x2": 807.296866,
                        "y2": 421.740866
                    }
                },
                {
                    "category": "car",
                    "id": 21,
                    "attributes": {
                        "occluded": true,
                        "truncated": false,
                        "trafficLightColor": "none"
                    },
                    "box2d": {
                        "x1": 782.341785,
                        "y1": 361.848672,
                        "x2": 878.418846,
                        "y2": 400.529048
                    }
                },
                {
                    "category": "car",
                    "id": 22,
                    "attributes": {
                        "occluded": true,
                        "truncated": false,
                        "trafficLightColor": "none"
                    },
                    "box2d": {
                        "x1": 658.814135,
                        "y1": 366.839689,
                        "x2": 693.751248,
                        "y2": 396.785786
                    }
                },
                {
                    "category": "car",
                    "id": 23,
                    "attributes": {
                        "occluded": true,
                        "truncated": false,
                        "trafficLightColor": "none"
                    },
                    "box2d": {
                        "x1": 648.832102,
                        "y1": 363.096426,
                        "x2": 677.530444,
                        "y2": 391.794768
                    }
                },
                {
                    "category": "car",
                    "id": 24,
                    "attributes": {
                        "occluded": true,
                        "truncated": false,
                        "trafficLightColor": "none"
                    },
                    "box2d": {
                        "x1": 637.602316,
                        "y1": 364.34418,
                        "x2": 661.309644,
                        "y2": 389.299261
                    }
                },
                {
                    "category": "car",
                    "id": 25,
                    "attributes": {
                        "occluded": true,
                        "truncated": false,
                        "trafficLightColor": "none"
                    },
                    "box2d": {
                        "x1": 625.124775,
                        "y1": 354.362148,
                        "x2": 666.300659,
                        "y2": 381.812736
                    }
                },
                {
                    "category": "car",
                    "id": 26,
                    "attributes": {
                        "occluded": true,
                        "truncated": false,
                        "trafficLightColor": "none"
                    },
                    "box2d": {
                        "x1": 618.886005,
                        "y1": 364.34418,
                        "x2": 630.115792,
                        "y2": 381.812736
                    }
                },
                {
                    "category": "car",
                    "id": 27,
                    "attributes": {
                        "occluded": false,
                        "truncated": false,
                        "trafficLightColor": "none"
                    },
                    "box2d": {
                        "x1": 581.453384,
                        "y1": 363.096426,
                        "x2": 596.426432,
                        "y2": 375.573967
                    }
                },
                {
                    "category": "area/drivable",
                    "id": 28,
                    "attributes": {},
                    "poly2d": [
                        [
                            610.151727,
                            525.304452,
                            "L"
                        ],
                        [
                            408.015572,
                            522.808945,
                            "C"
                        ],
                        [
                            207.127171,
                            541.525254,
                            "C"
                        ],
                        [
                            0,
                            557.746056,
                            "C"
                        ],
                        [
                            280.744661,
                            470.403274,
                            "L"
                        ],
                        [
                            586.593789,
                            472.947553,
                            "L"
                        ],
                        [
                            610.151727,
                            525.304452,
                            "L"
                        ]
                    ]
                },
                {
                    "category": "area/alternative",
                    "id": 29,
                    "attributes": {},
                    "poly2d": [
                        [
                            625.124775,
                            526.552206,
                            "L"
                        ],
                        [
                            768.61649,
                            519.065681,
                            "C"
                        ],
                        [
                            909.612697,
                            517.817927,
                            "C"
                        ],
                        [
                            1049.361151,
                            524.056698,
                            "C"
                        ],
                        [
                            598.921941,
                            383.060491,
                            "L"
                        ],
                        [
                            568.975843,
                            396.785785,
                            "L"
                        ],
                        [
                            625.124775,
                            526.552206,
                            "L"
                        ]
                    ]
                },
                {
                    "category": "lane/single white",
                    "id": 30,
                    "attributes": {
                        "direction": "parallel",
                        "style": "solid"
                    },
                    "poly2d": [
                        [
                            579.403793,
                            374.614522,
                            "L"
                        ],
                        [
                            648.332865,
                            400.587795,
                            "L"
                        ]
                    ]
                },
                {
                    "category": "lane/road curb",
                    "id": 31,
                    "attributes": {
                        "direction": "parallel",
                        "style": "solid"
                    },
                    "poly2d": [
                        [
                            157.837585,
                            436.550789,
                            "C"
                        ],
                        [
                            298.692645,
                            431.555929,
                            "C"
                        ],
                        [
                            280.711148,
                            429.557985,
                            "C"
                        ],
                        [
                            364.624801,
                            411.576488,
                            "L"
                        ]
                    ]
                },
                {
                    "category": "lane/single white",
                    "id": 32,
                    "attributes": {
                        "direction": "parallel",
                        "style": "solid"
                    },
                    "poly2d": [
                        [
                            570.413045,
                            430.556957,
                            "L"
                        ],
                        [
                            605.377067,
                            523.461358,
                            "L"
                        ]
                    ]
                },
                {
                    "category": "lane/single white",
                    "id": 33,
                    "attributes": {
                        "direction": "parallel",
                        "style": "solid"
                    },
                    "poly2d": [
                        [
                            579.403793,
                            428.559013,
                            "L"
                        ],
                        [
                            620.361648,
                            525.459302,
                            "L"
                        ]
                    ]
                }
            ]
        }
    ],
    "attributes": {
        "weather": "clear",
        "scene": "city street",
        "timeofday": "daytime"
    }
}