{
    "name": "0fe831f2-d3180400",
    "frames": [
        {
            "timestamp": 10000,
            "objects": [
                {
                    "category": "traffic light",
                    "id": 0,
                    "attributes": {
                        "occluded": false,
                        "truncated": false,
                        "trafficLightColor": "green"
                    },
                    "box2d": {
                        "x1": 599.7062,
                        "y1": 251.619856,
                        "x2": 608.87602,
                        "y2": 268.125532
                    }
                },
                {
                    "category": "traffic light",
                    "id": 1,
                    "attributes": {
                        "occluded": false,
                        "truncated": false,
                        "trafficLightColor": "green"
                    },
                    "box2d": {
                        "x1": 654.725116,
                        "y1": 262.62364,
                        "x2": 669.396828,
                        "y2": 279.129316
                    }
                },
                {
                    "category": "traffic sign",
                    "id": 2,
                    "attributes": {
                        "occluded": false,
                        "truncated": false,
                        "trafficLightColor": "none"
                    },
                    "box2d": {
                        "x1": 693.971934,
                        "y1": 295.26819,
                        "x2": 708.643645,
                        "y2": 313.607829
                    }
                },
                {
                    "category": "traffic sign",
                    "id": 3,
                    "attributes": {
                        "occluded": false,
                        "truncated": false,
                        "trafficLightColor": "none"
                    },
                    "box2d": {
                        "x1": 840.689047,
                        "y1": 265.924767,
                        "x2": 868.198504,
                        "y2": 297.102154
                    }
                },
                {
                    "category": "traffic light",
                    "id": 4,
                    "attributes": {
                        "occluded": false,
                        "truncated": false,
                        "trafficLightColor": "none"
                    },
                    "box2d": {
                        "x1": 607.775629,
                        "y1": 253.08702,
                        "x2": 618.77941,
                        "y2": 269.592696
                    }
                },
                {
                    "category": "car",
                    "id": 5,
                    "attributes": {
                        "occluded": true,
                        "truncated": false,
                        "trafficLightColor": "none"
                    },
                    "box2d": {
                        "x1": 646.930771,
                        "y1": 312.232357,
                        "x2": 668.021356,
                        "y2": 330.571996
                    }
                },
                {
                    "category": "car",
                    "id": 6,
                    "attributes": {
                        "occluded": true,
                        "truncated": false,
                        "trafficLightColor": "none"
                    },
                    "box2d": {
                        "x1": 546.062755,
                        "y1": 301.228572,
                        "x2": 597.413744,
                        "y2": 334.239923
                    }
                },
                {
                    "category": "car",
                    "id": 7,
                    "attributes": {
                        "occluded": true,
                        "truncated": false,
                        "trafficLightColor": "none"
                    },
                    "box2d": {
                        "x1": 522.221223,
                        "y1": 304.8965,
                        "x2": 562.568429,
                        "y2": 354.413525
                    }
                },
                {
                    "category": "car",
                    "id": 8,
                    "attributes": {
                        "occluded": true,
                        "truncated": false,
                        "trafficLightColor": "none"
                    },
                    "box2d": {
                        "x1": 496.545729,
                        "y1": 293.892717,
                        "x2": 535.058971,
                        "y2": 361.749379
                    }
                },
                {
                    "category": "car",
                    "id": 9,
                    "attributes": {
                        "occluded": true,
                        "truncated": false,
                        "trafficLightColor": "none"
                    },
                    "box2d": {
                        "x1": 358.998435,
                        "y1": 253.545511,
                        "x2": 511.217439,
                        "y2": 383.756946
                    }
                },
                {
                    "category": "car",
                    "id": 10,
                    "attributes": {
                        "occluded": true,
                        "truncated": false,
                        "trafficLightColor": "none"
                    },
                    "box2d": {
                        "x1": 700.574213,
                        "y1": 319.568212,
                        "x2": 728.083672,
                        "y2": 345.243706
                    }
                },
                {
                    "category": "car",
                    "id": 11,
                    "attributes": {
                        "occluded": true,
                        "truncated": false,
                        "trafficLightColor": "none"
                    },
                    "box2d": {
                        "x1": 717.079889,
                        "y1": 319.568212,
                        "x2": 750.09124,
                        "y2": 348.911634
                    }
                },
                {
                    "category": "car",
                    "id": 12,
                    "attributes": {
                        "occluded": true,
                        "truncated": false,
                        "trafficLightColor": "none"
                    },
                    "box2d": {
                        "x1": 740.921421,
                        "y1": 315.900284,
                        "x2": 783.102591,
                        "y2": 356.24749
                    }
                },
                {
                    "category": "car",
                    "id": 13,
                    "attributes": {
                        "occluded": true,
                        "truncated": false,
                        "trafficLightColor": "none"
                    },
                    "box2d": {
                        "x1": 757.427095,
                        "y1": 317.734249,
                        "x2": 794.106373,
                        "y2": 365.417309
                    }
                },
                {
                    "category": "car",
                    "id": 14,
                    "attributes": {
                        "occluded": true,
                        "truncated": false,
                        "trafficLightColor": "none"
                    },
                    "box2d": {
                        "x1": 781.268626,
                        "y1": 321.402176,
                        "x2": 828.951688,
                        "y2": 370.919203
                    }
                },
                {
                    "category": "car",
                    "id": 15,
                    "attributes": {
                        "occluded": true,
                        "truncated": false,
                        "trafficLightColor": "none"
                    },
                    "box2d": {
                        "x1": 816.113941,
                        "y1": 321.402176,
                        "x2": 865.630967,
                        "y2": 376.421093
                    }
                },
                {
                    "category": "car",
                    "id": 16,
                    "attributes": {
                        "occluded": true,
                        "truncated": false,
                        "trafficLightColor": "none"
                    },
                    "box2d": {
                        "x1": 849.125289,
                        "y1": 326.904066,
                        "x2": 920.649883,
                        "y2": 387.424876
                    }
                },
                {
                    "category": "car",
                    "id": 17,
                    "attributes": {
                        "occluded": true,
                        "truncated": false,
                        "trafficLightColor": "none"
                    },
                    "box2d": {
                        "x1": 889.014006,
                        "y1": 326.904066,
                        "x2": 1000.885806,
                        "y2": 407.598478
                    }
                },
                {
                    "category": "car",
                    "id": 18,
                    "attributes": {
                        "occluded": true,
                        "truncated": false,
                        "trafficLightColor": "none"
                    },
                    "box2d": {
                        "x1": 964.206526,
                        "y1": 312.232357,
                        "x2": 1162.274629,
                        "y2": 435.107938
                    }
                },
                {
                    "category": "car",
                    "id": 19,
                    "attributes": {
                        "occluded": true,
                        "truncated": false,
                        "trafficLightColor": "none"
                    },
                    "box2d": {
                        "x1": 635.010003,
                        "y1": 314.06632,
                        "x2": 651.515681,
                        "y2": 325.070104
                    }
                },
                {
                    "category": "car",
                    "id": 20,
                    "attributes": {
                        "occluded": false,
                        "truncated": false,
                        "trafficLightColor": "none"
                    },
                    "box2d": {
                        "x1": 256.754948,
                        "y1": 298.936118,
                        "x2": 458.490979,
                        "y2": 414.475844
                    }
                },
                {
                    "category": "car",
                    "id": 21,
                    "attributes": {
                        "occluded": false,
                        "truncated": false,
                        "trafficLightColor": "none"
                    },
                    "box2d": {
                        "x1": 602.640552,
                        "y1": 309.939901,
                        "x2": 617.312264,
                        "y2": 322.777647
                    }
                },
                {
                    "category": "car",
                    "id": 22,
                    "attributes": {
                        "occluded": false,
                        "truncated": false,
                        "trafficLightColor": "none"
                    },
                    "box2d": {
                        "x1": 602.640552,
                        "y1": 302.604045,
                        "x2": 619.146228,
                        "y2": 311.773866
                    }
                },
                {
                    "category": "car",
                    "id": 23,
                    "attributes": {
                        "occluded": false,
                        "truncated": true,
                        "trafficLightColor": "none"
                    },
                    "box2d": {
                        "x1": 1104.413089,
                        "y1": 313.607829,
                        "x2": 1278.639661,
                        "y2": 498.838184
                    }
                },
                {
                    "category": "traffic sign",
                    "id": 24,
                    "attributes": {
                        "occluded": false,
                        "truncated": false,
                        "trafficLightColor": "none"
                    },
                    "box2d": {
                        "x1": 1121.163291,
                        "y1": 212.128496,
                        "x2": 1152.340675,
                        "y2": 274.483269
                    }
                },
                {
                    "category": "car",
                    "id": 25,
                    "attributes": {
                        "occluded": true,
                        "truncated": false,
                        "trafficLightColor": "none"
                    },
                    "box2d": {
                        "x1": 662.672313,
                        "y1": 311.162545,
                        "x2": 710.355375,
                        "y2": 336.838042
                    }
                },
                {
                    "category": "area/alternative",
                    "id": 26,
                    "attributes": {},
                    "poly2d": [
                        [
                            666.487552,
                            356.450175,
                            "L"
                        ],
                        [
                            986.993171,
                            593.085166,
                            "L"
                        ],
                        [
                            1103.812977,
                            602.071305,
                            "C"
                        ],
                        [
                            1229.618923,
                            638.015861,
                            "C"
                        ],
                        [
                            1280.524791,
                            654.490448,
                            "C"
                        ],
                        [
                            1280.524791,
                            504.721468,
                            "L"
                        ],
                        [
                            690.450588,
                            344.468657,
                            "L"
                        ],
                        [
                            666.487552,
                            356.450175,
                            "L"
                        ]
                    ]
                },
                {
                    "category": "area/drivable",
                    "id": 27,
                    "attributes": {},
                    "poly2d": [
                        [
                            0,
                            570.619819,
                            "L"
                        ],
                        [
                            360.958831,
                            516.702986,
                            "C"
                        ],
                        [
                            718.906696,
                            567.62444,
                            "C"
                        ],
                        [
                            983.997792,
                            608.062064,
                            "C"
                        ],
                        [
                            618.561478,
                            332.487139,
                            "L"
                        ],
                        [
                            605.08227,
                            329.49176,
                            "L"
                        ],
                        [
                            420.866423,
                            426.841596,
                            "L"
                        ],
                        [
                            256.120543,
                            414.860078,
                            "L"
                        ],
                        [
                            0,
                            482.25612,
                            "L"
                        ],
                        [
                            0,
                            570.619819,
                            "L"
                        ]
                    ]
                },
                {
                    "category": "lane/crosswalk",
                    "id": 28,
                    "attributes": {
                        "direction": "vertical",
                        "style": "dashed"
                    },
                    "poly2d": [
                        [
                            25.882003,
                            494.43716,
                            "C"
                        ],
                        [
                            434.256724,
                            491.062162,
                            "C"
                        ],
                        [
                            845.436919,
                            512.999647,
                            "C"
                        ],
                        [
                            1256.068658,
                            523.12464,
                            "L"
                        ]
                    ]
                },
                {
                    "category": "lane/single white",
                    "id": 29,
                    "attributes": {
                        "direction": "parallel",
                        "style": "dashed"
                    },
                    "poly2d": [
                        [
                            651.419852,
                            357.767989,
                            "L"
                        ],
                        [
                            848.897523,
                            503.952759,
                            "L"
                        ]
                    ]
                },
                {
                    "category": "lane/single white",
                    "id": 30,
                    "attributes": {
                        "direction": "parallel",
                        "style": "dashed"
                    },
                    "poly2d": [
                        [
                            878.390942,
                            506.517404,
                            "L"
                        ],
                        [
                            661.678432,
                            356.485667,
                            "L"
                        ]
                    ]
                },
                {
                    "category": "lane/road curb",
                    "id": 31,
                    "attributes": {
                        "direction": "parallel",
                        "style": "solid"
                    },
                    "poly2d": [
                        [
                            253.694347,
                            418.499712,
                            "L"
                        ],
                        [
                            3.944518,
                            485.999667,
                            "L"
                        ]
                    ]
                }
            ]
        }
    ],
    "attributes": {
        "weather": "clear",
        "scene": "city street",
        "timeofday": "night"
    }
}