{
    "name": "0ff834c6-eeda5d39",
    "frames": [
        {
            "timestamp": 10000,
            "objects": [
                {
                    "category": "traffic sign",
                    "id": 0,
                    "attributes": {
                        "occluded": false,
                        "truncated": false,
                        "trafficLightColor": "none"
                    },
                    "box2d": {
                        "x1": 366.419274,
                        "y1": 334.462265,
                        "x2": 391.731757,
                        "y2": 349.649755
                    }
                },
                {
                    "category": "traffic sign",
                    "id": 1,
                    "attributes": {
                        "occluded": false,
                        "truncated": false,
                        "trafficLightColor": "none"
                    },
                    "box2d": {
                        "x1": 356.294281,
                        "y1": 290.587295,
                        "x2": 395.106756,
                        "y2": 324.337271
                    }
                },
                {
                    "category": "traffic sign",
                    "id": 2,
                    "attributes": {
                        "occluded": false,
                        "truncated": false,
                        "trafficLightColor": "none"
                    },
                    "box2d": {
                        "x1": 1009.356332,
                        "y1": 272.024808,
                        "x2": 1054.9188,
                        "y2": 314.21228
                    }
                },
                {
                    "category": "car",
                    "id": 3,
                    "attributes": {
                        "occluded": true,
                        "truncated": false,
                        "trafficLightColor": "none"
                    },
                    "box2d": {
                        "x1": 850.731441,
                        "y1": 363.149745,
                        "x2": 874.356424,
                        "y2": 374.962236
                    }
                },
                {
                    "category": "car",
                    "id": 4,
                    "attributes": {
                        "occluded": true,
                        "truncated": false,
                        "trafficLightColor": "none"
                    },
                    "box2d": {
                        "x1": 911.481401,
                        "y1": 364.837245,
                        "x2": 930.043887,
                        "y2": 380.024735
                    }
                },
                {
                    "category": "car",
                    "id": 5,
                    "attributes": {
                        "occluded": true,
                        "truncated": false,
                        "trafficLightColor": "none"
                    },
                    "box2d": {
                        "x1": 816.981464,
                        "y1": 369.899741,
                        "x2": 843.981446,
                        "y2": 391.837225
                    }
                },
                {
                    "category": "car",
                    "id": 6,
                    "attributes": {
                        "occluded": true,
                        "truncated": false,
                        "trafficLightColor": "none"
                    },
                    "box2d": {
                        "x1": 921.606392,
                        "y1": 373.274738,
                        "x2": 995.856342,
                        "y2": 425.587201
                    }
                },
                {
                    "category": "car",
                    "id": 7,
                    "attributes": {
                        "occluded": true,
                        "truncated": false,
                        "trafficLightColor": "none"
                    },
                    "box2d": {
                        "x1": 835.543953,
                        "y1": 373.274738,
                        "x2": 923.293892,
                        "y2": 430.649699
                    }
                },
                {
                    "category": "car",
                    "id": 8,
                    "attributes": {
                        "occluded": true,
                        "truncated": false,
                        "trafficLightColor": "none"
                    },
                    "box2d": {
                        "x1": 673.544063,
                        "y1": 373.274738,
                        "x2": 696.641119,
                        "y2": 396.682193
                    }
                },
                {
                    "category": "car",
                    "id": 9,
                    "attributes": {
                        "occluded": true,
                        "truncated": false,
                        "trafficLightColor": "none"
                    },
                    "box2d": {
                        "x1": 634.73159,
                        "y1": 376.649736,
                        "x2": 678.60656,
                        "y2": 413.77471
                    }
                },
                {
                    "category": "car",
                    "id": 10,
                    "attributes": {
                        "occluded": true,
                        "truncated": false,
                        "trafficLightColor": "none"
                    },
                    "box2d": {
                        "x1": 363.044277,
                        "y1": 374.962236,
                        "x2": 460.919209,
                        "y2": 440.774691
                    }
                },
                {
                    "category": "car",
                    "id": 11,
                    "attributes": {
                        "occluded": true,
                        "truncated": false,
                        "trafficLightColor": "none"
                    },
                    "box2d": {
                        "x1": 570.606634,
                        "y1": 381.712233,
                        "x2": 639.794085,
                        "y2": 430.649699
                    }
                },
                {
                    "category": "car",
                    "id": 12,
                    "attributes": {
                        "occluded": true,
                        "truncated": false,
                        "trafficLightColor": "none"
                    },
                    "box2d": {
                        "x1": 410.294244,
                        "y1": 371.58724,
                        "x2": 557.106644,
                        "y2": 473.512176
                    }
                },
                {
                    "category": "car",
                    "id": 13,
                    "attributes": {
                        "occluded": false,
                        "truncated": false,
                        "trafficLightColor": "none"
                    },
                    "box2d": {
                        "x1": 661.731572,
                        "y1": 368.212241,
                        "x2": 860.856434,
                        "y2": 530.212129
                    }
                },
                {
                    "category": "car",
                    "id": 14,
                    "attributes": {
                        "occluded": false,
                        "truncated": true,
                        "trafficLightColor": "none"
                    },
                    "box2d": {
                        "x1": 0,
                        "y1": 393.524725,
                        "x2": 141.981928,
                        "y2": 644.962054
                    }
                },
                {
                    "category": "car",
                    "id": 15,
                    "attributes": {
                        "occluded": false,
                        "truncated": true,
                        "trafficLightColor": "none"
                    },
                    "box2d": {
                        "x1": 980.668852,
                        "y1": 346.274756,
                        "x2": 1279.356148,
                        "y2": 584.212092
                    }
                },
                {
                    "category": "area/drivable",
                    "id": 16,
                    "attributes": {},
                    "poly2d": [
                        [
                            606.555861,
                            543.582578,
                            "L"
                        ],
                        [
                            468.792497,
                            720.3888,
                            "L"
                        ],
                        [
                            1256.577338,
                            720.3888,
                            "L"
                        ],
                        [
                            985.83523,
                            542.047034,
                            "L"
                        ],
                        [
                            606.555861,
                            543.582578,
                            "L"
                        ]
                    ]
                },
                {
                    "category": "lane/single white",
                    "id": 17,
                    "attributes": {
                        "direction": "parallel",
                        "style": "dashed"
                    },
                    "poly2d": [
                        [
                            413.100002,
                            455.305266,
                            "L"
                        ],
                        [
                            141.963159,
                            520.531582,
                            "L"
                        ]
                    ]
                },
                {
                    "category": "lane/single white",
                    "id": 18,
                    "attributes": {
                        "direction": "parallel",
                        "style": "dashed"
                    },
                    "poly2d": [
                        [
                            415.657897,
                            459.142108,
                            "L"
                        ],
                        [
                            141.963159,
                            526.926319,
                            "L"
                        ]
                    ]
                },
                {
                    "category": "lane/single white",
                    "id": 19,
                    "attributes": {
                        "direction": "parallel",
                        "style": "dashed"
                    },
                    "poly2d": [
                        [
                            359.384212,
                            437.400002,
                            "L"
                        ],
                        [
                            139.405264,
                            474.489476,
                            "L"
                        ]
                    ]
                },
                {
                    "category": "lane/single white",
                    "id": 20,
                    "attributes": {
                        "direction": "parallel",
                        "style": "dashed"
                    },
                    "poly2d": [
                        [
                            863.289478,
                            462.97895,
                            "L"
                        ],
                        [
                            1239.300007,
                            699.584214,
                            "L"
                        ]
                    ]
                },
                {
                    "category": "lane/single white",
                    "id": 21,
                    "attributes": {
                        "direction": "parallel",
                        "style": "dashed"
                    },
                    "poly2d": [
                        [
                            860.731583,
                            455.305266,
                            "L"
                        ],
                        [
                            1266.157901,
                            699.584214,
                            "L"
                        ]
                    ]
                },
                {
                    "category": "lane/road curb",
                    "id": 22,
                    "attributes": {
                        "direction": "parallel",
                        "style": "solid"
                    },
                    "poly2d": [
                        [
                            361.942107,
                            424.610529,
                            "L"
                        ],
                        [
                            126.61579,
                            452.747371,
                            "L"
                        ]
                    ]
                },
                {
                    "category": "lane/road curb",
                    "id": 23,
                    "attributes": {
                        "direction": "parallel",
                        "style": "solid"
                    },
                    "poly2d": [
                        [
                            656.100003,
                            462.97895,
                            "L"
                        ],
                        [
                            427.168423,
                            720.047372,
                            "L"
                        ]
                    ]
                },
                {
                    "category": "lane/single yellow",
                    "id": 24,
                    "attributes": {
                        "direction": "parallel",
                        "style": "solid"
                    },
                    "poly2d": [
                        [
                            661.215793,
                            462.97895,
                            "L"
                        ],
                        [
                            441.236844,
                            720.047372,
                            "L"
                        ]
                    ]
                },
                {
                    "category": "lane/single yellow",
                    "id": 25,
                    "attributes": {
                        "direction": "parallel",
                        "style": "solid"
                    },
                    "poly2d": [
                        [
                            663.773688,
                            469.373687,
                            "L"
                        ],
                        [
                            466.815792,
                            718.768425,
                            "L"
                        ]
                    ]
                }
            ]
        }
    ],
    "attributes": {
        "weather": "clear",
        "scene": "highway",
        "timeofday": "daytime"
    }
}