{
    "name": "1a003381-9c3198f2",
    "frames": [
        {
            "timestamp": 10000,
            "objects": [
                {
                    "category": "traffic light",
                    "id": 0,
                    "attributes": {
                        "occluded": false,
                        "truncated": false,
                        "trafficLightColor": "none"
                    },
                    "box2d": {
                        "x1": 509.898433,
                        "y1": 292.827925,
                        "x2": 520.478023,
                        "y2": 312.664656
                    }
                },
                {
                    "category": "traffic light",
                    "id": 1,
                    "attributes": {
                        "occluded": false,
                        "truncated": false,
                        "trafficLightColor": "none"
                    },
                    "box2d": {
                        "x1": 516.510676,
                        "y1": 294.150372,
                        "x2": 527.090268,
                        "y2": 312.664654
                    }
                },
                {
                    "category": "traffic light",
                    "id": 2,
                    "attributes": {
                        "occluded": false,
                        "truncated": false,
                        "trafficLightColor": "none"
                    },
                    "box2d": {
                        "x1": 607.759637,
                        "y1": 337.791179,
                        "x2": 618.339228,
                        "y2": 348.370769
                    }
                },
                {
                    "category": "traffic light",
                    "id": 3,
                    "attributes": {
                        "occluded": false,
                        "truncated": false,
                        "trafficLightColor": "none"
                    },
                    "box2d": {
                        "x1": 706.94329,
                        "y1": 296.795269,
                        "x2": 716.200432,
                        "y2": 310.019755
                    }
                },
                {
                    "category": "traffic light",
                    "id": 4,
                    "attributes": {
                        "occluded": false,
                        "truncated": false,
                        "trafficLightColor": "none"
                    },
                    "box2d": {
                        "x1": 710.910636,
                        "y1": 295.472822,
                        "x2": 721.490228,
                        "y2": 311.342207
                    }
                },
                {
                    "category": "car",
                    "id": 5,
                    "attributes": {
                        "occluded": true,
                        "truncated": false,
                        "trafficLightColor": "none"
                    },
                    "box2d": {
                        "x1": 627.63415,
                        "y1": 364.995841,
                        "x2": 640.858636,
                        "y2": 380.865226
                    }
                },
                {
                    "category": "car",
                    "id": 6,
                    "attributes": {
                        "occluded": true,
                        "truncated": false,
                        "trafficLightColor": "none"
                    },
                    "box2d": {
                        "x1": 597.217831,
                        "y1": 358.383597,
                        "x2": 631.601498,
                        "y2": 387.477469
                    }
                },
                {
                    "category": "truck",
                    "id": 7,
                    "attributes": {
                        "occluded": true,
                        "truncated": false,
                        "trafficLightColor": "none"
                    },
                    "box2d": {
                        "x1": 540.352536,
                        "y1": 342.514212,
                        "x2": 598.540278,
                        "y2": 392.767263
                    }
                },
                {
                    "category": "truck",
                    "id": 8,
                    "attributes": {
                        "occluded": true,
                        "truncated": false,
                        "trafficLightColor": "none"
                    },
                    "box2d": {
                        "x1": 48.583463,
                        "y1": 275.069329,
                        "x2": 360.681356,
                        "y2": 465.501943
                    }
                },
                {
                    "category": "car",
                    "id": 9,
                    "attributes": {
                        "occluded": true,
                        "truncated": false,
                        "trafficLightColor": "none"
                    },
                    "box2d": {
                        "x1": 524.445369,
                        "y1": 360.272808,
                        "x2": 560.151484,
                        "y2": 401.268716
                    }
                },
                {
                    "category": "car",
                    "id": 10,
                    "attributes": {
                        "occluded": true,
                        "truncated": false,
                        "trafficLightColor": "none"
                    },
                    "box2d": {
                        "x1": 488.739254,
                        "y1": 362.917706,
                        "x2": 541.637202,
                        "y2": 406.558512
                    }
                },
                {
                    "category": "car",
                    "id": 11,
                    "attributes": {
                        "occluded": true,
                        "truncated": false,
                        "trafficLightColor": "none"
                    },
                    "box2d": {
                        "x1": 429.229062,
                        "y1": 369.52995,
                        "x2": 495.351498,
                        "y2": 418.460552
                    }
                },
                {
                    "category": "car",
                    "id": 12,
                    "attributes": {
                        "occluded": true,
                        "truncated": false,
                        "trafficLightColor": "none"
                    },
                    "box2d": {
                        "x1": 359.139282,
                        "y1": 364.240156,
                        "x2": 443.775998,
                        "y2": 433.007488
                    }
                },
                {
                    "category": "car",
                    "id": 13,
                    "attributes": {
                        "occluded": true,
                        "truncated": false,
                        "trafficLightColor": "none"
                    },
                    "box2d": {
                        "x1": 394.845397,
                        "y1": 298.936118,
                        "x2": 458.009568,
                        "y2": 366.885049
                    }
                },
                {
                    "category": "car",
                    "id": 14,
                    "attributes": {
                        "occluded": false,
                        "truncated": true,
                        "trafficLightColor": "none"
                    },
                    "box2d": {
                        "x1": 0,
                        "y1": 341.191765,
                        "x2": 126.607937,
                        "y2": 499.885608
                    }
                },
                {
                    "category": "traffic sign",
                    "id": 15,
                    "attributes": {
                        "occluded": false,
                        "truncated": false,
                        "trafficLightColor": "none"
                    },
                    "box2d": {
                        "x1": 760.167569,
                        "y1": 318.007585,
                        "x2": 777.359404,
                        "y2": 331.232072
                    }
                },
                {
                    "category": "car",
                    "id": 16,
                    "attributes": {
                        "occluded": true,
                        "truncated": false,
                        "trafficLightColor": "none"
                    },
                    "box2d": {
                        "x1": 764.134916,
                        "y1": 335.19942,
                        "x2": 821.000209,
                        "y2": 419.836135
                    }
                },
                {
                    "category": "car",
                    "id": 17,
                    "attributes": {
                        "occluded": true,
                        "truncated": false,
                        "trafficLightColor": "none"
                    },
                    "box2d": {
                        "x1": 789.261441,
                        "y1": 328.587175,
                        "x2": 863.318567,
                        "y2": 443.640211
                    }
                },
                {
                    "category": "car",
                    "id": 18,
                    "attributes": {
                        "occluded": true,
                        "truncated": false,
                        "trafficLightColor": "none"
                    },
                    "box2d": {
                        "x1": 830.257351,
                        "y1": 310.072893,
                        "x2": 1003.498128,
                        "y2": 480.668777
                    }
                },
                {
                    "category": "traffic sign",
                    "id": 19,
                    "attributes": {
                        "occluded": false,
                        "truncated": false,
                        "trafficLightColor": "none"
                    },
                    "box2d": {
                        "x1": 999.530784,
                        "y1": 239.983113,
                        "x2": 1036.559348,
                        "y2": 266.432086
                    }
                },
                {
                    "category": "car",
                    "id": 20,
                    "attributes": {
                        "occluded": false,
                        "truncated": true,
                        "trafficLightColor": "none"
                    },
                    "box2d": {
                        "x1": 942.244698,
                        "y1": 208.946894,
                        "x2": 1279.469117,
                        "y2": 636.097824
                    }
                },
                {
                    "category": "car",
                    "id": 21,
                    "attributes": {
                        "occluded": false,
                        "truncated": false,
                        "trafficLightColor": "none"
                    },
                    "box2d": {
                        "x1": 631.563715,
                        "y1": 337.603875,
                        "x2": 740.004508,
                        "y2": 428.284461
                    }
                },
                {
                    "category": "area/drivable",
                    "id": 22,
                    "attributes": {},
                    "poly2d": [
                        [
                            628.053477,
                            398.217737,
                            "L"
                        ],
                        [
                            0,
                            630.084882,
                            "L"
                        ],
                        [
                            0.015979,
                            642.369234,
                            "L"
                        ],
                        [
                            296.375972,
                            608.587266,
                            "C"
                        ],
                        [
                            446.859284,
                            600.909546,
                            "C"
                        ],
                        [
                            652.622181,
                            599.374002,
                            "C"
                        ],
                        [
                            691.010781,
                            430.464161,
                            "L"
                        ],
                        [
                            632.660109,
                            431.999705,
                            "L"
                        ],
                        [
                            628.053477,
                            398.217737,
                            "L"
                        ]
                    ]
                },
                {
                    "category": "lane/double yellow",
                    "id": 23,
                    "attributes": {
                        "direction": "parallel",
                        "style": "solid"
                    },
                    "poly2d": [
                        [
                            461.700002,
                            418.215792,
                            "C"
                        ],
                        [
                            441.236844,
                            468.094739,
                            "C"
                        ],
                        [
                            254.510529,
                            520.531582,
                            "C"
                        ],
                        [
                            0,
                            608.778951,
                            "L"
                        ]
                    ]
                },
                {
                    "category": "lane/double yellow",
                    "id": 24,
                    "attributes": {
                        "direction": "parallel",
                        "style": "solid"
                    },
                    "poly2d": [
                        [
                            471.93158,
                            418.215792,
                            "C"
                        ],
                        [
                            448.910529,
                            494.952634,
                            "C"
                        ],
                        [
                            333.805265,
                            491.115792,
                            "C"
                        ],
                        [
                            0,
                            631.800003,
                            "L"
                        ]
                    ]
                },
                {
                    "category": "lane/single white",
                    "id": 25,
                    "attributes": {
                        "direction": "parallel",
                        "style": "solid"
                    },
                    "poly2d": [
                        [
                            691.91053,
                            424.610529,
                            "L"
                        ],
                        [
                            656.100003,
                            601.105266,
                            "L"
                        ]
                    ]
                },
                {
                    "category": "lane/single white",
                    "id": 26,
                    "attributes": {
                        "direction": "parallel",
                        "style": "solid"
                    },
                    "poly2d": [
                        [
                            697.026318,
                            423.33158,
                            "L"
                        ],
                        [
                            679.121056,
                            597.268423,
                            "L"
                        ]
                    ]
                },
                {
                    "category": "lane/single white",
                    "id": 27,
                    "attributes": {
                        "direction": "parallel",
                        "style": "solid"
                    },
                    "poly2d": [
                        [
                            616.452635,
                            397.752634,
                            "L"
                        ],
                        [
                            574.247372,
                            411.821054,
                            "L"
                        ]
                    ]
                },
                {
                    "category": "lane/single white",
                    "id": 28,
                    "attributes": {
                        "direction": "parallel",
                        "style": "solid"
                    },
                    "poly2d": [
                        [
                            622.847372,
                            397.752634,
                            "L"
                        ],
                        [
                            575.526319,
                            413.100002,
                            "L"
                        ]
                    ]
                },
                {
                    "category": "lane/single white",
                    "id": 29,
                    "attributes": {
                        "direction": "parallel",
                        "style": "dashed"
                    },
                    "poly2d": [
                        [
                            569.131582,
                            413.100002,
                            "L"
                        ],
                        [
                            446.352634,
                            457.86316,
                            "L"
                        ]
                    ]
                },
                {
                    "category": "lane/single white",
                    "id": 30,
                    "attributes": {
                        "direction": "parallel",
                        "style": "solid"
                    },
                    "poly2d": [
                        [
                            162.426317,
                            478.326318,
                            "L"
                        ],
                        [
                            0,
                            511.578949,
                            "L"
                        ]
                    ]
                },
                {
                    "category": "lane/single white",
                    "id": 31,
                    "attributes": {
                        "direction": "parallel",
                        "style": "solid"
                    },
                    "poly2d": [
                        [
                            171.378948,
                            479.605266,
                            "L"
                        ],
                        [
                            1.278947,
                            515.415792,
                            "L"
                        ]
                    ]
                },
                {
                    "category": "lane/single white",
                    "id": 32,
                    "attributes": {
                        "direction": "parallel",
                        "style": "solid"
                    },
                    "poly2d": [
                        [
                            190.563159,
                            452.747371,
                            "L"
                        ],
                        [
                            124.057896,
                            462.978949,
                            "L"
                        ]
                    ]
                },
                {
                    "category": "lane/single white",
                    "id": 33,
                    "attributes": {
                        "direction": "parallel",
                        "style": "dashed"
                    },
                    "poly2d": [
                        [
                            569.131582,
                            418.215792,
                            "L"
                        ],
                        [
                            441.236844,
                            465.536846,
                            "L"
                        ]
                    ]
                },
                {
                    "category": "lane/single white",
                    "id": 34,
                    "attributes": {
                        "direction": "parallel",
                        "style": "dashed"
                    },
                    "poly2d": [
                        [
                            395.194739,
                            429.726318,
                            "L"
                        ],
                        [
                            190.563159,
                            474.489477,
                            "L"
                        ]
                    ]
                },
                {
                    "category": "lane/crosswalk",
                    "id": 35,
                    "attributes": {
                        "direction": "vertical",
                        "style": "dashed"
                    },
                    "poly2d": [
                        [
                            543.552634,
                            399.031581,
                            "L"
                        ],
                        [
                            635.636845,
                            397.752634,
                            "L"
                        ]
                    ]
                },
                {
                    "category": "lane/crosswalk",
                    "id": 36,
                    "attributes": {
                        "direction": "vertical",
                        "style": "dashed"
                    },
                    "poly2d": [
                        [
                            561.457898,
                            393.915792,
                            "L"
                        ],
                        [
                            636.915792,
                            393.915792,
                            "L"
                        ]
                    ]
                },
                {
                    "category": "lane/single white",
                    "id": 37,
                    "attributes": {
                        "direction": "vertical",
                        "style": "solid"
                    },
                    "poly2d": [
                        [
                            631.800003,
                            391.357898,
                            "L"
                        ],
                        [
                            597.268423,
                            391.357898,
                            "L"
                        ]
                    ]
                }
            ]
        }
    ],
    "attributes": {
        "weather": "overcast",
        "scene": "city street",
        "timeofday": "daytime"
    }
}