{
    "name": "1a05ea87-fd965ddb",
    "frames": [
        {
            "timestamp": 10000,
            "objects": [
                {
                    "category": "car",
                    "id": 0,
                    "attributes": {
                        "occluded": true,
                        "truncated": false,
                        "trafficLightColor": "none"
                    },
                    "box2d": {
                        "x1": 753.277759,
                        "y1": 275.094587,
                        "x2": 872.485412,
                        "y2": 386.966385
                    }
                },
                {
                    "category": "car",
                    "id": 1,
                    "attributes": {
                        "occluded": true,
                        "truncated": false,
                        "trafficLightColor": "none"
                    },
                    "box2d": {
                        "x1": 811.964603,
                        "y1": 262.256839,
                        "x2": 1110.900718,
                        "y2": 495.170256
                    }
                },
                {
                    "category": "car",
                    "id": 2,
                    "attributes": {
                        "occluded": false,
                        "truncated": true,
                        "trafficLightColor": "none"
                    },
                    "box2d": {
                        "x1": 1017.368561,
                        "y1": 42.181168,
                        "x2": 1279.604152,
                        "y2": 599.706201
                    }
                },
                {
                    "category": "car",
                    "id": 3,
                    "attributes": {
                        "occluded": false,
                        "truncated": true,
                        "trafficLightColor": "none"
                    },
                    "box2d": {
                        "x1": 305.790561,
                        "y1": 174.226572,
                        "x2": 788.12307,
                        "y2": 561.192959
                    }
                },
                {
                    "category": "truck",
                    "id": 4,
                    "attributes": {
                        "occluded": true,
                        "truncated": true,
                        "trafficLightColor": "none"
                    },
                    "box2d": {
                        "x1": 0,
                        "y1": 128.377474,
                        "x2": 491.020918,
                        "y2": 599.706201
                    }
                },
                {
                    "category": "bus",
                    "id": 5,
                    "attributes": {
                        "occluded": true,
                        "truncated": true,
                        "trafficLightColor": "none"
                    },
                    "box2d": {
                        "x1": 0,
                        "y1": 165.056752,
                        "x2": 241.601828,
                        "y2": 253.08702
                    }
                }
            ]
        }
    ],
    "attributes": {
        "weather": "undefined",
        "scene": "city street",
        "timeofday": "daytime"
    }
}