{
    "name": "1a07eecb-5d4efd09",
    "frames": [
        {
            "timestamp": 10000,
            "objects": [
                {
                    "category": "traffic light",
                    "id": 0,
                    "attributes": {
                        "occluded": false,
                        "truncated": false,
                        "trafficLightColor": "green"
                    },
                    "box2d": {
                        "x1": 903.043905,
                        "y1": 191.024864,
                        "x2": 913.168898,
                        "y2": 212.962347
                    }
                },
                {
                    "category": "traffic light",
                    "id": 1,
                    "attributes": {
                        "occluded": false,
                        "truncated": false,
                        "trafficLightColor": "green"
                    },
                    "box2d": {
                        "x1": 658.356574,
                        "y1": 250.087323,
                        "x2": 670.169064,
                        "y2": 268.64981
                    }
                },
                {
                    "category": "traffic light",
                    "id": 2,
                    "attributes": {
                        "occluded": false,
                        "truncated": false,
                        "trafficLightColor": "none"
                    },
                    "box2d": {
                        "x1": 1075.168787,
                        "y1": 169.087379,
                        "x2": 1090.356275,
                        "y2": 192.712362
                    }
                },
                {
                    "category": "traffic light",
                    "id": 3,
                    "attributes": {
                        "occluded": false,
                        "truncated": false,
                        "trafficLightColor": "none"
                    },
                    "box2d": {
                        "x1": 892.918912,
                        "y1": 191.024864,
                        "x2": 906.418903,
                        "y2": 212.962347
                    }
                },
                {
                    "category": "traffic light",
                    "id": 4,
                    "attributes": {
                        "occluded": false,
                        "truncated": false,
                        "trafficLightColor": "none"
                    },
                    "box2d": {
                        "x1": 638.106587,
                        "y1": 219.712344,
                        "x2": 649.919081,
                        "y2": 239.96233
                    }
                },
                {
                    "category": "traffic sign",
                    "id": 5,
                    "attributes": {
                        "occluded": false,
                        "truncated": false,
                        "trafficLightColor": "none"
                    },
                    "box2d": {
                        "x1": 854.106439,
                        "y1": 245.024826,
                        "x2": 872.668927,
                        "y2": 258.524816
                    }
                },
                {
                    "category": "traffic sign",
                    "id": 6,
                    "attributes": {
                        "occluded": false,
                        "truncated": false,
                        "trafficLightColor": "none"
                    },
                    "box2d": {
                        "x1": 563.856639,
                        "y1": 223.087342,
                        "x2": 575.669129,
                        "y2": 246.712325
                    }
                },
                {
                    "category": "traffic sign",
                    "id": 7,
                    "attributes": {
                        "occluded": false,
                        "truncated": false,
                        "trafficLightColor": "none"
                    },
                    "box2d": {
                        "x1": 1097.106272,
                        "y1": 179.212372,
                        "x2": 1117.356257,
                        "y2": 189.337365
                    }
                },
                {
                    "category": "car",
                    "id": 8,
                    "attributes": {
                        "occluded": true,
                        "truncated": false,
                        "trafficLightColor": "none"
                    },
                    "box2d": {
                        "x1": 698.62452,
                        "y1": 279.160513,
                        "x2": 715.499508,
                        "y2": 290.973005
                    }
                },
                {
                    "category": "car",
                    "id": 9,
                    "attributes": {
                        "occluded": true,
                        "truncated": false,
                        "trafficLightColor": "none"
                    },
                    "box2d": {
                        "x1": 696.937021,
                        "y1": 287.598006,
                        "x2": 715.499508,
                        "y2": 301.097997
                    }
                },
                {
                    "category": "car",
                    "id": 10,
                    "attributes": {
                        "occluded": true,
                        "truncated": false,
                        "trafficLightColor": "none"
                    },
                    "box2d": {
                        "x1": 661.499545,
                        "y1": 287.598006,
                        "x2": 691.874524,
                        "y2": 304.472997
                    }
                },
                {
                    "category": "car",
                    "id": 11,
                    "attributes": {
                        "occluded": true,
                        "truncated": false,
                        "trafficLightColor": "none"
                    },
                    "box2d": {
                        "x1": 610.87458,
                        "y1": 284.22301,
                        "x2": 666.562042,
                        "y2": 304.472996
                    }
                },
                {
                    "category": "car",
                    "id": 12,
                    "attributes": {
                        "occluded": true,
                        "truncated": false,
                        "trafficLightColor": "none"
                    },
                    "box2d": {
                        "x1": 587.249596,
                        "y1": 292.660503,
                        "x2": 631.124566,
                        "y2": 311.222991
                    }
                },
                {
                    "category": "car",
                    "id": 13,
                    "attributes": {
                        "occluded": true,
                        "truncated": false,
                        "trafficLightColor": "none"
                    },
                    "box2d": {
                        "x1": 561.937114,
                        "y1": 287.598006,
                        "x2": 595.68709,
                        "y2": 299.4105
                    }
                },
                {
                    "category": "car",
                    "id": 14,
                    "attributes": {
                        "occluded": true,
                        "truncated": false,
                        "trafficLightColor": "none"
                    },
                    "box2d": {
                        "x1": 561.937114,
                        "y1": 294.348003,
                        "x2": 634.499565,
                        "y2": 317.972987
                    }
                },
                {
                    "category": "car",
                    "id": 15,
                    "attributes": {
                        "occluded": true,
                        "truncated": false,
                        "trafficLightColor": "none"
                    },
                    "box2d": {
                        "x1": 811.686942,
                        "y1": 284.22301,
                        "x2": 823.499434,
                        "y2": 301.097998
                    }
                },
                {
                    "category": "car",
                    "id": 16,
                    "attributes": {
                        "occluded": true,
                        "truncated": false,
                        "trafficLightColor": "none"
                    },
                    "box2d": {
                        "x1": 845.436919,
                        "y1": 282.535511,
                        "x2": 877.499397,
                        "y2": 302.785496
                    }
                },
                {
                    "category": "car",
                    "id": 17,
                    "attributes": {
                        "occluded": false,
                        "truncated": false,
                        "trafficLightColor": "none"
                    },
                    "box2d": {
                        "x1": 820.124436,
                        "y1": 278.437309,
                        "x2": 848.811918,
                        "y2": 302.062292
                    }
                },
                {
                    "category": "car",
                    "id": 18,
                    "attributes": {
                        "occluded": false,
                        "truncated": false,
                        "trafficLightColor": "none"
                    },
                    "box2d": {
                        "x1": 990.561819,
                        "y1": 268.312316,
                        "x2": 1049.624276,
                        "y2": 320.62478
                    }
                },
                {
                    "category": "car",
                    "id": 19,
                    "attributes": {
                        "occluded": true,
                        "truncated": false,
                        "trafficLightColor": "none"
                    },
                    "box2d": {
                        "x1": 742.49949,
                        "y1": 281.812306,
                        "x2": 755.999481,
                        "y2": 296.999794
                    }
                },
                {
                    "category": "car",
                    "id": 20,
                    "attributes": {
                        "occluded": false,
                        "truncated": false,
                        "trafficLightColor": "none"
                    },
                    "box2d": {
                        "x1": 712.124509,
                        "y1": 285.187304,
                        "x2": 742.49949,
                        "y2": 312.187285
                    }
                },
                {
                    "category": "bus",
                    "id": 21,
                    "attributes": {
                        "occluded": false,
                        "truncated": false,
                        "trafficLightColor": "none"
                    },
                    "box2d": {
                        "x1": 752.624483,
                        "y1": 258.187322,
                        "x2": 809.999444,
                        "y2": 308.812289
                    }
                },
                {
                    "category": "truck",
                    "id": 22,
                    "attributes": {
                        "occluded": false,
                        "truncated": true,
                        "trafficLightColor": "none"
                    },
                    "box2d": {
                        "x1": 0,
                        "y1": 34.087472,
                        "x2": 563.856639,
                        "y2": 425.587202
                    }
                },
                {
                    "category": "area/drivable",
                    "id": 23,
                    "attributes": {},
                    "poly2d": [
                        [
                            744.693829,
                            313.548429,
                            "L"
                        ],
                        [
                            540.887351,
                            518.922648,
                            "L"
                        ],
                        [
                            790.158352,
                            525.193615,
                            "C"
                        ],
                        [
                            1205.610017,
                            575.361364,
                            "C"
                        ],
                        [
                            1279.277583,
                            605.148464,
                            "C"
                        ],
                        [
                            1279.277583,
                            330.79359,
                            "L"
                        ],
                        [
                            1085.631275,
                            320.62478,
                            "L"
                        ],
                        [
                            1004.63133,
                            330.749773,
                            "L"
                        ],
                        [
                            950.631368,
                            307.124789,
                            "L"
                        ],
                        [
                            744.693829,
                            313.548429,
                            "L"
                        ]
                    ]
                },
                {
                    "category": "area/alternative",
                    "id": 24,
                    "attributes": {},
                    "poly2d": [
                        [
                            691.390597,
                            313.548429,
                            "L"
                        ],
                        [
                            0,
                            523.12464,
                            "L"
                        ],
                        [
                            1.584055,
                            565.954912,
                            "L"
                        ],
                        [
                            158.35827,
                            544.006522,
                            "C"
                        ],
                        [
                            352.758294,
                            525.193615,
                            "C"
                        ],
                        [
                            515.256667,
                            521.437142,
                            "C"
                        ],
                        [
                            727.448665,
                            319.819395,
                            "L"
                        ],
                        [
                            691.390597,
                            313.548429,
                            "L"
                        ]
                    ]
                },
                {
                    "category": "lane/single white",
                    "id": 25,
                    "attributes": {
                        "direction": "parallel",
                        "style": "dashed"
                    },
                    "poly2d": [
                        [
                            740.148188,
                            317.857609,
                            "L"
                        ],
                        [
                            536.585116,
                            525.059421,
                            "L"
                        ]
                    ]
                },
                {
                    "category": "lane/single white",
                    "id": 26,
                    "attributes": {
                        "direction": "parallel",
                        "style": "dashed"
                    },
                    "poly2d": [
                        [
                            729.399381,
                            316.322065,
                            "L"
                        ],
                        [
                            516.094992,
                            518.656258,
                            "L"
                        ]
                    ]
                },
                {
                    "category": "lane/single white",
                    "id": 27,
                    "attributes": {
                        "direction": "parallel",
                        "style": "dashed"
                    },
                    "poly2d": [
                        [
                            646.480005,
                            322.464241,
                            "L"
                        ],
                        [
                            0,
                            532.83377,
                            "L"
                        ]
                    ]
                },
                {
                    "category": "lane/road curb",
                    "id": 28,
                    "attributes": {
                        "direction": "parallel",
                        "style": "solid"
                    },
                    "poly2d": [
                        [
                            898.309222,
                            300.966625,
                            "L"
                        ],
                        [
                            1280.6437,
                            328.606417,
                            "L"
                        ]
                    ]
                }
            ]
        }
    ],
    "attributes": {
        "weather": "rainy",
        "scene": "highway",
        "timeofday": "daytime"
    }
}