{
    "name": "1a0b97c6-83f64f01",
    "frames": [
        {
            "timestamp": 10000,
            "objects": [
                {
                    "category": "car",
                    "id": 0,
                    "attributes": {
                        "occluded": true,
                        "truncated": false,
                        "trafficLightColor": "none"
                    },
                    "box2d": {
                        "x1": 667.929651,
                        "y1": 335.615396,
                        "x2": 682.601363,
                        "y2": 350.287107
                    }
                },
                {
                    "category": "car",
                    "id": 1,
                    "attributes": {
                        "occluded": true,
                        "truncated": false,
                        "trafficLightColor": "none"
                    },
                    "box2d": {
                        "x1": 673.431543,
                        "y1": 335.615396,
                        "x2": 699.107037,
                        "y2": 353.955035
                    }
                },
                {
                    "category": "car",
                    "id": 2,
                    "attributes": {
                        "occluded": true,
                        "truncated": false,
                        "trafficLightColor": "none"
                    },
                    "box2d": {
                        "x1": 609.242806,
                        "y1": 326.445576,
                        "x2": 633.084337,
                        "y2": 344.785215
                    }
                },
                {
                    "category": "car",
                    "id": 3,
                    "attributes": {
                        "occluded": true,
                        "truncated": false,
                        "trafficLightColor": "none"
                    },
                    "box2d": {
                        "x1": 592.737131,
                        "y1": 328.27954,
                        "x2": 612.910734,
                        "y2": 359.456927
                    }
                },
                {
                    "category": "car",
                    "id": 4,
                    "attributes": {
                        "occluded": true,
                        "truncated": false,
                        "trafficLightColor": "none"
                    },
                    "box2d": {
                        "x1": 565.227672,
                        "y1": 324.611612,
                        "x2": 601.90695,
                        "y2": 372.294674
                    }
                },
                {
                    "category": "car",
                    "id": 5,
                    "attributes": {
                        "occluded": true,
                        "truncated": false,
                        "trafficLightColor": "none"
                    },
                    "box2d": {
                        "x1": 524.880466,
                        "y1": 315.441793,
                        "x2": 579.899383,
                        "y2": 390.634313
                    }
                },
                {
                    "category": "car",
                    "id": 6,
                    "attributes": {
                        "occluded": true,
                        "truncated": false,
                        "trafficLightColor": "none"
                    },
                    "box2d": {
                        "x1": 443.085692,
                        "y1": 302.604045,
                        "x2": 549.455599,
                        "y2": 412.641881
                    }
                },
                {
                    "category": "car",
                    "id": 7,
                    "attributes": {
                        "occluded": true,
                        "truncated": false,
                        "trafficLightColor": "none"
                    },
                    "box2d": {
                        "x1": 233.280218,
                        "y1": 276.928551,
                        "x2": 479.031382,
                        "y2": 471.328725
                    }
                },
                {
                    "category": "car",
                    "id": 8,
                    "attributes": {
                        "occluded": true,
                        "truncated": false,
                        "trafficLightColor": "none"
                    },
                    "box2d": {
                        "x1": 684.435326,
                        "y1": 330.113504,
                        "x2": 743.122171,
                        "y2": 366.792781
                    }
                },
                {
                    "category": "car",
                    "id": 9,
                    "attributes": {
                        "occluded": true,
                        "truncated": false,
                        "trafficLightColor": "none"
                    },
                    "box2d": {
                        "x1": 700.941001,
                        "y1": 337.44936,
                        "x2": 744.956135,
                        "y2": 375.962602
                    }
                },
                {
                    "category": "car",
                    "id": 10,
                    "attributes": {
                        "occluded": true,
                        "truncated": false,
                        "trafficLightColor": "none"
                    },
                    "box2d": {
                        "x1": 724.782532,
                        "y1": 339.283324,
                        "x2": 774.299559,
                        "y2": 377.796566
                    }
                },
                {
                    "category": "car",
                    "id": 11,
                    "attributes": {
                        "occluded": true,
                        "truncated": false,
                        "trafficLightColor": "none"
                    },
                    "box2d": {
                        "x1": 746.790099,
                        "y1": 346.619179,
                        "x2": 788.971268,
                        "y2": 394.302241
                    }
                },
                {
                    "category": "car",
                    "id": 12,
                    "attributes": {
                        "occluded": true,
                        "truncated": false,
                        "trafficLightColor": "none"
                    },
                    "box2d": {
                        "x1": 769.898084,
                        "y1": 342.951251,
                        "x2": 824.917001,
                        "y2": 397.970168
                    }
                },
                {
                    "category": "car",
                    "id": 13,
                    "attributes": {
                        "occluded": true,
                        "truncated": false,
                        "trafficLightColor": "none"
                    },
                    "box2d": {
                        "x1": 795.573578,
                        "y1": 335.615396,
                        "x2": 914.781233,
                        "y2": 419.977735
                    }
                },
                {
                    "category": "car",
                    "id": 14,
                    "attributes": {
                        "occluded": true,
                        "truncated": false,
                        "trafficLightColor": "none"
                    },
                    "box2d": {
                        "x1": 874.434026,
                        "y1": 326.445576,
                        "x2": 1123.853118,
                        "y2": 476.830617
                    }
                },
                {
                    "category": "car",
                    "id": 15,
                    "attributes": {
                        "occluded": false,
                        "truncated": true,
                        "trafficLightColor": "none"
                    },
                    "box2d": {
                        "x1": 0,
                        "y1": 257.366274,
                        "x2": 333.781432,
                        "y2": 586.25714
                    }
                },
                {
                    "category": "car",
                    "id": 16,
                    "attributes": {
                        "occluded": false,
                        "truncated": true,
                        "trafficLightColor": "none"
                    },
                    "box2d": {
                        "x1": 1029.465094,
                        "y1": 366.18147,
                        "x2": 1278.884186,
                        "y2": 595.426959
                    }
                },
                {
                    "category": "car",
                    "id": 17,
                    "attributes": {
                        "occluded": false,
                        "truncated": false,
                        "trafficLightColor": "none"
                    },
                    "box2d": {
                        "x1": 630.064284,
                        "y1": 330.56075,
                        "x2": 665.973593,
                        "y2": 364.837818
                    }
                },
                {
                    "category": "area/drivable",
                    "id": 18,
                    "attributes": {},
                    "poly2d": [
                        [
                            615.142743,
                            366.839689,
                            "L"
                        ],
                        [
                            295.717709,
                            570.223598,
                            "L"
                        ],
                        [
                            600.169695,
                            556.498302,
                            "C"
                        ],
                        [
                            958.275105,
                            607.656219,
                            "C"
                        ],
                        [
                            1094.280295,
                            663.805152,
                            "C"
                        ],
                        [
                            1147.933718,
                            650.079856,
                            "C"
                        ],
                        [
                            1209.073668,
                            652.575364,
                            "C"
                        ],
                        [
                            1262.727091,
                            661.309642,
                            "C"
                        ],
                        [
                            681.273708,
                            369.335197,
                            "L"
                        ],
                        [
                            615.142743,
                            366.839689,
                            "L"
                        ]
                    ]
                }
            ]
        }
    ],
    "attributes": {
        "weather": "rainy",
        "scene": "city street",
        "timeofday": "daytime"
    }
}