{
    "name": "1a222609-d473d006",
    "frames": [
        {
            "timestamp": 10000,
            "objects": [
                {
                    "category": "person",
                    "id": 0,
                    "attributes": {
                        "occluded": true,
                        "truncated": false,
                        "trafficLightColor": "none"
                    },
                    "box2d": {
                        "x1": 665.907058,
                        "y1": 322.333998,
                        "x2": 676.919061,
                        "y2": 352.318556
                    }
                },
                {
                    "category": "person",
                    "id": 1,
                    "attributes": {
                        "occluded": true,
                        "truncated": false,
                        "trafficLightColor": "none"
                    },
                    "box2d": {
                        "x1": 654.66285,
                        "y1": 318.585928,
                        "x2": 664.657701,
                        "y2": 347.321131
                    }
                },
                {
                    "category": "person",
                    "id": 2,
                    "attributes": {
                        "occluded": false,
                        "truncated": false,
                        "trafficLightColor": "none"
                    },
                    "box2d": {
                        "x1": 585.948238,
                        "y1": 304.843005,
                        "x2": 609.686012,
                        "y2": 356.066626
                    }
                },
                {
                    "category": "traffic sign",
                    "id": 3,
                    "attributes": {
                        "occluded": false,
                        "truncated": false,
                        "trafficLightColor": "none"
                    },
                    "box2d": {
                        "x1": 799.588211,
                        "y1": 324.832711,
                        "x2": 808.333708,
                        "y2": 337.326278
                    }
                },
                {
                    "category": "car",
                    "id": 4,
                    "attributes": {
                        "occluded": true,
                        "truncated": false,
                        "trafficLightColor": "none"
                    },
                    "box2d": {
                        "x1": 793.341428,
                        "y1": 339.824989,
                        "x2": 807.084351,
                        "y2": 354.817269
                    }
                },
                {
                    "category": "car",
                    "id": 5,
                    "attributes": {
                        "occluded": true,
                        "truncated": false,
                        "trafficLightColor": "none"
                    },
                    "box2d": {
                        "x1": 799.588211,
                        "y1": 339.824989,
                        "x2": 815.829848,
                        "y2": 357.315981
                    }
                },
                {
                    "category": "car",
                    "id": 6,
                    "attributes": {
                        "occluded": true,
                        "truncated": false,
                        "trafficLightColor": "none"
                    },
                    "box2d": {
                        "x1": 810.832421,
                        "y1": 341.074348,
                        "x2": 825.824701,
                        "y2": 362.313409
                    }
                },
                {
                    "category": "car",
                    "id": 7,
                    "attributes": {
                        "occluded": true,
                        "truncated": false,
                        "trafficLightColor": "none"
                    },
                    "box2d": {
                        "x1": 819.577918,
                        "y1": 336.07692,
                        "x2": 848.31312,
                        "y2": 366.061477
                    }
                },
                {
                    "category": "car",
                    "id": 8,
                    "attributes": {
                        "occluded": true,
                        "truncated": false,
                        "trafficLightColor": "none"
                    },
                    "box2d": {
                        "x1": 837.068911,
                        "y1": 332.328851,
                        "x2": 875.798965,
                        "y2": 372.308262
                    }
                },
                {
                    "category": "car",
                    "id": 9,
                    "attributes": {
                        "occluded": true,
                        "truncated": false,
                        "trafficLightColor": "none"
                    },
                    "box2d": {
                        "x1": 859.557329,
                        "y1": 329.830136,
                        "x2": 928.271939,
                        "y2": 383.552469
                    }
                },
                {
                    "category": "car",
                    "id": 10,
                    "attributes": {
                        "occluded": true,
                        "truncated": false,
                        "trafficLightColor": "none"
                    },
                    "box2d": {
                        "x1": 895.788669,
                        "y1": 346.071773,
                        "x2": 954.508428,
                        "y2": 389.799253
                    }
                },
                {
                    "category": "car",
                    "id": 11,
                    "attributes": {
                        "occluded": true,
                        "truncated": false,
                        "trafficLightColor": "none"
                    },
                    "box2d": {
                        "x1": 924.523871,
                        "y1": 349.819843,
                        "x2": 985.742344,
                        "y2": 402.292818
                    }
                },
                {
                    "category": "car",
                    "id": 12,
                    "attributes": {
                        "occluded": true,
                        "truncated": false,
                        "trafficLightColor": "none"
                    },
                    "box2d": {
                        "x1": 967.001995,
                        "y1": 336.07692,
                        "x2": 1091.937652,
                        "y2": 419.783811
                    }
                },
                {
                    "category": "car",
                    "id": 13,
                    "attributes": {
                        "occluded": true,
                        "truncated": false,
                        "trafficLightColor": "none"
                    },
                    "box2d": {
                        "x1": 1046.960815,
                        "y1": 342.323703,
                        "x2": 1223.120093,
                        "y2": 446.020301
                    }
                },
                {
                    "category": "car",
                    "id": 14,
                    "attributes": {
                        "occluded": false,
                        "truncated": true,
                        "trafficLightColor": "none"
                    },
                    "box2d": {
                        "x1": 1161.901621,
                        "y1": 343.573059,
                        "x2": 1279.341138,
                        "y2": 495.994563
                    }
                },
                {
                    "category": "bus",
                    "id": 15,
                    "attributes": {
                        "occluded": false,
                        "truncated": false,
                        "trafficLightColor": "none"
                    },
                    "box2d": {
                        "x1": 772.102367,
                        "y1": 319.835285,
                        "x2": 797.0895,
                        "y2": 354.817269
                    }
                },
                {
                    "category": "car",
                    "id": 16,
                    "attributes": {
                        "occluded": false,
                        "truncated": false,
                        "trafficLightColor": "none"
                    },
                    "box2d": {
                        "x1": 698.390329,
                        "y1": 323.583355,
                        "x2": 777.099794,
                        "y2": 388.549897
                    }
                },
                {
                    "category": "area/drivable",
                    "id": 17,
                    "attributes": {},
                    "poly2d": [
                        [
                            692.549758,
                            387.449863,
                            "L"
                        ],
                        [
                            781.649726,
                            392.849863,
                            "L"
                        ],
                        [
                            781.649726,
                            356.399875,
                            "L"
                        ],
                        [
                            1279.799552,
                            502.199824,
                            "L"
                        ],
                        [
                            1279.799552,
                            661.499768,
                            "L"
                        ],
                        [
                            1141.138783,
                            641.930432,
                            "C"
                        ],
                        [
                            819.449713,
                            554.849806,
                            "C"
                        ],
                        [
                            506.318564,
                            588.113028,
                            "C"
                        ],
                        [
                            692.549758,
                            387.449863,
                            "L"
                        ]
                    ]
                },
                {
                    "category": "lane/road curb",
                    "id": 18,
                    "attributes": {
                        "direction": "parallel",
                        "style": "solid"
                    },
                    "poly2d": [
                        [
                            515.86039,
                            585.877369,
                            "L"
                        ],
                        [
                            693.991822,
                            385.093385,
                            "L"
                        ]
                    ]
                }
            ]
        }
    ],
    "attributes": {
        "weather": "overcast",
        "scene": "city street",
        "timeofday": "daytime"
    }
}