{
    "name": "1a2a7bec-5c26b74d",
    "frames": [
        {
            "timestamp": 10000,
            "objects": [
                {
                    "category": "car",
                    "id": 0,
                    "attributes": {
                        "occluded": true,
                        "truncated": false,
                        "trafficLightColor": "none"
                    },
                    "box2d": {
                        "x1": 575.365541,
                        "y1": 323.184048,
                        "x2": 596.176637,
                        "y2": 335.425868
                    }
                },
                {
                    "category": "car",
                    "id": 1,
                    "attributes": {
                        "occluded": true,
                        "truncated": false,
                        "trafficLightColor": "none"
                    },
                    "box2d": {
                        "x1": 561.899539,
                        "y1": 325.632412,
                        "x2": 576.589723,
                        "y2": 335.425869
                    }
                },
                {
                    "category": "car",
                    "id": 2,
                    "attributes": {
                        "occluded": true,
                        "truncated": false,
                        "trafficLightColor": "none"
                    },
                    "box2d": {
                        "x1": 548.433537,
                        "y1": 324.40823,
                        "x2": 560.675357,
                        "y2": 337.874233
                    }
                },
                {
                    "category": "car",
                    "id": 3,
                    "attributes": {
                        "occluded": true,
                        "truncated": false,
                        "trafficLightColor": "none"
                    },
                    "box2d": {
                        "x1": 516.604805,
                        "y1": 318.28732,
                        "x2": 550.881901,
                        "y2": 342.770959
                    }
                },
                {
                    "category": "car",
                    "id": 4,
                    "attributes": {
                        "occluded": true,
                        "truncated": false,
                        "trafficLightColor": "none"
                    },
                    "box2d": {
                        "x1": 440.705521,
                        "y1": 323.184048,
                        "x2": 462.740797,
                        "y2": 339.098414
                    }
                },
                {
                    "category": "car",
                    "id": 5,
                    "attributes": {
                        "occluded": true,
                        "truncated": false,
                        "trafficLightColor": "none"
                    },
                    "box2d": {
                        "x1": 395.410787,
                        "y1": 318.28732,
                        "x2": 449.274795,
                        "y2": 356.236962
                    }
                },
                {
                    "category": "car",
                    "id": 6,
                    "attributes": {
                        "occluded": true,
                        "truncated": false,
                        "trafficLightColor": "none"
                    },
                    "box2d": {
                        "x1": 450.498977,
                        "y1": 319.511502,
                        "x2": 520.277351,
                        "y2": 353.788599
                    }
                },
                {
                    "category": "car",
                    "id": 7,
                    "attributes": {
                        "occluded": true,
                        "truncated": false,
                        "trafficLightColor": "none"
                    },
                    "box2d": {
                        "x1": 260.750766,
                        "y1": 270.789055,
                        "x2": 399.083333,
                        "y2": 319.756338
                    }
                },
                {
                    "category": "car",
                    "id": 8,
                    "attributes": {
                        "occluded": true,
                        "truncated": false,
                        "trafficLightColor": "none"
                    },
                    "box2d": {
                        "x1": 200.765848,
                        "y1": 296.496877,
                        "x2": 400.307515,
                        "y2": 393.207256
                    }
                },
                {
                    "category": "car",
                    "id": 9,
                    "attributes": {
                        "occluded": true,
                        "truncated": false,
                        "trafficLightColor": "none"
                    },
                    "box2d": {
                        "x1": 160.367842,
                        "y1": 324.653063,
                        "x2": 242.388037,
                        "y2": 382.189616
                    }
                },
                {
                    "category": "car",
                    "id": 10,
                    "attributes": {
                        "occluded": true,
                        "truncated": true,
                        "trafficLightColor": "none"
                    },
                    "box2d": {
                        "x1": 0,
                        "y1": 291.763389,
                        "x2": 116.29729,
                        "y2": 414.18159
                    }
                },
                {
                    "category": "car",
                    "id": 11,
                    "attributes": {
                        "occluded": true,
                        "truncated": false,
                        "trafficLightColor": "none"
                    },
                    "box2d": {
                        "x1": 614.539365,
                        "y1": 331.753322,
                        "x2": 623.108639,
                        "y2": 341.546778
                    }
                },
                {
                    "category": "car",
                    "id": 12,
                    "attributes": {
                        "occluded": false,
                        "truncated": false,
                        "trafficLightColor": "none"
                    },
                    "box2d": {
                        "x1": 623.108639,
                        "y1": 330.52914,
                        "x2": 634.126277,
                        "y2": 340.322596
                    }
                },
                {
                    "category": "car",
                    "id": 13,
                    "attributes": {
                        "occluded": false,
                        "truncated": false,
                        "trafficLightColor": "none"
                    },
                    "box2d": {
                        "x1": 640.247187,
                        "y1": 332.977504,
                        "x2": 657.385735,
                        "y2": 340.322596
                    }
                },
                {
                    "category": "car",
                    "id": 14,
                    "attributes": {
                        "occluded": false,
                        "truncated": false,
                        "trafficLightColor": "none"
                    },
                    "box2d": {
                        "x1": 676.972647,
                        "y1": 317.063138,
                        "x2": 751.647749,
                        "y2": 374.599692
                    }
                },
                {
                    "category": "car",
                    "id": 15,
                    "attributes": {
                        "occluded": false,
                        "truncated": false,
                        "trafficLightColor": "none"
                    },
                    "box2d": {
                        "x1": 773.683025,
                        "y1": 328.080776,
                        "x2": 841.013035,
                        "y2": 377.048056
                    }
                },
                {
                    "category": "car",
                    "id": 16,
                    "attributes": {
                        "occluded": false,
                        "truncated": true,
                        "trafficLightColor": "none"
                    },
                    "box2d": {
                        "x1": 1206.431363,
                        "y1": 381.332693,
                        "x2": 1279.882283,
                        "y2": 501.302529
                    }
                },
                {
                    "category": "traffic sign",
                    "id": 17,
                    "attributes": {
                        "occluded": false,
                        "truncated": false,
                        "trafficLightColor": "none"
                    },
                    "box2d": {
                        "x1": 637.798823,
                        "y1": 228.677197,
                        "x2": 722.267381,
                        "y2": 264.178475
                    }
                },
                {
                    "category": "traffic sign",
                    "id": 18,
                    "attributes": {
                        "occluded": false,
                        "truncated": false,
                        "trafficLightColor": "none"
                    },
                    "box2d": {
                        "x1": 531.294989,
                        "y1": 197.093302,
                        "x2": 552.718174,
                        "y2": 253.160839
                    }
                },
                {
                    "category": "traffic sign",
                    "id": 19,
                    "attributes": {
                        "occluded": true,
                        "truncated": false,
                        "trafficLightColor": "none"
                    },
                    "box2d": {
                        "x1": 39.698471,
                        "y1": 223.675541,
                        "x2": 98.459208,
                        "y2": 264.073549
                    }
                },
                {
                    "category": "traffic sign",
                    "id": 20,
                    "attributes": {
                        "occluded": false,
                        "truncated": false,
                        "trafficLightColor": "none"
                    },
                    "box2d": {
                        "x1": 923.64532,
                        "y1": 221.576942,
                        "x2": 946.904778,
                        "y2": 277.889313
                    }
                },
                {
                    "category": "traffic sign",
                    "id": 21,
                    "attributes": {
                        "occluded": false,
                        "truncated": true,
                        "trafficLightColor": "none"
                    },
                    "box2d": {
                        "x1": 203.436798,
                        "y1": 2.257086,
                        "x2": 382.16737,
                        "y2": 171.194203
                    }
                },
                {
                    "category": "traffic sign",
                    "id": 22,
                    "attributes": {
                        "occluded": false,
                        "truncated": false,
                        "trafficLightColor": "none"
                    },
                    "box2d": {
                        "x1": 137.196575,
                        "y1": 243.516743,
                        "x2": 168.551417,
                        "y2": 279.77078
                    }
                },
                {
                    "category": "area/alternative",
                    "id": 23,
                    "attributes": {},
                    "poly2d": [
                        [
                            716.069029,
                            385.08723,
                            "L"
                        ],
                        [
                            1060.318793,
                            639.899555,
                            "L"
                        ],
                        [
                            1149.756231,
                            643.274554,
                            "C"
                        ],
                        [
                            1212.193687,
                            651.712047,
                            "C"
                        ],
                        [
                            1280.811619,
                            655.087045,
                            "C"
                        ],
                        [
                            1280.811619,
                            516.712139,
                            "L"
                        ],
                        [
                            807.193965,
                            381.712233,
                            "L"
                        ],
                        [
                            716.069029,
                            385.08723,
                            "L"
                        ]
                    ]
                },
                {
                    "category": "area/alternative",
                    "id": 24,
                    "attributes": {},
                    "poly2d": [
                        [
                            861.193928,
                            376.649736,
                            "L"
                        ],
                        [
                            1191.943702,
                            444.149689,
                            "L"
                        ],
                        [
                            1205.443692,
                            486.337161,
                            "L"
                        ],
                        [
                            830.81895,
                            381.712233,
                            "L"
                        ],
                        [
                            861.193928,
                            376.649736,
                            "L"
                        ]
                    ]
                },
                {
                    "category": "area/drivable",
                    "id": 25,
                    "attributes": {},
                    "poly2d": [
                        [
                            609.756602,
                            347.962256,
                            "L"
                        ],
                        [
                            253.694347,
                            624.712066,
                            "L"
                        ],
                        [
                            542.256648,
                            590.962089,
                            "C"
                        ],
                        [
                            776.818987,
                            601.087082,
                            "C"
                        ],
                        [
                            1016.443821,
                            638.212056,
                            "C"
                        ],
                        [
                            650.256574,
                            346.274756,
                            "L"
                        ],
                        [
                            609.756602,
                            347.962256,
                            "L"
                        ]
                    ]
                },
                {
                    "category": "lane/single white",
                    "id": 26,
                    "attributes": {
                        "direction": "parallel",
                        "style": "dashed"
                    },
                    "poly2d": [
                        [
                            789.11053,
                            373.452634,
                            "L"
                        ],
                        [
                            1269.994744,
                            537.157898,
                            "L"
                        ]
                    ]
                },
                {
                    "category": "lane/single white",
                    "id": 27,
                    "attributes": {
                        "direction": "parallel",
                        "style": "dashed"
                    },
                    "poly2d": [
                        [
                            799.342109,
                            373.452634,
                            "C"
                        ],
                        [
                            952.815794,
                            422.052634,
                            "C"
                        ],
                        [
                            1097.336848,
                            477.047371,
                            "C"
                        ],
                        [
                            1275.110533,
                            533.321055,
                            "L"
                        ]
                    ]
                },
                {
                    "category": "lane/single white",
                    "id": 28,
                    "attributes": {
                        "direction": "parallel",
                        "style": "dashed"
                    },
                    "poly2d": [
                        [
                            661.215793,
                            354.268423,
                            "L"
                        ],
                        [
                            1024.436847,
                            640.752635,
                            "L"
                        ]
                    ]
                },
                {
                    "category": "lane/single white",
                    "id": 29,
                    "attributes": {
                        "direction": "parallel",
                        "style": "dashed"
                    },
                    "poly2d": [
                        [
                            662.49474,
                            352.989476,
                            "L"
                        ],
                        [
                            1056.410532,
                            640.752635,
                            "L"
                        ]
                    ]
                },
                {
                    "category": "lane/single white",
                    "id": 30,
                    "attributes": {
                        "direction": "parallel",
                        "style": "dashed"
                    },
                    "poly2d": [
                        [
                            937.468426,
                            415.657897,
                            "L"
                        ],
                        [
                            1276.38948,
                            519.252634,
                            "L"
                        ]
                    ]
                },
                {
                    "category": "lane/single white",
                    "id": 31,
                    "attributes": {
                        "direction": "parallel",
                        "style": "dashed"
                    },
                    "poly2d": [
                        [
                            933.631584,
                            409.26316,
                            "L"
                        ],
                        [
                            1275.110533,
                            511.57895,
                            "L"
                        ]
                    ]
                },
                {
                    "category": "lane/single white",
                    "id": 32,
                    "attributes": {
                        "direction": "parallel",
                        "style": "solid"
                    },
                    "poly2d": [
                        [
                            872.24211,
                            379.84737,
                            "L"
                        ],
                        [
                            1203.48948,
                            446.352634,
                            "L"
                        ]
                    ]
                },
                {
                    "category": "lane/single white",
                    "id": 33,
                    "attributes": {
                        "direction": "parallel",
                        "style": "solid"
                    },
                    "poly2d": [
                        [
                            881.194741,
                            378.568423,
                            "L"
                        ],
                        [
                            1203.48948,
                            441.236844,
                            "L"
                        ]
                    ]
                },
                {
                    "category": "lane/road curb",
                    "id": 34,
                    "attributes": {
                        "direction": "parallel",
                        "style": "solid"
                    },
                    "poly2d": [
                        [
                            845.384215,
                            368.336844,
                            "L"
                        ],
                        [
                            1203.48948,
                            434.842108,
                            "L"
                        ]
                    ]
                },
                {
                    "category": "lane/road curb",
                    "id": 35,
                    "attributes": {
                        "direction": "parallel",
                        "style": "solid"
                    },
                    "poly2d": [
                        [
                            590.873687,
                            352.989476,
                            "L"
                        ],
                        [
                            180.33158,
                            616.452635,
                            "L"
                        ]
                    ]
                },
                {
                    "category": "lane/road curb",
                    "id": 36,
                    "attributes": {
                        "direction": "parallel",
                        "style": "solid"
                    },
                    "poly2d": [
                        [
                            164.984211,
                            378.568423,
                            "L"
                        ],
                        [
                            113.826316,
                            381.126318,
                            "L"
                        ]
                    ]
                },
                {
                    "category": "lane/single yellow",
                    "id": 37,
                    "attributes": {
                        "direction": "parallel",
                        "style": "solid"
                    },
                    "poly2d": [
                        [
                            607.500003,
                            344.036844,
                            "L"
                        ],
                        [
                            221.257896,
                            621.568424,
                            "L"
                        ]
                    ]
                },
                {
                    "category": "lane/single yellow",
                    "id": 38,
                    "attributes": {
                        "direction": "parallel",
                        "style": "solid"
                    },
                    "poly2d": [
                        [
                            610.057898,
                            345.315791,
                            "C"
                        ],
                        [
                            492.394739,
                            439.957897,
                            "C"
                        ],
                        [
                            372.173686,
                            533.321055,
                            "C"
                        ],
                        [
                            251.952633,
                            624.126319,
                            "L"
                        ]
                    ]
                }
            ]
        }
    ],
    "attributes": {
        "weather": "clear",
        "scene": "highway",
        "timeofday": "daytime"
    }
}