{
    "name": "1a2f2112-f566a272",
    "frames": [
        {
            "timestamp": 10000,
            "objects": [
                {
                    "category": "traffic sign",
                    "id": 0,
                    "attributes": {
                        "occluded": false,
                        "truncated": false,
                        "trafficLightColor": "none"
                    },
                    "box2d": {
                        "x1": 753.449401,
                        "y1": 261.461911,
                        "x2": 842.266615,
                        "y2": 350.279126
                    }
                },
                {
                    "category": "traffic sign",
                    "id": 1,
                    "attributes": {
                        "occluded": false,
                        "truncated": false,
                        "trafficLightColor": "none"
                    },
                    "box2d": {
                        "x1": 865.219378,
                        "y1": 208.570761,
                        "x2": 980.981141,
                        "y2": 248.48861
                    }
                },
                {
                    "category": "traffic sign",
                    "id": 2,
                    "attributes": {
                        "occluded": false,
                        "truncated": false,
                        "trafficLightColor": "none"
                    },
                    "box2d": {
                        "x1": 851.248132,
                        "y1": 245.699833,
                        "x2": 1097.106272,
                        "y2": 345.289394
                    }
                },
                {
                    "category": "car",
                    "id": 3,
                    "attributes": {
                        "occluded": false,
                        "truncated": false,
                        "trafficLightColor": "none"
                    },
                    "box2d": {
                        "x1": 617.728714,
                        "y1": 398.180544,
                        "x2": 649.662995,
                        "y2": 424.127146
                    }
                },
                {
                    "category": "car",
                    "id": 4,
                    "attributes": {
                        "occluded": false,
                        "truncated": false,
                        "trafficLightColor": "none"
                    },
                    "box2d": {
                        "x1": 574.817026,
                        "y1": 401.174383,
                        "x2": 604.755412,
                        "y2": 426.123039
                    }
                },
                {
                    "category": "car",
                    "id": 5,
                    "attributes": {
                        "occluded": false,
                        "truncated": false,
                        "trafficLightColor": "none"
                    },
                    "box2d": {
                        "x1": 495.979276,
                        "y1": 397.182597,
                        "x2": 531.90534,
                        "y2": 417.141522
                    }
                },
                {
                    "category": "area/alternative",
                    "id": 6,
                    "attributes": {},
                    "poly2d": [
                        [
                            633.07895,
                            422.052634,
                            "L"
                        ],
                        [
                            662.494739,
                            424.610529,
                            "L"
                        ],
                        [
                            530.763161,
                            473.210529,
                            "C"
                        ],
                        [
                            1007.810532,
                            620.289476,
                            "C"
                        ],
                        [
                            1184.118587,
                            719.954083,
                            "C"
                        ],
                        [
                            803.178952,
                            718.768426,
                            "L"
                        ],
                        [
                            746.905267,
                            620.289476,
                            "C"
                        ],
                        [
                            487.27895,
                            450.189476,
                            "C"
                        ],
                        [
                            633.07895,
                            422.052634,
                            "C"
                        ]
                    ]
                },
                {
                    "category": "area/drivable",
                    "id": 7,
                    "attributes": {},
                    "poly2d": [
                        [
                            553.784213,
                            416.936844,
                            "L"
                        ],
                        [
                            587.036845,
                            431.005266,
                            "L"
                        ],
                        [
                            533.321055,
                            492.394739,
                            "C"
                        ],
                        [
                            711.094741,
                            616.452635,
                            "C"
                        ],
                        [
                            778.87895,
                            720.047372,
                            "C"
                        ],
                        [
                            535.286484,
                            680.025953,
                            "C"
                        ],
                        [
                            239.568776,
                            671.291675,
                            "C"
                        ],
                        [
                            12.789474,
                            702.142109,
                            "C"
                        ],
                        [
                            181.610527,
                            602.384213,
                            "C"
                        ],
                        [
                            342.757897,
                            465.536845,
                            "C"
                        ],
                        [
                            553.784213,
                            416.936844,
                            "C"
                        ]
                    ]
                },
                {
                    "category": "area/alternative",
                    "id": 8,
                    "attributes": {},
                    "poly2d": [
                        [
                            470.652634,
                            414.37895,
                            "L"
                        ],
                        [
                            507.742108,
                            422.052634,
                            "L"
                        ],
                        [
                            326.131581,
                            478.326318,
                            "C"
                        ],
                        [
                            190.563159,
                            575.526319,
                            "C"
                        ],
                        [
                            0,
                            691.91053,
                            "C"
                        ],
                        [
                            0,
                            469.373687,
                            "L"
                        ],
                        [
                            166.263159,
                            450.189476,
                            "C"
                        ],
                        [
                            328.689475,
                            427.168423,
                            "C"
                        ],
                        [
                            470.652634,
                            414.37895,
                            "C"
                        ]
                    ]
                },
                {
                    "category": "lane/single white",
                    "id": 9,
                    "attributes": {
                        "direction": "parallel",
                        "style": "dashed"
                    },
                    "poly2d": [
                        [
                            399.773585,
                            484.822777,
                            "L"
                        ],
                        [
                            165.152891,
                            599.272911,
                            "L"
                        ]
                    ]
                },
                {
                    "category": "lane/single white",
                    "id": 10,
                    "attributes": {
                        "direction": "parallel",
                        "style": "dashed"
                    },
                    "poly2d": [
                        [
                            389.963661,
                            475.012766,
                            "L"
                        ],
                        [
                            179.867777,
                            569.842877,
                            "L"
                        ]
                    ]
                },
                {
                    "category": "lane/single white",
                    "id": 11,
                    "attributes": {
                        "direction": "parallel",
                        "style": "solid"
                    },
                    "poly2d": [
                        [
                            593.519595,
                            444.76523,
                            "C"
                        ],
                        [
                            557.549872,
                            472.560263,
                            "C"
                        ],
                        [
                            667.094029,
                            560.850366,
                            "C"
                        ],
                        [
                            800.345504,
                            712.088044,
                            "L"
                        ]
                    ]
                },
                {
                    "category": "lane/single white",
                    "id": 12,
                    "attributes": {
                        "direction": "parallel",
                        "style": "solid"
                    },
                    "poly2d": [
                        [
                            586.979646,
                            442.312726,
                            "C"
                        ],
                        [
                            545.287466,
                            486.457778,
                            "C"
                        ],
                        [
                            667.094029,
                            584.557894,
                            "C"
                        ],
                        [
                            773.368212,
                            712.905545,
                            "L"
                        ]
                    ]
                },
                {
                    "category": "lane/road curb",
                    "id": 13,
                    "attributes": {
                        "direction": "parallel",
                        "style": "solid"
                    },
                    "poly2d": [
                        [
                            439.013284,
                            432.502715,
                            "L"
                        ],
                        [
                            2.471643,
                            488.910282,
                            "L"
                        ]
                    ]
                },
                {
                    "category": "lane/road curb",
                    "id": 14,
                    "attributes": {
                        "direction": "parallel",
                        "style": "solid"
                    },
                    "poly2d": [
                        [
                            645.021699,
                            449.670235,
                            "C"
                        ],
                        [
                            652.797019,
                            484.03787,
                            "C"
                        ],
                        [
                            969.566702,
                            627.067945,
                            "C"
                        ],
                        [
                            1125.708001,
                            720.21196,
                            "L"
                        ]
                    ]
                }
            ]
        }
    ],
    "attributes": {
        "weather": "rainy",
        "scene": "highway",
        "timeofday": "daytime"
    }
}