{
    "name": "1a3a8552-293f6a45",
    "frames": [
        {
            "timestamp": 10000,
            "objects": [
                {
                    "category": "car",
                    "id": 0,
                    "attributes": {
                        "occluded": false,
                        "truncated": true,
                        "trafficLightColor": "none"
                    },
                    "box2d": {
                        "x1": 0.997946,
                        "y1": 411.153845,
                        "x2": 310.361276,
                        "y2": 621.720499
                    }
                },
                {
                    "category": "car",
                    "id": 1,
                    "attributes": {
                        "occluded": true,
                        "truncated": false,
                        "trafficLightColor": "none"
                    },
                    "box2d": {
                        "x1": 271.441374,
                        "y1": 422.131254,
                        "x2": 542.882746,
                        "y2": 557.851941
                    }
                },
                {
                    "category": "car",
                    "id": 2,
                    "attributes": {
                        "occluded": false,
                        "truncated": false,
                        "trafficLightColor": "none"
                    },
                    "box2d": {
                        "x1": 551.864263,
                        "y1": 445.084017,
                        "x2": 696.566466,
                        "y2": 531.905339
                    }
                },
                {
                    "category": "truck",
                    "id": 3,
                    "attributes": {
                        "occluded": false,
                        "truncated": false,
                        "trafficLightColor": "none"
                    },
                    "box2d": {
                        "x1": 957.030431,
                        "y1": 429.116877,
                        "x2": 1025.888721,
                        "y2": 512.944361
                    }
                },
                {
                    "category": "car",
                    "id": 4,
                    "attributes": {
                        "occluded": true,
                        "truncated": false,
                        "trafficLightColor": "none"
                    },
                    "box2d": {
                        "x1": 669.621918,
                        "y1": 451.071694,
                        "x2": 742.471993,
                        "y2": 523.921769
                    }
                },
                {
                    "category": "car",
                    "id": 5,
                    "attributes": {
                        "occluded": true,
                        "truncated": false,
                        "trafficLightColor": "none"
                    },
                    "box2d": {
                        "x1": 724.508961,
                        "y1": 460.05321,
                        "x2": 798.356981,
                        "y2": 514.940252
                    }
                },
                {
                    "category": "car",
                    "id": 6,
                    "attributes": {
                        "occluded": true,
                        "truncated": false,
                        "trafficLightColor": "none"
                    },
                    "box2d": {
                        "x1": 774.406272,
                        "y1": 448.077856,
                        "x2": 819.313852,
                        "y2": 505.958737
                    }
                },
                {
                    "category": "car",
                    "id": 7,
                    "attributes": {
                        "occluded": true,
                        "truncated": false,
                        "trafficLightColor": "none"
                    },
                    "box2d": {
                        "x1": 794.365196,
                        "y1": 452.069641,
                        "x2": 832.287153,
                        "y2": 505.958738
                    }
                },
                {
                    "category": "car",
                    "id": 8,
                    "attributes": {
                        "occluded": true,
                        "truncated": false,
                        "trafficLightColor": "none"
                    },
                    "box2d": {
                        "x1": 823.305637,
                        "y1": 466.040888,
                        "x2": 845.260454,
                        "y2": 498.973112
                    }
                },
                {
                    "category": "car",
                    "id": 9,
                    "attributes": {
                        "occluded": true,
                        "truncated": false,
                        "trafficLightColor": "none"
                    },
                    "box2d": {
                        "x1": 842.266615,
                        "y1": 466.040888,
                        "x2": 863.223485,
                        "y2": 500.969006
                    }
                },
                {
                    "category": "car",
                    "id": 10,
                    "attributes": {
                        "occluded": true,
                        "truncated": false,
                        "trafficLightColor": "none"
                    },
                    "box2d": {
                        "x1": 865.219379,
                        "y1": 468.03678,
                        "x2": 879.190626,
                        "y2": 496.977221
                    }
                },
                {
                    "category": "car",
                    "id": 11,
                    "attributes": {
                        "occluded": true,
                        "truncated": false,
                        "trafficLightColor": "none"
                    },
                    "box2d": {
                        "x1": 874.200895,
                        "y1": 472.028565,
                        "x2": 886.176249,
                        "y2": 491.987489
                    }
                },
                {
                    "category": "car",
                    "id": 12,
                    "attributes": {
                        "occluded": true,
                        "truncated": false,
                        "trafficLightColor": "none"
                    },
                    "box2d": {
                        "x1": 880.188572,
                        "y1": 473.026511,
                        "x2": 904.139282,
                        "y2": 489.991597
                    }
                },
                {
                    "category": "car",
                    "id": 13,
                    "attributes": {
                        "occluded": true,
                        "truncated": false,
                        "trafficLightColor": "none"
                    },
                    "box2d": {
                        "x1": 901.145443,
                        "y1": 473.026511,
                        "x2": 914.118744,
                        "y2": 490.989544
                    }
                },
                {
                    "category": "car",
                    "id": 14,
                    "attributes": {
                        "occluded": true,
                        "truncated": false,
                        "trafficLightColor": "none"
                    },
                    "box2d": {
                        "x1": 919.108475,
                        "y1": 469.034727,
                        "x2": 936.073561,
                        "y2": 486.997759
                    }
                },
                {
                    "category": "car",
                    "id": 15,
                    "attributes": {
                        "occluded": true,
                        "truncated": false,
                        "trafficLightColor": "none"
                    },
                    "box2d": {
                        "x1": 938.069454,
                        "y1": 463.047049,
                        "x2": 957.030432,
                        "y2": 490.989544
                    }
                },
                {
                    "category": "traffic sign",
                    "id": 16,
                    "attributes": {
                        "occluded": false,
                        "truncated": false,
                        "trafficLightColor": "none"
                    },
                    "box2d": {
                        "x1": 529.909446,
                        "y1": 339.301718,
                        "x2": 555.856047,
                        "y2": 381.21546
                    }
                },
                {
                    "category": "person",
                    "id": 17,
                    "attributes": {
                        "occluded": false,
                        "truncated": false,
                        "trafficLightColor": "none"
                    },
                    "box2d": {
                        "x1": 1144.644322,
                        "y1": 458.057318,
                        "x2": 1172.586816,
                        "y2": 530.907393
                    }
                },
                {
                    "category": "person",
                    "id": 18,
                    "attributes": {
                        "occluded": false,
                        "truncated": false,
                        "trafficLightColor": "none"
                    },
                    "box2d": {
                        "x1": 1118.69772,
                        "y1": 459.055265,
                        "x2": 1143.646377,
                        "y2": 529.909447
                    }
                },
                {
                    "category": "person",
                    "id": 19,
                    "attributes": {
                        "occluded": true,
                        "truncated": false,
                        "trafficLightColor": "none"
                    },
                    "box2d": {
                        "x1": 1097.740849,
                        "y1": 462.049103,
                        "x2": 1118.69772,
                        "y2": 528.9115
                    }
                },
                {
                    "category": "person",
                    "id": 20,
                    "attributes": {
                        "occluded": true,
                        "truncated": false,
                        "trafficLightColor": "none"
                    },
                    "box2d": {
                        "x1": 1239.449214,
                        "y1": 449.075802,
                        "x2": 1275.375279,
                        "y2": 487.995705
                    }
                },
                {
                    "category": "area/drivable",
                    "id": 21,
                    "attributes": {},
                    "poly2d": [
                        [
                            922.877926,
                            491.885921,
                            "L"
                        ],
                        [
                            0,
                            639.298146,
                            "L"
                        ],
                        [
                            0,
                            708.397626,
                            "L"
                        ],
                        [
                            287.162708,
                            688.435554,
                            "C"
                        ],
                        [
                            529.778661,
                            706.862082,
                            "C"
                        ],
                        [
                            635.731197,
                            720.170138,
                            "C"
                        ],
                        [
                            1280.6437,
                            720.170138,
                            "L"
                        ],
                        [
                            1280.6437,
                            625.47825,
                            "L"
                        ],
                        [
                            1173.171599,
                            576.340842,
                            "L"
                        ],
                        [
                            1094.858854,
                            574.805298,
                            "L"
                        ],
                        [
                            1036.508182,
                            519.525713,
                            "L"
                        ],
                        [
                            952.053262,
                            513.383537,
                            "L"
                        ],
                        [
                            953.588806,
                            496.492553,
                            "L"
                        ],
                        [
                            922.877926,
                            491.885921,
                            "L"
                        ]
                    ]
                },
                {
                    "category": "lane/road curb",
                    "id": 22,
                    "attributes": {
                        "direction": "parallel",
                        "style": "solid"
                    },
                    "poly2d": [
                        [
                            1094.077186,
                            569.870547,
                            "L"
                        ],
                        [
                            1044.65346,
                            531.679486,
                            "L"
                        ]
                    ]
                },
                {
                    "category": "lane/road curb",
                    "id": 23,
                    "attributes": {
                        "direction": "parallel",
                        "style": "solid"
                    },
                    "poly2d": [
                        [
                            1278.292894,
                            625.285029,
                            "L"
                        ],
                        [
                            1166.715087,
                            574.363614,
                            "L"
                        ]
                    ]
                }
            ]
        }
    ],
    "attributes": {
        "weather": "overcast",
        "scene": "city street",
        "timeofday": "daytime"
    }
}