{
    "name": "1a3e80fd-9bfaf43b",
    "frames": [
        {
            "timestamp": 10000,
            "objects": [
                {
                    "category": "traffic sign",
                    "id": 0,
                    "attributes": {
                        "occluded": false,
                        "truncated": false,
                        "trafficLightColor": "none"
                    },
                    "box2d": {
                        "x1": 534.344197,
                        "y1": 230.210527,
                        "x2": 548.412619,
                        "y2": 251.952632
                    }
                },
                {
                    "category": "traffic sign",
                    "id": 1,
                    "attributes": {
                        "occluded": false,
                        "truncated": false,
                        "trafficLightColor": "none"
                    },
                    "box2d": {
                        "x1": 828.502093,
                        "y1": 222.536843,
                        "x2": 854.081041,
                        "y2": 253.231579
                    }
                },
                {
                    "category": "traffic sign",
                    "id": 2,
                    "attributes": {
                        "occluded": false,
                        "truncated": false,
                        "trafficLightColor": "none"
                    },
                    "box2d": {
                        "x1": 573.991569,
                        "y1": 216.142106,
                        "x2": 585.502094,
                        "y2": 243.000001
                    }
                },
                {
                    "category": "traffic light",
                    "id": 3,
                    "attributes": {
                        "occluded": false,
                        "truncated": false,
                        "trafficLightColor": "red"
                    },
                    "box2d": {
                        "x1": 646.891566,
                        "y1": 227.652632,
                        "x2": 657.123145,
                        "y2": 241.721054
                    }
                },
                {
                    "category": "car",
                    "id": 4,
                    "attributes": {
                        "occluded": false,
                        "truncated": false,
                        "trafficLightColor": "none"
                    },
                    "box2d": {
                        "x1": 638.106587,
                        "y1": 253.231581,
                        "x2": 669.912618,
                        "y2": 280.089475
                    }
                },
                {
                    "category": "car",
                    "id": 5,
                    "attributes": {
                        "occluded": false,
                        "truncated": false,
                        "trafficLightColor": "none"
                    },
                    "box2d": {
                        "x1": 586.78104,
                        "y1": 251.952633,
                        "x2": 614.917885,
                        "y2": 272.415791
                    }
                },
                {
                    "category": "car",
                    "id": 6,
                    "attributes": {
                        "occluded": true,
                        "truncated": false,
                        "trafficLightColor": "none"
                    },
                    "box2d": {
                        "x1": 571.433672,
                        "y1": 253.231581,
                        "x2": 586.78104,
                        "y2": 273.694738
                    }
                },
                {
                    "category": "car",
                    "id": 7,
                    "attributes": {
                        "occluded": true,
                        "truncated": false,
                        "trafficLightColor": "none"
                    },
                    "box2d": {
                        "x1": 558.644198,
                        "y1": 257.068422,
                        "x2": 573.991566,
                        "y2": 273.694738
                    }
                },
                {
                    "category": "car",
                    "id": 8,
                    "attributes": {
                        "occluded": true,
                        "truncated": false,
                        "trafficLightColor": "none"
                    },
                    "box2d": {
                        "x1": 527.949462,
                        "y1": 257.068422,
                        "x2": 566.317884,
                        "y2": 282.64737
                    }
                },
                {
                    "category": "car",
                    "id": 9,
                    "attributes": {
                        "occluded": true,
                        "truncated": false,
                        "trafficLightColor": "none"
                    },
                    "box2d": {
                        "x1": 497.254725,
                        "y1": 260.905267,
                        "x2": 538.18104,
                        "y2": 290.321056
                    }
                },
                {
                    "category": "car",
                    "id": 10,
                    "attributes": {
                        "occluded": true,
                        "truncated": false,
                        "trafficLightColor": "none"
                    },
                    "box2d": {
                        "x1": 462.723146,
                        "y1": 257.068422,
                        "x2": 504.928408,
                        "y2": 294.157897
                    }
                },
                {
                    "category": "car",
                    "id": 11,
                    "attributes": {
                        "occluded": true,
                        "truncated": false,
                        "trafficLightColor": "none"
                    },
                    "box2d": {
                        "x1": 412.844197,
                        "y1": 258.34737,
                        "x2": 481.907356,
                        "y2": 312.063161
                    }
                },
                {
                    "category": "car",
                    "id": 12,
                    "attributes": {
                        "occluded": true,
                        "truncated": false,
                        "trafficLightColor": "none"
                    },
                    "box2d": {
                        "x1": 350.175777,
                        "y1": 259.626316,
                        "x2": 440.981041,
                        "y2": 326.131581
                    }
                },
                {
                    "category": "car",
                    "id": 13,
                    "attributes": {
                        "occluded": false,
                        "truncated": false,
                        "trafficLightColor": "none"
                    },
                    "box2d": {
                        "x1": 200.538933,
                        "y1": 258.34737,
                        "x2": 389.823146,
                        "y2": 358.105265
                    }
                },
                {
                    "category": "car",
                    "id": 14,
                    "attributes": {
                        "occluded": false,
                        "truncated": true,
                        "trafficLightColor": "none"
                    },
                    "box2d": {
                        "x1": 0,
                        "y1": 258.34737,
                        "x2": 187.749458,
                        "y2": 400.310527
                    }
                },
                {
                    "category": "car",
                    "id": 15,
                    "attributes": {
                        "occluded": true,
                        "truncated": false,
                        "trafficLightColor": "none"
                    },
                    "box2d": {
                        "x1": 672.470514,
                        "y1": 257.068422,
                        "x2": 691.654726,
                        "y2": 273.694738
                    }
                },
                {
                    "category": "car",
                    "id": 16,
                    "attributes": {
                        "occluded": true,
                        "truncated": false,
                        "trafficLightColor": "none"
                    },
                    "box2d": {
                        "x1": 691.654724,
                        "y1": 257.068422,
                        "x2": 722.349461,
                        "y2": 276.252633
                    }
                },
                {
                    "category": "car",
                    "id": 17,
                    "attributes": {
                        "occluded": true,
                        "truncated": false,
                        "trafficLightColor": "none"
                    },
                    "box2d": {
                        "x1": 719.791568,
                        "y1": 260.905267,
                        "x2": 745.370516,
                        "y2": 280.089477
                    }
                },
                {
                    "category": "car",
                    "id": 18,
                    "attributes": {
                        "occluded": false,
                        "truncated": false,
                        "trafficLightColor": "none"
                    },
                    "box2d": {
                        "x1": 742.81262,
                        "y1": 262.184213,
                        "x2": 795.249462,
                        "y2": 290.321056
                    }
                },
                {
                    "category": "car",
                    "id": 19,
                    "attributes": {
                        "occluded": true,
                        "truncated": false,
                        "trafficLightColor": "none"
                    },
                    "box2d": {
                        "x1": 823.386306,
                        "y1": 269.857896,
                        "x2": 886.054727,
                        "y2": 319.736842
                    }
                },
                {
                    "category": "car",
                    "id": 20,
                    "attributes": {
                        "occluded": true,
                        "truncated": false,
                        "trafficLightColor": "none"
                    },
                    "box2d": {
                        "x1": 872.668925,
                        "y1": 273.694738,
                        "x2": 947.444198,
                        "y2": 329.968425
                    }
                },
                {
                    "category": "car",
                    "id": 21,
                    "attributes": {
                        "occluded": false,
                        "truncated": false,
                        "trafficLightColor": "none"
                    },
                    "box2d": {
                        "x1": 921.865251,
                        "y1": 253.231581,
                        "x2": 1159.749463,
                        "y2": 368.336844
                    }
                },
                {
                    "category": "car",
                    "id": 22,
                    "attributes": {
                        "occluded": false,
                        "truncated": true,
                        "trafficLightColor": "none"
                    },
                    "box2d": {
                        "x1": 1230.09157,
                        "y1": 309.505266,
                        "x2": 1279.970518,
                        "y2": 406.705267
                    }
                },
                {
                    "category": "car",
                    "id": 23,
                    "attributes": {
                        "occluded": false,
                        "truncated": false,
                        "trafficLightColor": "none"
                    },
                    "box2d": {
                        "x1": 621.231599,
                        "y1": 249.074829,
                        "x2": 641.481585,
                        "y2": 265.949817
                    }
                },
                {
                    "category": "area/drivable",
                    "id": 24,
                    "attributes": {},
                    "poly2d": [
                        [
                            569.702805,
                            284.075641,
                            "L"
                        ],
                        [
                            714.043941,
                            285.611185,
                            "L"
                        ],
                        [
                            1280.6437,
                            463.73429,
                            "L"
                        ],
                        [
                            1280.6437,
                            663.35501,
                            "L"
                        ],
                        [
                            1197.740302,
                            595.791074,
                            "C"
                        ],
                        [
                            1099.465486,
                            563.54465,
                            "C"
                        ],
                        [
                            873.740518,
                            565.080194,
                            "C"
                        ],
                        [
                            591.20042,
                            537.440402,
                            "C"
                        ],
                        [
                            299.44706,
                            529.762682,
                            "C"
                        ],
                        [
                            0,
                            558.938018,
                            "C"
                        ],
                        [
                            0,
                            456.056569,
                            "L"
                        ],
                        [
                            569.702805,
                            284.075641,
                            "L"
                        ]
                    ]
                }
            ]
        }
    ],
    "attributes": {
        "weather": "clear",
        "scene": "city street",
        "timeofday": "dawn/dusk"
    }
}