{
    "name": "1a63c3c1-d2545a08",
    "frames": [
        {
            "timestamp": 10000,
            "objects": [
                {
                    "category": "traffic sign",
                    "id": 0,
                    "attributes": {
                        "occluded": false,
                        "truncated": false,
                        "trafficLightColor": "none"
                    },
                    "box2d": {
                        "x1": 983.001666,
                        "y1": 166.049339,
                        "x2": 1016.790778,
                        "y2": 222.364524
                    }
                },
                {
                    "category": "traffic sign",
                    "id": 1,
                    "attributes": {
                        "occluded": false,
                        "truncated": false,
                        "trafficLightColor": "none"
                    },
                    "box2d": {
                        "x1": 844.466313,
                        "y1": 186.322805,
                        "x2": 890.644763,
                        "y2": 226.869739
                    }
                },
                {
                    "category": "traffic sign",
                    "id": 2,
                    "attributes": {
                        "occluded": false,
                        "truncated": false,
                        "trafficLightColor": "none"
                    },
                    "box2d": {
                        "x1": 798.28786,
                        "y1": 231.374953,
                        "x2": 816.30872,
                        "y2": 246.0169
                    }
                },
                {
                    "category": "bus",
                    "id": 3,
                    "attributes": {
                        "occluded": true,
                        "truncated": false,
                        "trafficLightColor": "none"
                    },
                    "box2d": {
                        "x1": 775.761788,
                        "y1": 278.679708,
                        "x2": 871.497602,
                        "y2": 333.868591
                    }
                },
                {
                    "category": "car",
                    "id": 4,
                    "attributes": {
                        "occluded": false,
                        "truncated": true,
                        "trafficLightColor": "none"
                    },
                    "box2d": {
                        "x1": 443.341275,
                        "y1": 243.925216,
                        "x2": 812.768889,
                        "y2": 617.858045
                    }
                },
                {
                    "category": "rider",
                    "id": 5,
                    "attributes": {
                        "occluded": true,
                        "truncated": false,
                        "trafficLightColor": "none"
                    },
                    "box2d": {
                        "x1": 883.923126,
                        "y1": 296.217872,
                        "x2": 1007.816533,
                        "y2": 504.584055
                    }
                },
                {
                    "category": "motor",
                    "id": 6,
                    "attributes": {
                        "occluded": true,
                        "truncated": false,
                        "trafficLightColor": "none"
                    },
                    "box2d": {
                        "x1": 878.291609,
                        "y1": 381.591688,
                        "x2": 1029.216304,
                        "y2": 553.916153
                    }
                },
                {
                    "category": "person",
                    "id": 7,
                    "attributes": {
                        "occluded": true,
                        "truncated": false,
                        "trafficLightColor": "none"
                    },
                    "box2d": {
                        "x1": 127.553894,
                        "y1": 329.443831,
                        "x2": 172.606042,
                        "y2": 391.390535
                    }
                },
                {
                    "category": "person",
                    "id": 8,
                    "attributes": {
                        "occluded": true,
                        "truncated": false,
                        "trafficLightColor": "none"
                    },
                    "box2d": {
                        "x1": 102.775211,
                        "y1": 315.928187,
                        "x2": 120.796071,
                        "y2": 363.232942
                    }
                },
                {
                    "category": "person",
                    "id": 9,
                    "attributes": {
                        "occluded": true,
                        "truncated": false,
                        "trafficLightColor": "none"
                    },
                    "box2d": {
                        "x1": 82.501745,
                        "y1": 301.286239,
                        "x2": 108.40673,
                        "y2": 360.980336
                    }
                },
                {
                    "category": "person",
                    "id": 10,
                    "attributes": {
                        "occluded": true,
                        "truncated": false,
                        "trafficLightColor": "none"
                    },
                    "box2d": {
                        "x1": 68.986101,
                        "y1": 308.044061,
                        "x2": 103.901516,
                        "y2": 380.127498
                    }
                },
                {
                    "category": "person",
                    "id": 11,
                    "attributes": {
                        "occluded": true,
                        "truncated": false,
                        "trafficLightColor": "none"
                    },
                    "box2d": {
                        "x1": 432.782195,
                        "y1": 311.422971,
                        "x2": 447.424142,
                        "y2": 353.096209
                    }
                },
                {
                    "category": "person",
                    "id": 12,
                    "attributes": {
                        "occluded": true,
                        "truncated": false,
                        "trafficLightColor": "none"
                    },
                    "box2d": {
                        "x1": 420.392856,
                        "y1": 305.791454,
                        "x2": 432.782196,
                        "y2": 354.222514
                    }
                },
                {
                    "category": "person",
                    "id": 13,
                    "attributes": {
                        "occluded": true,
                        "truncated": false,
                        "trafficLightColor": "none"
                    },
                    "box2d": {
                        "x1": 404.624603,
                        "y1": 311.422971,
                        "x2": 421.519157,
                        "y2": 347.46469
                    }
                },
                {
                    "category": "person",
                    "id": 14,
                    "attributes": {
                        "occluded": true,
                        "truncated": false,
                        "trafficLightColor": "none"
                    },
                    "box2d": {
                        "x1": 375.340707,
                        "y1": 308.044061,
                        "x2": 391.108959,
                        "y2": 338.454261
                    }
                },
                {
                    "category": "person",
                    "id": 15,
                    "attributes": {
                        "occluded": true,
                        "truncated": false,
                        "trafficLightColor": "none"
                    },
                    "box2d": {
                        "x1": 353.940937,
                        "y1": 317.054492,
                        "x2": 369.709188,
                        "y2": 348.590995
                    }
                },
                {
                    "category": "person",
                    "id": 16,
                    "attributes": {
                        "occluded": true,
                        "truncated": false,
                        "trafficLightColor": "none"
                    },
                    "box2d": {
                        "x1": 306.636182,
                        "y1": 314.801883,
                        "x2": 322.404434,
                        "y2": 348.590995
                    }
                },
                {
                    "category": "person",
                    "id": 17,
                    "attributes": {
                        "occluded": true,
                        "truncated": false,
                        "trafficLightColor": "none"
                    },
                    "box2d": {
                        "x1": 286.362716,
                        "y1": 309.170365,
                        "x2": 308.88879,
                        "y2": 353.096209
                    }
                },
                {
                    "category": "person",
                    "id": 18,
                    "attributes": {
                        "occluded": true,
                        "truncated": false,
                        "trafficLightColor": "none"
                    },
                    "box2d": {
                        "x1": 279.604894,
                        "y1": 320.433402,
                        "x2": 298.752056,
                        "y2": 351.969905
                    }
                },
                {
                    "category": "person",
                    "id": 19,
                    "attributes": {
                        "occluded": true,
                        "truncated": false,
                        "trafficLightColor": "none"
                    },
                    "box2d": {
                        "x1": 267.215551,
                        "y1": 319.307099,
                        "x2": 282.983804,
                        "y2": 355.348817
                    }
                },
                {
                    "category": "person",
                    "id": 20,
                    "attributes": {
                        "occluded": true,
                        "truncated": false,
                        "trafficLightColor": "none"
                    },
                    "box2d": {
                        "x1": 793.199378,
                        "y1": 305.791454,
                        "x2": 807.841325,
                        "y2": 342.959476
                    }
                },
                {
                    "category": "person",
                    "id": 21,
                    "attributes": {
                        "occluded": true,
                        "truncated": false,
                        "trafficLightColor": "none"
                    },
                    "box2d": {
                        "x1": 833.746311,
                        "y1": 305.791454,
                        "x2": 855.146082,
                        "y2": 355.348817
                    }
                },
                {
                    "category": "person",
                    "id": 22,
                    "attributes": {
                        "occluded": true,
                        "truncated": false,
                        "trafficLightColor": "none"
                    },
                    "box2d": {
                        "x1": 863.030206,
                        "y1": 303.538846,
                        "x2": 883.303674,
                        "y2": 329.443831
                    }
                },
                {
                    "category": "person",
                    "id": 23,
                    "attributes": {
                        "occluded": true,
                        "truncated": false,
                        "trafficLightColor": "none"
                    },
                    "box2d": {
                        "x1": 1092.150878,
                        "y1": 298.095046,
                        "x2": 1123.687381,
                        "y2": 372.43109
                    }
                },
                {
                    "category": "person",
                    "id": 24,
                    "attributes": {
                        "occluded": true,
                        "truncated": false,
                        "trafficLightColor": "none"
                    },
                    "box2d": {
                        "x1": 997.541366,
                        "y1": 303.726565,
                        "x2": 1024.572656,
                        "y2": 375.810002
                    }
                },
                {
                    "category": "person",
                    "id": 25,
                    "attributes": {
                        "occluded": true,
                        "truncated": false,
                        "trafficLightColor": "none"
                    },
                    "box2d": {
                        "x1": 981.773116,
                        "y1": 309.358083,
                        "x2": 1002.046583,
                        "y2": 363.420661
                    }
                },
                {
                    "category": "area/alternative",
                    "id": 26,
                    "attributes": {},
                    "poly2d": [
                        [
                            1054.389214,
                            449.306944,
                            "L"
                        ],
                        [
                            1280.524791,
                            521.196055,
                            "L"
                        ],
                        [
                            1280.524791,
                            663.476587,
                            "L"
                        ],
                        [
                            1202.660505,
                            651.495069,
                            "C"
                        ],
                        [
                            1114.296805,
                            635.020481,
                            "C"
                        ],
                        [
                            1019.942348,
                            627.532032,
                            "C"
                        ],
                        [
                            957.039376,
                            578.108268,
                            "L"
                        ],
                        [
                            1022.937728,
                            548.154473,
                            "L"
                        ],
                        [
                            1054.389214,
                            449.306944,
                            "L"
                        ]
                    ]
                },
                {
                    "category": "lane/single white",
                    "id": 27,
                    "attributes": {
                        "direction": "parallel",
                        "style": "solid"
                    },
                    "poly2d": [
                        [
                            807.296866,
                            479.137552,
                            "L"
                        ],
                        [
                            973.248153,
                            625.124775,
                            "L"
                        ]
                    ]
                },
                {
                    "category": "lane/single white",
                    "id": 28,
                    "attributes": {
                        "direction": "parallel",
                        "style": "solid"
                    },
                    "poly2d": [
                        [
                            1015.671791,
                            628.868038,
                            "L"
                        ],
                        [
                            808.54462,
                            460.421242,
                            "L"
                        ]
                    ]
                },
                {
                    "category": "lane/single white",
                    "id": 29,
                    "attributes": {
                        "direction": "parallel",
                        "style": "solid"
                    },
                    "poly2d": [
                        [
                            2.495508,
                            522.808944,
                            "C"
                        ],
                        [
                            163.45578,
                            467.907766,
                            "C"
                        ],
                        [
                            301.956478,
                            425.484129,
                            "C"
                        ],
                        [
                            454.182472,
                            376.821721,
                            "L"
                        ]
                    ]
                },
                {
                    "category": "lane/single white",
                    "id": 30,
                    "attributes": {
                        "direction": "parallel",
                        "style": "solid"
                    },
                    "poly2d": [
                        [
                            0,
                            514.074666,
                            "L"
                        ],
                        [
                            455.430226,
                            371.830705,
                            "L"
                        ]
                    ]
                },
                {
                    "category": "lane/double yellow",
                    "id": 31,
                    "attributes": {
                        "direction": "parallel",
                        "style": "solid"
                    },
                    "poly2d": [
                        [
                            279.496906,
                            628.868038,
                            "L"
                        ],
                        [
                            445.448193,
                            482.880815,
                            "L"
                        ]
                    ]
                },
                {
                    "category": "lane/double yellow",
                    "id": 32,
                    "attributes": {
                        "direction": "parallel",
                        "style": "solid"
                    },
                    "poly2d": [
                        [
                            361.848672,
                            622.629267,
                            "L"
                        ],
                        [
                            447.943701,
                            524.056698,
                            "L"
                        ]
                    ]
                },
                {
                    "category": "lane/road curb",
                    "id": 33,
                    "attributes": {
                        "direction": "parallel",
                        "style": "solid"
                    },
                    "poly2d": [
                        [
                            994.459972,
                            427.979637,
                            "L"
                        ],
                        [
                            1280.195648,
                            520.313436,
                            "L"
                        ]
                    ]
                },
                {
                    "category": "lane/road curb",
                    "id": 34,
                    "attributes": {
                        "direction": "parallel",
                        "style": "solid"
                    },
                    "poly2d": [
                        [
                            799.810341,
                            369.335197,
                            "L"
                        ],
                        [
                            889.648632,
                            398.03354,
                            "L"
                        ]
                    ]
                },
                {
                    "category": "lane/road curb",
                    "id": 35,
                    "attributes": {
                        "direction": "parallel",
                        "style": "solid"
                    },
                    "poly2d": [
                        [
                            0,
                            444.200439,
                            "L"
                        ],
                        [
                            457.925734,
                            358.10541,
                            "L"
                        ]
                    ]
                }
            ]
        }
    ],
    "attributes": {
        "weather": "clear",
        "scene": "city street",
        "timeofday": "daytime"
    }
}