{
    "name": "1a970cea-549d5821",
    "frames": [
        {
            "timestamp": 10000,
            "objects": [
                {
                    "category": "person",
                    "id": 0,
                    "attributes": {
                        "occluded": true,
                        "truncated": false,
                        "trafficLightColor": "none"
                    },
                    "box2d": {
                        "x1": 85.314105,
                        "y1": 275.122039,
                        "x2": 102.885176,
                        "y2": 304.673386
                    }
                },
                {
                    "category": "person",
                    "id": 1,
                    "attributes": {
                        "occluded": true,
                        "truncated": false,
                        "trafficLightColor": "none"
                    },
                    "box2d": {
                        "x1": 746.915737,
                        "y1": 275.122039,
                        "x2": 765.285493,
                        "y2": 335.822102
                    }
                },
                {
                    "category": "person",
                    "id": 2,
                    "attributes": {
                        "occluded": true,
                        "truncated": false,
                        "trafficLightColor": "none"
                    },
                    "box2d": {
                        "x1": 973.74229,
                        "y1": 250.362804,
                        "x2": 1016.072597,
                        "y2": 353.393174
                    }
                },
                {
                    "category": "person",
                    "id": 3,
                    "attributes": {
                        "occluded": false,
                        "truncated": false,
                        "trafficLightColor": "none"
                    },
                    "box2d": {
                        "x1": 461.20432,
                        "y1": 259.148338,
                        "x2": 570.624171,
                        "y2": 505.942017
                    }
                },
                {
                    "category": "truck",
                    "id": 4,
                    "attributes": {
                        "occluded": true,
                        "truncated": false,
                        "trafficLightColor": "none"
                    },
                    "box2d": {
                        "x1": 299.506891,
                        "y1": 210.054166,
                        "x2": 536.71635,
                        "y2": 303.500316
                    }
                },
                {
                    "category": "person",
                    "id": 5,
                    "attributes": {
                        "occluded": true,
                        "truncated": false,
                        "trafficLightColor": "none"
                    },
                    "box2d": {
                        "x1": 327.301122,
                        "y1": 268.358175,
                        "x2": 344.073509,
                        "y2": 297.110837
                    }
                },
                {
                    "category": "bus",
                    "id": 6,
                    "attributes": {
                        "occluded": true,
                        "truncated": false,
                        "trafficLightColor": "none"
                    },
                    "box2d": {
                        "x1": 36.579766,
                        "y1": 244.397624,
                        "x2": 130.025916,
                        "y2": 308.292427
                    }
                },
                {
                    "category": "car",
                    "id": 7,
                    "attributes": {
                        "occluded": true,
                        "truncated": true,
                        "trafficLightColor": "none"
                    },
                    "box2d": {
                        "x1": 0.638938,
                        "y1": 287.526615,
                        "x2": 34.18371,
                        "y2": 314.681908
                    }
                },
                {
                    "category": "traffic sign",
                    "id": 8,
                    "attributes": {
                        "occluded": false,
                        "truncated": true,
                        "trafficLightColor": "none"
                    },
                    "box2d": {
                        "x1": 1185.048936,
                        "y1": 0.399344,
                        "x2": 1263.320071,
                        "y2": 17.970414
                    }
                },
                {
                    "category": "traffic sign",
                    "id": 9,
                    "attributes": {
                        "occluded": false,
                        "truncated": false,
                        "trafficLightColor": "none"
                    },
                    "box2d": {
                        "x1": 1128.342297,
                        "y1": 111.416565,
                        "x2": 1155.497589,
                        "y2": 136.1758
                    }
                },
                {
                    "category": "traffic sign",
                    "id": 10,
                    "attributes": {
                        "occluded": false,
                        "truncated": false,
                        "trafficLightColor": "none"
                    },
                    "box2d": {
                        "x1": 1066.044864,
                        "y1": 164.928463,
                        "x2": 1082.817251,
                        "y2": 181.700849
                    }
                },
                {
                    "category": "traffic light",
                    "id": 11,
                    "attributes": {
                        "occluded": false,
                        "truncated": false,
                        "trafficLightColor": "green"
                    },
                    "box2d": {
                        "x1": 1134.731777,
                        "y1": 152.149501,
                        "x2": 1193.035786,
                        "y2": 189.687698
                    }
                },
                {
                    "category": "car",
                    "id": 12,
                    "attributes": {
                        "occluded": false,
                        "truncated": true,
                        "trafficLightColor": "none"
                    },
                    "box2d": {
                        "x1": 1240.857054,
                        "y1": 390.328799,
                        "x2": 1279.193936,
                        "y2": 499.178177
                    }
                },
                {
                    "category": "area/alternative",
                    "id": 13,
                    "attributes": {},
                    "poly2d": [
                        [
                            1.247754,
                            461.918543,
                            "L"
                        ],
                        [
                            660.061889,
                            562.98662,
                            "L"
                        ],
                        [
                            560.241565,
                            559.243358,
                            "C"
                        ],
                        [
                            451.686963,
                            570.473145,
                            "C"
                        ],
                        [
                            321.920543,
                            581.702931,
                            "C"
                        ],
                        [
                            224.595728,
                            567.977637,
                            "C"
                        ],
                        [
                            103.563586,
                            582.950685,
                            "C"
                        ],
                        [
                            0,
                            596.675979,
                            "C"
                        ],
                        [
                            1.247754,
                            461.918543,
                            "L"
                        ]
                    ]
                },
                {
                    "category": "area/drivable",
                    "id": 14,
                    "attributes": {},
                    "poly2d": [
                        [
                            596.426432,
                            440.706724,
                            "L"
                        ],
                        [
                            1251.497305,
                            498.10341,
                            "L"
                        ],
                        [
                            1280.195648,
                            506.837688,
                            "L"
                        ],
                        [
                            1280.195648,
                            595.428225,
                            "L"
                        ],
                        [
                            1220.303454,
                            584.198439,
                            "C"
                        ],
                        [
                            1126.721901,
                            574.216407,
                            "C"
                        ],
                        [
                            1039.379118,
                            576.711915,
                            "C"
                        ],
                        [
                            985.725694,
                            585.446193,
                            "C"
                        ],
                        [
                            838.490717,
                            570.473145,
                            "C"
                        ],
                        [
                            722.449591,
                            564.234374,
                            "C"
                        ],
                        [
                            550.259533,
                            536.783785,
                            "L"
                        ],
                        [
                            596.426432,
                            440.706724,
                            "L"
                        ]
                    ]
                },
                {
                    "category": "area/alternative",
                    "id": 15,
                    "attributes": {},
                    "poly2d": [
                        [
                            581.453384,
                            399.530841,
                            "L"
                        ],
                        [
                            1237.77201,
                            434.467954,
                            "L"
                        ],
                        [
                            1242.763027,
                            491.86464,
                            "L"
                        ],
                        [
                            558.993811,
                            430.724692,
                            "L"
                        ],
                        [
                            581.453384,
                            399.530841,
                            "L"
                        ]
                    ]
                },
                {
                    "category": "area/alternative",
                    "id": 16,
                    "attributes": {},
                    "poly2d": [
                        [
                            590.187662,
                            367.089236,
                            "L"
                        ],
                        [
                            1258.983829,
                            397.035333,
                            "L"
                        ],
                        [
                            1244.010781,
                            428.229184,
                            "L"
                        ],
                        [
                            571.471352,
                            390.796562,
                            "L"
                        ],
                        [
                            590.187662,
                            367.089236,
                            "L"
                        ]
                    ]
                },
                {
                    "category": "lane/crosswalk",
                    "id": 17,
                    "attributes": {
                        "direction": "vertical",
                        "style": "dashed"
                    },
                    "poly2d": [
                        [
                            1213.095743,
                            390.028177,
                            "L"
                        ],
                        [
                            1054.93471,
                            577.364546,
                            "L"
                        ]
                    ]
                },
                {
                    "category": "lane/crosswalk",
                    "id": 18,
                    "attributes": {
                        "direction": "vertical",
                        "style": "dashed"
                    },
                    "poly2d": [
                        [
                            829.293314,
                            378.22162,
                            "L"
                        ],
                        [
                            0,
                            580.435634,
                            "L"
                        ]
                    ]
                },
                {
                    "category": "lane/single white",
                    "id": 19,
                    "attributes": {
                        "direction": "parallel",
                        "style": "solid"
                    },
                    "poly2d": [
                        [
                            727.863837,
                            402.312529,
                            "L"
                        ],
                        [
                            6.158155,
                            362.388385,
                            "L"
                        ]
                    ]
                },
                {
                    "category": "lane/single white",
                    "id": 20,
                    "attributes": {
                        "direction": "parallel",
                        "style": "solid"
                    },
                    "poly2d": [
                        [
                            0.015979,
                            460.663201,
                            "L"
                        ],
                        [
                            304.053692,
                            503.658434,
                            "L"
                        ]
                    ]
                },
                {
                    "category": "lane/single white",
                    "id": 21,
                    "attributes": {
                        "direction": "parallel",
                        "style": "solid"
                    },
                    "poly2d": [
                        [
                            0,
                            451.449937,
                            "L"
                        ],
                        [
                            320.944676,
                            497.516258,
                            "L"
                        ]
                    ]
                },
                {
                    "category": "lane/single white",
                    "id": 22,
                    "attributes": {
                        "direction": "parallel",
                        "style": "dashed"
                    },
                    "poly2d": [
                        [
                            1183.920407,
                            431.487865,
                            "L"
                        ],
                        [
                            1248.413255,
                            434.558953,
                            "L"
                        ]
                    ]
                },
                {
                    "category": "lane/single white",
                    "id": 23,
                    "attributes": {
                        "direction": "parallel",
                        "style": "dashed"
                    },
                    "poly2d": [
                        [
                            1139.38963,
                            485.231906,
                            "L"
                        ],
                        [
                            1280.6437,
                            497.516258,
                            "L"
                        ]
                    ]
                },
                {
                    "category": "lane/single white",
                    "id": 24,
                    "attributes": {
                        "direction": "parallel",
                        "style": "dashed"
                    },
                    "poly2d": [
                        [
                            1222.309007,
                            396.170353,
                            "L"
                        ],
                        [
                            1272.981959,
                            397.705897,
                            "L"
                        ]
                    ]
                },
                {
                    "category": "lane/single white",
                    "id": 25,
                    "attributes": {
                        "direction": "parallel",
                        "style": "dashed"
                    },
                    "poly2d": [
                        [
                            589.78622,
                            439.09634,
                            "L"
                        ],
                        [
                            32.932225,
                            392.192867,
                            "L"
                        ]
                    ]
                },
                {
                    "category": "lane/road curb",
                    "id": 26,
                    "attributes": {
                        "direction": "parallel",
                        "style": "solid"
                    },
                    "poly2d": [
                        [
                            39.917849,
                            343.293502,
                            "L"
                        ],
                        [
                            886.176249,
                            377.223674,
                            "L"
                        ]
                    ]
                },
                {
                    "category": "lane/road curb",
                    "id": 27,
                    "attributes": {
                        "direction": "parallel",
                        "style": "solid"
                    },
                    "poly2d": [
                        [
                            1038.862022,
                            383.211351,
                            "L"
                        ],
                        [
                            1250.426622,
                            378.22162,
                            "L"
                        ]
                    ]
                },
                {
                    "category": "lane/single white",
                    "id": 28,
                    "attributes": {
                        "direction": "parallel",
                        "style": "dashed"
                    },
                    "poly2d": [
                        [
                            1143.646376,
                            481.010081,
                            "L"
                        ],
                        [
                            1280.365009,
                            491.98749,
                            "L"
                        ]
                    ]
                },
                {
                    "category": "lane/single white",
                    "id": 29,
                    "attributes": {
                        "direction": "parallel",
                        "style": "dashed"
                    },
                    "poly2d": [
                        [
                            1183.564225,
                            427.120985,
                            "L"
                        ],
                        [
                            1251.424568,
                            429.116877,
                            "L"
                        ]
                    ]
                },
                {
                    "category": "lane/single white",
                    "id": 30,
                    "attributes": {
                        "direction": "parallel",
                        "style": "dashed"
                    },
                    "poly2d": [
                        [
                            38.919903,
                            386.20519,
                            "L"
                        ],
                        [
                            597.76979,
                            432.110716,
                            "L"
                        ]
                    ]
                }
            ]
        }
    ],
    "attributes": {
        "weather": "undefined",
        "scene": "city street",
        "timeofday": "daytime"
    }
}