{
    "name": "1a9a489c-ab49ffee",
    "frames": [
        {
            "timestamp": 10000,
            "objects": [
                {
                    "category": "car",
                    "id": 0,
                    "attributes": {
                        "occluded": true,
                        "truncated": false,
                        "trafficLightColor": "none"
                    },
                    "box2d": {
                        "x1": 467.669205,
                        "y1": 251.774822,
                        "x2": 498.044184,
                        "y2": 280.462301
                    }
                },
                {
                    "category": "car",
                    "id": 1,
                    "attributes": {
                        "occluded": true,
                        "truncated": false,
                        "trafficLightColor": "none"
                    },
                    "box2d": {
                        "x1": 417.04424,
                        "y1": 245.024827,
                        "x2": 469.356706,
                        "y2": 293.962294
                    }
                },
                {
                    "category": "car",
                    "id": 2,
                    "attributes": {
                        "occluded": true,
                        "truncated": false,
                        "trafficLightColor": "none"
                    },
                    "box2d": {
                        "x1": 379.919265,
                        "y1": 241.649829,
                        "x2": 444.04422,
                        "y2": 324.337272
                    }
                },
                {
                    "category": "car",
                    "id": 3,
                    "attributes": {
                        "occluded": true,
                        "truncated": false,
                        "trafficLightColor": "none"
                    },
                    "box2d": {
                        "x1": 261.794345,
                        "y1": 226.462339,
                        "x2": 415.356741,
                        "y2": 351.337253
                    }
                },
                {
                    "category": "car",
                    "id": 4,
                    "attributes": {
                        "occluded": true,
                        "truncated": false,
                        "trafficLightColor": "none"
                    },
                    "box2d": {
                        "x1": 530.106663,
                        "y1": 263.587315,
                        "x2": 550.356648,
                        "y2": 280.462302
                    }
                },
                {
                    "category": "car",
                    "id": 5,
                    "attributes": {
                        "occluded": true,
                        "truncated": false,
                        "trafficLightColor": "none"
                    },
                    "box2d": {
                        "x1": 543.606652,
                        "y1": 260.212316,
                        "x2": 565.544137,
                        "y2": 282.149801
                    }
                },
                {
                    "category": "car",
                    "id": 6,
                    "attributes": {
                        "occluded": true,
                        "truncated": false,
                        "trafficLightColor": "none"
                    },
                    "box2d": {
                        "x1": 562.16914,
                        "y1": 260.212316,
                        "x2": 584.106625,
                        "y2": 280.462301
                    }
                },
                {
                    "category": "car",
                    "id": 7,
                    "attributes": {
                        "occluded": true,
                        "truncated": false,
                        "trafficLightColor": "none"
                    },
                    "box2d": {
                        "x1": 577.356629,
                        "y1": 256.837318,
                        "x2": 600.981613,
                        "y2": 287.212298
                    }
                },
                {
                    "category": "car",
                    "id": 8,
                    "attributes": {
                        "occluded": true,
                        "truncated": false,
                        "trafficLightColor": "none"
                    },
                    "box2d": {
                        "x1": 587.481621,
                        "y1": 258.524817,
                        "x2": 616.169102,
                        "y2": 287.212296
                    }
                },
                {
                    "category": "car",
                    "id": 9,
                    "attributes": {
                        "occluded": true,
                        "truncated": false,
                        "trafficLightColor": "none"
                    },
                    "box2d": {
                        "x1": 604.356611,
                        "y1": 234.899833,
                        "x2": 671.856564,
                        "y2": 295.649792
                    }
                },
                {
                    "category": "car",
                    "id": 10,
                    "attributes": {
                        "occluded": true,
                        "truncated": false,
                        "trafficLightColor": "none"
                    },
                    "box2d": {
                        "x1": 631.356591,
                        "y1": 251.774822,
                        "x2": 688.731553,
                        "y2": 305.774784
                    }
                },
                {
                    "category": "car",
                    "id": 11,
                    "attributes": {
                        "occluded": true,
                        "truncated": false,
                        "trafficLightColor": "none"
                    },
                    "box2d": {
                        "x1": 663.41907,
                        "y1": 255.149821,
                        "x2": 737.669019,
                        "y2": 317.587279
                    }
                },
                {
                    "category": "car",
                    "id": 12,
                    "attributes": {
                        "occluded": true,
                        "truncated": false,
                        "trafficLightColor": "none"
                    },
                    "box2d": {
                        "x1": 688.731553,
                        "y1": 260.212316,
                        "x2": 752.856508,
                        "y2": 329.399767
                    }
                },
                {
                    "category": "car",
                    "id": 13,
                    "attributes": {
                        "occluded": false,
                        "truncated": false,
                        "trafficLightColor": "none"
                    },
                    "box2d": {
                        "x1": 719.106532,
                        "y1": 248.399824,
                        "x2": 886.168917,
                        "y2": 356.399751
                    }
                },
                {
                    "category": "car",
                    "id": 14,
                    "attributes": {
                        "occluded": false,
                        "truncated": true,
                        "trafficLightColor": "none"
                    },
                    "box2d": {
                        "x1": 0,
                        "y1": 183.070718,
                        "x2": 316.447125,
                        "y2": 442.46219
                    }
                },
                {
                    "category": "car",
                    "id": 15,
                    "attributes": {
                        "occluded": false,
                        "truncated": true,
                        "trafficLightColor": "none"
                    },
                    "box2d": {
                        "x1": 988.478888,
                        "y1": 265.274813,
                        "x2": 1279.356146,
                        "y2": 536.962127
                    }
                },
                {
                    "category": "traffic sign",
                    "id": 16,
                    "attributes": {
                        "occluded": false,
                        "truncated": false,
                        "trafficLightColor": "none"
                    },
                    "box2d": {
                        "x1": 280.356833,
                        "y1": 150.524892,
                        "x2": 305.669317,
                        "y2": 212.962351
                    }
                },
                {
                    "category": "area/drivable",
                    "id": 17,
                    "attributes": {},
                    "poly2d": [
                        [
                            413.080158,
                            518.036532,
                            "L"
                        ],
                        [
                            655.739377,
                            512.583516,
                            "C"
                        ],
                        [
                            876.586529,
                            530.305819,
                            "C"
                        ],
                        [
                            1112.429476,
                            572.566694,
                            "C"
                        ],
                        [
                            560.489541,
                            288.682273,
                            "L"
                        ],
                        [
                            512.597701,
                            287.646601,
                            "L"
                        ],
                        [
                            413.080158,
                            518.036532,
                            "L"
                        ]
                    ]
                },
                {
                    "category": "area/alternative",
                    "id": 18,
                    "attributes": {},
                    "poly2d": [
                        [
                            753.893667,
                            376.258113,
                            "L"
                        ],
                        [
                            919.806838,
                            360.852841,
                            "L"
                        ],
                        [
                            978.15751,
                            377.743825,
                            "L"
                        ],
                        [
                            976.621966,
                            482.160818,
                            "L"
                        ],
                        [
                            753.893667,
                            376.258113,
                            "L"
                        ]
                    ]
                },
                {
                    "category": "lane/road curb",
                    "id": 19,
                    "attributes": {
                        "direction": "parallel",
                        "style": "solid"
                    },
                    "poly2d": [
                        [
                            976.921379,
                            378.971807,
                            "L"
                        ],
                        [
                            882.856569,
                            354.475836,
                            "L"
                        ]
                    ]
                },
                {
                    "category": "lane/single white",
                    "id": 20,
                    "attributes": {
                        "direction": "parallel",
                        "style": "dashed"
                    },
                    "poly2d": [
                        [
                            500.718281,
                            280.008085,
                            "C"
                        ],
                        [
                            511.49654,
                            295.685506,
                            "C"
                        ],
                        [
                            426.229894,
                            436.028282,
                            "C"
                        ],
                        [
                            389.016319,
                            514.189566,
                            "L"
                        ]
                    ]
                },
                {
                    "category": "lane/single white",
                    "id": 21,
                    "attributes": {
                        "direction": "parallel",
                        "style": "dashed"
                    },
                    "poly2d": [
                        [
                            505.61749,
                            279.028246,
                            "C"
                        ],
                        [
                            527.174008,
                            282.947601,
                            "C"
                        ],
                        [
                            440.927476,
                            435.048443,
                            "C"
                        ],
                        [
                            407.633313,
                            513.209728,
                            "L"
                        ]
                    ]
                },
                {
                    "category": "lane/single white",
                    "id": 22,
                    "attributes": {
                        "direction": "parallel",
                        "style": "dashed"
                    },
                    "poly2d": [
                        [
                            546.770843,
                            282.947601,
                            "L"
                        ],
                        [
                            1108.220176,
                            550.443603,
                            "L"
                        ]
                    ]
                },
                {
                    "category": "lane/single white",
                    "id": 23,
                    "attributes": {
                        "direction": "parallel",
                        "style": "dashed"
                    },
                    "poly2d": [
                        [
                            556.569261,
                            282.947601,
                            "L"
                        ],
                        [
                            1167.010682,
                            564.161347,
                            "L"
                        ]
                    ]
                }
            ]
        }
    ],
    "attributes": {
        "weather": "clear",
        "scene": "city street",
        "timeofday": "dawn/dusk"
    }
}