{
    "name": "1aa6dd36-7ca1967a",
    "frames": [
        {
            "timestamp": 10000,
            "objects": [
                {
                    "category": "traffic sign",
                    "id": 0,
                    "attributes": {
                        "occluded": false,
                        "truncated": false,
                        "trafficLightColor": "none"
                    },
                    "box2d": {
                        "x1": 955.356369,
                        "y1": 378.337235,
                        "x2": 985.731347,
                        "y2": 408.712214
                    }
                },
                {
                    "category": "traffic sign",
                    "id": 1,
                    "attributes": {
                        "occluded": false,
                        "truncated": false,
                        "trafficLightColor": "none"
                    },
                    "box2d": {
                        "x1": 953.668871,
                        "y1": 353.024752,
                        "x2": 989.106346,
                        "y2": 374.962237
                    }
                },
                {
                    "category": "traffic sign",
                    "id": 2,
                    "attributes": {
                        "occluded": false,
                        "truncated": false,
                        "trafficLightColor": "none"
                    },
                    "box2d": {
                        "x1": 955.356369,
                        "y1": 307.462284,
                        "x2": 985.731347,
                        "y2": 349.649755
                    }
                },
                {
                    "category": "traffic sign",
                    "id": 3,
                    "attributes": {
                        "occluded": false,
                        "truncated": false,
                        "trafficLightColor": "none"
                    },
                    "box2d": {
                        "x1": 803.481475,
                        "y1": 229.837337,
                        "x2": 857.481437,
                        "y2": 251.774822
                    }
                },
                {
                    "category": "traffic sign",
                    "id": 4,
                    "attributes": {
                        "occluded": false,
                        "truncated": false,
                        "trafficLightColor": "none"
                    },
                    "box2d": {
                        "x1": 737.66902,
                        "y1": 250.087323,
                        "x2": 867.606431,
                        "y2": 292.274794
                    }
                },
                {
                    "category": "car",
                    "id": 5,
                    "attributes": {
                        "occluded": true,
                        "truncated": false,
                        "trafficLightColor": "none"
                    },
                    "box2d": {
                        "x1": 287.106829,
                        "y1": 418.837207,
                        "x2": 354.606782,
                        "y2": 444.149689
                    }
                },
                {
                    "category": "car",
                    "id": 6,
                    "attributes": {
                        "occluded": true,
                        "truncated": false,
                        "trafficLightColor": "none"
                    },
                    "box2d": {
                        "x1": 233.106866,
                        "y1": 428.962201,
                        "x2": 293.856824,
                        "y2": 449.212187
                    }
                },
                {
                    "category": "car",
                    "id": 7,
                    "attributes": {
                        "occluded": true,
                        "truncated": false,
                        "trafficLightColor": "none"
                    },
                    "box2d": {
                        "x1": 123.419441,
                        "y1": 422.212206,
                        "x2": 233.106866,
                        "y2": 452.587184
                    }
                },
                {
                    "category": "car",
                    "id": 8,
                    "attributes": {
                        "occluded": true,
                        "truncated": false,
                        "trafficLightColor": "none"
                    },
                    "box2d": {
                        "x1": 469.356704,
                        "y1": 413.774711,
                        "x2": 518.29417,
                        "y2": 471.149672
                    }
                },
                {
                    "category": "car",
                    "id": 9,
                    "attributes": {
                        "occluded": true,
                        "truncated": false,
                        "trafficLightColor": "none"
                    },
                    "box2d": {
                        "x1": 511.312148,
                        "y1": 424.405958,
                        "x2": 543.374626,
                        "y2": 432.843452
                    }
                },
                {
                    "category": "car",
                    "id": 10,
                    "attributes": {
                        "occluded": true,
                        "truncated": false,
                        "trafficLightColor": "none"
                    },
                    "box2d": {
                        "x1": 583.874599,
                        "y1": 422.718459,
                        "x2": 597.374589,
                        "y2": 432.843452
                    }
                },
                {
                    "category": "car",
                    "id": 11,
                    "attributes": {
                        "occluded": true,
                        "truncated": false,
                        "trafficLightColor": "none"
                    },
                    "box2d": {
                        "x1": 590.624594,
                        "y1": 424.405958,
                        "x2": 612.56208,
                        "y2": 441.280947
                    }
                },
                {
                    "category": "car",
                    "id": 12,
                    "attributes": {
                        "occluded": true,
                        "truncated": false,
                        "trafficLightColor": "none"
                    },
                    "box2d": {
                        "x1": 602.437086,
                        "y1": 417.655963,
                        "x2": 614.249578,
                        "y2": 431.155954
                    }
                },
                {
                    "category": "car",
                    "id": 13,
                    "attributes": {
                        "occluded": true,
                        "truncated": false,
                        "trafficLightColor": "none"
                    },
                    "box2d": {
                        "x1": 614.249578,
                        "y1": 421.030961,
                        "x2": 627.749568,
                        "y2": 431.155953
                    }
                },
                {
                    "category": "car",
                    "id": 14,
                    "attributes": {
                        "occluded": true,
                        "truncated": false,
                        "trafficLightColor": "none"
                    },
                    "box2d": {
                        "x1": 631.124566,
                        "y1": 421.030961,
                        "x2": 649.687053,
                        "y2": 439.593448
                    }
                },
                {
                    "category": "car",
                    "id": 15,
                    "attributes": {
                        "occluded": true,
                        "truncated": false,
                        "trafficLightColor": "none"
                    },
                    "box2d": {
                        "x1": 680.062032,
                        "y1": 421.030961,
                        "x2": 717.187007,
                        "y2": 429.468454
                    }
                },
                {
                    "category": "traffic sign",
                    "id": 16,
                    "attributes": {
                        "occluded": false,
                        "truncated": false,
                        "trafficLightColor": "none"
                    },
                    "box2d": {
                        "x1": 676.687035,
                        "y1": 405.843471,
                        "x2": 691.874523,
                        "y2": 421.030961
                    }
                },
                {
                    "category": "traffic sign",
                    "id": 17,
                    "attributes": {
                        "occluded": false,
                        "truncated": false,
                        "trafficLightColor": "none"
                    },
                    "box2d": {
                        "x1": 519.749643,
                        "y1": 399.093475,
                        "x2": 551.812121,
                        "y2": 409.218468
                    }
                },
                {
                    "category": "traffic sign",
                    "id": 18,
                    "attributes": {
                        "occluded": true,
                        "truncated": false,
                        "trafficLightColor": "none"
                    },
                    "box2d": {
                        "x1": 492.749661,
                        "y1": 399.093475,
                        "x2": 518.062143,
                        "y2": 409.218468
                    }
                },
                {
                    "category": "car",
                    "id": 19,
                    "attributes": {
                        "occluded": false,
                        "truncated": false,
                        "trafficLightColor": "none"
                    },
                    "box2d": {
                        "x1": 653.294077,
                        "y1": 418.837207,
                        "x2": 671.856564,
                        "y2": 437.399694
                    }
                },
                {
                    "category": "car",
                    "id": 20,
                    "attributes": {
                        "occluded": false,
                        "truncated": false,
                        "trafficLightColor": "none"
                    },
                    "box2d": {
                        "x1": 727.544026,
                        "y1": 422.212206,
                        "x2": 756.231506,
                        "y2": 444.149688
                    }
                },
                {
                    "category": "car",
                    "id": 21,
                    "attributes": {
                        "occluded": false,
                        "truncated": false,
                        "trafficLightColor": "none"
                    },
                    "box2d": {
                        "x1": 670.169064,
                        "y1": 428.962201,
                        "x2": 730.919023,
                        "y2": 479.587166
                    }
                },
                {
                    "category": "car",
                    "id": 22,
                    "attributes": {
                        "occluded": false,
                        "truncated": false,
                        "trafficLightColor": "none"
                    },
                    "box2d": {
                        "x1": 606.044111,
                        "y1": 428.962201,
                        "x2": 644.856583,
                        "y2": 455.962182
                    }
                },
                {
                    "category": "car",
                    "id": 23,
                    "attributes": {
                        "occluded": false,
                        "truncated": false,
                        "trafficLightColor": "none"
                    },
                    "box2d": {
                        "x1": 565.544137,
                        "y1": 418.837207,
                        "x2": 580.731627,
                        "y2": 432.337198
                    }
                },
                {
                    "category": "car",
                    "id": 24,
                    "attributes": {
                        "occluded": true,
                        "truncated": false,
                        "trafficLightColor": "none"
                    },
                    "box2d": {
                        "x1": 903.043905,
                        "y1": 422.212206,
                        "x2": 933.418884,
                        "y2": 434.024696
                    }
                },
                {
                    "category": "car",
                    "id": 25,
                    "attributes": {
                        "occluded": true,
                        "truncated": false,
                        "trafficLightColor": "none"
                    },
                    "box2d": {
                        "x1": 859.168936,
                        "y1": 422.212206,
                        "x2": 894.606411,
                        "y2": 437.399694
                    }
                },
                {
                    "category": "car",
                    "id": 26,
                    "attributes": {
                        "occluded": false,
                        "truncated": false,
                        "trafficLightColor": "none"
                    },
                    "box2d": {
                        "x1": 324.231803,
                        "y1": 408.712214,
                        "x2": 508.169177,
                        "y2": 523.462136
                    }
                },
                {
                    "category": "traffic sign",
                    "id": 27,
                    "attributes": {
                        "occluded": false,
                        "truncated": false,
                        "trafficLightColor": "none"
                    },
                    "box2d": {
                        "x1": 662.557397,
                        "y1": 400.529048,
                        "x2": 672.539429,
                        "y2": 411.758834
                    }
                },
                {
                    "category": "traffic sign",
                    "id": 28,
                    "attributes": {
                        "occluded": false,
                        "truncated": false,
                        "trafficLightColor": "none"
                    },
                    "box2d": {
                        "x1": 747.404672,
                        "y1": 396.785786,
                        "x2": 757.386704,
                        "y2": 413.006588
                    }
                },
                {
                    "category": "area/drivable",
                    "id": 29,
                    "attributes": {},
                    "poly2d": [
                        [
                            656.09977,
                            475.199834,
                            "L"
                        ],
                        [
                            764.099733,
                            480.599832,
                            "L"
                        ],
                        [
                            812.699716,
                            550.799807,
                            "C"
                        ],
                        [
                            855.899701,
                            629.09978,
                            "C"
                        ],
                        [
                            904.499683,
                            704.699753,
                            "C"
                        ],
                        [
                            805.949718,
                            719.549748,
                            "L"
                        ],
                        [
                            210.599926,
                            719.549748,
                            "L"
                        ],
                        [
                            656.09977,
                            475.199834,
                            "L"
                        ]
                    ]
                },
                {
                    "category": "area/alternative",
                    "id": 30,
                    "attributes": {},
                    "poly2d": [
                        [
                            0,
                            603.449789,
                            "L"
                        ],
                        [
                            319.949888,
                            529.199815,
                            "L"
                        ],
                        [
                            508.949822,
                            545.399809,
                            "L"
                        ],
                        [
                            198.449931,
                            719.549748,
                            "L"
                        ],
                        [
                            0,
                            719.549748,
                            "L"
                        ],
                        [
                            0,
                            603.449789,
                            "L"
                        ]
                    ]
                },
                {
                    "category": "area/alternative",
                    "id": 31,
                    "attributes": {},
                    "poly2d": [
                        [
                            1.35,
                            535.949812,
                            "L"
                        ],
                        [
                            317.249889,
                            492.749828,
                            "L"
                        ],
                        [
                            330.749884,
                            522.449817,
                            "L"
                        ],
                        [
                            0,
                            596.69979,
                            "L"
                        ],
                        [
                            1.35,
                            535.949812,
                            "L"
                        ]
                    ]
                },
                {
                    "category": "area/alternative",
                    "id": 32,
                    "attributes": {},
                    "poly2d": [
                        [
                            739.79974,
                            446.849844,
                            "L"
                        ],
                        [
                            770.84973,
                            444.149845,
                            "L"
                        ],
                        [
                            870.749696,
                            465.749837,
                            "C"
                        ],
                        [
                            893.699687,
                            480.599832,
                            "C"
                        ],
                        [
                            1227.14957,
                            719.549748,
                            "C"
                        ],
                        [
                            936.899672,
                            718.199749,
                            "L"
                        ],
                        [
                            888.299689,
                            615.599785,
                            "C"
                        ],
                        [
                            809.999717,
                            511.649822,
                            "C"
                        ],
                        [
                            739.79974,
                            446.849844,
                            "C"
                        ]
                    ]
                },
                {
                    "category": "area/alternative",
                    "id": 33,
                    "attributes": {},
                    "poly2d": [
                        [
                            792.449723,
                            438.749847,
                            "L"
                        ],
                        [
                            1279.799552,
                            535.949812,
                            "L"
                        ],
                        [
                            1279.799552,
                            719.549748,
                            "L"
                        ],
                        [
                            1260.89956,
                            719.549748,
                            "L"
                        ],
                        [
                            1111.049611,
                            604.799788,
                            "C"
                        ],
                        [
                            940.949671,
                            500.849825,
                            "C"
                        ],
                        [
                            792.449723,
                            438.749847,
                            "C"
                        ]
                    ]
                },
                {
                    "category": "lane/single white",
                    "id": 34,
                    "attributes": {
                        "direction": "parallel",
                        "style": "dashed"
                    },
                    "poly2d": [
                        [
                            4.99486,
                            603.379124,
                            "L"
                        ],
                        [
                            330.659751,
                            526.458274,
                            "L"
                        ]
                    ]
                },
                {
                    "category": "lane/single white",
                    "id": 35,
                    "attributes": {
                        "direction": "parallel",
                        "style": "dashed"
                    },
                    "poly2d": [
                        [
                            3.995888,
                            597.385291,
                            "L"
                        ],
                        [
                            330.659751,
                            521.463414,
                            "L"
                        ]
                    ]
                },
                {
                    "category": "lane/single white",
                    "id": 36,
                    "attributes": {
                        "direction": "parallel",
                        "style": "dashed"
                    },
                    "poly2d": [
                        [
                            668.889478,
                            452.747371,
                            "C"
                        ],
                        [
                            672.332186,
                            473.834112,
                            "C"
                        ],
                        [
                            379.84737,
                            627.963161,
                            "C"
                        ],
                        [
                            235.757405,
                            715.263993,
                            "L"
                        ]
                    ]
                },
                {
                    "category": "lane/single white",
                    "id": 37,
                    "attributes": {
                        "direction": "parallel",
                        "style": "dashed"
                    },
                    "poly2d": [
                        [
                            667.61053,
                            445.073688,
                            "C"
                        ],
                        [
                            645.868424,
                            486.000003,
                            "C"
                        ],
                        [
                            382.405265,
                            606.221056,
                            "C"
                        ],
                        [
                            207.786188,
                            712.267077,
                            "L"
                        ]
                    ]
                },
                {
                    "category": "lane/single white",
                    "id": 38,
                    "attributes": {
                        "direction": "parallel",
                        "style": "dashed"
                    },
                    "poly2d": [
                        [
                            735.394741,
                            452.747371,
                            "C"
                        ],
                        [
                            771.205267,
                            478.326318,
                            "C"
                        ],
                        [
                            861.113915,
                            633.348286,
                            "C"
                        ],
                        [
                            913.060461,
                            715.263993,
                            "L"
                        ]
                    ]
                },
                {
                    "category": "lane/single white",
                    "id": 39,
                    "attributes": {
                        "direction": "parallel",
                        "style": "dashed"
                    },
                    "poly2d": [
                        [
                            740.510529,
                            447.631581,
                            "C"
                        ],
                        [
                            773.763162,
                            462.97895,
                            "C"
                        ],
                        [
                            886.088215,
                            633.348286,
                            "C"
                        ],
                        [
                            936.036818,
                            709.270161,
                            "L"
                        ]
                    ]
                },
                {
                    "category": "lane/road curb",
                    "id": 40,
                    "attributes": {
                        "direction": "parallel",
                        "style": "solid"
                    },
                    "poly2d": [
                        [
                            10.988693,
                            501.483973,
                            "L"
                        ],
                        [
                            307.683394,
                            474.511727,
                            "L"
                        ]
                    ]
                },
                {
                    "category": "lane/single white",
                    "id": 41,
                    "attributes": {
                        "direction": "parallel",
                        "style": "solid"
                    },
                    "poly2d": [
                        [
                            4.99486,
                            539.444911,
                            "L"
                        ],
                        [
                            321.669003,
                            488.497338,
                            "L"
                        ]
                    ]
                },
                {
                    "category": "lane/single white",
                    "id": 42,
                    "attributes": {
                        "direction": "parallel",
                        "style": "solid"
                    },
                    "poly2d": [
                        [
                            768.647371,
                            445.073688,
                            "C"
                        ],
                        [
                            860.731583,
                            468.094739,
                            "C"
                        ],
                        [
                            794.22632,
                            419.494739,
                            "C"
                        ],
                        [
                            1223.74077,
                            718.26091,
                            "L"
                        ]
                    ]
                },
                {
                    "category": "lane/single white",
                    "id": 43,
                    "attributes": {
                        "direction": "parallel",
                        "style": "dashed"
                    },
                    "poly2d": [
                        [
                            604.942108,
                            450.189476,
                            "L"
                        ],
                        [
                            517.973687,
                            475.768424,
                            "L"
                        ]
                    ]
                },
                {
                    "category": "lane/single white",
                    "id": 44,
                    "attributes": {
                        "direction": "parallel",
                        "style": "solid"
                    },
                    "poly2d": [
                        [
                            1260.142611,
                            718.434964,
                            "C"
                        ],
                        [
                            758.415793,
                            392.636845,
                            "C"
                        ],
                        [
                            860.731583,
                            462.97895,
                            "C"
                        ],
                        [
                            766.089478,
                            438.67895,
                            "L"
                        ]
                    ]
                }
            ]
        }
    ],
    "attributes": {
        "weather": "overcast",
        "scene": "highway",
        "timeofday": "dawn/dusk"
    }
}