{
    "name": "1aa6dd36-8feb5194",
    "frames": [
        {
            "timestamp": 10000,
            "objects": [
                {
                    "category": "traffic sign",
                    "id": 0,
                    "attributes": {
                        "occluded": false,
                        "truncated": false,
                        "trafficLightColor": "none"
                    },
                    "box2d": {
                        "x1": 652.509122,
                        "y1": 374.422453,
                        "x2": 667.48602,
                        "y2": 387.901662
                    }
                },
                {
                    "category": "car",
                    "id": 1,
                    "attributes": {
                        "occluded": true,
                        "truncated": false,
                        "trafficLightColor": "none"
                    },
                    "box2d": {
                        "x1": 740.872821,
                        "y1": 426.841596,
                        "x2": 757.34741,
                        "y2": 443.316185
                    }
                },
                {
                    "category": "car",
                    "id": 2,
                    "attributes": {
                        "occluded": true,
                        "truncated": false,
                        "trafficLightColor": "none"
                    },
                    "box2d": {
                        "x1": 724.398233,
                        "y1": 422.348526,
                        "x2": 748.36127,
                        "y2": 443.316185
                    }
                },
                {
                    "category": "car",
                    "id": 3,
                    "attributes": {
                        "occluded": true,
                        "truncated": false,
                        "trafficLightColor": "none"
                    },
                    "box2d": {
                        "x1": 685.458298,
                        "y1": 417.855458,
                        "x2": 736.37975,
                        "y2": 452.302323
                    }
                },
                {
                    "category": "car",
                    "id": 4,
                    "attributes": {
                        "occluded": true,
                        "truncated": false,
                        "trafficLightColor": "none"
                    },
                    "box2d": {
                        "x1": 682.462918,
                        "y1": 425.343907,
                        "x2": 721.402854,
                        "y2": 461.288463
                    }
                },
                {
                    "category": "car",
                    "id": 5,
                    "attributes": {
                        "occluded": true,
                        "truncated": false,
                        "trafficLightColor": "none"
                    },
                    "box2d": {
                        "x1": 662.99295,
                        "y1": 428.339287,
                        "x2": 704.928265,
                        "y2": 477.763049
                    }
                },
                {
                    "category": "car",
                    "id": 6,
                    "attributes": {
                        "occluded": true,
                        "truncated": false,
                        "trafficLightColor": "none"
                    },
                    "box2d": {
                        "x1": 793.291966,
                        "y1": 425.343907,
                        "x2": 811.264242,
                        "y2": 446.311564
                    }
                },
                {
                    "category": "car",
                    "id": 7,
                    "attributes": {
                        "occluded": false,
                        "truncated": false,
                        "trafficLightColor": "none"
                    },
                    "box2d": {
                        "x1": 570.136182,
                        "y1": 407.371629,
                        "x2": 685.458299,
                        "y2": 494.237637
                    }
                },
                {
                    "category": "car",
                    "id": 8,
                    "attributes": {
                        "occluded": false,
                        "truncated": false,
                        "trafficLightColor": "none"
                    },
                    "box2d": {
                        "x1": 766.333548,
                        "y1": 426.841596,
                        "x2": 787.301205,
                        "y2": 441.818494
                    }
                },
                {
                    "category": "car",
                    "id": 9,
                    "attributes": {
                        "occluded": false,
                        "truncated": false,
                        "trafficLightColor": "none"
                    },
                    "box2d": {
                        "x1": 802.278103,
                        "y1": 425.343907,
                        "x2": 847.208797,
                        "y2": 450.804634
                    }
                },
                {
                    "category": "car",
                    "id": 10,
                    "attributes": {
                        "occluded": false,
                        "truncated": false,
                        "trafficLightColor": "none"
                    },
                    "box2d": {
                        "x1": 246.635184,
                        "y1": 384.906282,
                        "x2": 562.647734,
                        "y2": 593.085167
                    }
                },
                {
                    "category": "truck",
                    "id": 11,
                    "attributes": {
                        "occluded": false,
                        "truncated": false,
                        "trafficLightColor": "none"
                    },
                    "box2d": {
                        "x1": 869.684568,
                        "y1": 384.308245,
                        "x2": 1008.959297,
                        "y2": 492.739949
                    }
                },
                {
                    "category": "truck",
                    "id": 12,
                    "attributes": {
                        "occluded": false,
                        "truncated": true,
                        "trafficLightColor": "none"
                    },
                    "box2d": {
                        "x1": 1041.908475,
                        "y1": 356.450176,
                        "x2": 1278.543464,
                        "y2": 632.025101
                    }
                },
                {
                    "category": "area/drivable",
                    "id": 13,
                    "attributes": {},
                    "poly2d": [
                        [
                            762.37772,
                            446.695946,
                            "L"
                        ],
                        [
                            488.256685,
                            610.87458,
                            "L"
                        ],
                        [
                            233.444361,
                            604.124585,
                            "L"
                        ],
                        [
                            0,
                            677.530445,
                            "L"
                        ],
                        [
                            0,
                            719.954083,
                            "L"
                        ],
                        [
                            394.290278,
                            719.954083,
                            "L"
                        ],
                        [
                            608.903973,
                            680.025954,
                            "C"
                        ],
                        [
                            884.657617,
                            692.503494,
                            "C"
                        ],
                        [
                            1066.829708,
                            719.954083,
                            "C"
                        ],
                        [
                            1280.195649,
                            719.954083,
                            "L"
                        ],
                        [
                            799.81034,
                            449.191455,
                            "L"
                        ],
                        [
                            762.37772,
                            446.695946,
                            "L"
                        ]
                    ]
                },
                {
                    "category": "lane/road curb",
                    "id": 14,
                    "attributes": {
                        "direction": "parallel",
                        "style": "solid"
                    },
                    "poly2d": [
                        [
                            264.523857,
                            598.921941,
                            "L"
                        ],
                        [
                            1.247754,
                            661.309643,
                            "L"
                        ]
                    ]
                },
                {
                    "category": "lane/road curb",
                    "id": 15,
                    "attributes": {
                        "direction": "parallel",
                        "style": "solid"
                    },
                    "poly2d": [
                        [
                            1004.442004,
                            496.606109,
                            "L"
                        ],
                        [
                            1049.36115,
                            511.579158,
                            "L"
                        ]
                    ]
                }
            ]
        }
    ],
    "attributes": {
        "weather": "clear",
        "scene": "city street",
        "timeofday": "daytime"
    }
}