{
    "name": "1acd169b-acb11697",
    "frames": [
        {
            "timestamp": 10000,
            "objects": [
                {
                    "category": "car",
                    "id": 0,
                    "attributes": {
                        "occluded": false,
                        "truncated": true,
                        "trafficLightColor": "none"
                    },
                    "box2d": {
                        "x1": 0,
                        "y1": 120.351647,
                        "x2": 266.446432,
                        "y2": 338.08707
                    }
                },
                {
                    "category": "car",
                    "id": 1,
                    "attributes": {
                        "occluded": true,
                        "truncated": false,
                        "trafficLightColor": "none"
                    },
                    "box2d": {
                        "x1": 631.176232,
                        "y1": 55.122892,
                        "x2": 1075.834227,
                        "y2": 361.054942
                    }
                },
                {
                    "category": "car",
                    "id": 2,
                    "attributes": {
                        "occluded": true,
                        "truncated": false,
                        "trafficLightColor": "none"
                    },
                    "box2d": {
                        "x1": 462.132697,
                        "y1": 94.627631,
                        "x2": 700.998563,
                        "y2": 257.240161
                    }
                },
                {
                    "category": "car",
                    "id": 3,
                    "attributes": {
                        "occluded": true,
                        "truncated": false,
                        "trafficLightColor": "none"
                    },
                    "box2d": {
                        "x1": 158.038078,
                        "y1": 122.189076,
                        "x2": 248.99085,
                        "y2": 194.76755
                    }
                },
                {
                    "category": "car",
                    "id": 4,
                    "attributes": {
                        "occluded": true,
                        "truncated": false,
                        "trafficLightColor": "none"
                    },
                    "box2d": {
                        "x1": 266.446432,
                        "y1": 131.376227,
                        "x2": 407.928521,
                        "y2": 228.760002
                    }
                },
                {
                    "category": "car",
                    "id": 5,
                    "attributes": {
                        "occluded": true,
                        "truncated": false,
                        "trafficLightColor": "none"
                    },
                    "box2d": {
                        "x1": 388.635508,
                        "y1": 135.051085,
                        "x2": 473.157277,
                        "y2": 177.311968
                    }
                },
                {
                    "category": "car",
                    "id": 6,
                    "attributes": {
                        "occluded": true,
                        "truncated": false,
                        "trafficLightColor": "none"
                    },
                    "box2d": {
                        "x1": 360.155349,
                        "y1": 121.270363,
                        "x2": 414.359525,
                        "y2": 147.913093
                    }
                },
                {
                    "category": "car",
                    "id": 7,
                    "attributes": {
                        "occluded": true,
                        "truncated": false,
                        "trafficLightColor": "none"
                    },
                    "box2d": {
                        "x1": 262.771574,
                        "y1": 143.31952,
                        "x2": 286.65816,
                        "y2": 168.124821
                    }
                },
                {
                    "category": "car",
                    "id": 8,
                    "attributes": {
                        "occluded": true,
                        "truncated": false,
                        "trafficLightColor": "none"
                    },
                    "box2d": {
                        "x1": 506.231011,
                        "y1": 121.270363,
                        "x2": 536.548602,
                        "y2": 153.425382
                    }
                },
                {
                    "category": "person",
                    "id": 9,
                    "attributes": {
                        "occluded": true,
                        "truncated": false,
                        "trafficLightColor": "none"
                    },
                    "box2d": {
                        "x1": 468.563701,
                        "y1": 142.400804,
                        "x2": 498.881292,
                        "y2": 180.986828
                    }
                },
                {
                    "category": "person",
                    "id": 10,
                    "attributes": {
                        "occluded": true,
                        "truncated": false,
                        "trafficLightColor": "none"
                    },
                    "box2d": {
                        "x1": 242.559846,
                        "y1": 124.945223,
                        "x2": 273.796151,
                        "y2": 226.922573
                    }
                },
                {
                    "category": "person",
                    "id": 11,
                    "attributes": {
                        "occluded": true,
                        "truncated": false,
                        "trafficLightColor": "none"
                    },
                    "box2d": {
                        "x1": 983.044027,
                        "y1": 67.066185,
                        "x2": 1035.410775,
                        "y2": 155.262811
                    }
                },
                {
                    "category": "person",
                    "id": 12,
                    "attributes": {
                        "occluded": true,
                        "truncated": false,
                        "trafficLightColor": "none"
                    },
                    "box2d": {
                        "x1": 1034.492059,
                        "y1": 106.570924,
                        "x2": 1069.403225,
                        "y2": 146.994378
                    }
                },
                {
                    "category": "person",
                    "id": 13,
                    "attributes": {
                        "occluded": true,
                        "truncated": false,
                        "trafficLightColor": "none"
                    },
                    "box2d": {
                        "x1": 1150.250132,
                        "y1": 99.221206,
                        "x2": 1188.836155,
                        "y2": 225.085142
                    }
                },
                {
                    "category": "area/drivable",
                    "id": 14,
                    "attributes": {},
                    "poly2d": [
                        [
                            204.631663,
                            365.591935,
                            "L"
                        ],
                        [
                            425.484129,
                            233.330006,
                            "L"
                        ],
                        [
                            630.115792,
                            265.771611,
                            "L"
                        ],
                        [
                            640.097824,
                            355.609902,
                            "L"
                        ],
                        [
                            497.853863,
                            361.848672,
                            "C"
                        ],
                        [
                            346.875624,
                            365.591935,
                            "C"
                        ],
                        [
                            204.631663,
                            365.591935,
                            "C"
                        ]
                    ]
                },
                {
                    "category": "lane/single white",
                    "id": 15,
                    "attributes": {
                        "direction": "parallel",
                        "style": "dashed"
                    },
                    "poly2d": [
                        [
                            430.114824,
                            184.620053,
                            "C"
                        ],
                        [
                            491.98749,
                            209.568708,
                            "C"
                        ],
                        [
                            283.416728,
                            309.363331,
                            "C"
                        ],
                        [
                            161.667289,
                            368.242158,
                            "L"
                        ]
                    ]
                },
                {
                    "category": "lane/single white",
                    "id": 16,
                    "attributes": {
                        "direction": "parallel",
                        "style": "dashed"
                    },
                    "poly2d": [
                        [
                            203.58103,
                            367.244211,
                            "C"
                        ],
                        [
                            287.408514,
                            312.357169,
                            "C"
                        ],
                        [
                            461.051158,
                            242.500933,
                            "C"
                        ],
                        [
                            448.077856,
                            187.613891,
                            "L"
                        ]
                    ]
                }
            ]
        }
    ],
    "attributes": {
        "weather": "undefined",
        "scene": "city street",
        "timeofday": "daytime"
    }
}