{
    "name": "1af55d81-20ae3997",
    "frames": [
        {
            "timestamp": 10000,
            "objects": [
                {
                    "category": "car",
                    "id": 0,
                    "attributes": {
                        "occluded": true,
                        "truncated": false,
                        "trafficLightColor": "none"
                    },
                    "box2d": {
                        "x1": 267.457188,
                        "y1": 292.587398,
                        "x2": 342.847805,
                        "y2": 346.437839
                    }
                },
                {
                    "category": "car",
                    "id": 1,
                    "attributes": {
                        "occluded": true,
                        "truncated": false,
                        "trafficLightColor": "none"
                    },
                    "box2d": {
                        "x1": 194.759092,
                        "y1": 284.509832,
                        "x2": 280.919798,
                        "y2": 367.978016
                    }
                },
                {
                    "category": "traffic sign",
                    "id": 2,
                    "attributes": {
                        "occluded": false,
                        "truncated": false,
                        "trafficLightColor": "none"
                    },
                    "box2d": {
                        "x1": 1002.515714,
                        "y1": 256.687099,
                        "x2": 1021.363367,
                        "y2": 284.958581
                    }
                },
                {
                    "category": "traffic sign",
                    "id": 3,
                    "attributes": {
                        "occluded": false,
                        "truncated": false,
                        "trafficLightColor": "none"
                    },
                    "box2d": {
                        "x1": 1107.524072,
                        "y1": 233.800662,
                        "x2": 1126.371727,
                        "y2": 248.609534
                    }
                },
                {
                    "category": "rider",
                    "id": 4,
                    "attributes": {
                        "occluded": false,
                        "truncated": false,
                        "trafficLightColor": "none"
                    },
                    "box2d": {
                        "x1": 1045.596066,
                        "y1": 272.393482,
                        "x2": 1104.831553,
                        "y2": 370.670539
                    }
                },
                {
                    "category": "bike",
                    "id": 5,
                    "attributes": {
                        "occluded": false,
                        "truncated": false,
                        "trafficLightColor": "none"
                    },
                    "box2d": {
                        "x1": 1045.596066,
                        "y1": 319.961368,
                        "x2": 1104.831553,
                        "y2": 391.313201
                    }
                },
                {
                    "category": "traffic sign",
                    "id": 6,
                    "attributes": {
                        "occluded": false,
                        "truncated": true,
                        "trafficLightColor": "none"
                    },
                    "box2d": {
                        "x1": 303.153514,
                        "y1": 167.567427,
                        "x2": 1096.10126,
                        "y2": 629.334963
                    }
                },
                {
                    "category": "traffic sign",
                    "id": 7,
                    "attributes": {
                        "occluded": false,
                        "truncated": true,
                        "trafficLightColor": "none"
                    },
                    "box2d": {
                        "x1": 451.242227,
                        "y1": 0,
                        "x2": 483.552493,
                        "y2": 34.287586
                    }
                },
                {
                    "category": "area/alternative",
                    "id": 8,
                    "attributes": {},
                    "poly2d": [
                        [
                            1084.049621,
                            403.649859,
                            "L"
                        ],
                        [
                            1120.499608,
                            371.24987,
                            "L"
                        ],
                        [
                            1279.799552,
                            403.649859,
                            "L"
                        ],
                        [
                            1279.799552,
                            622.349782,
                            "L"
                        ],
                        [
                            1223.099572,
                            612.899785,
                            "C"
                        ],
                        [
                            1160.999594,
                            607.499788,
                            "C"
                        ],
                        [
                            1098.899615,
                            612.899785,
                            "C"
                        ],
                        [
                            1084.049621,
                            403.649859,
                            "L"
                        ]
                    ]
                }
            ]
        }
    ],
    "attributes": {
        "weather": "snowy",
        "scene": "residential",
        "timeofday": "daytime"
    }
}