{
    "name": "1b162169-b05c9ad0",
    "frames": [
        {
            "timestamp": 10000,
            "objects": [
                {
                    "category": "car",
                    "id": 0,
                    "attributes": {
                        "occluded": true,
                        "truncated": false,
                        "trafficLightColor": "none"
                    },
                    "box2d": {
                        "x1": 632.627599,
                        "y1": 201.478398,
                        "x2": 639.918737,
                        "y2": 212.415103
                    }
                },
                {
                    "category": "car",
                    "id": 1,
                    "attributes": {
                        "occluded": true,
                        "truncated": false,
                        "trafficLightColor": "none"
                    },
                    "box2d": {
                        "x1": 663.007334,
                        "y1": 197.83283,
                        "x2": 673.944038,
                        "y2": 214.845483
                    }
                },
                {
                    "category": "car",
                    "id": 2,
                    "attributes": {
                        "occluded": true,
                        "truncated": false,
                        "trafficLightColor": "none"
                    },
                    "box2d": {
                        "x1": 572.839063,
                        "y1": 205.123967,
                        "x2": 582.804835,
                        "y2": 216.060671
                    }
                },
                {
                    "category": "car",
                    "id": 3,
                    "attributes": {
                        "occluded": false,
                        "truncated": false,
                        "trafficLightColor": "none"
                    },
                    "box2d": {
                        "x1": 476.986011,
                        "y1": 203.240424,
                        "x2": 558.683319,
                        "y2": 268.860651
                    }
                },
                {
                    "category": "car",
                    "id": 4,
                    "attributes": {
                        "occluded": false,
                        "truncated": false,
                        "trafficLightColor": "none"
                    },
                    "box2d": {
                        "x1": 634.02506,
                        "y1": 201.075868,
                        "x2": 668.985934,
                        "y2": 234.835348
                    }
                },
                {
                    "category": "car",
                    "id": 5,
                    "attributes": {
                        "occluded": false,
                        "truncated": false,
                        "trafficLightColor": "none"
                    },
                    "box2d": {
                        "x1": 596.074571,
                        "y1": 199.594856,
                        "x2": 627.949113,
                        "y2": 222.683454
                    }
                },
                {
                    "category": "truck",
                    "id": 6,
                    "attributes": {
                        "occluded": true,
                        "truncated": false,
                        "trafficLightColor": "none"
                    },
                    "box2d": {
                        "x1": 624.303545,
                        "y1": 194.734098,
                        "x2": 632.80987,
                        "y2": 209.316371
                    }
                },
                {
                    "category": "car",
                    "id": 7,
                    "attributes": {
                        "occluded": true,
                        "truncated": false,
                        "trafficLightColor": "none"
                    },
                    "box2d": {
                        "x1": 342.565544,
                        "y1": 217.397358,
                        "x2": 367.718957,
                        "y2": 232.669074
                    }
                },
                {
                    "category": "car",
                    "id": 8,
                    "attributes": {
                        "occluded": true,
                        "truncated": false,
                        "trafficLightColor": "none"
                    },
                    "box2d": {
                        "x1": 1009.136344,
                        "y1": 161.058845,
                        "x2": 1125.920048,
                        "y2": 241.909102
                    }
                },
                {
                    "category": "car",
                    "id": 9,
                    "attributes": {
                        "occluded": true,
                        "truncated": true,
                        "trafficLightColor": "none"
                    },
                    "box2d": {
                        "x1": 1101.664971,
                        "y1": 123.328725,
                        "x2": 1278.637201,
                        "y2": 248.197455
                    }
                },
                {
                    "category": "area/drivable",
                    "id": 10,
                    "attributes": {},
                    "poly2d": [
                        [
                            631.124565,
                            241.080409,
                            "L"
                        ],
                        [
                            314.444305,
                            563.962107,
                            "L"
                        ],
                        [
                            537.194153,
                            513.337143,
                            "C"
                        ],
                        [
                            746.444009,
                            523.462134,
                            "C"
                        ],
                        [
                            959.068861,
                            547.087119,
                            "C"
                        ],
                        [
                            1068.756286,
                            542.024622,
                            "C"
                        ],
                        [
                            1190.256202,
                            558.899611,
                            "C"
                        ],
                        [
                            1280.811619,
                            570.712102,
                            "C"
                        ],
                        [
                            1280.811619,
                            410.399713,
                            "L"
                        ],
                        [
                            695.819042,
                            218.024845,
                            "L"
                        ],
                        [
                            678.944054,
                            219.712343,
                            "L"
                        ],
                        [
                            683.333061,
                            238.009321,
                            "L"
                        ],
                        [
                            631.124565,
                            241.080409,
                            "L"
                        ]
                    ]
                },
                {
                    "category": "lane/road curb",
                    "id": 11,
                    "attributes": {
                        "direction": "parallel",
                        "style": "solid"
                    },
                    "poly2d": [
                        [
                            476.03462,
                            257.971393,
                            "L"
                        ],
                        [
                            0,
                            388.492633,
                            "L"
                        ]
                    ]
                },
                {
                    "category": "lane/road curb",
                    "id": 12,
                    "attributes": {
                        "direction": "parallel",
                        "style": "solid"
                    },
                    "poly2d": [
                        [
                            697.152957,
                            221.118337,
                            "L"
                        ],
                        [
                            1280.6437,
                            413.061337,
                            "L"
                        ]
                    ]
                }
            ]
        }
    ],
    "attributes": {
        "weather": "overcast",
        "scene": "city street",
        "timeofday": "daytime"
    }
}