{
    "name": "1b2238e4-e12d7bc3",
    "frames": [
        {
            "timestamp": 10000,
            "objects": [
                {
                    "category": "bus",
                    "id": 0,
                    "attributes": {
                        "occluded": true,
                        "truncated": true,
                        "trafficLightColor": "none"
                    },
                    "box2d": {
                        "x1": 2.495508,
                        "y1": 143.491715,
                        "x2": 199.640648,
                        "y2": 235.825514
                    }
                },
                {
                    "category": "car",
                    "id": 1,
                    "attributes": {
                        "occluded": false,
                        "truncated": true,
                        "trafficLightColor": "none"
                    },
                    "box2d": {
                        "x1": 1.247754,
                        "y1": 214.613695,
                        "x2": 212.118187,
                        "y2": 396.785787
                    }
                },
                {
                    "category": "car",
                    "id": 2,
                    "attributes": {
                        "occluded": true,
                        "truncated": false,
                        "trafficLightColor": "none"
                    },
                    "box2d": {
                        "x1": 104.81134,
                        "y1": 180.924336,
                        "x2": 339.389099,
                        "y2": 320.672788
                    }
                },
                {
                    "category": "truck",
                    "id": 3,
                    "attributes": {
                        "occluded": true,
                        "truncated": false,
                        "trafficLightColor": "none"
                    },
                    "box2d": {
                        "x1": 645.08884,
                        "y1": 175.93332,
                        "x2": 663.805151,
                        "y2": 198.392893
                    }
                },
                {
                    "category": "car",
                    "id": 4,
                    "attributes": {
                        "occluded": true,
                        "truncated": false,
                        "trafficLightColor": "none"
                    },
                    "box2d": {
                        "x1": 642.593332,
                        "y1": 198.392893,
                        "x2": 701.237772,
                        "y2": 237.073268
                    }
                },
                {
                    "category": "car",
                    "id": 5,
                    "attributes": {
                        "occluded": true,
                        "truncated": false,
                        "trafficLightColor": "none"
                    },
                    "box2d": {
                        "x1": 690.007986,
                        "y1": 195.897385,
                        "x2": 736.174885,
                        "y2": 233.330006
                    }
                },
                {
                    "category": "car",
                    "id": 6,
                    "attributes": {
                        "occluded": true,
                        "truncated": false,
                        "trafficLightColor": "none"
                    },
                    "box2d": {
                        "x1": 732.431624,
                        "y1": 192.154123,
                        "x2": 768.61649,
                        "y2": 217.109202
                    }
                },
                {
                    "category": "car",
                    "id": 7,
                    "attributes": {
                        "occluded": true,
                        "truncated": false,
                        "trafficLightColor": "none"
                    },
                    "box2d": {
                        "x1": 817.278898,
                        "y1": 207.127171,
                        "x2": 867.18906,
                        "y2": 250.798563
                    }
                },
                {
                    "category": "car",
                    "id": 8,
                    "attributes": {
                        "occluded": false,
                        "truncated": false,
                        "trafficLightColor": "none"
                    },
                    "box2d": {
                        "x1": 727.440607,
                        "y1": 202.136155,
                        "x2": 835.995209,
                        "y2": 291.974446
                    }
                },
                {
                    "category": "car",
                    "id": 9,
                    "attributes": {
                        "occluded": true,
                        "truncated": false,
                        "trafficLightColor": "none"
                    },
                    "box2d": {
                        "x1": 1103.014574,
                        "y1": 218.356957,
                        "x2": 1229.037732,
                        "y2": 268.267119
                    }
                },
                {
                    "category": "traffic sign",
                    "id": 10,
                    "attributes": {
                        "occluded": false,
                        "truncated": false,
                        "trafficLightColor": "none"
                    },
                    "box2d": {
                        "x1": 375.573967,
                        "y1": 182.17209,
                        "x2": 395.538031,
                        "y2": 207.127171
                    }
                },
                {
                    "category": "traffic sign",
                    "id": 11,
                    "attributes": {
                        "occluded": false,
                        "truncated": false,
                        "trafficLightColor": "none"
                    },
                    "box2d": {
                        "x1": 170.942304,
                        "y1": 64.88321,
                        "x2": 228.33899,
                        "y2": 82.351768
                    }
                },
                {
                    "category": "traffic sign",
                    "id": 12,
                    "attributes": {
                        "occluded": false,
                        "truncated": false,
                        "trafficLightColor": "none"
                    },
                    "box2d": {
                        "x1": 165.951288,
                        "y1": 42.423637,
                        "x2": 192.154123,
                        "y2": 57.396686
                    }
                },
                {
                    "category": "traffic sign",
                    "id": 13,
                    "attributes": {
                        "occluded": false,
                        "truncated": false,
                        "trafficLightColor": "none"
                    },
                    "box2d": {
                        "x1": 188.41086,
                        "y1": 24.955081,
                        "x2": 202.136155,
                        "y2": 43.67139
                    }
                },
                {
                    "category": "traffic sign",
                    "id": 14,
                    "attributes": {
                        "occluded": false,
                        "truncated": false,
                        "trafficLightColor": "none"
                    },
                    "box2d": {
                        "x1": 24.955081,
                        "y1": 14.973049,
                        "x2": 74.865243,
                        "y2": 82.351767
                    }
                },
                {
                    "category": "traffic sign",
                    "id": 15,
                    "attributes": {
                        "occluded": false,
                        "truncated": false,
                        "trafficLightColor": "none"
                    },
                    "box2d": {
                        "x1": 1235.276502,
                        "y1": 34.937113,
                        "x2": 1261.479337,
                        "y2": 66.130964
                    }
                },
                {
                    "category": "traffic sign",
                    "id": 16,
                    "attributes": {
                        "occluded": false,
                        "truncated": false,
                        "trafficLightColor": "none"
                    },
                    "box2d": {
                        "x1": 1252.745059,
                        "y1": 69.874226,
                        "x2": 1277.70014,
                        "y2": 98.572569
                    }
                },
                {
                    "category": "traffic sign",
                    "id": 17,
                    "attributes": {
                        "occluded": false,
                        "truncated": false,
                        "trafficLightColor": "none"
                    },
                    "box2d": {
                        "x1": 1221.551208,
                        "y1": 76.112997,
                        "x2": 1245.258536,
                        "y2": 98.572568
                    }
                },
                {
                    "category": "traffic light",
                    "id": 18,
                    "attributes": {
                        "occluded": false,
                        "truncated": false,
                        "trafficLightColor": "none"
                    },
                    "box2d": {
                        "x1": 1216.560192,
                        "y1": 129.76642,
                        "x2": 1247.754043,
                        "y2": 158.464763
                    }
                },
                {
                    "category": "traffic light",
                    "id": 19,
                    "attributes": {
                        "occluded": false,
                        "truncated": false,
                        "trafficLightColor": "none"
                    },
                    "box2d": {
                        "x1": 1184.118587,
                        "y1": 129.76642,
                        "x2": 1202.834896,
                        "y2": 160.960273
                    }
                },
                {
                    "category": "traffic light",
                    "id": 20,
                    "attributes": {
                        "occluded": false,
                        "truncated": false,
                        "trafficLightColor": "green"
                    },
                    "box2d": {
                        "x1": 893.391895,
                        "y1": 138.500699,
                        "x2": 904.621682,
                        "y2": 157.217008
                    }
                },
                {
                    "category": "traffic light",
                    "id": 21,
                    "attributes": {
                        "occluded": false,
                        "truncated": false,
                        "trafficLightColor": "green"
                    },
                    "box2d": {
                        "x1": 461.668996,
                        "y1": 14.973049,
                        "x2": 481.633059,
                        "y2": 53.653424
                    }
                },
                {
                    "category": "traffic light",
                    "id": 22,
                    "attributes": {
                        "occluded": false,
                        "truncated": false,
                        "trafficLightColor": "red"
                    },
                    "box2d": {
                        "x1": 900.878419,
                        "y1": 164.703534,
                        "x2": 912.108205,
                        "y2": 180.924336
                    }
                },
                {
                    "category": "traffic light",
                    "id": 23,
                    "attributes": {
                        "occluded": false,
                        "truncated": false,
                        "trafficLightColor": "red"
                    },
                    "box2d": {
                        "x1": 885.90537,
                        "y1": 165.951288,
                        "x2": 895.887404,
                        "y2": 179.676582
                    }
                },
                {
                    "category": "traffic light",
                    "id": 24,
                    "attributes": {
                        "occluded": false,
                        "truncated": false,
                        "trafficLightColor": "yellow"
                    },
                    "box2d": {
                        "x1": 359.353164,
                        "y1": 159.712517,
                        "x2": 378.069475,
                        "y2": 172.190058
                    }
                },
                {
                    "category": "traffic light",
                    "id": 25,
                    "attributes": {
                        "occluded": false,
                        "truncated": false,
                        "trafficLightColor": "none"
                    },
                    "box2d": {
                        "x1": 148.482731,
                        "y1": 114.793372,
                        "x2": 187.163106,
                        "y2": 142.243961
                    }
                },
                {
                    "category": "traffic light",
                    "id": 26,
                    "attributes": {
                        "occluded": false,
                        "truncated": false,
                        "trafficLightColor": "green"
                    },
                    "box2d": {
                        "x1": 373.078459,
                        "y1": 82.351767,
                        "x2": 386.803752,
                        "y2": 112.297864
                    }
                },
                {
                    "category": "person",
                    "id": 27,
                    "attributes": {
                        "occluded": false,
                        "truncated": false,
                        "trafficLightColor": "none"
                    },
                    "box2d": {
                        "x1": 353.114394,
                        "y1": 213.365941,
                        "x2": 368.087443,
                        "y2": 244.559792
                    }
                },
                {
                    "category": "car",
                    "id": 28,
                    "attributes": {
                        "occluded": true,
                        "truncated": false,
                        "trafficLightColor": "none"
                    },
                    "box2d": {
                        "x1": 335.645837,
                        "y1": 193.401877,
                        "x2": 356.857657,
                        "y2": 240.81653
                    }
                },
                {
                    "category": "car",
                    "id": 29,
                    "attributes": {
                        "occluded": true,
                        "truncated": false,
                        "trafficLightColor": "none"
                    },
                    "box2d": {
                        "x1": 306.947495,
                        "y1": 183.419844,
                        "x2": 319.425035,
                        "y2": 222.100221
                    }
                },
                {
                    "category": "car",
                    "id": 30,
                    "attributes": {
                        "occluded": true,
                        "truncated": false,
                        "trafficLightColor": "none"
                    },
                    "box2d": {
                        "x1": 290.726692,
                        "y1": 192.154123,
                        "x2": 309.443003,
                        "y2": 220.852466
                    }
                },
                {
                    "category": "person",
                    "id": 31,
                    "attributes": {
                        "occluded": true,
                        "truncated": false,
                        "trafficLightColor": "none"
                    },
                    "box2d": {
                        "x1": 12.47754,
                        "y1": 170.942304,
                        "x2": 52.405671,
                        "y2": 213.36594
                    }
                },
                {
                    "category": "person",
                    "id": 32,
                    "attributes": {
                        "occluded": false,
                        "truncated": false,
                        "trafficLightColor": "none"
                    },
                    "box2d": {
                        "x1": 900.878419,
                        "y1": 208.374925,
                        "x2": 915.851467,
                        "y2": 244.559791
                    }
                },
                {
                    "category": "person",
                    "id": 33,
                    "attributes": {
                        "occluded": true,
                        "truncated": false,
                        "trafficLightColor": "none"
                    },
                    "box2d": {
                        "x1": 837.242963,
                        "y1": 192.154123,
                        "x2": 848.47275,
                        "y2": 210.870432
                    }
                },
                {
                    "category": "person",
                    "id": 34,
                    "attributes": {
                        "occluded": true,
                        "truncated": false,
                        "trafficLightColor": "none"
                    },
                    "box2d": {
                        "x1": 860.950289,
                        "y1": 194.649631,
                        "x2": 869.684569,
                        "y2": 208.374925
                    }
                },
                {
                    "category": "person",
                    "id": 35,
                    "attributes": {
                        "occluded": true,
                        "truncated": false,
                        "trafficLightColor": "none"
                    },
                    "box2d": {
                        "x1": 793.571571,
                        "y1": 190.906369,
                        "x2": 806.049112,
                        "y2": 202.136156
                    }
                },
                {
                    "category": "person",
                    "id": 36,
                    "attributes": {
                        "occluded": true,
                        "truncated": false,
                        "trafficLightColor": "none"
                    },
                    "box2d": {
                        "x1": 817.278898,
                        "y1": 198.392893,
                        "x2": 831.004191,
                        "y2": 207.127171
                    }
                },
                {
                    "category": "person",
                    "id": 37,
                    "attributes": {
                        "occluded": false,
                        "truncated": false,
                        "trafficLightColor": "none"
                    },
                    "box2d": {
                        "x1": 935.815532,
                        "y1": 204.631663,
                        "x2": 950.788581,
                        "y2": 245.807546
                    }
                },
                {
                    "category": "person",
                    "id": 38,
                    "attributes": {
                        "occluded": false,
                        "truncated": false,
                        "trafficLightColor": "none"
                    },
                    "box2d": {
                        "x1": 964.513875,
                        "y1": 202.136155,
                        "x2": 984.477939,
                        "y2": 253.294071
                    }
                },
                {
                    "category": "person",
                    "id": 39,
                    "attributes": {
                        "occluded": false,
                        "truncated": false,
                        "trafficLightColor": "none"
                    },
                    "box2d": {
                        "x1": 990.716709,
                        "y1": 198.392893,
                        "x2": 1005.689758,
                        "y2": 252.046317
                    }
                },
                {
                    "category": "person",
                    "id": 40,
                    "attributes": {
                        "occluded": false,
                        "truncated": false,
                        "trafficLightColor": "none"
                    },
                    "box2d": {
                        "x1": 1005.689758,
                        "y1": 199.640647,
                        "x2": 1018.167299,
                        "y2": 248.303054
                    }
                },
                {
                    "category": "person",
                    "id": 41,
                    "attributes": {
                        "occluded": false,
                        "truncated": false,
                        "trafficLightColor": "none"
                    },
                    "box2d": {
                        "x1": 1127.969655,
                        "y1": 200.888401,
                        "x2": 1154.17249,
                        "y2": 286.98343
                    }
                },
                {
                    "category": "person",
                    "id": 42,
                    "attributes": {
                        "occluded": true,
                        "truncated": false,
                        "trafficLightColor": "none"
                    },
                    "box2d": {
                        "x1": 1167.897784,
                        "y1": 198.392893,
                        "x2": 1185.366342,
                        "y2": 227.091236
                    }
                },
                {
                    "category": "person",
                    "id": 43,
                    "attributes": {
                        "occluded": false,
                        "truncated": false,
                        "trafficLightColor": "none"
                    },
                    "box2d": {
                        "x1": 1221.551208,
                        "y1": 198.392893,
                        "x2": 1263.974845,
                        "y2": 301.956478
                    }
                },
                {
                    "category": "bus",
                    "id": 44,
                    "attributes": {
                        "occluded": false,
                        "truncated": false,
                        "trafficLightColor": "none"
                    },
                    "box2d": {
                        "x1": 415.502096,
                        "y1": 92.333799,
                        "x2": 651.32761,
                        "y2": 303.204232
                    }
                },
                {
                    "category": "person",
                    "id": 45,
                    "attributes": {
                        "occluded": false,
                        "truncated": true,
                        "trafficLightColor": "none"
                    },
                    "box2d": {
                        "x1": 1261.859378,
                        "y1": 202.798829,
                        "x2": 1278.247163,
                        "y2": 306.246716
                    }
                },
                {
                    "category": "area/drivable",
                    "id": 46,
                    "attributes": {},
                    "poly2d": [
                        [
                            1280.6437,
                            543.582578,
                            "L"
                        ],
                        [
                            1280.36501,
                            321.338686,
                            "L"
                        ],
                        [
                            899.14955,
                            253.478342,
                            "L"
                        ],
                        [
                            843.264562,
                            254.476287,
                            "L"
                        ],
                        [
                            843.264562,
                            300.381815,
                            "L"
                        ],
                        [
                            255.474234,
                            337.305825,
                            "L"
                        ],
                        [
                            0,
                            464.044995,
                            "L"
                        ],
                        [
                            0,
                            568.151282,
                            "L"
                        ],
                        [
                            464.044995,
                            508.952576,
                            "C"
                        ],
                        [
                            882.184463,
                            531.905338,
                            "C"
                        ],
                        [
                            1280.6437,
                            543.582578,
                            "C"
                        ]
                    ]
                },
                {
                    "category": "lane/road curb",
                    "id": 47,
                    "attributes": {
                        "direction": "parallel",
                        "style": "solid"
                    },
                    "poly2d": [
                        [
                            1101.76682,
                            291.974446,
                            "L"
                        ],
                        [
                            1280.195648,
                            321.920543,
                            "L"
                        ]
                    ]
                },
                {
                    "category": "lane/road curb",
                    "id": 48,
                    "attributes": {
                        "direction": "parallel",
                        "style": "solid"
                    },
                    "poly2d": [
                        [
                            855.959273,
                            247.0553,
                            "C"
                        ],
                        [
                            894.639649,
                            263.276103,
                            "C"
                        ],
                        [
                            1020.662807,
                            262.028349,
                            "C"
                        ],
                        [
                            1117.987622,
                            262.028349,
                            "L"
                        ]
                    ]
                },
                {
                    "category": "lane/crosswalk",
                    "id": 49,
                    "attributes": {
                        "direction": "vertical",
                        "style": "dashed"
                    },
                    "poly2d": [
                        [
                            991.964464,
                            265.771611,
                            "C"
                        ],
                        [
                            1021.910561,
                            267.019365,
                            "C"
                        ],
                        [
                            1050.608904,
                            273.258135,
                            "C"
                        ],
                        [
                            1081.802755,
                            281.992414,
                            "L"
                        ]
                    ]
                },
                {
                    "category": "lane/road curb",
                    "id": 50,
                    "attributes": {
                        "direction": "parallel",
                        "style": "solid"
                    },
                    "poly2d": [
                        [
                            366.839689,
                            248.303055,
                            "C"
                        ],
                        [
                            381.812737,
                            252.046317,
                            "C"
                        ],
                        [
                            405.520064,
                            254.541825,
                            "C"
                        ],
                        [
                            427.979637,
                            249.550809,
                            "L"
                        ]
                    ]
                }
            ]
        }
    ],
    "attributes": {
        "weather": "undefined",
        "scene": "city street",
        "timeofday": "daytime"
    }
}