{
    "name": "1b42cfb0-231ac07e",
    "frames": [
        {
            "timestamp": 10000,
            "objects": [
                {
                    "category": "bus",
                    "id": 0,
                    "attributes": {
                        "occluded": true,
                        "truncated": false,
                        "trafficLightColor": "none"
                    },
                    "box2d": {
                        "x1": 594.028758,
                        "y1": 244.933739,
                        "x2": 614.654757,
                        "y2": 262.981488
                    }
                },
                {
                    "category": "bus",
                    "id": 1,
                    "attributes": {
                        "occluded": true,
                        "truncated": false,
                        "trafficLightColor": "none"
                    },
                    "box2d": {
                        "x1": 520.548636,
                        "y1": 250.090239,
                        "x2": 550.19851,
                        "y2": 275.872738
                    }
                },
                {
                    "category": "car",
                    "id": 2,
                    "attributes": {
                        "occluded": true,
                        "truncated": false,
                        "trafficLightColor": "none"
                    },
                    "box2d": {
                        "x1": 556.644134,
                        "y1": 260.403238,
                        "x2": 569.535384,
                        "y2": 270.716238
                    }
                },
                {
                    "category": "car",
                    "id": 3,
                    "attributes": {
                        "occluded": false,
                        "truncated": false,
                        "trafficLightColor": "none"
                    },
                    "box2d": {
                        "x1": 614.654757,
                        "y1": 255.246739,
                        "x2": 624.967756,
                        "y2": 270.716238
                    }
                },
                {
                    "category": "car",
                    "id": 4,
                    "attributes": {
                        "occluded": false,
                        "truncated": false,
                        "trafficLightColor": "none"
                    },
                    "box2d": {
                        "x1": 601.763507,
                        "y1": 259.114113,
                        "x2": 612.076507,
                        "y2": 275.872738
                    }
                },
                {
                    "category": "car",
                    "id": 5,
                    "attributes": {
                        "occluded": true,
                        "truncated": false,
                        "trafficLightColor": "none"
                    },
                    "box2d": {
                        "x1": 583.715758,
                        "y1": 264.270613,
                        "x2": 599.185257,
                        "y2": 272.005363
                    }
                },
                {
                    "category": "car",
                    "id": 6,
                    "attributes": {
                        "occluded": true,
                        "truncated": false,
                        "trafficLightColor": "none"
                    },
                    "box2d": {
                        "x1": 582.426633,
                        "y1": 274.583613,
                        "x2": 596.607007,
                        "y2": 286.185737
                    }
                },
                {
                    "category": "car",
                    "id": 7,
                    "attributes": {
                        "occluded": false,
                        "truncated": false,
                        "trafficLightColor": "none"
                    },
                    "box2d": {
                        "x1": 583.715758,
                        "y1": 281.029237,
                        "x2": 609.498257,
                        "y2": 305.522611
                    }
                },
                {
                    "category": "car",
                    "id": 8,
                    "attributes": {
                        "occluded": false,
                        "truncated": false,
                        "trafficLightColor": "none"
                    },
                    "box2d": {
                        "x1": 614.654757,
                        "y1": 281.029237,
                        "x2": 632.702506,
                        "y2": 299.076987
                    }
                },
                {
                    "category": "car",
                    "id": 9,
                    "attributes": {
                        "occluded": true,
                        "truncated": false,
                        "trafficLightColor": "none"
                    },
                    "box2d": {
                        "x1": 550.19851,
                        "y1": 272.005363,
                        "x2": 572.113634,
                        "y2": 281.029237
                    }
                },
                {
                    "category": "car",
                    "id": 10,
                    "attributes": {
                        "occluded": true,
                        "truncated": false,
                        "trafficLightColor": "none"
                    },
                    "box2d": {
                        "x1": 547.62026,
                        "y1": 278.450987,
                        "x2": 569.535384,
                        "y2": 301.655236
                    }
                },
                {
                    "category": "truck",
                    "id": 11,
                    "attributes": {
                        "occluded": true,
                        "truncated": false,
                        "trafficLightColor": "none"
                    },
                    "box2d": {
                        "x1": 444.490264,
                        "y1": 255.246739,
                        "x2": 496.055262,
                        "y2": 317.124736
                    }
                },
                {
                    "category": "car",
                    "id": 12,
                    "attributes": {
                        "occluded": true,
                        "truncated": false,
                        "trafficLightColor": "none"
                    },
                    "box2d": {
                        "x1": 413.551266,
                        "y1": 288.763987,
                        "x2": 436.755515,
                        "y2": 306.811736
                    }
                },
                {
                    "category": "car",
                    "id": 13,
                    "attributes": {
                        "occluded": true,
                        "truncated": false,
                        "trafficLightColor": "none"
                    },
                    "box2d": {
                        "x1": 383.901392,
                        "y1": 292.631362,
                        "x2": 417.41864,
                        "y2": 319.702986
                    }
                },
                {
                    "category": "car",
                    "id": 14,
                    "attributes": {
                        "occluded": true,
                        "truncated": false,
                        "trafficLightColor": "none"
                    },
                    "box2d": {
                        "x1": 429.020765,
                        "y1": 302.944361,
                        "x2": 467.694513,
                        "y2": 340.328985
                    }
                },
                {
                    "category": "car",
                    "id": 15,
                    "attributes": {
                        "occluded": true,
                        "truncated": false,
                        "trafficLightColor": "none"
                    },
                    "box2d": {
                        "x1": 372.299268,
                        "y1": 317.124736,
                        "x2": 432.88814,
                        "y2": 364.822359
                    }
                },
                {
                    "category": "car",
                    "id": 16,
                    "attributes": {
                        "occluded": true,
                        "truncated": false,
                        "trafficLightColor": "none"
                    },
                    "box2d": {
                        "x1": 200.84565,
                        "y1": 335.172485,
                        "x2": 323.31252,
                        "y2": 395.761357
                    }
                },
                {
                    "category": "car",
                    "id": 17,
                    "attributes": {
                        "occluded": false,
                        "truncated": false,
                        "trafficLightColor": "none"
                    },
                    "box2d": {
                        "x1": 493.477012,
                        "y1": 313.257361,
                        "x2": 601.763507,
                        "y2": 415.098231
                    }
                },
                {
                    "category": "truck",
                    "id": 18,
                    "attributes": {
                        "occluded": true,
                        "truncated": false,
                        "trafficLightColor": "none"
                    },
                    "box2d": {
                        "x1": 0,
                        "y1": 157.273243,
                        "x2": 140.256778,
                        "y2": 444.748105
                    }
                },
                {
                    "category": "traffic sign",
                    "id": 19,
                    "attributes": {
                        "occluded": false,
                        "truncated": false,
                        "trafficLightColor": "none"
                    },
                    "box2d": {
                        "x1": 662.352379,
                        "y1": 238.488114,
                        "x2": 676.532754,
                        "y2": 269.427113
                    }
                },
                {
                    "category": "area/drivable",
                    "id": 20,
                    "attributes": {},
                    "poly2d": [
                        [
                            242.641336,
                            629.029722,
                            "L"
                        ],
                        [
                            453.815598,
                            422.348526,
                            "L"
                        ],
                        [
                            705.427487,
                            419.353148,
                            "L"
                        ],
                        [
                            855.196468,
                            500.228398,
                            "C"
                        ],
                        [
                            1010.956209,
                            581.103648,
                            "C"
                        ],
                        [
                            1140.447195,
                            696.246756,
                            "C"
                        ],
                        [
                            976.991415,
                            616.390497,
                            "C"
                        ],
                        [
                            540.681608,
                            611.057444,
                            "C"
                        ],
                        [
                            242.641336,
                            629.029722,
                            "C"
                        ]
                    ]
                },
                {
                    "category": "lane/road curb",
                    "id": 21,
                    "attributes": {
                        "direction": "parallel",
                        "style": "solid"
                    },
                    "poly2d": [
                        [
                            1262.162227,
                            697.351858,
                            "C"
                        ],
                        [
                            1039.374871,
                            541.937683,
                            "C"
                        ],
                        [
                            738.432272,
                            450.306204,
                            "C"
                        ],
                        [
                            635.123619,
                            351.487943,
                            "L"
                        ]
                    ]
                },
                {
                    "category": "lane/road curb",
                    "id": 22,
                    "attributes": {
                        "direction": "parallel",
                        "style": "solid"
                    },
                    "poly2d": [
                        [
                            203.922284,
                            389.218553,
                            "L"
                        ],
                        [
                            97.020287,
                            406.287161,
                            "L"
                        ]
                    ]
                },
                {
                    "category": "lane/road curb",
                    "id": 23,
                    "attributes": {
                        "direction": "parallel",
                        "style": "solid"
                    },
                    "poly2d": [
                        [
                            376.402818,
                            356.87803,
                            "L"
                        ],
                        [
                            323.400988,
                            366.759857,
                            "L"
                        ]
                    ]
                },
                {
                    "category": "lane/single white",
                    "id": 24,
                    "attributes": {
                        "direction": "parallel",
                        "style": "solid"
                    },
                    "poly2d": [
                        [
                            613.563551,
                            320.944117,
                            "L"
                        ],
                        [
                            625.241922,
                            346.097857,
                            "L"
                        ]
                    ]
                },
                {
                    "category": "lane/single white",
                    "id": 25,
                    "attributes": {
                        "direction": "parallel",
                        "style": "solid"
                    },
                    "poly2d": [
                        [
                            627.936931,
                            341.606117,
                            "L"
                        ],
                        [
                            617.156897,
                            320.045769,
                            "L"
                        ]
                    ]
                },
                {
                    "category": "lane/single white",
                    "id": 26,
                    "attributes": {
                        "direction": "parallel",
                        "style": "solid"
                    },
                    "poly2d": [
                        [
                            653.090341,
                            338.012726,
                            "L"
                        ],
                        [
                            619.851906,
                            322.740813,
                            "L"
                        ]
                    ]
                },
                {
                    "category": "lane/single white",
                    "id": 27,
                    "attributes": {
                        "direction": "parallel",
                        "style": "dashed"
                    },
                    "poly2d": [
                        [
                            576.731771,
                            285.010204,
                            "L"
                        ],
                        [
                            567.748411,
                            317.350726,
                            "L"
                        ]
                    ]
                },
                {
                    "category": "lane/crosswalk",
                    "id": 28,
                    "attributes": {
                        "direction": "vertical",
                        "style": "dashed"
                    },
                    "poly2d": [
                        [
                            528.221621,
                            285.010204,
                            "L"
                        ],
                        [
                            489.593169,
                            287.705248,
                            "L"
                        ]
                    ]
                },
                {
                    "category": "lane/crosswalk",
                    "id": 29,
                    "attributes": {
                        "direction": "vertical",
                        "style": "dashed"
                    },
                    "poly2d": [
                        [
                            490.491506,
                            281.416813,
                            "L"
                        ],
                        [
                            530.91663,
                            279.620117,
                            "L"
                        ]
                    ]
                },
                {
                    "category": "lane/single white",
                    "id": 30,
                    "attributes": {
                        "direction": "parallel",
                        "style": "dashed"
                    },
                    "poly2d": [
                        [
                            606.376865,
                            296.688726,
                            "L"
                        ],
                        [
                            615.360225,
                            316.452378,
                            "L"
                        ]
                    ]
                },
                {
                    "category": "lane/double yellow",
                    "id": 31,
                    "attributes": {
                        "direction": "parallel",
                        "style": "solid"
                    },
                    "poly2d": [
                        [
                            483.304816,
                            355.979681,
                            "C"
                        ],
                        [
                            363.826113,
                            422.457422,
                            "C"
                        ],
                        [
                            157.208807,
                            469.171509,
                            "C"
                        ],
                        [
                            0,
                            523.970727,
                            "L"
                        ]
                    ]
                },
                {
                    "category": "lane/double yellow",
                    "id": 32,
                    "attributes": {
                        "direction": "parallel",
                        "style": "solid"
                    },
                    "poly2d": [
                        [
                            493.186513,
                            364.064813,
                            "C"
                        ],
                        [
                            383.589507,
                            429.644204,
                            "C"
                        ],
                        [
                            157.208807,
                            481.748379,
                            "C"
                        ],
                        [
                            0,
                            546.429422,
                            "L"
                        ]
                    ]
                }
            ]
        }
    ],
    "attributes": {
        "weather": "clear",
        "scene": "city street",
        "timeofday": "daytime"
    }
}