{
    "name": "1b72216a-b3020f66",
    "frames": [
        {
            "timestamp": 10000,
            "objects": [
                {
                    "category": "traffic sign",
                    "id": 0,
                    "attributes": {
                        "occluded": false,
                        "truncated": false,
                        "trafficLightColor": "none"
                    },
                    "box2d": {
                        "x1": 663.41907,
                        "y1": 239.96233,
                        "x2": 715.731534,
                        "y2": 255.149821
                    }
                },
                {
                    "category": "traffic sign",
                    "id": 1,
                    "attributes": {
                        "occluded": false,
                        "truncated": false,
                        "trafficLightColor": "none"
                    },
                    "box2d": {
                        "x1": 626.294096,
                        "y1": 233.212335,
                        "x2": 661.731571,
                        "y2": 260.212316
                    }
                },
                {
                    "category": "car",
                    "id": 2,
                    "attributes": {
                        "occluded": true,
                        "truncated": false,
                        "trafficLightColor": "none"
                    },
                    "box2d": {
                        "x1": 536.856656,
                        "y1": 287.212296,
                        "x2": 558.794142,
                        "y2": 302.399787
                    }
                },
                {
                    "category": "car",
                    "id": 3,
                    "attributes": {
                        "occluded": true,
                        "truncated": false,
                        "trafficLightColor": "none"
                    },
                    "box2d": {
                        "x1": 444.044221,
                        "y1": 292.274794,
                        "x2": 479.481697,
                        "y2": 304.087286
                    }
                },
                {
                    "category": "car",
                    "id": 4,
                    "attributes": {
                        "occluded": true,
                        "truncated": false,
                        "trafficLightColor": "none"
                    },
                    "box2d": {
                        "x1": 420.419237,
                        "y1": 290.587295,
                        "x2": 444.044221,
                        "y2": 305.774786
                    }
                },
                {
                    "category": "car",
                    "id": 5,
                    "attributes": {
                        "occluded": true,
                        "truncated": false,
                        "trafficLightColor": "none"
                    },
                    "box2d": {
                        "x1": 388.356759,
                        "y1": 285.524799,
                        "x2": 418.731738,
                        "y2": 305.774784
                    }
                },
                {
                    "category": "car",
                    "id": 6,
                    "attributes": {
                        "occluded": true,
                        "truncated": false,
                        "trafficLightColor": "none"
                    },
                    "box2d": {
                        "x1": 123.419441,
                        "y1": 283.8373,
                        "x2": 194.294392,
                        "y2": 312.52478
                    }
                },
                {
                    "category": "car",
                    "id": 7,
                    "attributes": {
                        "occluded": true,
                        "truncated": false,
                        "trafficLightColor": "none"
                    },
                    "box2d": {
                        "x1": 152.106923,
                        "y1": 287.212296,
                        "x2": 249.981855,
                        "y2": 312.52478
                    }
                },
                {
                    "category": "car",
                    "id": 8,
                    "attributes": {
                        "occluded": true,
                        "truncated": false,
                        "trafficLightColor": "none"
                    },
                    "box2d": {
                        "x1": 244.919357,
                        "y1": 280.462302,
                        "x2": 332.669296,
                        "y2": 347.962257
                    }
                },
                {
                    "category": "car",
                    "id": 9,
                    "attributes": {
                        "occluded": true,
                        "truncated": false,
                        "trafficLightColor": "none"
                    },
                    "box2d": {
                        "x1": 663.41907,
                        "y1": 290.587295,
                        "x2": 678.60656,
                        "y2": 302.399787
                    }
                },
                {
                    "category": "car",
                    "id": 10,
                    "attributes": {
                        "occluded": true,
                        "truncated": false,
                        "trafficLightColor": "none"
                    },
                    "box2d": {
                        "x1": 698.856546,
                        "y1": 287.212296,
                        "x2": 717.419032,
                        "y2": 302.399787
                    }
                },
                {
                    "category": "car",
                    "id": 11,
                    "attributes": {
                        "occluded": true,
                        "truncated": false,
                        "trafficLightColor": "none"
                    },
                    "box2d": {
                        "x1": 631.356591,
                        "y1": 288.899796,
                        "x2": 658.356573,
                        "y2": 319.274776
                    }
                },
                {
                    "category": "car",
                    "id": 12,
                    "attributes": {
                        "occluded": true,
                        "truncated": true,
                        "trafficLightColor": "none"
                    },
                    "box2d": {
                        "x1": 0,
                        "y1": 273.712307,
                        "x2": 113.294448,
                        "y2": 319.274775
                    }
                },
                {
                    "category": "car",
                    "id": 13,
                    "attributes": {
                        "occluded": false,
                        "truncated": false,
                        "trafficLightColor": "none"
                    },
                    "box2d": {
                        "x1": 676.919061,
                        "y1": 287.212296,
                        "x2": 698.856547,
                        "y2": 307.462284
                    }
                },
                {
                    "category": "car",
                    "id": 14,
                    "attributes": {
                        "occluded": false,
                        "truncated": false,
                        "trafficLightColor": "none"
                    },
                    "box2d": {
                        "x1": 562.16914,
                        "y1": 277.087304,
                        "x2": 643.169084,
                        "y2": 349.649756
                    }
                },
                {
                    "category": "car",
                    "id": 15,
                    "attributes": {
                        "occluded": false,
                        "truncated": false,
                        "trafficLightColor": "none"
                    },
                    "box2d": {
                        "x1": 479.481697,
                        "y1": 287.212296,
                        "x2": 545.294152,
                        "y2": 336.149764
                    }
                },
                {
                    "category": "car",
                    "id": 16,
                    "attributes": {
                        "occluded": false,
                        "truncated": false,
                        "trafficLightColor": "none"
                    },
                    "box2d": {
                        "x1": 273.606838,
                        "y1": 282.149801,
                        "x2": 423.794235,
                        "y2": 374.962237
                    }
                },
                {
                    "category": "area/drivable",
                    "id": 17,
                    "attributes": {},
                    "poly2d": [
                        [
                            837.276885,
                            547.872478,
                            "L"
                        ],
                        [
                            779.396003,
                            485.001866,
                            "C"
                        ],
                        [
                            702.554144,
                            424.127146,
                            "C"
                        ],
                        [
                            662.636296,
                            358.262695,
                            "C"
                        ],
                        [
                            513.942307,
                            348.283233,
                            "L"
                        ],
                        [
                            69.856236,
                            567.831403,
                            "L"
                        ],
                        [
                            363.252427,
                            529.909446,
                            "C"
                        ],
                        [
                            604.755412,
                            532.903285,
                            "C"
                        ],
                        [
                            837.276885,
                            547.872478,
                            "C"
                        ]
                    ]
                },
                {
                    "category": "area/alternative",
                    "id": 18,
                    "attributes": {},
                    "poly2d": [
                        [
                            867.215271,
                            542.882747,
                            "L"
                        ],
                        [
                            804.344659,
                            471.030619,
                            "C"
                        ],
                        [
                            561.843726,
                            322.336631,
                            "C"
                        ],
                        [
                            699.560305,
                            304.373599,
                            "C"
                        ],
                        [
                            1280.36501,
                            470.032673,
                            "L"
                        ],
                        [
                            1280.36501,
                            633.695853,
                            "L"
                        ],
                        [
                            1167.597086,
                            596.771844,
                            "C"
                        ],
                        [
                            1039.859968,
                            548.870425,
                            "C"
                        ],
                        [
                            867.215271,
                            542.882747,
                            "C"
                        ]
                    ]
                },
                {
                    "category": "area/alternative",
                    "id": 19,
                    "attributes": {},
                    "poly2d": [
                        [
                            0,
                            428.118931,
                            "L"
                        ],
                        [
                            0,
                            573.819081,
                            "L"
                        ],
                        [
                            28.940441,
                            574.817028,
                            "L"
                        ],
                        [
                            401.174383,
                            392.192867,
                            "L"
                        ],
                        [
                            235.515309,
                            370.238049,
                            "L"
                        ],
                        [
                            0,
                            428.118931,
                            "L"
                        ]
                    ]
                },
                {
                    "category": "area/alternative",
                    "id": 20,
                    "attributes": {},
                    "poly2d": [
                        [
                            0,
                            373.231889,
                            "L"
                        ],
                        [
                            0,
                            422.131254,
                            "L"
                        ],
                        [
                            256.47218,
                            359.260642,
                            "L"
                        ],
                        [
                            227.53174,
                            340.299663,
                            "L"
                        ],
                        [
                            0,
                            373.231889,
                            "L"
                        ]
                    ]
                },
                {
                    "category": "lane/road curb",
                    "id": 21,
                    "attributes": {
                        "direction": "parallel",
                        "style": "solid"
                    },
                    "poly2d": [
                        [
                            717.895851,
                            323.31137,
                            "C"
                        ],
                        [
                            826.354938,
                            370.826779,
                            "C"
                        ],
                        [
                            1092.854407,
                            428.671623,
                            "C"
                        ],
                        [
                            1279.81721,
                            481.351752,
                            "L"
                        ]
                    ]
                },
                {
                    "category": "lane/road curb",
                    "id": 22,
                    "attributes": {
                        "direction": "parallel",
                        "style": "solid"
                    },
                    "poly2d": [
                        [
                            238.609988,
                            337.772581,
                            "L"
                        ],
                        [
                            0,
                            366.695004,
                            "L"
                        ]
                    ]
                },
                {
                    "category": "lane/road curb",
                    "id": 23,
                    "attributes": {
                        "direction": "parallel",
                        "style": "solid"
                    },
                    "poly2d": [
                        [
                            482.384695,
                            316.080764,
                            "L"
                        ],
                        [
                            422.473963,
                            320.212538,
                            "L"
                        ]
                    ]
                },
                {
                    "category": "lane/road curb",
                    "id": 24,
                    "attributes": {
                        "direction": "parallel",
                        "style": "solid"
                    },
                    "poly2d": [
                        [
                            546.427203,
                            311.948989,
                            "L"
                        ],
                        [
                            568.11902,
                            309.883102,
                            "L"
                        ]
                    ]
                },
                {
                    "category": "lane/single white",
                    "id": 25,
                    "attributes": {
                        "direction": "parallel",
                        "style": "dashed"
                    },
                    "poly2d": [
                        [
                            479.285864,
                            325.377258,
                            "L"
                        ],
                        [
                            422.473963,
                            335.706694,
                            "L"
                        ]
                    ]
                },
                {
                    "category": "lane/single white",
                    "id": 26,
                    "attributes": {
                        "direction": "parallel",
                        "style": "dashed"
                    },
                    "poly2d": [
                        [
                            278.894792,
                            360.497342,
                            "L"
                        ],
                        [
                            1.032943,
                            419.375131,
                            "L"
                        ]
                    ]
                },
                {
                    "category": "lane/single white",
                    "id": 27,
                    "attributes": {
                        "direction": "parallel",
                        "style": "dashed"
                    },
                    "poly2d": [
                        [
                            554.690752,
                            328.476088,
                            "C"
                        ],
                        [
                            404.91392,
                            381.156213,
                            "C"
                        ],
                        [
                            201.424016,
                            490.648243,
                            "C"
                        ],
                        [
                            24.790648,
                            572.250794,
                            "L"
                        ]
                    ]
                },
                {
                    "category": "lane/single white",
                    "id": 28,
                    "attributes": {
                        "direction": "parallel",
                        "style": "dashed"
                    },
                    "poly2d": [
                        [
                            559.855472,
                            330.541975,
                            "C"
                        ],
                        [
                            401.815088,
                            391.485652,
                            "C"
                        ],
                        [
                            230.346439,
                            488.582356,
                            "C"
                        ],
                        [
                            66.108394,
                            568.11902,
                            "L"
                        ]
                    ]
                },
                {
                    "category": "lane/single white",
                    "id": 29,
                    "attributes": {
                        "direction": "parallel",
                        "style": "solid"
                    },
                    "poly2d": [
                        [
                            682.775769,
                            308.850159,
                            "C"
                        ],
                        [
                            580.514344,
                            322.278426,
                            "C"
                        ],
                        [
                            759.213599,
                            458.626991,
                            "C"
                        ],
                        [
                            838.750263,
                            551.591921,
                            "L"
                        ]
                    ]
                },
                {
                    "category": "lane/single white",
                    "id": 30,
                    "attributes": {
                        "direction": "parallel",
                        "style": "solid"
                    },
                    "poly2d": [
                        [
                            688.97343,
                            308.850159,
                            "C"
                        ],
                        [
                            598.074386,
                            317.113707,
                            "C"
                        ],
                        [
                            735.455896,
                            423.506905,
                            "C"
                        ],
                        [
                            862.507966,
                            546.427203,
                            "L"
                        ]
                    ]
                }
            ]
        }
    ],
    "attributes": {
        "weather": "clear",
        "scene": "highway",
        "timeofday": "dawn/dusk"
    }
}