{
    "name": "1b883059-144b2678",
    "frames": [
        {
            "timestamp": 10000,
            "objects": [
                {
                    "category": "traffic light",
                    "id": 0,
                    "attributes": {
                        "occluded": false,
                        "truncated": false,
                        "trafficLightColor": "red"
                    },
                    "box2d": {
                        "x1": 537.299812,
                        "y1": 274.049905,
                        "x2": 548.099808,
                        "y2": 291.599898
                    }
                },
                {
                    "category": "traffic light",
                    "id": 1,
                    "attributes": {
                        "occluded": false,
                        "truncated": false,
                        "trafficLightColor": "red"
                    },
                    "box2d": {
                        "x1": 495.449828,
                        "y1": 274.049905,
                        "x2": 504.899823,
                        "y2": 290.249899
                    }
                },
                {
                    "category": "traffic sign",
                    "id": 2,
                    "attributes": {
                        "occluded": true,
                        "truncated": false,
                        "trafficLightColor": "none"
                    },
                    "box2d": {
                        "x1": 360.449874,
                        "y1": 213.299925,
                        "x2": 390.149862,
                        "y2": 224.099923
                    }
                },
                {
                    "category": "traffic sign",
                    "id": 3,
                    "attributes": {
                        "occluded": false,
                        "truncated": false,
                        "trafficLightColor": "none"
                    },
                    "box2d": {
                        "x1": 352.349877,
                        "y1": 197.099931,
                        "x2": 371.249869,
                        "y2": 209.249927
                    }
                },
                {
                    "category": "traffic sign",
                    "id": 4,
                    "attributes": {
                        "occluded": false,
                        "truncated": false,
                        "trafficLightColor": "none"
                    },
                    "box2d": {
                        "x1": 302.399894,
                        "y1": 238.949916,
                        "x2": 325.349885,
                        "y2": 248.399914
                    }
                },
                {
                    "category": "traffic sign",
                    "id": 5,
                    "attributes": {
                        "occluded": false,
                        "truncated": false,
                        "trafficLightColor": "none"
                    },
                    "box2d": {
                        "x1": 607.499787,
                        "y1": 249.749913,
                        "x2": 630.449779,
                        "y2": 260.549909
                    }
                },
                {
                    "category": "traffic sign",
                    "id": 6,
                    "attributes": {
                        "occluded": false,
                        "truncated": false,
                        "trafficLightColor": "none"
                    },
                    "box2d": {
                        "x1": 619.649783,
                        "y1": 236.249917,
                        "x2": 633.149779,
                        "y2": 249.749913
                    }
                },
                {
                    "category": "car",
                    "id": 7,
                    "attributes": {
                        "occluded": false,
                        "truncated": false,
                        "trafficLightColor": "none"
                    },
                    "box2d": {
                        "x1": 566.317882,
                        "y1": 283.158951,
                        "x2": 598.049791,
                        "y2": 313.874891
                    }
                },
                {
                    "category": "car",
                    "id": 8,
                    "attributes": {
                        "occluded": true,
                        "truncated": false,
                        "trafficLightColor": "none"
                    },
                    "box2d": {
                        "x1": 491.399828,
                        "y1": 293.624898,
                        "x2": 503.549825,
                        "y2": 309.824893
                    }
                },
                {
                    "category": "car",
                    "id": 9,
                    "attributes": {
                        "occluded": true,
                        "truncated": false,
                        "trafficLightColor": "none"
                    },
                    "box2d": {
                        "x1": 480.599831,
                        "y1": 296.324896,
                        "x2": 498.149825,
                        "y2": 311.174891
                    }
                },
                {
                    "category": "car",
                    "id": 10,
                    "attributes": {
                        "occluded": true,
                        "truncated": false,
                        "trafficLightColor": "none"
                    },
                    "box2d": {
                        "x1": 382.049866,
                        "y1": 267.974906,
                        "x2": 445.499845,
                        "y2": 324.674885
                    }
                },
                {
                    "category": "car",
                    "id": 11,
                    "attributes": {
                        "occluded": true,
                        "truncated": false,
                        "trafficLightColor": "none"
                    },
                    "box2d": {
                        "x1": 342.89988,
                        "y1": 272.024905,
                        "x2": 417.149854,
                        "y2": 335.474883
                    }
                },
                {
                    "category": "car",
                    "id": 12,
                    "attributes": {
                        "occluded": true,
                        "truncated": false,
                        "trafficLightColor": "none"
                    },
                    "box2d": {
                        "x1": 253.799911,
                        "y1": 265.274907,
                        "x2": 350.999877,
                        "y2": 366.524872
                    }
                },
                {
                    "category": "car",
                    "id": 13,
                    "attributes": {
                        "occluded": true,
                        "truncated": false,
                        "trafficLightColor": "none"
                    },
                    "box2d": {
                        "x1": 23.651853,
                        "y1": 230.638983,
                        "x2": 262.601769,
                        "y2": 412.888918
                    }
                },
                {
                    "category": "car",
                    "id": 14,
                    "attributes": {
                        "occluded": false,
                        "truncated": false,
                        "trafficLightColor": "none"
                    },
                    "box2d": {
                        "x1": 457.001702,
                        "y1": 296.78896,
                        "x2": 486.701692,
                        "y2": 314.338952
                    }
                },
                {
                    "category": "car",
                    "id": 15,
                    "attributes": {
                        "occluded": false,
                        "truncated": false,
                        "trafficLightColor": "none"
                    },
                    "box2d": {
                        "x1": 509.651683,
                        "y1": 288.688961,
                        "x2": 532.601674,
                        "y2": 311.638953
                    }
                },
                {
                    "category": "car",
                    "id": 16,
                    "attributes": {
                        "occluded": true,
                        "truncated": false,
                        "trafficLightColor": "none"
                    },
                    "box2d": {
                        "x1": 542.051673,
                        "y1": 295.438959,
                        "x2": 567.701664,
                        "y2": 312.988952
                    }
                },
                {
                    "category": "car",
                    "id": 17,
                    "attributes": {
                        "occluded": false,
                        "truncated": true,
                        "trafficLightColor": "none"
                    },
                    "box2d": {
                        "x1": 0.701861,
                        "y1": 275.188966,
                        "x2": 35.801846,
                        "y2": 423.688914
                    }
                },
                {
                    "category": "car",
                    "id": 18,
                    "attributes": {
                        "occluded": false,
                        "truncated": true,
                        "trafficLightColor": "none"
                    },
                    "box2d": {
                        "x1": 884.249691,
                        "y1": 140.399951,
                        "x2": 1278.449554,
                        "y2": 527.849816
                    }
                },
                {
                    "category": "area/drivable",
                    "id": 19,
                    "attributes": {},
                    "poly2d": [
                        [
                            2.196626,
                            495.85462,
                            "L"
                        ],
                        [
                            320.70504,
                            487.068105,
                            "C"
                        ],
                        [
                            632.623625,
                            487.068105,
                            "C"
                        ],
                        [
                            915.986283,
                            499.149563,
                            "C"
                        ],
                        [
                            848.989686,
                            382.728239,
                            "L"
                        ],
                        [
                            663.376162,
                            369.548467,
                            "L"
                        ],
                        [
                            604.067698,
                            312.436117,
                            "L"
                        ],
                        [
                            462.38637,
                            315.731062,
                            "L"
                        ],
                        [
                            2.196626,
                            495.85462,
                            "L"
                        ]
                    ]
                }
            ]
        }
    ],
    "attributes": {
        "weather": "snowy",
        "scene": "city street",
        "timeofday": "night"
    }
}