{
    "name": "1bc82b26-7f99de31",
    "frames": [
        {
            "timestamp": 10000,
            "objects": [
                {
                    "category": "traffic sign",
                    "id": 0,
                    "attributes": {
                        "occluded": false,
                        "truncated": false,
                        "trafficLightColor": "none"
                    },
                    "box2d": {
                        "x1": 639.825988,
                        "y1": 214.976161,
                        "x2": 652.110342,
                        "y2": 236.473777
                    }
                },
                {
                    "category": "traffic sign",
                    "id": 1,
                    "attributes": {
                        "occluded": false,
                        "truncated": false,
                        "trafficLightColor": "none"
                    },
                    "box2d": {
                        "x1": 638.290446,
                        "y1": 236.473777,
                        "x2": 655.18143,
                        "y2": 244.151497
                    }
                },
                {
                    "category": "traffic sign",
                    "id": 2,
                    "attributes": {
                        "occluded": false,
                        "truncated": false,
                        "trafficLightColor": "none"
                    },
                    "box2d": {
                        "x1": 387.996772,
                        "y1": 228.796057,
                        "x2": 407.958844,
                        "y2": 236.473777
                    }
                },
                {
                    "category": "traffic sign",
                    "id": 3,
                    "attributes": {
                        "occluded": false,
                        "truncated": false,
                        "trafficLightColor": "none"
                    },
                    "box2d": {
                        "x1": 397.210036,
                        "y1": 241.080409,
                        "x2": 417.172108,
                        "y2": 253.364761
                    }
                },
                {
                    "category": "traffic light",
                    "id": 4,
                    "attributes": {
                        "occluded": false,
                        "truncated": false,
                        "trafficLightColor": "none"
                    },
                    "box2d": {
                        "x1": 387.996772,
                        "y1": 254.900304,
                        "x2": 406.423301,
                        "y2": 270.255744
                    }
                },
                {
                    "category": "traffic light",
                    "id": 5,
                    "attributes": {
                        "occluded": false,
                        "truncated": false,
                        "trafficLightColor": "green"
                    },
                    "box2d": {
                        "x1": 466.309518,
                        "y1": 202.691809,
                        "x2": 475.522782,
                        "y2": 222.65388
                    }
                },
                {
                    "category": "traffic sign",
                    "id": 6,
                    "attributes": {
                        "occluded": false,
                        "truncated": false,
                        "trafficLightColor": "none"
                    },
                    "box2d": {
                        "x1": 610.650652,
                        "y1": 253.364761,
                        "x2": 619.863917,
                        "y2": 265.649113
                    }
                },
                {
                    "category": "traffic sign",
                    "id": 7,
                    "attributes": {
                        "occluded": false,
                        "truncated": false,
                        "trafficLightColor": "none"
                    },
                    "box2d": {
                        "x1": 610.650652,
                        "y1": 242.615952,
                        "x2": 622.935004,
                        "y2": 251.829217
                    }
                },
                {
                    "category": "car",
                    "id": 8,
                    "attributes": {
                        "occluded": true,
                        "truncated": false,
                        "trafficLightColor": "none"
                    },
                    "box2d": {
                        "x1": 613.721742,
                        "y1": 279.469008,
                        "x2": 635.219358,
                        "y2": 328.606416
                    }
                },
                {
                    "category": "car",
                    "id": 9,
                    "attributes": {
                        "occluded": true,
                        "truncated": false,
                        "trafficLightColor": "none"
                    },
                    "box2d": {
                        "x1": 460.167341,
                        "y1": 285.611185,
                        "x2": 478.59387,
                        "y2": 316.322066
                    }
                },
                {
                    "category": "car",
                    "id": 10,
                    "attributes": {
                        "occluded": true,
                        "truncated": false,
                        "trafficLightColor": "none"
                    },
                    "box2d": {
                        "x1": 447.882989,
                        "y1": 277.933465,
                        "x2": 472.451695,
                        "y2": 331.677505
                    }
                },
                {
                    "category": "car",
                    "id": 11,
                    "attributes": {
                        "occluded": false,
                        "truncated": false,
                        "trafficLightColor": "none"
                    },
                    "box2d": {
                        "x1": 383.39014,
                        "y1": 277.933465,
                        "x2": 463.238428,
                        "y2": 342.426313
                    }
                },
                {
                    "category": "person",
                    "id": 12,
                    "attributes": {
                        "occluded": true,
                        "truncated": false,
                        "trafficLightColor": "none"
                    },
                    "box2d": {
                        "x1": 352.679262,
                        "y1": 282.540098,
                        "x2": 374.176879,
                        "y2": 320.962274
                    }
                },
                {
                    "category": "person",
                    "id": 13,
                    "attributes": {
                        "occluded": true,
                        "truncated": false,
                        "trafficLightColor": "none"
                    },
                    "box2d": {
                        "x1": 326.575012,
                        "y1": 290.217817,
                        "x2": 345.001542,
                        "y2": 325.535329
                    }
                },
                {
                    "category": "car",
                    "id": 14,
                    "attributes": {
                        "occluded": true,
                        "truncated": false,
                        "trafficLightColor": "none"
                    },
                    "box2d": {
                        "x1": 249.981854,
                        "y1": 288.682273,
                        "x2": 345.001539,
                        "y2": 313.250977
                    }
                },
                {
                    "category": "car",
                    "id": 15,
                    "attributes": {
                        "occluded": false,
                        "truncated": false,
                        "trafficLightColor": "none"
                    },
                    "box2d": {
                        "x1": 483.2005,
                        "y1": 231.867145,
                        "x2": 615.257285,
                        "y2": 380.814913
                    }
                },
                {
                    "category": "car",
                    "id": 16,
                    "attributes": {
                        "occluded": true,
                        "truncated": false,
                        "trafficLightColor": "none"
                    },
                    "box2d": {
                        "x1": 626.006094,
                        "y1": 291.75336,
                        "x2": 670.536871,
                        "y2": 343.961856
                    }
                },
                {
                    "category": "car",
                    "id": 17,
                    "attributes": {
                        "occluded": true,
                        "truncated": false,
                        "trafficLightColor": "none"
                    },
                    "box2d": {
                        "x1": 658.252519,
                        "y1": 285.611185,
                        "x2": 761.133967,
                        "y2": 359.774748
                    }
                },
                {
                    "category": "car",
                    "id": 18,
                    "attributes": {
                        "occluded": true,
                        "truncated": false,
                        "trafficLightColor": "none"
                    },
                    "box2d": {
                        "x1": 745.778524,
                        "y1": 225.72497,
                        "x2": 922.366086,
                        "y2": 426.881234
                    }
                },
                {
                    "category": "truck",
                    "id": 19,
                    "attributes": {
                        "occluded": false,
                        "truncated": true,
                        "trafficLightColor": "none"
                    },
                    "box2d": {
                        "x1": 851.731062,
                        "y1": 3.071088,
                        "x2": 1279.356147,
                        "y2": 540.511489
                    }
                },
                {
                    "category": "truck",
                    "id": 20,
                    "attributes": {
                        "occluded": false,
                        "truncated": true,
                        "trafficLightColor": "none"
                    },
                    "box2d": {
                        "x1": 0.232026,
                        "y1": 199.620721,
                        "x2": 194.518228,
                        "y2": 557.402474
                    }
                },
                {
                    "category": "car",
                    "id": 21,
                    "attributes": {
                        "occluded": true,
                        "truncated": false,
                        "trafficLightColor": "none"
                    },
                    "box2d": {
                        "x1": 228.044369,
                        "y1": 287.212297,
                        "x2": 276.981836,
                        "y2": 299.024789
                    }
                },
                {
                    "category": "car",
                    "id": 22,
                    "attributes": {
                        "occluded": true,
                        "truncated": false,
                        "trafficLightColor": "none"
                    },
                    "box2d": {
                        "x1": 204.419386,
                        "y1": 290.587295,
                        "x2": 233.106866,
                        "y2": 309.149782
                    }
                },
                {
                    "category": "area/drivable",
                    "id": 23,
                    "attributes": {},
                    "poly2d": [
                        [
                            480.385306,
                            388.051507,
                            "L"
                        ],
                        [
                            628.319089,
                            391.49973,
                            "L"
                        ],
                        [
                            851.068936,
                            568.687109,
                            "L"
                        ],
                        [
                            623.256593,
                            566.999609,
                            "C"
                        ],
                        [
                            311.069306,
                            556.874617,
                            "C"
                        ],
                        [
                            0,
                            624.374571,
                            "C"
                        ],
                        [
                            0,
                            599.062088,
                            "L"
                        ],
                        [
                            182.819395,
                            519.749643,
                            "L"
                        ],
                        [
                            199.694384,
                            440.437197,
                            "L"
                        ],
                        [
                            390.547015,
                            349.371132,
                            "L"
                        ],
                        [
                            479.81919,
                            347.62476,
                            "L"
                        ],
                        [
                            480.385306,
                            388.051507,
                            "L"
                        ]
                    ]
                },
                {
                    "category": "lane/single white",
                    "id": 24,
                    "attributes": {
                        "direction": "parallel",
                        "style": "solid"
                    },
                    "poly2d": [
                        [
                            629.704069,
                            387.203137,
                            "L"
                        ],
                        [
                            851.248132,
                            570.825242,
                            "L"
                        ]
                    ]
                },
                {
                    "category": "lane/single white",
                    "id": 25,
                    "attributes": {
                        "direction": "parallel",
                        "style": "solid"
                    },
                    "poly2d": [
                        [
                            638.685585,
                            386.205189,
                            "L"
                        ],
                        [
                            887.174196,
                            570.825242,
                            "L"
                        ]
                    ]
                }
            ]
        }
    ],
    "attributes": {
        "weather": "snowy",
        "scene": "city street",
        "timeofday": "daytime"
    }
}