{
    "name": "1bced9b1-74c3118d",
    "frames": [
        {
            "timestamp": 10000,
            "objects": [
                {
                    "category": "traffic light",
                    "id": 0,
                    "attributes": {
                        "occluded": false,
                        "truncated": false,
                        "trafficLightColor": "red"
                    },
                    "box2d": {
                        "x1": 161.181806,
                        "y1": 301.956478,
                        "x2": 175.806805,
                        "y2": 333.527302
                    }
                },
                {
                    "category": "traffic light",
                    "id": 1,
                    "attributes": {
                        "occluded": false,
                        "truncated": false,
                        "trafficLightColor": "red"
                    },
                    "box2d": {
                        "x1": 518.931763,
                        "y1": 312.152305,
                        "x2": 531.306762,
                        "y2": 338.0273
                    }
                },
                {
                    "category": "traffic light",
                    "id": 2,
                    "attributes": {
                        "occluded": false,
                        "truncated": false,
                        "trafficLightColor": "red"
                    },
                    "box2d": {
                        "x1": 562.806757,
                        "y1": 370.652297,
                        "x2": 571.806754,
                        "y2": 383.027296
                    }
                },
                {
                    "category": "traffic light",
                    "id": 3,
                    "attributes": {
                        "occluded": false,
                        "truncated": false,
                        "trafficLightColor": "red"
                    },
                    "box2d": {
                        "x1": 452.556772,
                        "y1": 366.152298,
                        "x2": 461.55677,
                        "y2": 383.027296
                    }
                },
                {
                    "category": "traffic light",
                    "id": 4,
                    "attributes": {
                        "occluded": false,
                        "truncated": false,
                        "trafficLightColor": "none"
                    },
                    "box2d": {
                        "x1": 180.306805,
                        "y1": 302.027306,
                        "x2": 191.556804,
                        "y2": 334.652302
                    }
                },
                {
                    "category": "traffic light",
                    "id": 5,
                    "attributes": {
                        "occluded": false,
                        "truncated": false,
                        "trafficLightColor": "red"
                    },
                    "box2d": {
                        "x1": 62.18182,
                        "y1": 392.027295,
                        "x2": 79.056818,
                        "y2": 408.902292
                    }
                },
                {
                    "category": "traffic light",
                    "id": 6,
                    "attributes": {
                        "occluded": false,
                        "truncated": false,
                        "trafficLightColor": "green"
                    },
                    "box2d": {
                        "x1": 88.056816,
                        "y1": 318.902305,
                        "x2": 97.056814,
                        "y2": 345.902302
                    }
                },
                {
                    "category": "person",
                    "id": 7,
                    "attributes": {
                        "occluded": false,
                        "truncated": false,
                        "trafficLightColor": "none"
                    },
                    "box2d": {
                        "x1": 1155.681684,
                        "y1": 351.5273,
                        "x2": 1208.556677,
                        "y2": 491.027281
                    }
                },
                {
                    "category": "car",
                    "id": 8,
                    "attributes": {
                        "occluded": true,
                        "truncated": false,
                        "trafficLightColor": "none"
                    },
                    "box2d": {
                        "x1": 433.431773,
                        "y1": 398.777295,
                        "x2": 473.931768,
                        "y2": 419.027292
                    }
                },
                {
                    "category": "car",
                    "id": 9,
                    "attributes": {
                        "occluded": true,
                        "truncated": false,
                        "trafficLightColor": "none"
                    },
                    "box2d": {
                        "x1": 300.68179,
                        "y1": 399.902295,
                        "x2": 404.181778,
                        "y2": 483.152282
                    }
                },
                {
                    "category": "car",
                    "id": 10,
                    "attributes": {
                        "occluded": true,
                        "truncated": false,
                        "trafficLightColor": "none"
                    },
                    "box2d": {
                        "x1": 277.056793,
                        "y1": 412.277292,
                        "x2": 305.18179,
                        "y2": 450.527287
                    }
                },
                {
                    "category": "car",
                    "id": 11,
                    "attributes": {
                        "occluded": true,
                        "truncated": false,
                        "trafficLightColor": "none"
                    },
                    "box2d": {
                        "x1": 219.681802,
                        "y1": 411.152292,
                        "x2": 290.556793,
                        "y2": 455.027287
                    }
                },
                {
                    "category": "car",
                    "id": 12,
                    "attributes": {
                        "occluded": true,
                        "truncated": false,
                        "trafficLightColor": "none"
                    },
                    "box2d": {
                        "x1": 481.806767,
                        "y1": 401.027295,
                        "x2": 548.181758,
                        "y2": 443.777287
                    }
                },
                {
                    "category": "car",
                    "id": 13,
                    "attributes": {
                        "occluded": true,
                        "truncated": false,
                        "trafficLightColor": "none"
                    },
                    "box2d": {
                        "x1": 86.931816,
                        "y1": 422.402291,
                        "x2": 228.681799,
                        "y2": 504.527281
                    }
                },
                {
                    "category": "car",
                    "id": 14,
                    "attributes": {
                        "occluded": false,
                        "truncated": true,
                        "trafficLightColor": "none"
                    },
                    "box2d": {
                        "x1": 0.306828,
                        "y1": 417.902292,
                        "x2": 165.681806,
                        "y2": 605.777268
                    }
                },
                {
                    "category": "car",
                    "id": 15,
                    "attributes": {
                        "occluded": false,
                        "truncated": false,
                        "trafficLightColor": "none"
                    },
                    "box2d": {
                        "x1": 305.181789,
                        "y1": 411.152292,
                        "x2": 514.431763,
                        "y2": 550.652275
                    }
                },
                {
                    "category": "bus",
                    "id": 16,
                    "attributes": {
                        "occluded": false,
                        "truncated": false,
                        "trafficLightColor": "none"
                    },
                    "box2d": {
                        "x1": 602.181752,
                        "y1": 124.277328,
                        "x2": 1150.056683,
                        "y2": 614.777267
                    }
                },
                {
                    "category": "traffic sign",
                    "id": 17,
                    "attributes": {
                        "occluded": false,
                        "truncated": false,
                        "trafficLightColor": "none"
                    },
                    "box2d": {
                        "x1": 102.315832,
                        "y1": 329.407067,
                        "x2": 154.721501,
                        "y2": 341.884608
                    }
                },
                {
                    "category": "traffic sign",
                    "id": 18,
                    "attributes": {
                        "occluded": false,
                        "truncated": false,
                        "trafficLightColor": "none"
                    },
                    "box2d": {
                        "x1": 570.223598,
                        "y1": 326.911559,
                        "x2": 611.399481,
                        "y2": 338.141346
                    }
                },
                {
                    "category": "area/drivable",
                    "id": 19,
                    "attributes": {},
                    "poly2d": [
                        [
                            232.157506,
                            720.3888,
                            "L"
                        ],
                        [
                            0,
                            719.954083,
                            "L"
                        ],
                        [
                            0,
                            624.536652,
                            "L"
                        ],
                        [
                            181.236053,
                            560.13599,
                            "L"
                        ],
                        [
                            630.542996,
                            576.610578,
                            "L"
                        ],
                        [
                            672.478312,
                            685.941935,
                            "L"
                        ],
                        [
                            531.695469,
                            688.937314,
                            "C"
                        ],
                        [
                            375.935728,
                            696.425762,
                            "C"
                        ],
                        [
                            232.157506,
                            720.3888,
                            "C"
                        ]
                    ]
                },
                {
                    "category": "lane/road curb",
                    "id": 20,
                    "attributes": {
                        "direction": "parallel",
                        "style": "solid"
                    },
                    "poly2d": [
                        [
                            1054.352166,
                            606.408465,
                            "L"
                        ],
                        [
                            1278.947894,
                            698.742264,
                            "L"
                        ]
                    ]
                },
                {
                    "category": "lane/single white",
                    "id": 21,
                    "attributes": {
                        "direction": "parallel",
                        "style": "dashed"
                    },
                    "poly2d": [
                        [
                            580.20563,
                            480.385307,
                            "L"
                        ],
                        [
                            598.921942,
                            681.273707,
                            "L"
                        ]
                    ]
                },
                {
                    "category": "lane/single white",
                    "id": 22,
                    "attributes": {
                        "direction": "parallel",
                        "style": "dashed"
                    },
                    "poly2d": [
                        [
                            588.939908,
                            479.137551,
                            "L"
                        ],
                        [
                            611.399481,
                            683.769215,
                            "L"
                        ]
                    ]
                },
                {
                    "category": "lane/single white",
                    "id": 23,
                    "attributes": {
                        "direction": "parallel",
                        "style": "solid"
                    },
                    "poly2d": [
                        [
                            277.001397,
                            486.624077,
                            "L"
                        ],
                        [
                            240.81653,
                            494.110601,
                            "L"
                        ]
                    ]
                },
                {
                    "category": "lane/single white",
                    "id": 24,
                    "attributes": {
                        "direction": "vertical",
                        "style": "solid"
                    },
                    "poly2d": [
                        [
                            225.843482,
                            484.128569,
                            "L"
                        ],
                        [
                            303.204231,
                            482.880815,
                            "L"
                        ]
                    ]
                },
                {
                    "category": "lane/single white",
                    "id": 25,
                    "attributes": {
                        "direction": "vertical",
                        "style": "solid"
                    },
                    "poly2d": [
                        [
                            512.826912,
                            476.642044,
                            "L"
                        ],
                        [
                            612.647236,
                            472.898783,
                            "L"
                        ]
                    ]
                },
                {
                    "category": "lane/crosswalk",
                    "id": 26,
                    "attributes": {
                        "direction": "vertical",
                        "style": "dashed"
                    },
                    "poly2d": [
                        [
                            511.579158,
                            471.651028,
                            "L"
                        ],
                        [
                            611.399481,
                            469.15552,
                            "L"
                        ]
                    ]
                },
                {
                    "category": "lane/crosswalk",
                    "id": 27,
                    "attributes": {
                        "direction": "vertical",
                        "style": "dashed"
                    },
                    "poly2d": [
                        [
                            509.083648,
                            462.91675,
                            "L"
                        ],
                        [
                            607.656219,
                            461.668996,
                            "L"
                        ]
                    ]
                },
                {
                    "category": "lane/crosswalk",
                    "id": 28,
                    "attributes": {
                        "direction": "vertical",
                        "style": "dashed"
                    },
                    "poly2d": [
                        [
                            515.32242,
                            445.448193,
                            "L"
                        ],
                        [
                            607.656219,
                            442.952684,
                            "L"
                        ]
                    ]
                },
                {
                    "category": "lane/crosswalk",
                    "id": 29,
                    "attributes": {
                        "direction": "vertical",
                        "style": "dashed"
                    },
                    "poly2d": [
                        [
                            225.843482,
                            479.137551,
                            "L"
                        ],
                        [
                            301.956478,
                            479.137551,
                            "L"
                        ]
                    ]
                },
                {
                    "category": "lane/crosswalk",
                    "id": 30,
                    "attributes": {
                        "direction": "vertical",
                        "style": "dashed"
                    },
                    "poly2d": [
                        [
                            228.33899,
                            471.651028,
                            "L"
                        ],
                        [
                            300.708724,
                            470.403274,
                            "L"
                        ]
                    ]
                }
            ]
        }
    ],
    "attributes": {
        "weather": "partly cloudy",
        "scene": "city street",
        "timeofday": "dawn/dusk"
    }
}