{
    "name": "1beed53f-d02fafd3",
    "frames": [
        {
            "timestamp": 10000,
            "objects": [
                {
                    "category": "traffic sign",
                    "id": 0,
                    "attributes": {
                        "occluded": false,
                        "truncated": false,
                        "trafficLightColor": "none"
                    },
                    "box2d": {
                        "x1": 194.625265,
                        "y1": 190.345325,
                        "x2": 290.361078,
                        "y2": 215.124007
                    }
                },
                {
                    "category": "traffic sign",
                    "id": 1,
                    "attributes": {
                        "occluded": false,
                        "truncated": false,
                        "trafficLightColor": "none"
                    },
                    "box2d": {
                        "x1": 30.184925,
                        "y1": 97.988422,
                        "x2": 111.278791,
                        "y2": 155.42991
                    }
                },
                {
                    "category": "traffic light",
                    "id": 2,
                    "attributes": {
                        "occluded": false,
                        "truncated": false,
                        "trafficLightColor": "green"
                    },
                    "box2d": {
                        "x1": 380.465375,
                        "y1": 210.618791,
                        "x2": 401.865146,
                        "y2": 236.523775
                    }
                },
                {
                    "category": "traffic light",
                    "id": 3,
                    "attributes": {
                        "occluded": false,
                        "truncated": false,
                        "trafficLightColor": "green"
                    },
                    "box2d": {
                        "x1": 484.085315,
                        "y1": 280.44962,
                        "x2": 505.485086,
                        "y2": 299.596784
                    }
                },
                {
                    "category": "traffic light",
                    "id": 4,
                    "attributes": {
                        "occluded": false,
                        "truncated": false,
                        "trafficLightColor": "green"
                    },
                    "box2d": {
                        "x1": 653.030869,
                        "y1": 317.617642,
                        "x2": 663.167603,
                        "y2": 325.501768
                    }
                },
                {
                    "category": "traffic light",
                    "id": 5,
                    "attributes": {
                        "occluded": false,
                        "truncated": false,
                        "trafficLightColor": "green"
                    },
                    "box2d": {
                        "x1": 748.766684,
                        "y1": 313.112428,
                        "x2": 763.408632,
                        "y2": 323.24916
                    }
                },
                {
                    "category": "traffic light",
                    "id": 6,
                    "attributes": {
                        "occluded": false,
                        "truncated": false,
                        "trafficLightColor": "green"
                    },
                    "box2d": {
                        "x1": 1095.668222,
                        "y1": 210.618791,
                        "x2": 1126.078422,
                        "y2": 232.018561
                    }
                },
                {
                    "category": "traffic light",
                    "id": 7,
                    "attributes": {
                        "occluded": false,
                        "truncated": false,
                        "trafficLightColor": "red"
                    },
                    "box2d": {
                        "x1": 1248.845525,
                        "y1": 270.312887,
                        "x2": 1271.371599,
                        "y2": 307.480909
                    }
                },
                {
                    "category": "car",
                    "id": 8,
                    "attributes": {
                        "occluded": true,
                        "truncated": false,
                        "trafficLightColor": "none"
                    },
                    "box2d": {
                        "x1": 706.473994,
                        "y1": 351.406753,
                        "x2": 726.74746,
                        "y2": 375.059131
                    }
                },
                {
                    "category": "car",
                    "id": 9,
                    "attributes": {
                        "occluded": true,
                        "truncated": false,
                        "trafficLightColor": "none"
                    },
                    "box2d": {
                        "x1": 692.958349,
                        "y1": 348.027842,
                        "x2": 713.231816,
                        "y2": 375.05913
                    }
                },
                {
                    "category": "car",
                    "id": 10,
                    "attributes": {
                        "occluded": false,
                        "truncated": false,
                        "trafficLightColor": "none"
                    },
                    "box2d": {
                        "x1": 663.674453,
                        "y1": 343.522627,
                        "x2": 716.610727,
                        "y2": 378.438043
                    }
                },
                {
                    "category": "car",
                    "id": 11,
                    "attributes": {
                        "occluded": true,
                        "truncated": false,
                        "trafficLightColor": "none"
                    },
                    "box2d": {
                        "x1": 641.148379,
                        "y1": 346.901539,
                        "x2": 668.179667,
                        "y2": 380.690649
                    }
                },
                {
                    "category": "car",
                    "id": 12,
                    "attributes": {
                        "occluded": true,
                        "truncated": false,
                        "trafficLightColor": "none"
                    },
                    "box2d": {
                        "x1": 612.990787,
                        "y1": 351.406753,
                        "x2": 651.285113,
                        "y2": 376.185435
                    }
                },
                {
                    "category": "car",
                    "id": 13,
                    "attributes": {
                        "occluded": true,
                        "truncated": false,
                        "trafficLightColor": "none"
                    },
                    "box2d": {
                        "x1": 597.222535,
                        "y1": 353.659361,
                        "x2": 618.622305,
                        "y2": 375.059131
                    }
                },
                {
                    "category": "car",
                    "id": 14,
                    "attributes": {
                        "occluded": false,
                        "truncated": false,
                        "trafficLightColor": "none"
                    },
                    "box2d": {
                        "x1": 539.781047,
                        "y1": 335.638502,
                        "x2": 602.854052,
                        "y2": 393.07999
                    }
                },
                {
                    "category": "car",
                    "id": 15,
                    "attributes": {
                        "occluded": false,
                        "truncated": false,
                        "trafficLightColor": "none"
                    },
                    "box2d": {
                        "x1": 724.494853,
                        "y1": 348.027842,
                        "x2": 765.041786,
                        "y2": 373.932825
                    }
                },
                {
                    "category": "car",
                    "id": 16,
                    "attributes": {
                        "occluded": true,
                        "truncated": false,
                        "trafficLightColor": "none"
                    },
                    "box2d": {
                        "x1": 762.789178,
                        "y1": 346.901539,
                        "x2": 779.683734,
                        "y2": 368.301309
                    }
                },
                {
                    "category": "car",
                    "id": 17,
                    "attributes": {
                        "occluded": true,
                        "truncated": false,
                        "trafficLightColor": "none"
                    },
                    "box2d": {
                        "x1": 778.55743,
                        "y1": 343.522627,
                        "x2": 832.620008,
                        "y2": 390.827383
                    }
                },
                {
                    "category": "car",
                    "id": 18,
                    "attributes": {
                        "occluded": true,
                        "truncated": false,
                        "trafficLightColor": "none"
                    },
                    "box2d": {
                        "x1": 823.609578,
                        "y1": 352.533057,
                        "x2": 847.261958,
                        "y2": 370.553915
                    }
                },
                {
                    "category": "car",
                    "id": 19,
                    "attributes": {
                        "occluded": false,
                        "truncated": false,
                        "trafficLightColor": "none"
                    },
                    "box2d": {
                        "x1": 803.899263,
                        "y1": 315.365035,
                        "x2": 1112.506478,
                        "y2": 496.699929
                    }
                },
                {
                    "category": "car",
                    "id": 20,
                    "attributes": {
                        "occluded": true,
                        "truncated": false,
                        "trafficLightColor": "none"
                    },
                    "box2d": {
                        "x1": 1042.675647,
                        "y1": 296.217871,
                        "x2": 1271.315296,
                        "y2": 442.637352
                    }
                },
                {
                    "category": "car",
                    "id": 21,
                    "attributes": {
                        "occluded": false,
                        "truncated": false,
                        "trafficLightColor": "none"
                    },
                    "box2d": {
                        "x1": 414.198184,
                        "y1": 351.406753,
                        "x2": 558.365057,
                        "y2": 461.784515
                    }
                },
                {
                    "category": "person",
                    "id": 22,
                    "attributes": {
                        "occluded": true,
                        "truncated": false,
                        "trafficLightColor": "none"
                    },
                    "box2d": {
                        "x1": 331.414863,
                        "y1": 360.980335,
                        "x2": 362.951366,
                        "y2": 418.421824
                    }
                },
                {
                    "category": "person",
                    "id": 23,
                    "attributes": {
                        "occluded": true,
                        "truncated": false,
                        "trafficLightColor": "none"
                    },
                    "box2d": {
                        "x1": 401.245692,
                        "y1": 356.47512,
                        "x2": 426.024374,
                        "y2": 409.411394
                    }
                },
                {
                    "category": "person",
                    "id": 24,
                    "attributes": {
                        "occluded": false,
                        "truncated": false,
                        "trafficLightColor": "none"
                    },
                    "box2d": {
                        "x1": 303.25727,
                        "y1": 350.843601,
                        "x2": 335.920076,
                        "y2": 427.432252
                    }
                },
                {
                    "category": "person",
                    "id": 25,
                    "attributes": {
                        "occluded": false,
                        "truncated": false,
                        "trafficLightColor": "none"
                    },
                    "box2d": {
                        "x1": 262.710337,
                        "y1": 360.980335,
                        "x2": 286.362716,
                        "y2": 430.811165
                    }
                },
                {
                    "category": "person",
                    "id": 26,
                    "attributes": {
                        "occluded": false,
                        "truncated": false,
                        "trafficLightColor": "none"
                    },
                    "box2d": {
                        "x1": 204.142545,
                        "y1": 349.717298,
                        "x2": 250.320996,
                        "y2": 461.221363
                    }
                },
                {
                    "category": "person",
                    "id": 27,
                    "attributes": {
                        "occluded": false,
                        "truncated": false,
                        "trafficLightColor": "none"
                    },
                    "box2d": {
                        "x1": 139.943234,
                        "y1": 350.843601,
                        "x2": 194.005812,
                        "y2": 470.231793
                    }
                },
                {
                    "category": "area/drivable",
                    "id": 28,
                    "attributes": {},
                    "poly2d": [
                        [
                            654.157725,
                            399.753281,
                            "L"
                        ],
                        [
                            354.968071,
                            655.988138,
                            "L"
                        ],
                        [
                            598.878141,
                            616.264986,
                            "C"
                        ],
                        [
                            806.176581,
                            613.193898,
                            "C"
                        ],
                        [
                            1027.430797,
                            635.020481,
                            "C"
                        ],
                        [
                            738.376663,
                            395.390111,
                            "L"
                        ],
                        [
                            654.157725,
                            399.753281,
                            "L"
                        ]
                    ]
                },
                {
                    "category": "area/alternative",
                    "id": 29,
                    "attributes": {},
                    "poly2d": [
                        [
                            1058.882284,
                            635.020481,
                            "L"
                        ],
                        [
                            1135.264464,
                            632.025102,
                            "C"
                        ],
                        [
                            1205.655885,
                            639.51355,
                            "C"
                        ],
                        [
                            1280.524791,
                            641.01124,
                            "C"
                        ],
                        [
                            1280.524791,
                            492.739949,
                            "L"
                        ],
                        [
                            1207.153574,
                            476.26536,
                            "L"
                        ],
                        [
                            915.104061,
                            524.191435,
                            "L"
                        ],
                        [
                            1058.882284,
                            635.020481,
                            "L"
                        ]
                    ]
                },
                {
                    "category": "area/alternative",
                    "id": 30,
                    "attributes": {},
                    "poly2d": [
                        [
                            320.944676,
                            436.606337,
                            "L"
                        ],
                        [
                            0,
                            522.596801,
                            "L"
                        ],
                        [
                            0,
                            711.402661,
                            "L"
                        ],
                        [
                            110.844631,
                            684.444245,
                            "C"
                        ],
                        [
                            220.175989,
                            666.471966,
                            "C"
                        ],
                        [
                            326.511964,
                            652.992758,
                            "C"
                        ],
                        [
                            528.700088,
                            494.237638,
                            "L"
                        ],
                        [
                            320.944676,
                            436.606337,
                            "L"
                        ]
                    ]
                },
                {
                    "category": "lane/crosswalk",
                    "id": 31,
                    "attributes": {
                        "direction": "vertical",
                        "style": "dashed"
                    },
                    "poly2d": [
                        [
                            154.721501,
                            487.871831,
                            "L"
                        ],
                        [
                            812.287882,
                            446.695947,
                            "L"
                        ]
                    ]
                },
                {
                    "category": "lane/crosswalk",
                    "id": 32,
                    "attributes": {
                        "direction": "vertical",
                        "style": "dashed"
                    },
                    "poly2d": [
                        [
                            316.929527,
                            441.704931,
                            "L"
                        ],
                        [
                            415.502096,
                            436.713915,
                            "L"
                        ]
                    ]
                },
                {
                    "category": "lane/crosswalk",
                    "id": 33,
                    "attributes": {
                        "direction": "vertical",
                        "style": "dashed"
                    },
                    "poly2d": [
                        [
                            557.746057,
                            429.227391,
                            "L"
                        ],
                        [
                            807.296866,
                            414.254342,
                            "L"
                        ]
                    ]
                },
                {
                    "category": "lane/crosswalk",
                    "id": 34,
                    "attributes": {
                        "direction": "vertical",
                        "style": "dashed"
                    },
                    "poly2d": [
                        [
                            1114.24436,
                            444.200439,
                            "L"
                        ],
                        [
                            1280.195648,
                            444.200439,
                            "L"
                        ]
                    ]
                },
                {
                    "category": "lane/crosswalk",
                    "id": 35,
                    "attributes": {
                        "direction": "vertical",
                        "style": "dashed"
                    },
                    "poly2d": [
                        [
                            555.250549,
                            401.776802,
                            "L"
                        ],
                        [
                            808.54462,
                            391.794769,
                            "L"
                        ]
                    ]
                },
                {
                    "category": "lane/crosswalk",
                    "id": 36,
                    "attributes": {
                        "direction": "vertical",
                        "style": "dashed"
                    },
                    "poly2d": [
                        [
                            585.196646,
                            395.538032,
                            "L"
                        ],
                        [
                            811.040128,
                            384.308245,
                            "L"
                        ]
                    ]
                },
                {
                    "category": "lane/crosswalk",
                    "id": 37,
                    "attributes": {
                        "direction": "vertical",
                        "style": "dashed"
                    },
                    "poly2d": [
                        [
                            410.51108,
                            413.006588,
                            "C"
                        ],
                        [
                            369.335197,
                            421.740866,
                            "C"
                        ],
                        [
                            324.416051,
                            427.979637,
                            "C"
                        ],
                        [
                            285.735676,
                            446.695947,
                            "L"
                        ]
                    ]
                },
                {
                    "category": "lane/crosswalk",
                    "id": 38,
                    "attributes": {
                        "direction": "vertical",
                        "style": "dashed"
                    },
                    "poly2d": [
                        [
                            205.879417,
                            424.236375,
                            "L"
                        ],
                        [
                            188.41086,
                            430.475145,
                            "L"
                        ]
                    ]
                },
                {
                    "category": "lane/road curb",
                    "id": 39,
                    "attributes": {
                        "direction": "parallel",
                        "style": "solid"
                    },
                    "poly2d": [
                        [
                            2.495508,
                            517.817928,
                            "L"
                        ],
                        [
                            274.505889,
                            454.182472,
                            "L"
                        ]
                    ]
                },
                {
                    "category": "lane/single white",
                    "id": 40,
                    "attributes": {
                        "direction": "parallel",
                        "style": "solid"
                    },
                    "poly2d": [
                        [
                            225.843482,
                            520.313436,
                            "L"
                        ],
                        [
                            0,
                            591.435416,
                            "L"
                        ]
                    ]
                },
                {
                    "category": "lane/single white",
                    "id": 41,
                    "attributes": {
                        "direction": "parallel",
                        "style": "solid"
                    },
                    "poly2d": [
                        [
                            215.861449,
                            517.817928,
                            "L"
                        ],
                        [
                            0,
                            585.196646,
                            "L"
                        ]
                    ]
                },
                {
                    "category": "lane/single white",
                    "id": 42,
                    "attributes": {
                        "direction": "parallel",
                        "style": "solid"
                    },
                    "poly2d": [
                        [
                            520.313436,
                            500.349371,
                            "L"
                        ],
                        [
                            324.416051,
                            655.070872,
                            "L"
                        ]
                    ]
                },
                {
                    "category": "lane/single white",
                    "id": 43,
                    "attributes": {
                        "direction": "parallel",
                        "style": "solid"
                    },
                    "poly2d": [
                        [
                            531.543222,
                            501.597125,
                            "L"
                        ],
                        [
                            351.86664,
                            653.823118,
                            "L"
                        ]
                    ]
                },
                {
                    "category": "lane/single white",
                    "id": 44,
                    "attributes": {
                        "direction": "parallel",
                        "style": "solid"
                    },
                    "poly2d": [
                        [
                            867.18906,
                            497.853863,
                            "L"
                        ],
                        [
                            1024.406069,
                            631.363546,
                            "L"
                        ]
                    ]
                },
                {
                    "category": "lane/single white",
                    "id": 45,
                    "attributes": {
                        "direction": "parallel",
                        "style": "solid"
                    },
                    "poly2d": [
                        [
                            1054.352166,
                            632.6113,
                            "L"
                        ],
                        [
                            880.914354,
                            496.606109,
                            "L"
                        ]
                    ]
                },
                {
                    "category": "lane/single white",
                    "id": 46,
                    "attributes": {
                        "direction": "parallel",
                        "style": "solid"
                    },
                    "poly2d": [
                        [
                            1214.064684,
                            476.642044,
                            "L"
                        ],
                        [
                            1280.195648,
                            494.110601,
                            "L"
                        ]
                    ]
                },
                {
                    "category": "lane/single white",
                    "id": 47,
                    "attributes": {
                        "direction": "parallel",
                        "style": "solid"
                    },
                    "poly2d": [
                        [
                            1229.037732,
                            476.642044,
                            "L"
                        ],
                        [
                            1278.947894,
                            489.119585,
                            "L"
                        ]
                    ]
                },
                {
                    "category": "lane/single white",
                    "id": 48,
                    "attributes": {
                        "direction": "vertical",
                        "style": "solid"
                    },
                    "poly2d": [
                        [
                            1.247754,
                            529.047714,
                            "C"
                        ],
                        [
                            299.46097,
                            509.083649,
                            "C"
                        ],
                        [
                            565.232581,
                            487.871831,
                            "C"
                        ],
                        [
                            853.463765,
                            477.889798,
                            "L"
                        ]
                    ]
                },
                {
                    "category": "lane/single white",
                    "id": 49,
                    "attributes": {
                        "direction": "vertical",
                        "style": "solid"
                    },
                    "poly2d": [
                        [
                            8.734278,
                            520.313436,
                            "C"
                        ],
                        [
                            293.2222,
                            501.597125,
                            "C"
                        ],
                        [
                            567.728089,
                            480.385306,
                            "C"
                        ],
                        [
                            848.472749,
                            469.15552,
                            "L"
                        ]
                    ]
                },
                {
                    "category": "lane/single white",
                    "id": 50,
                    "attributes": {
                        "direction": "vertical",
                        "style": "solid"
                    },
                    "poly2d": [
                        [
                            1106.757836,
                            474.146536,
                            "L"
                        ],
                        [
                            1280.195648,
                            474.146536,
                            "L"
                        ]
                    ]
                },
                {
                    "category": "lane/single white",
                    "id": 51,
                    "attributes": {
                        "direction": "vertical",
                        "style": "solid"
                    },
                    "poly2d": [
                        [
                            1105.510082,
                            466.660012,
                            "L"
                        ],
                        [
                            1280.195648,
                            465.412258,
                            "L"
                        ]
                    ]
                }
            ]
        }
    ],
    "attributes": {
        "weather": "clear",
        "scene": "city street",
        "timeofday": "night"
    }
}