{
    "name": "1bef82fc-769efc1c",
    "frames": [
        {
            "timestamp": 10000,
            "objects": [
                {
                    "category": "person",
                    "id": 0,
                    "attributes": {
                        "occluded": true,
                        "truncated": false,
                        "trafficLightColor": "none"
                    },
                    "box2d": {
                        "x1": 759.606505,
                        "y1": 121.837411,
                        "x2": 781.54399,
                        "y2": 199.462359
                    }
                },
                {
                    "category": "person",
                    "id": 1,
                    "attributes": {
                        "occluded": true,
                        "truncated": false,
                        "trafficLightColor": "none"
                    },
                    "box2d": {
                        "x1": 786.606485,
                        "y1": 116.774915,
                        "x2": 813.606467,
                        "y2": 187.649866
                    }
                },
                {
                    "category": "person",
                    "id": 2,
                    "attributes": {
                        "occluded": true,
                        "truncated": false,
                        "trafficLightColor": "none"
                    },
                    "box2d": {
                        "x1": 737.66902,
                        "y1": 125.212409,
                        "x2": 754.544007,
                        "y2": 177.524873
                    }
                },
                {
                    "category": "person",
                    "id": 3,
                    "attributes": {
                        "occluded": true,
                        "truncated": false,
                        "trafficLightColor": "none"
                    },
                    "box2d": {
                        "x1": 565.544137,
                        "y1": 122.279896,
                        "x2": 606.044109,
                        "y2": 241.649829
                    }
                },
                {
                    "category": "traffic sign",
                    "id": 4,
                    "attributes": {
                        "occluded": false,
                        "truncated": false,
                        "trafficLightColor": "none"
                    },
                    "box2d": {
                        "x1": 384.981762,
                        "y1": 111.712418,
                        "x2": 411.981743,
                        "y2": 120.149911
                    }
                },
                {
                    "category": "traffic light",
                    "id": 5,
                    "attributes": {
                        "occluded": false,
                        "truncated": false,
                        "trafficLightColor": "red"
                    },
                    "box2d": {
                        "x1": 422.106735,
                        "y1": 103.274924,
                        "x2": 430.544229,
                        "y2": 116.774915
                    }
                },
                {
                    "category": "car",
                    "id": 6,
                    "attributes": {
                        "occluded": true,
                        "truncated": false,
                        "trafficLightColor": "none"
                    },
                    "box2d": {
                        "x1": 395.106755,
                        "y1": 152.21239,
                        "x2": 418.731738,
                        "y2": 169.087379
                    }
                },
                {
                    "category": "car",
                    "id": 7,
                    "attributes": {
                        "occluded": true,
                        "truncated": false,
                        "trafficLightColor": "none"
                    },
                    "box2d": {
                        "x1": 376.544267,
                        "y1": 153.899889,
                        "x2": 396.794253,
                        "y2": 169.087379
                    }
                },
                {
                    "category": "car",
                    "id": 8,
                    "attributes": {
                        "occluded": true,
                        "truncated": false,
                        "trafficLightColor": "none"
                    },
                    "box2d": {
                        "x1": 361.356778,
                        "y1": 152.21239,
                        "x2": 378.231765,
                        "y2": 174.149875
                    }
                },
                {
                    "category": "car",
                    "id": 9,
                    "attributes": {
                        "occluded": true,
                        "truncated": false,
                        "trafficLightColor": "none"
                    },
                    "box2d": {
                        "x1": 336.044295,
                        "y1": 152.21239,
                        "x2": 361.356778,
                        "y2": 170.774878
                    }
                },
                {
                    "category": "car",
                    "id": 10,
                    "attributes": {
                        "occluded": true,
                        "truncated": false,
                        "trafficLightColor": "none"
                    },
                    "box2d": {
                        "x1": 320.856806,
                        "y1": 152.21239,
                        "x2": 342.794289,
                        "y2": 167.39988
                    }
                },
                {
                    "category": "car",
                    "id": 11,
                    "attributes": {
                        "occluded": true,
                        "truncated": false,
                        "trafficLightColor": "none"
                    },
                    "box2d": {
                        "x1": 298.919321,
                        "y1": 152.21239,
                        "x2": 336.044295,
                        "y2": 172.462376
                    }
                },
                {
                    "category": "car",
                    "id": 12,
                    "attributes": {
                        "occluded": true,
                        "truncated": false,
                        "trafficLightColor": "none"
                    },
                    "box2d": {
                        "x1": 263.481845,
                        "y1": 158.962386,
                        "x2": 317.481808,
                        "y2": 185.962368
                    }
                },
                {
                    "category": "car",
                    "id": 13,
                    "attributes": {
                        "occluded": true,
                        "truncated": false,
                        "trafficLightColor": "none"
                    },
                    "box2d": {
                        "x1": 229.731868,
                        "y1": 160.649884,
                        "x2": 271.919339,
                        "y2": 189.337365
                    }
                },
                {
                    "category": "car",
                    "id": 14,
                    "attributes": {
                        "occluded": true,
                        "truncated": false,
                        "trafficLightColor": "none"
                    },
                    "box2d": {
                        "x1": 187.544398,
                        "y1": 152.21239,
                        "x2": 241.54436,
                        "y2": 194.399861
                    }
                },
                {
                    "category": "bike",
                    "id": 15,
                    "attributes": {
                        "occluded": true,
                        "truncated": false,
                        "trafficLightColor": "none"
                    },
                    "box2d": {
                        "x1": 889.543915,
                        "y1": 170.774878,
                        "x2": 977.293854,
                        "y2": 307.462284
                    }
                },
                {
                    "category": "bike",
                    "id": 16,
                    "attributes": {
                        "occluded": true,
                        "truncated": false,
                        "trafficLightColor": "none"
                    },
                    "box2d": {
                        "x1": 877.731423,
                        "y1": 197.774859,
                        "x2": 989.106346,
                        "y2": 369.89974
                    }
                },
                {
                    "category": "bike",
                    "id": 17,
                    "attributes": {
                        "occluded": true,
                        "truncated": false,
                        "trafficLightColor": "none"
                    },
                    "box2d": {
                        "x1": 874.356425,
                        "y1": 214.649847,
                        "x2": 948.606374,
                        "y2": 369.89974
                    }
                },
                {
                    "category": "bike",
                    "id": 18,
                    "attributes": {
                        "occluded": true,
                        "truncated": false,
                        "trafficLightColor": "none"
                    },
                    "box2d": {
                        "x1": 813.606467,
                        "y1": 238.274832,
                        "x2": 908.106402,
                        "y2": 314.212279
                    }
                },
                {
                    "category": "bike",
                    "id": 19,
                    "attributes": {
                        "occluded": true,
                        "truncated": false,
                        "trafficLightColor": "none"
                    },
                    "box2d": {
                        "x1": 801.793975,
                        "y1": 219.712344,
                        "x2": 884.481417,
                        "y2": 304.087287
                    }
                },
                {
                    "category": "bike",
                    "id": 20,
                    "attributes": {
                        "occluded": true,
                        "truncated": false,
                        "trafficLightColor": "none"
                    },
                    "box2d": {
                        "x1": 783.231488,
                        "y1": 185.962366,
                        "x2": 803.481475,
                        "y2": 253.46232
                    }
                },
                {
                    "category": "car",
                    "id": 21,
                    "attributes": {
                        "occluded": false,
                        "truncated": false,
                        "trafficLightColor": "none"
                    },
                    "box2d": {
                        "x1": 128.481938,
                        "y1": 158.962386,
                        "x2": 199.356889,
                        "y2": 206.212354
                    }
                },
                {
                    "category": "truck",
                    "id": 22,
                    "attributes": {
                        "occluded": false,
                        "truncated": true,
                        "trafficLightColor": "none"
                    },
                    "box2d": {
                        "x1": 0,
                        "y1": 99.899926,
                        "x2": 77.856974,
                        "y2": 218.024845
                    }
                },
                {
                    "category": "truck",
                    "id": 23,
                    "attributes": {
                        "occluded": true,
                        "truncated": false,
                        "trafficLightColor": "none"
                    },
                    "box2d": {
                        "x1": 406.919247,
                        "y1": 110.024919,
                        "x2": 585.794123,
                        "y2": 268.64981
                    }
                },
                {
                    "category": "traffic sign",
                    "id": 24,
                    "attributes": {
                        "occluded": false,
                        "truncated": false,
                        "trafficLightColor": "none"
                    },
                    "box2d": {
                        "x1": 96.41946,
                        "y1": 155.587388,
                        "x2": 106.544452,
                        "y2": 170.774878
                    }
                },
                {
                    "category": "area/drivable",
                    "id": 25,
                    "attributes": {},
                    "poly2d": [
                        [
                            413.006588,
                            280.74466,
                            "L"
                        ],
                        [
                            666.300659,
                            269.514873,
                            "L"
                        ],
                        [
                            849.720503,
                            486.624077,
                            "L"
                        ],
                        [
                            610.151727,
                            464.164504,
                            "C"
                        ],
                        [
                            375.573967,
                            457.925734,
                            "C"
                        ],
                        [
                            140.996207,
                            472.898782,
                            "C"
                        ],
                        [
                            413.006588,
                            280.74466,
                            "L"
                        ]
                    ]
                },
                {
                    "category": "area/alternative",
                    "id": 26,
                    "attributes": {},
                    "poly2d": [
                        [
                            3.743262,
                            318.177281,
                            "L"
                        ],
                        [
                            0,
                            351.86664,
                            "L"
                        ],
                        [
                            64.88321,
                            391.794769,
                            "C"
                        ],
                        [
                            44.919146,
                            406.767818,
                            "C"
                        ],
                        [
                            7.486524,
                            476.642044,
                            "C"
                        ],
                        [
                            53.653424,
                            467.907766,
                            "C"
                        ],
                        [
                            92.333799,
                            467.907766,
                            "C"
                        ],
                        [
                            133.509683,
                            471.651028,
                            "C"
                        ],
                        [
                            405.520064,
                            267.019365,
                            "L"
                        ],
                        [
                            395.538032,
                            207.127171,
                            "L"
                        ],
                        [
                            3.743262,
                            318.177281,
                            "L"
                        ]
                    ]
                },
                {
                    "category": "area/alternative",
                    "id": 27,
                    "attributes": {},
                    "poly2d": [
                        [
                            386.803753,
                            188.41086,
                            "L"
                        ],
                        [
                            381.812737,
                            204.631663,
                            "L"
                        ],
                        [
                            0,
                            305.69974,
                            "L"
                        ],
                        [
                            0,
                            262.028349,
                            "L"
                        ],
                        [
                            386.803753,
                            188.41086,
                            "L"
                        ]
                    ]
                },
                {
                    "category": "lane/road curb",
                    "id": 28,
                    "attributes": {
                        "direction": "parallel",
                        "style": "solid"
                    },
                    "poly2d": [
                        [
                            623.446845,
                            219.582793,
                            "L"
                        ],
                        [
                            841.494094,
                            479.08973,
                            "L"
                        ]
                    ]
                },
                {
                    "category": "lane/single white",
                    "id": 29,
                    "attributes": {
                        "direction": "parallel",
                        "style": "dashed"
                    },
                    "poly2d": [
                        [
                            410.006228,
                            279.469009,
                            "L"
                        ],
                        [
                            225.740948,
                            423.810145,
                            "L"
                        ]
                    ]
                },
                {
                    "category": "lane/single white",
                    "id": 30,
                    "attributes": {
                        "direction": "parallel",
                        "style": "dashed"
                    },
                    "poly2d": [
                        [
                            399.25742,
                            273.326833,
                            "L"
                        ],
                        [
                            216.527684,
                            417.667969,
                            "L"
                        ]
                    ]
                },
                {
                    "category": "lane/single white",
                    "id": 31,
                    "attributes": {
                        "direction": "parallel",
                        "style": "dashed"
                    },
                    "poly2d": [
                        [
                            0,
                            319.393153,
                            "L"
                        ],
                        [
                            397.721876,
                            205.762897,
                            "L"
                        ]
                    ]
                },
                {
                    "category": "lane/double yellow",
                    "id": 32,
                    "attributes": {
                        "direction": "parallel",
                        "style": "solid"
                    },
                    "poly2d": [
                        [
                            403.864052,
                            188.871913,
                            "L"
                        ],
                        [
                            0,
                            264.113569,
                            "L"
                        ]
                    ]
                },
                {
                    "category": "lane/double yellow",
                    "id": 33,
                    "attributes": {
                        "direction": "parallel",
                        "style": "solid"
                    },
                    "poly2d": [
                        [
                            394.650788,
                            182.729737,
                            "L"
                        ],
                        [
                            0,
                            254.900305,
                            "L"
                        ]
                    ]
                }
            ]
        }
    ],
    "attributes": {
        "weather": "undefined",
        "scene": "city street",
        "timeofday": "daytime"
    }
}