{
    "name": "1bf7f3d2-15f95138",
    "frames": [
        {
            "timestamp": 10000,
            "objects": [
                {
                    "category": "traffic sign",
                    "id": 0,
                    "attributes": {
                        "occluded": false,
                        "truncated": false,
                        "trafficLightColor": "none"
                    },
                    "box2d": {
                        "x1": 259.532841,
                        "y1": 346.875625,
                        "x2": 283.240168,
                        "y2": 369.335198
                    }
                },
                {
                    "category": "traffic sign",
                    "id": 1,
                    "attributes": {
                        "occluded": true,
                        "truncated": false,
                        "trafficLightColor": "none"
                    },
                    "box2d": {
                        "x1": 771.111998,
                        "y1": 341.884609,
                        "x2": 797.314833,
                        "y2": 371.830705
                    }
                },
                {
                    "category": "traffic sign",
                    "id": 2,
                    "attributes": {
                        "occluded": false,
                        "truncated": false,
                        "trafficLightColor": "none"
                    },
                    "box2d": {
                        "x1": 741.165901,
                        "y1": 344.380116,
                        "x2": 771.111998,
                        "y2": 356.857656
                    }
                },
                {
                    "category": "car",
                    "id": 3,
                    "attributes": {
                        "occluded": false,
                        "truncated": false,
                        "trafficLightColor": "none"
                    },
                    "box2d": {
                        "x1": 732.431623,
                        "y1": 373.078459,
                        "x2": 748.652426,
                        "y2": 385.555999
                    }
                },
                {
                    "category": "car",
                    "id": 4,
                    "attributes": {
                        "occluded": true,
                        "truncated": false,
                        "trafficLightColor": "none"
                    },
                    "box2d": {
                        "x1": 721.201837,
                        "y1": 371.830705,
                        "x2": 733.679377,
                        "y2": 383.060492
                    }
                },
                {
                    "category": "car",
                    "id": 5,
                    "attributes": {
                        "occluded": false,
                        "truncated": false,
                        "trafficLightColor": "none"
                    },
                    "box2d": {
                        "x1": 693.751247,
                        "y1": 366.839689,
                        "x2": 723.697344,
                        "y2": 389.299261
                    }
                },
                {
                    "category": "car",
                    "id": 6,
                    "attributes": {
                        "occluded": false,
                        "truncated": false,
                        "trafficLightColor": "none"
                    },
                    "box2d": {
                        "x1": 670.043921,
                        "y1": 369.335196,
                        "x2": 691.255739,
                        "y2": 386.803752
                    }
                },
                {
                    "category": "car",
                    "id": 7,
                    "attributes": {
                        "occluded": true,
                        "truncated": false,
                        "trafficLightColor": "none"
                    },
                    "box2d": {
                        "x1": 661.309643,
                        "y1": 371.830705,
                        "x2": 671.291674,
                        "y2": 385.555999
                    }
                },
                {
                    "category": "car",
                    "id": 8,
                    "attributes": {
                        "occluded": true,
                        "truncated": false,
                        "trafficLightColor": "none"
                    },
                    "box2d": {
                        "x1": 647.584349,
                        "y1": 373.078459,
                        "x2": 661.309644,
                        "y2": 386.803752
                    }
                },
                {
                    "category": "car",
                    "id": 9,
                    "attributes": {
                        "occluded": true,
                        "truncated": false,
                        "trafficLightColor": "none"
                    },
                    "box2d": {
                        "x1": 633.859053,
                        "y1": 369.335196,
                        "x2": 650.079856,
                        "y2": 386.803752
                    }
                },
                {
                    "category": "car",
                    "id": 10,
                    "attributes": {
                        "occluded": false,
                        "truncated": false,
                        "trafficLightColor": "none"
                    },
                    "box2d": {
                        "x1": 595.178677,
                        "y1": 366.839689,
                        "x2": 636.354562,
                        "y2": 394.290278
                    }
                },
                {
                    "category": "car",
                    "id": 11,
                    "attributes": {
                        "occluded": true,
                        "truncated": false,
                        "trafficLightColor": "none"
                    },
                    "box2d": {
                        "x1": 576.462368,
                        "y1": 369.335196,
                        "x2": 600.169695,
                        "y2": 393.042522
                    }
                },
                {
                    "category": "car",
                    "id": 12,
                    "attributes": {
                        "occluded": true,
                        "truncated": false,
                        "trafficLightColor": "none"
                    },
                    "box2d": {
                        "x1": 510.331403,
                        "y1": 369.335196,
                        "x2": 525.304452,
                        "y2": 393.042522
                    }
                },
                {
                    "category": "car",
                    "id": 13,
                    "attributes": {
                        "occluded": false,
                        "truncated": false,
                        "trafficLightColor": "none"
                    },
                    "box2d": {
                        "x1": 525.304452,
                        "y1": 354.362147,
                        "x2": 576.462368,
                        "y2": 401.776801
                    }
                },
                {
                    "category": "car",
                    "id": 14,
                    "attributes": {
                        "occluded": false,
                        "truncated": false,
                        "trafficLightColor": "none"
                    },
                    "box2d": {
                        "x1": 320.672789,
                        "y1": 365.591936,
                        "x2": 390.547015,
                        "y2": 401.776803
                    }
                },
                {
                    "category": "car",
                    "id": 15,
                    "attributes": {
                        "occluded": false,
                        "truncated": false,
                        "trafficLightColor": "none"
                    },
                    "box2d": {
                        "x1": 391.79477,
                        "y1": 338.141347,
                        "x2": 512.826913,
                        "y2": 415.502097
                    }
                },
                {
                    "category": "car",
                    "id": 16,
                    "attributes": {
                        "occluded": false,
                        "truncated": true,
                        "trafficLightColor": "none"
                    },
                    "box2d": {
                        "x1": 0.232026,
                        "y1": 339.3891,
                        "x2": 87.342783,
                        "y2": 442.952686
                    }
                },
                {
                    "category": "area/drivable",
                    "id": 17,
                    "attributes": {},
                    "poly2d": [
                        [
                            626.631589,
                            399.937225,
                            "L"
                        ],
                        [
                            473.069195,
                            479.249671,
                            "C"
                        ],
                        [
                            329.631795,
                            583.874599,
                            "C"
                        ],
                        [
                            191.25689,
                            683.43703,
                            "C"
                        ],
                        [
                            515.256667,
                            641.24956,
                            "C"
                        ],
                        [
                            741.381511,
                            644.624557,
                            "C"
                        ],
                        [
                            1009.693827,
                            664.874543,
                            "C"
                        ],
                        [
                            920.256389,
                            585.562097,
                            "C"
                        ],
                        [
                            734.631516,
                            430.312204,
                            "C"
                        ],
                        [
                            716.069029,
                            398.249725,
                            "C"
                        ],
                        [
                            626.631589,
                            399.937225,
                            "L"
                        ]
                    ]
                },
                {
                    "category": "area/alternative",
                    "id": 18,
                    "attributes": {},
                    "poly2d": [
                        [
                            726.194022,
                            401.624724,
                            "L"
                        ],
                        [
                            1048.5063,
                            676.687035,
                            "L"
                        ],
                        [
                            1126.131248,
                            669.93704,
                            "C"
                        ],
                        [
                            1202.068695,
                            678.374535,
                            "C"
                        ],
                        [
                            1280.811619,
                            695.249522,
                            "C"
                        ],
                        [
                            1280.811619,
                            550.124622,
                            "L"
                        ],
                        [
                            771.756491,
                            399.937225,
                            "L"
                        ],
                        [
                            726.194022,
                            401.624724,
                            "L"
                        ]
                    ]
                },
                {
                    "category": "lane/single white",
                    "id": 19,
                    "attributes": {
                        "direction": "parallel",
                        "style": "dashed"
                    },
                    "poly2d": [
                        [
                            72.900001,
                            422.052634,
                            "L"
                        ],
                        [
                            396.473686,
                            401.589477,
                            "L"
                        ]
                    ]
                },
                {
                    "category": "lane/single white",
                    "id": 20,
                    "attributes": {
                        "direction": "parallel",
                        "style": "dashed"
                    },
                    "poly2d": [
                        [
                            67.784211,
                            437.400002,
                            "L"
                        ],
                        [
                            400.310528,
                            409.26316,
                            "L"
                        ]
                    ]
                },
                {
                    "category": "lane/single white",
                    "id": 21,
                    "attributes": {
                        "direction": "parallel",
                        "style": "dashed"
                    },
                    "poly2d": [
                        [
                            84.410527,
                            416.936844,
                            "L"
                        ],
                        [
                            359.384212,
                            401.589477,
                            "L"
                        ]
                    ]
                },
                {
                    "category": "lane/single white",
                    "id": 22,
                    "attributes": {
                        "direction": "parallel",
                        "style": "dashed"
                    },
                    "poly2d": [
                        [
                            72.900001,
                            427.168422,
                            "L"
                        ],
                        [
                            397.752634,
                            402.868423,
                            "L"
                        ]
                    ]
                },
                {
                    "category": "lane/road curb",
                    "id": 23,
                    "attributes": {
                        "direction": "parallel",
                        "style": "solid"
                    },
                    "poly2d": [
                        [
                            84.410527,
                            411.821055,
                            "L"
                        ],
                        [
                            318.457897,
                            399.03158,
                            "L"
                        ]
                    ]
                },
                {
                    "category": "lane/road curb",
                    "id": 24,
                    "attributes": {
                        "direction": "parallel",
                        "style": "solid"
                    },
                    "poly2d": [
                        [
                            801.900004,
                            402.868423,
                            "L"
                        ],
                        [
                            1277.668428,
                            540.99474,
                            "L"
                        ]
                    ]
                },
                {
                    "category": "lane/single white",
                    "id": 25,
                    "attributes": {
                        "direction": "parallel",
                        "style": "solid"
                    },
                    "poly2d": [
                        [
                            461.700002,
                            411.821055,
                            "L"
                        ],
                        [
                            0,
                            465.536845,
                            "L"
                        ]
                    ]
                },
                {
                    "category": "lane/single white",
                    "id": 26,
                    "attributes": {
                        "direction": "parallel",
                        "style": "solid"
                    },
                    "poly2d": [
                        [
                            0,
                            470.652633,
                            "L"
                        ],
                        [
                            469.373687,
                            414.378949,
                            "L"
                        ]
                    ]
                },
                {
                    "category": "lane/single white",
                    "id": 27,
                    "attributes": {
                        "direction": "parallel",
                        "style": "solid"
                    },
                    "poly2d": [
                        [
                            507.742107,
                            407.984214,
                            "L"
                        ],
                        [
                            584.47895,
                            397.752634,
                            "L"
                        ]
                    ]
                },
                {
                    "category": "lane/single white",
                    "id": 28,
                    "attributes": {
                        "direction": "parallel",
                        "style": "solid"
                    },
                    "poly2d": [
                        [
                            713.652635,
                            397.752634,
                            "C"
                        ],
                        [
                            773.763162,
                            457.863161,
                            "C"
                        ],
                        [
                            914.447372,
                            578.084214,
                            "C"
                        ],
                        [
                            1015.484216,
                            668.889478,
                            "L"
                        ]
                    ]
                },
                {
                    "category": "lane/single white",
                    "id": 29,
                    "attributes": {
                        "direction": "parallel",
                        "style": "solid"
                    },
                    "poly2d": [
                        [
                            717.489477,
                            393.915792,
                            "C"
                        ],
                        [
                            768.647371,
                            448.910529,
                            "C"
                        ],
                        [
                            937.468426,
                            576.805266,
                            "C"
                        ],
                        [
                            1044.900006,
                            674.005267,
                            "L"
                        ]
                    ]
                },
                {
                    "category": "lane/single white",
                    "id": 30,
                    "attributes": {
                        "direction": "parallel",
                        "style": "solid"
                    },
                    "poly2d": [
                        [
                            622.847372,
                            396.473686,
                            "C"
                        ],
                        [
                            548.668424,
                            423.331581,
                            "C"
                        ],
                        [
                            492.394738,
                            465.536845,
                            "C"
                        ],
                        [
                            427.168422,
                            500.068424,
                            "L"
                        ]
                    ]
                },
                {
                    "category": "lane/single white",
                    "id": 31,
                    "attributes": {
                        "direction": "parallel",
                        "style": "solid"
                    },
                    "poly2d": [
                        [
                            626.684214,
                            401.589477,
                            "C"
                        ],
                        [
                            549.947371,
                            428.447371,
                            "C"
                        ],
                        [
                            502.626318,
                            470.652633,
                            "C"
                        ],
                        [
                            441.236844,
                            505.184213,
                            "L"
                        ]
                    ]
                },
                {
                    "category": "lane/single yellow",
                    "id": 32,
                    "attributes": {
                        "direction": "parallel",
                        "style": "solid"
                    },
                    "poly2d": [
                        [
                            425.889476,
                            506.463161,
                            "L"
                        ],
                        [
                            149.636843,
                            689.352635,
                            "L"
                        ]
                    ]
                },
                {
                    "category": "lane/single yellow",
                    "id": 33,
                    "attributes": {
                        "direction": "parallel",
                        "style": "solid"
                    },
                    "poly2d": [
                        [
                            436.121054,
                            509.021055,
                            "L"
                        ],
                        [
                            185.447369,
                            684.236847,
                            "L"
                        ]
                    ]
                }
            ]
        }
    ],
    "attributes": {
        "weather": "clear",
        "scene": "highway",
        "timeofday": "daytime"
    }
}