{
    "name": "1c1de1e7-346d6219",
    "frames": [
        {
            "timestamp": 10000,
            "objects": [
                {
                    "category": "traffic sign",
                    "id": 0,
                    "attributes": {
                        "occluded": false,
                        "truncated": false,
                        "trafficLightColor": "none"
                    },
                    "box2d": {
                        "x1": 550.561053,
                        "y1": 173.357981,
                        "x2": 588.221581,
                        "y2": 194.878283
                    }
                },
                {
                    "category": "traffic sign",
                    "id": 1,
                    "attributes": {
                        "occluded": false,
                        "truncated": false,
                        "trafficLightColor": "none"
                    },
                    "box2d": {
                        "x1": 622.295391,
                        "y1": 173.357981,
                        "x2": 681.476218,
                        "y2": 203.845076
                    }
                },
                {
                    "category": "traffic sign",
                    "id": 2,
                    "attributes": {
                        "occluded": false,
                        "truncated": false,
                        "trafficLightColor": "none"
                    },
                    "box2d": {
                        "x1": 555.941128,
                        "y1": 194.878283,
                        "x2": 586.428223,
                        "y2": 207.431792
                    }
                },
                {
                    "category": "car",
                    "id": 3,
                    "attributes": {
                        "occluded": false,
                        "truncated": false,
                        "trafficLightColor": "none"
                    },
                    "box2d": {
                        "x1": 573.874712,
                        "y1": 245.092319,
                        "x2": 588.22158,
                        "y2": 257.645829
                    }
                },
                {
                    "category": "truck",
                    "id": 4,
                    "attributes": {
                        "occluded": true,
                        "truncated": false,
                        "trafficLightColor": "none"
                    },
                    "box2d": {
                        "x1": 588.22158,
                        "y1": 229.549885,
                        "x2": 616.915316,
                        "y2": 256.450262
                    }
                },
                {
                    "category": "car",
                    "id": 5,
                    "attributes": {
                        "occluded": true,
                        "truncated": false,
                        "trafficLightColor": "none"
                    },
                    "box2d": {
                        "x1": 593.601656,
                        "y1": 248.679036,
                        "x2": 613.328599,
                        "y2": 264.819264
                    }
                },
                {
                    "category": "traffic sign",
                    "id": 6,
                    "attributes": {
                        "occluded": false,
                        "truncated": false,
                        "trafficLightColor": "none"
                    },
                    "box2d": {
                        "x1": 670.71607,
                        "y1": 231.343243,
                        "x2": 685.062938,
                        "y2": 240.310039
                    }
                },
                {
                    "category": "car",
                    "id": 7,
                    "attributes": {
                        "occluded": true,
                        "truncated": false,
                        "trafficLightColor": "none"
                    },
                    "box2d": {
                        "x1": 652.782485,
                        "y1": 240.310036,
                        "x2": 670.71607,
                        "y2": 252.863543
                    }
                },
                {
                    "category": "car",
                    "id": 8,
                    "attributes": {
                        "occluded": true,
                        "truncated": false,
                        "trafficLightColor": "none"
                    },
                    "box2d": {
                        "x1": 655.771426,
                        "y1": 244.494537,
                        "x2": 686.258521,
                        "y2": 264.22148
                    }
                },
                {
                    "category": "car",
                    "id": 9,
                    "attributes": {
                        "occluded": true,
                        "truncated": false,
                        "trafficLightColor": "none"
                    },
                    "box2d": {
                        "x1": 702.398746,
                        "y1": 237.321103,
                        "x2": 723.919048,
                        "y2": 257.048046
                    }
                },
                {
                    "category": "car",
                    "id": 10,
                    "attributes": {
                        "occluded": false,
                        "truncated": false,
                        "trafficLightColor": "none"
                    },
                    "box2d": {
                        "x1": 725.712406,
                        "y1": 240.90782,
                        "x2": 759.786217,
                        "y2": 266.014838
                    }
                },
                {
                    "category": "car",
                    "id": 11,
                    "attributes": {
                        "occluded": false,
                        "truncated": false,
                        "trafficLightColor": "none"
                    },
                    "box2d": {
                        "x1": 683.269579,
                        "y1": 243.298962,
                        "x2": 722.723465,
                        "y2": 273.786056
                    }
                },
                {
                    "category": "car",
                    "id": 12,
                    "attributes": {
                        "occluded": false,
                        "truncated": false,
                        "trafficLightColor": "none"
                    },
                    "box2d": {
                        "x1": 541.59426,
                        "y1": 245.092319,
                        "x2": 582.841506,
                        "y2": 280.959489
                    }
                },
                {
                    "category": "car",
                    "id": 13,
                    "attributes": {
                        "occluded": false,
                        "truncated": false,
                        "trafficLightColor": "none"
                    },
                    "box2d": {
                        "x1": 604.361806,
                        "y1": 241.505602,
                        "x2": 672.509433,
                        "y2": 302.479791
                    }
                },
                {
                    "category": "car",
                    "id": 14,
                    "attributes": {
                        "occluded": false,
                        "truncated": true,
                        "trafficLightColor": "none"
                    },
                    "box2d": {
                        "x1": 998.302895,
                        "y1": 263.02591,
                        "x2": 1279.860172,
                        "y2": 526.051824
                    }
                },
                {
                    "category": "area/alternative",
                    "id": 15,
                    "attributes": {},
                    "poly2d": [
                        [
                            528.756658,
                            286.874803,
                            "L"
                        ],
                        [
                            0,
                            462.374682,
                            "L"
                        ],
                        [
                            0,
                            720.562005,
                            "L"
                        ],
                        [
                            29.257001,
                            720.562005,
                            "L"
                        ],
                        [
                            71.444472,
                            688.499527,
                            "C"
                        ],
                        [
                            113.631943,
                            664.874543,
                            "C"
                        ],
                        [
                            182.819395,
                            637.874561,
                            "C"
                        ],
                        [
                            581.069122,
                            286.874803,
                            "L"
                        ],
                        [
                            528.756658,
                            286.874803,
                            "L"
                        ]
                    ]
                },
                {
                    "category": "area/drivable",
                    "id": 16,
                    "attributes": {},
                    "poly2d": [
                        [
                            591.194116,
                            308.812288,
                            "L"
                        ],
                        [
                            425.819228,
                            582.187099,
                            "L"
                        ],
                        [
                            678.944054,
                            536.624631,
                            "C"
                        ],
                        [
                            846.006438,
                            548.437123,
                            "C"
                        ],
                        [
                            1105.881261,
                            556.874617,
                            "C"
                        ],
                        [
                            716.069029,
                            302.062292,
                            "L"
                        ],
                        [
                            591.194116,
                            308.812288,
                            "L"
                        ]
                    ]
                },
                {
                    "category": "area/alternative",
                    "id": 17,
                    "attributes": {},
                    "poly2d": [
                        [
                            692.444044,
                            281.812307,
                            "L"
                        ],
                        [
                            942.193874,
                            433.687202,
                            "L"
                        ],
                        [
                            999.568834,
                            340.874765,
                            "L"
                        ],
                        [
                            746.444008,
                            273.374812,
                            "L"
                        ],
                        [
                            692.444044,
                            281.812307,
                            "L"
                        ]
                    ]
                },
                {
                    "category": "area/alternative",
                    "id": 18,
                    "attributes": {},
                    "poly2d": [
                        [
                            768.381493,
                            273.374812,
                            "L"
                        ],
                        [
                            1011.381326,
                            330.749773,
                            "L"
                        ],
                        [
                            1035.00631,
                            307.124789,
                            "L"
                        ],
                        [
                            792.006477,
                            268.312317,
                            "L"
                        ],
                        [
                            768.381493,
                            273.374812,
                            "L"
                        ]
                    ]
                },
                {
                    "category": "lane/road curb",
                    "id": 19,
                    "attributes": {
                        "direction": "parallel",
                        "style": "solid"
                    },
                    "poly2d": [
                        [
                            519.238259,
                            277.823422,
                            "L"
                        ],
                        [
                            0,
                            405.388813,
                            "L"
                        ]
                    ]
                },
                {
                    "category": "lane/road curb",
                    "id": 20,
                    "attributes": {
                        "direction": "parallel",
                        "style": "solid"
                    },
                    "poly2d": [
                        [
                            1077.104988,
                            293.095334,
                            "L"
                        ],
                        [
                            762.687348,
                            259.856465,
                            "L"
                        ]
                    ]
                },
                {
                    "category": "lane/single white",
                    "id": 21,
                    "attributes": {
                        "direction": "parallel",
                        "style": "solid"
                    },
                    "poly2d": [
                        [
                            1076.206651,
                            297.587073,
                            "L"
                        ],
                        [
                            932.472873,
                            280.518465,
                            "L"
                        ]
                    ]
                },
                {
                    "category": "lane/single white",
                    "id": 22,
                    "attributes": {
                        "direction": "parallel",
                        "style": "dashed"
                    },
                    "poly2d": [
                        [
                            1057.341593,
                            311.062291,
                            "L"
                        ],
                        [
                            807.604153,
                            268.839943,
                            "L"
                        ]
                    ]
                },
                {
                    "category": "lane/single white",
                    "id": 23,
                    "attributes": {
                        "direction": "parallel",
                        "style": "dashed"
                    },
                    "poly2d": [
                        [
                            820.180859,
                            267.941597,
                            "L"
                        ],
                        [
                            1067.22329,
                            303.87551,
                            "L"
                        ]
                    ]
                },
                {
                    "category": "lane/single white",
                    "id": 24,
                    "attributes": {
                        "direction": "parallel",
                        "style": "dashed"
                    },
                    "poly2d": [
                        [
                            1011.526451,
                            341.606117,
                            "L"
                        ],
                        [
                            728.550575,
                            265.246552,
                            "L"
                        ]
                    ]
                },
                {
                    "category": "lane/single white",
                    "id": 25,
                    "attributes": {
                        "direction": "parallel",
                        "style": "dashed"
                    },
                    "poly2d": [
                        [
                            744.720626,
                            265.246552,
                            "L"
                        ],
                        [
                            1017.814804,
                            334.419334,
                            "L"
                        ]
                    ]
                },
                {
                    "category": "lane/single white",
                    "id": 26,
                    "attributes": {
                        "direction": "parallel",
                        "style": "dashed"
                    },
                    "poly2d": [
                        [
                            670.158728,
                            274.230029,
                            "L"
                        ],
                        [
                            1109.445088,
                            555.4129,
                            "L"
                        ]
                    ]
                },
                {
                    "category": "lane/single white",
                    "id": 27,
                    "attributes": {
                        "direction": "parallel",
                        "style": "dashed"
                    },
                    "poly2d": [
                        [
                            671.9554,
                            267.941597,
                            "L"
                        ],
                        [
                            1151.666885,
                            558.107945,
                            "L"
                        ]
                    ]
                },
                {
                    "category": "lane/single white",
                    "id": 28,
                    "attributes": {
                        "direction": "parallel",
                        "style": "solid"
                    },
                    "poly2d": [
                        [
                            599.190175,
                            272.433335,
                            "L"
                        ],
                        [
                            184.15889,
                            638.959249,
                            "L"
                        ]
                    ]
                },
                {
                    "category": "lane/single white",
                    "id": 29,
                    "attributes": {
                        "direction": "parallel",
                        "style": "solid"
                    },
                    "poly2d": [
                        [
                            600.986847,
                            276.925073,
                            "L"
                        ],
                        [
                            279.382518,
                            609.31377,
                            "L"
                        ]
                    ]
                },
                {
                    "category": "lane/single white",
                    "id": 30,
                    "attributes": {
                        "direction": "parallel",
                        "style": "solid"
                    },
                    "poly2d": [
                        [
                            594.698494,
                            288.603596,
                            "L"
                        ],
                        [
                            346.757727,
                            603.025336,
                            "L"
                        ]
                    ]
                },
                {
                    "category": "lane/single white",
                    "id": 31,
                    "attributes": {
                        "direction": "parallel",
                        "style": "solid"
                    },
                    "poly2d": [
                        [
                            606.376864,
                            287.705248,
                            "L"
                        ],
                        [
                            424.912967,
                            585.956725,
                            "L"
                        ]
                    ]
                },
                {
                    "category": "lane/single yellow",
                    "id": 32,
                    "attributes": {
                        "direction": "parallel",
                        "style": "solid"
                    },
                    "poly2d": [
                        [
                            547.08668,
                            272.433335,
                            "L"
                        ],
                        [
                            0,
                            452.659858,
                            "L"
                        ]
                    ]
                },
                {
                    "category": "lane/single yellow",
                    "id": 33,
                    "attributes": {
                        "direction": "parallel",
                        "style": "solid"
                    },
                    "poly2d": [
                        [
                            547.08668,
                            276.026726,
                            "L"
                        ],
                        [
                            0,
                            461.086379,
                            "L"
                        ]
                    ]
                }
            ]
        }
    ],
    "attributes": {
        "weather": "partly cloudy",
        "scene": "highway",
        "timeofday": "daytime"
    }
}