{
    "name": "1c22af9e-991b11d4",
    "frames": [
        {
            "timestamp": 10000,
            "objects": [
                {
                    "category": "car",
                    "id": 0,
                    "attributes": {
                        "occluded": true,
                        "truncated": false,
                        "trafficLightColor": "none"
                    },
                    "box2d": {
                        "x1": 545.546805,
                        "y1": 445.051353,
                        "x2": 570.018102,
                        "y2": 481.268873
                    }
                },
                {
                    "category": "car",
                    "id": 1,
                    "attributes": {
                        "occluded": true,
                        "truncated": false,
                        "trafficLightColor": "none"
                    },
                    "box2d": {
                        "x1": 520.096655,
                        "y1": 447.009055,
                        "x2": 551.419915,
                        "y2": 484.205428
                    }
                },
                {
                    "category": "car",
                    "id": 2,
                    "attributes": {
                        "occluded": true,
                        "truncated": false,
                        "trafficLightColor": "none"
                    },
                    "box2d": {
                        "x1": 478.984874,
                        "y1": 430.368574,
                        "x2": 527.92747,
                        "y2": 494.972801
                    }
                },
                {
                    "category": "car",
                    "id": 3,
                    "attributes": {
                        "occluded": true,
                        "truncated": false,
                        "trafficLightColor": "none"
                    },
                    "box2d": {
                        "x1": 416.338353,
                        "y1": 440.157093,
                        "x2": 508.350433,
                        "y2": 508.676726
                    }
                },
                {
                    "category": "car",
                    "id": 4,
                    "attributes": {
                        "occluded": true,
                        "truncated": false,
                        "trafficLightColor": "none"
                    },
                    "box2d": {
                        "x1": 297.897273,
                        "y1": 428.41087,
                        "x2": 431.021133,
                        "y2": 534.126876
                    }
                },
                {
                    "category": "car",
                    "id": 5,
                    "attributes": {
                        "occluded": true,
                        "truncated": false,
                        "trafficLightColor": "none"
                    },
                    "box2d": {
                        "x1": 78.960722,
                        "y1": 412.422946,
                        "x2": 351.081551,
                        "y2": 593.184254
                    }
                },
                {
                    "category": "car",
                    "id": 6,
                    "attributes": {
                        "occluded": true,
                        "truncated": false,
                        "trafficLightColor": "none"
                    },
                    "box2d": {
                        "x1": 648.65255,
                        "y1": 453.86102,
                        "x2": 667.250735,
                        "y2": 481.268874
                    }
                },
                {
                    "category": "car",
                    "id": 7,
                    "attributes": {
                        "occluded": true,
                        "truncated": false,
                        "trafficLightColor": "none"
                    },
                    "box2d": {
                        "x1": 653.546808,
                        "y1": 456.797575,
                        "x2": 675.08155,
                        "y2": 490.07854
                    }
                },
                {
                    "category": "car",
                    "id": 8,
                    "attributes": {
                        "occluded": true,
                        "truncated": false,
                        "trafficLightColor": "none"
                    },
                    "box2d": {
                        "x1": 670.187291,
                        "y1": 451.903316,
                        "x2": 701.510551,
                        "y2": 500.84591
                    }
                },
                {
                    "category": "car",
                    "id": 9,
                    "attributes": {
                        "occluded": true,
                        "truncated": false,
                        "trafficLightColor": "none"
                    },
                    "box2d": {
                        "x1": 703.794519,
                        "y1": 441.951635,
                        "x2": 741.969743,
                        "y2": 518.302083
                    }
                },
                {
                    "category": "car",
                    "id": 10,
                    "attributes": {
                        "occluded": true,
                        "truncated": false,
                        "trafficLightColor": "none"
                    },
                    "box2d": {
                        "x1": 722.392706,
                        "y1": 442.930487,
                        "x2": 773.293005,
                        "y2": 531.027158
                    }
                },
                {
                    "category": "car",
                    "id": 11,
                    "attributes": {
                        "occluded": true,
                        "truncated": false,
                        "trafficLightColor": "none"
                    },
                    "box2d": {
                        "x1": 727.286965,
                        "y1": 436.078523,
                        "x2": 876.072455,
                        "y2": 567.244679
                    }
                },
                {
                    "category": "car",
                    "id": 12,
                    "attributes": {
                        "occluded": true,
                        "truncated": false,
                        "trafficLightColor": "none"
                    },
                    "box2d": {
                        "x1": 809.510525,
                        "y1": 432.163116,
                        "x2": 1060.096613,
                        "y2": 604.441051
                    }
                },
                {
                    "category": "car",
                    "id": 13,
                    "attributes": {
                        "occluded": false,
                        "truncated": true,
                        "trafficLightColor": "none"
                    },
                    "box2d": {
                        "x1": 1025.34737,
                        "y1": 369.516594,
                        "x2": 1278.870013,
                        "y2": 683.728055
                    }
                },
                {
                    "category": "car",
                    "id": 14,
                    "attributes": {
                        "occluded": false,
                        "truncated": true,
                        "trafficLightColor": "none"
                    },
                    "box2d": {
                        "x1": 0.800888,
                        "y1": 355.337147,
                        "x2": 158.396045,
                        "y2": 680.315979
                    }
                },
                {
                    "category": "car",
                    "id": 15,
                    "attributes": {
                        "occluded": false,
                        "truncated": false,
                        "trafficLightColor": "none"
                    },
                    "box2d": {
                        "x1": 567.081532,
                        "y1": 416.780187,
                        "x2": 652.241647,
                        "y2": 512.707674
                    }
                },
                {
                    "category": "area/drivable",
                    "id": 16,
                    "attributes": {},
                    "poly2d": [
                        [
                            3.743262,
                            719.954083,
                            "L"
                        ],
                        [
                            1081.038957,
                            720.170138,
                            "L"
                        ],
                        [
                            698.688501,
                            523.620506,
                            "L"
                        ],
                        [
                            482.176796,
                            515.942785,
                            "L"
                        ],
                        [
                            3.743262,
                            719.954083,
                            "L"
                        ]
                    ]
                },
                {
                    "category": "lane/single white",
                    "id": 17,
                    "attributes": {
                        "direction": "parallel",
                        "style": "solid"
                    },
                    "poly2d": [
                        [
                            429.9683,
                            540.51149,
                            "L"
                        ],
                        [
                            4.622611,
                            720.170139,
                            "L"
                        ]
                    ]
                },
                {
                    "category": "lane/single white",
                    "id": 18,
                    "attributes": {
                        "direction": "parallel",
                        "style": "solid"
                    },
                    "poly2d": [
                        [
                            428.432756,
                            532.83377,
                            "L"
                        ],
                        [
                            0,
                            712.492418,
                            "L"
                        ]
                    ]
                }
            ]
        }
    ],
    "attributes": {
        "weather": "undefined",
        "scene": "city street",
        "timeofday": "daytime"
    }
}