{
    "name": "1c29669f-1237cc57",
    "frames": [
        {
            "timestamp": 10000,
            "objects": [
                {
                    "category": "traffic light",
                    "id": 0,
                    "attributes": {
                        "occluded": false,
                        "truncated": false,
                        "trafficLightColor": "green"
                    },
                    "box2d": {
                        "x1": 626.372529,
                        "y1": 194.649631,
                        "x2": 635.106809,
                        "y2": 220.852466
                    }
                },
                {
                    "category": "traffic light",
                    "id": 1,
                    "attributes": {
                        "occluded": false,
                        "truncated": false,
                        "trafficLightColor": "green"
                    },
                    "box2d": {
                        "x1": 801.058095,
                        "y1": 207.127171,
                        "x2": 811.040129,
                        "y2": 233.330006
                    }
                },
                {
                    "category": "traffic light",
                    "id": 2,
                    "attributes": {
                        "occluded": false,
                        "truncated": false,
                        "trafficLightColor": "none"
                    },
                    "box2d": {
                        "x1": 323.168297,
                        "y1": 152.225993,
                        "x2": 339.389099,
                        "y2": 190.90637
                    }
                },
                {
                    "category": "traffic light",
                    "id": 3,
                    "attributes": {
                        "occluded": false,
                        "truncated": false,
                        "trafficLightColor": "none"
                    },
                    "box2d": {
                        "x1": 243.312038,
                        "y1": 209.622679,
                        "x2": 253.294072,
                        "y2": 228.338989
                    }
                },
                {
                    "category": "traffic light",
                    "id": 4,
                    "attributes": {
                        "occluded": false,
                        "truncated": false,
                        "trafficLightColor": "none"
                    },
                    "box2d": {
                        "x1": 638.85007,
                        "y1": 195.897385,
                        "x2": 651.32761,
                        "y2": 220.852467
                    }
                },
                {
                    "category": "traffic sign",
                    "id": 5,
                    "attributes": {
                        "occluded": false,
                        "truncated": false,
                        "trafficLightColor": "none"
                    },
                    "box2d": {
                        "x1": 295.717708,
                        "y1": 152.225993,
                        "x2": 321.920543,
                        "y2": 185.915352
                    }
                },
                {
                    "category": "traffic sign",
                    "id": 6,
                    "attributes": {
                        "occluded": false,
                        "truncated": false,
                        "trafficLightColor": "none"
                    },
                    "box2d": {
                        "x1": 296.965462,
                        "y1": 187.163106,
                        "x2": 313.186265,
                        "y2": 198.392893
                    }
                },
                {
                    "category": "traffic sign",
                    "id": 7,
                    "attributes": {
                        "occluded": false,
                        "truncated": false,
                        "trafficLightColor": "none"
                    },
                    "box2d": {
                        "x1": 288.231184,
                        "y1": 199.640647,
                        "x2": 310.690757,
                        "y2": 209.622679
                    }
                },
                {
                    "category": "traffic sign",
                    "id": 8,
                    "attributes": {
                        "occluded": false,
                        "truncated": false,
                        "trafficLightColor": "none"
                    },
                    "box2d": {
                        "x1": 682.521461,
                        "y1": 204.631663,
                        "x2": 738.670393,
                        "y2": 217.109203
                    }
                },
                {
                    "category": "traffic sign",
                    "id": 9,
                    "attributes": {
                        "occluded": false,
                        "truncated": false,
                        "trafficLightColor": "none"
                    },
                    "box2d": {
                        "x1": 789.828309,
                        "y1": 263.276103,
                        "x2": 818.526652,
                        "y2": 273.258135
                    }
                },
                {
                    "category": "traffic light",
                    "id": 10,
                    "attributes": {
                        "occluded": false,
                        "truncated": false,
                        "trafficLightColor": "green"
                    },
                    "box2d": {
                        "x1": 259.532841,
                        "y1": 269.514873,
                        "x2": 269.514873,
                        "y2": 298.213216
                    }
                },
                {
                    "category": "traffic sign",
                    "id": 11,
                    "attributes": {
                        "occluded": false,
                        "truncated": false,
                        "trafficLightColor": "none"
                    },
                    "box2d": {
                        "x1": 456.67798,
                        "y1": 252.046317,
                        "x2": 481.633059,
                        "y2": 277.001396
                    }
                },
                {
                    "category": "traffic sign",
                    "id": 12,
                    "attributes": {
                        "occluded": false,
                        "truncated": false,
                        "trafficLightColor": "none"
                    },
                    "box2d": {
                        "x1": 460.421242,
                        "y1": 280.74466,
                        "x2": 475.394291,
                        "y2": 299.460969
                    }
                },
                {
                    "category": "traffic sign",
                    "id": 13,
                    "attributes": {
                        "occluded": false,
                        "truncated": false,
                        "trafficLightColor": "none"
                    },
                    "box2d": {
                        "x1": 1013.176283,
                        "y1": 252.046317,
                        "x2": 1033.140346,
                        "y2": 281.992414
                    }
                },
                {
                    "category": "traffic light",
                    "id": 14,
                    "attributes": {
                        "occluded": false,
                        "truncated": false,
                        "trafficLightColor": "none"
                    },
                    "box2d": {
                        "x1": 309.443003,
                        "y1": 253.294071,
                        "x2": 329.407066,
                        "y2": 272.01038
                    }
                },
                {
                    "category": "traffic sign",
                    "id": 15,
                    "attributes": {
                        "occluded": false,
                        "truncated": false,
                        "trafficLightColor": "none"
                    },
                    "box2d": {
                        "x1": 270.762627,
                        "y1": 245.807546,
                        "x2": 308.195249,
                        "y2": 255.78958
                    }
                },
                {
                    "category": "car",
                    "id": 16,
                    "attributes": {
                        "occluded": true,
                        "truncated": false,
                        "trafficLightColor": "none"
                    },
                    "box2d": {
                        "x1": 447.943701,
                        "y1": 323.168297,
                        "x2": 461.668996,
                        "y2": 335.645837
                    }
                },
                {
                    "category": "car",
                    "id": 17,
                    "attributes": {
                        "occluded": true,
                        "truncated": false,
                        "trafficLightColor": "none"
                    },
                    "box2d": {
                        "x1": 434.218407,
                        "y1": 323.168297,
                        "x2": 449.191455,
                        "y2": 334.398083
                    }
                },
                {
                    "category": "car",
                    "id": 18,
                    "attributes": {
                        "occluded": true,
                        "truncated": false,
                        "trafficLightColor": "none"
                    },
                    "box2d": {
                        "x1": 383.060491,
                        "y1": 311.938511,
                        "x2": 413.006587,
                        "y2": 326.911559
                    }
                },
                {
                    "category": "car",
                    "id": 19,
                    "attributes": {
                        "occluded": true,
                        "truncated": false,
                        "trafficLightColor": "none"
                    },
                    "box2d": {
                        "x1": 365.591935,
                        "y1": 319.425035,
                        "x2": 381.812736,
                        "y2": 335.645837
                    }
                },
                {
                    "category": "car",
                    "id": 20,
                    "attributes": {
                        "occluded": true,
                        "truncated": false,
                        "trafficLightColor": "none"
                    },
                    "box2d": {
                        "x1": 524.056698,
                        "y1": 321.920543,
                        "x2": 544.020763,
                        "y2": 331.902575
                    }
                },
                {
                    "category": "car",
                    "id": 21,
                    "attributes": {
                        "occluded": true,
                        "truncated": false,
                        "trafficLightColor": "none"
                    },
                    "box2d": {
                        "x1": 384.308245,
                        "y1": 316.929527,
                        "x2": 424.236376,
                        "y2": 343.132362
                    }
                },
                {
                    "category": "car",
                    "id": 22,
                    "attributes": {
                        "occluded": true,
                        "truncated": false,
                        "trafficLightColor": "none"
                    },
                    "box2d": {
                        "x1": 351.86664,
                        "y1": 315.681773,
                        "x2": 371.830705,
                        "y2": 335.645836
                    }
                },
                {
                    "category": "car",
                    "id": 23,
                    "attributes": {
                        "occluded": true,
                        "truncated": false,
                        "trafficLightColor": "none"
                    },
                    "box2d": {
                        "x1": 319.425035,
                        "y1": 309.443003,
                        "x2": 353.114395,
                        "y2": 336.893592
                    }
                },
                {
                    "category": "car",
                    "id": 24,
                    "attributes": {
                        "occluded": true,
                        "truncated": false,
                        "trafficLightColor": "none"
                    },
                    "box2d": {
                        "x1": 273.258135,
                        "y1": 318.177281,
                        "x2": 309.443003,
                        "y2": 341.884608
                    }
                },
                {
                    "category": "car",
                    "id": 25,
                    "attributes": {
                        "occluded": true,
                        "truncated": false,
                        "trafficLightColor": "none"
                    },
                    "box2d": {
                        "x1": 238.321022,
                        "y1": 321.920543,
                        "x2": 260.780596,
                        "y2": 339.389099
                    }
                },
                {
                    "category": "car",
                    "id": 26,
                    "attributes": {
                        "occluded": true,
                        "truncated": false,
                        "trafficLightColor": "none"
                    },
                    "box2d": {
                        "x1": 217.109203,
                        "y1": 323.168297,
                        "x2": 244.559792,
                        "y2": 338.141346
                    }
                },
                {
                    "category": "car",
                    "id": 27,
                    "attributes": {
                        "occluded": true,
                        "truncated": false,
                        "trafficLightColor": "none"
                    },
                    "box2d": {
                        "x1": 200.888401,
                        "y1": 319.425035,
                        "x2": 224.595728,
                        "y2": 336.893592
                    }
                },
                {
                    "category": "car",
                    "id": 28,
                    "attributes": {
                        "occluded": true,
                        "truncated": false,
                        "trafficLightColor": "none"
                    },
                    "box2d": {
                        "x1": 127.270912,
                        "y1": 313.186265,
                        "x2": 192.154125,
                        "y2": 351.866639
                    }
                },
                {
                    "category": "person",
                    "id": 29,
                    "attributes": {
                        "occluded": true,
                        "truncated": false,
                        "trafficLightColor": "none"
                    },
                    "box2d": {
                        "x1": 763.625474,
                        "y1": 316.929527,
                        "x2": 772.359752,
                        "y2": 331.902575
                    }
                },
                {
                    "category": "person",
                    "id": 30,
                    "attributes": {
                        "occluded": true,
                        "truncated": false,
                        "trafficLightColor": "none"
                    },
                    "box2d": {
                        "x1": 756.13895,
                        "y1": 315.681773,
                        "x2": 766.120982,
                        "y2": 340.636854
                    }
                },
                {
                    "category": "person",
                    "id": 31,
                    "attributes": {
                        "occluded": true,
                        "truncated": false,
                        "trafficLightColor": "none"
                    },
                    "box2d": {
                        "x1": 737.422639,
                        "y1": 314.434019,
                        "x2": 747.404673,
                        "y2": 339.3891
                    }
                },
                {
                    "category": "person",
                    "id": 32,
                    "attributes": {
                        "occluded": true,
                        "truncated": false,
                        "trafficLightColor": "none"
                    },
                    "box2d": {
                        "x1": 728.688361,
                        "y1": 315.681773,
                        "x2": 736.174885,
                        "y2": 341.884607
                    }
                },
                {
                    "category": "person",
                    "id": 33,
                    "attributes": {
                        "occluded": true,
                        "truncated": false,
                        "trafficLightColor": "none"
                    },
                    "box2d": {
                        "x1": 711.219804,
                        "y1": 318.177281,
                        "x2": 721.201838,
                        "y2": 341.884608
                    }
                },
                {
                    "category": "person",
                    "id": 34,
                    "attributes": {
                        "occluded": true,
                        "truncated": false,
                        "trafficLightColor": "none"
                    },
                    "box2d": {
                        "x1": 702.485526,
                        "y1": 318.177281,
                        "x2": 712.467558,
                        "y2": 339.3891
                    }
                },
                {
                    "category": "person",
                    "id": 35,
                    "attributes": {
                        "occluded": true,
                        "truncated": false,
                        "trafficLightColor": "none"
                    },
                    "box2d": {
                        "x1": 694.999002,
                        "y1": 319.425035,
                        "x2": 703.73328,
                        "y2": 341.884608
                    }
                },
                {
                    "category": "person",
                    "id": 36,
                    "attributes": {
                        "occluded": false,
                        "truncated": false,
                        "trafficLightColor": "none"
                    },
                    "box2d": {
                        "x1": 686.264723,
                        "y1": 316.929527,
                        "x2": 693.751249,
                        "y2": 340.636854
                    }
                },
                {
                    "category": "person",
                    "id": 37,
                    "attributes": {
                        "occluded": false,
                        "truncated": false,
                        "trafficLightColor": "none"
                    },
                    "box2d": {
                        "x1": 746.156918,
                        "y1": 316.929527,
                        "x2": 756.13895,
                        "y2": 349.371132
                    }
                },
                {
                    "category": "person",
                    "id": 38,
                    "attributes": {
                        "occluded": false,
                        "truncated": false,
                        "trafficLightColor": "none"
                    },
                    "box2d": {
                        "x1": 595.178678,
                        "y1": 320.672789,
                        "x2": 601.41745,
                        "y2": 336.893592
                    }
                },
                {
                    "category": "person",
                    "id": 39,
                    "attributes": {
                        "occluded": false,
                        "truncated": false,
                        "trafficLightColor": "none"
                    },
                    "box2d": {
                        "x1": 607.656219,
                        "y1": 321.920543,
                        "x2": 616.390496,
                        "y2": 333.150329
                    }
                },
                {
                    "category": "car",
                    "id": 40,
                    "attributes": {
                        "occluded": true,
                        "truncated": false,
                        "trafficLightColor": "none"
                    },
                    "box2d": {
                        "x1": 616.390497,
                        "y1": 319.425035,
                        "x2": 632.6113,
                        "y2": 331.902575
                    }
                },
                {
                    "category": "person",
                    "id": 41,
                    "attributes": {
                        "occluded": true,
                        "truncated": false,
                        "trafficLightColor": "none"
                    },
                    "box2d": {
                        "x1": 492.862847,
                        "y1": 320.672789,
                        "x2": 500.349371,
                        "y2": 341.884608
                    }
                },
                {
                    "category": "person",
                    "id": 42,
                    "attributes": {
                        "occluded": true,
                        "truncated": false,
                        "trafficLightColor": "none"
                    },
                    "box2d": {
                        "x1": 497.853863,
                        "y1": 320.672789,
                        "x2": 505.340386,
                        "y2": 351.86664
                    }
                },
                {
                    "category": "person",
                    "id": 43,
                    "attributes": {
                        "occluded": true,
                        "truncated": false,
                        "trafficLightColor": "none"
                    },
                    "box2d": {
                        "x1": 471.651028,
                        "y1": 313.186265,
                        "x2": 480.385306,
                        "y2": 331.902574
                    }
                },
                {
                    "category": "car",
                    "id": 44,
                    "attributes": {
                        "occluded": false,
                        "truncated": false,
                        "trafficLightColor": "none"
                    },
                    "box2d": {
                        "x1": 751.147934,
                        "y1": 278.249152,
                        "x2": 984.477939,
                        "y2": 431.722899
                    }
                },
                {
                    "category": "person",
                    "id": 45,
                    "attributes": {
                        "occluded": false,
                        "truncated": false,
                        "trafficLightColor": "none"
                    },
                    "box2d": {
                        "x1": 252.046317,
                        "y1": 313.186265,
                        "x2": 277.001396,
                        "y2": 374.326213
                    }
                },
                {
                    "category": "area/drivable",
                    "id": 46,
                    "attributes": {},
                    "poly2d": [
                        [
                            591.194114,
                            337.837263,
                            "L"
                        ],
                        [
                            225.006865,
                            548.774617,
                            "L"
                        ],
                        [
                            461.256705,
                            520.087138,
                            "C"
                        ],
                        [
                            638.444082,
                            525.149634,
                            "C"
                        ],
                        [
                            824.068955,
                            545.399621,
                            "C"
                        ],
                        [
                            630.006587,
                            344.587258,
                            "L"
                        ],
                        [
                            591.194114,
                            337.837263,
                            "L"
                        ]
                    ]
                },
                {
                    "category": "area/alternative",
                    "id": 47,
                    "attributes": {},
                    "poly2d": [
                        [
                            577.694124,
                            341.21226,
                            "L"
                        ],
                        [
                            0,
                            496.462154,
                            "L"
                        ],
                        [
                            0,
                            555.524612,
                            "L"
                        ],
                        [
                            123.756936,
                            550.462116,
                            "L"
                        ],
                        [
                            581.987157,
                            344.473697,
                            "L"
                        ],
                        [
                            577.694124,
                            341.21226,
                            "L"
                        ]
                    ]
                },
                {
                    "category": "area/alternative",
                    "id": 48,
                    "attributes": {},
                    "poly2d": [
                        [
                            746.444009,
                            447.524688,
                            "L"
                        ],
                        [
                            844.318942,
                            540.337123,
                            "L"
                        ],
                        [
                            1002.943831,
                            547.087119,
                            "C"
                        ],
                        [
                            1151.443731,
                            560.587111,
                            "C"
                        ],
                        [
                            1280.811619,
                            584.212092,
                            "C"
                        ],
                        [
                            1280.811619,
                            501.524649,
                            "L"
                        ],
                        [
                            1070.443785,
                            440.774693,
                            "L"
                        ],
                        [
                            746.444009,
                            447.524688,
                            "L"
                        ]
                    ]
                },
                {
                    "category": "area/alternative",
                    "id": 49,
                    "attributes": {},
                    "poly2d": [
                        [
                            992.81884,
                            407.024715,
                            "L"
                        ],
                        [
                            1280.811619,
                            493.087156,
                            "L"
                        ],
                        [
                            1280.811619,
                            380.024735,
                            "L"
                        ],
                        [
                            989.443841,
                            373.274738,
                            "L"
                        ],
                        [
                            992.81884,
                            407.024715,
                            "L"
                        ]
                    ]
                },
                {
                    "category": "lane/road curb",
                    "id": 50,
                    "attributes": {
                        "direction": "parallel",
                        "style": "solid"
                    },
                    "poly2d": [
                        [
                            3.010965,
                            458.293084,
                            "L"
                        ],
                        [
                            408.884905,
                            368.431694,
                            "L"
                        ]
                    ]
                },
                {
                    "category": "lane/road curb",
                    "id": 51,
                    "attributes": {
                        "direction": "parallel",
                        "style": "solid"
                    },
                    "poly2d": [
                        [
                            986.993173,
                            371.427073,
                            "L"
                        ],
                        [
                            1280.52479,
                            387.901662,
                            "L"
                        ]
                    ]
                },
                {
                    "category": "lane/crosswalk",
                    "id": 52,
                    "attributes": {
                        "direction": "vertical",
                        "style": "dashed"
                    },
                    "poly2d": [
                        [
                            989.988552,
                            389.399353,
                            "L"
                        ],
                        [
                            1280.52479,
                            426.841596,
                            "L"
                        ]
                    ]
                },
                {
                    "category": "lane/crosswalk",
                    "id": 53,
                    "attributes": {
                        "direction": "vertical",
                        "style": "dashed"
                    },
                    "poly2d": [
                        [
                            766.83277,
                            419.353148,
                            "L"
                        ],
                        [
                            389.414937,
                            389.399353,
                            "L"
                        ]
                    ]
                },
                {
                    "category": "lane/crosswalk",
                    "id": 54,
                    "attributes": {
                        "direction": "vertical",
                        "style": "dashed"
                    },
                    "poly2d": [
                        [
                            447.824839,
                            380.413214,
                            "L"
                        ],
                        [
                            759.34432,
                            393.89242,
                            "L"
                        ]
                    ]
                },
                {
                    "category": "lane/crosswalk",
                    "id": 55,
                    "attributes": {
                        "direction": "vertical",
                        "style": "dashed"
                    },
                    "poly2d": [
                        [
                            551.165436,
                            353.454796,
                            "L"
                        ],
                        [
                            753.353562,
                            362.440935,
                            "L"
                        ]
                    ]
                },
                {
                    "category": "lane/crosswalk",
                    "id": 56,
                    "attributes": {
                        "direction": "vertical",
                        "style": "dashed"
                    },
                    "poly2d": [
                        [
                            561.649265,
                            341.473276,
                            "L"
                        ],
                        [
                            729.390524,
                            350.459417,
                            "L"
                        ]
                    ]
                },
                {
                    "category": "lane/single yellow",
                    "id": 57,
                    "attributes": {
                        "direction": "parallel",
                        "style": "solid"
                    },
                    "poly2d": [
                        [
                            0,
                            498.101823,
                            "L"
                        ],
                        [
                            375.935729,
                            392.394732,
                            "L"
                        ]
                    ]
                },
                {
                    "category": "lane/double white",
                    "id": 58,
                    "attributes": {
                        "direction": "parallel",
                        "style": "solid"
                    },
                    "poly2d": [
                        [
                            122.826149,
                            548.154471,
                            "L"
                        ],
                        [
                            459.806358,
                            404.376249,
                            "L"
                        ]
                    ]
                },
                {
                    "category": "lane/double white",
                    "id": 59,
                    "attributes": {
                        "direction": "parallel",
                        "style": "solid"
                    },
                    "poly2d": [
                        [
                            221.673678,
                            546.656783,
                            "L"
                        ],
                        [
                            479.276324,
                            399.88318,
                            "L"
                        ]
                    ]
                },
                {
                    "category": "lane/single white",
                    "id": 60,
                    "attributes": {
                        "direction": "vertical",
                        "style": "solid"
                    },
                    "poly2d": [
                        [
                            348.977311,
                            401.38087,
                            "L"
                        ],
                        [
                            438.8387,
                            402.878561,
                            "L"
                        ]
                    ]
                },
                {
                    "category": "lane/single white",
                    "id": 61,
                    "attributes": {
                        "direction": "vertical",
                        "style": "solid"
                    },
                    "poly2d": [
                        [
                            456.810977,
                            423.846217,
                            "L"
                        ],
                        [
                            1280.52479,
                            488.246879,
                            "L"
                        ]
                    ]
                },
                {
                    "category": "lane/single white",
                    "id": 62,
                    "attributes": {
                        "direction": "vertical",
                        "style": "solid"
                    },
                    "poly2d": [
                        [
                            459.806358,
                            417.855457,
                            "L"
                        ],
                        [
                            1280.52479,
                            479.26074,
                            "L"
                        ]
                    ]
                },
                {
                    "category": "lane/single white",
                    "id": 63,
                    "attributes": {
                        "direction": "parallel",
                        "style": "dashed"
                    },
                    "poly2d": [
                        [
                            512.2255,
                            377.417833,
                            "L"
                        ],
                        [
                            554.160817,
                            357.947865,
                            "L"
                        ]
                    ]
                },
                {
                    "category": "lane/road curb",
                    "id": 64,
                    "attributes": {
                        "direction": "parallel",
                        "style": "solid"
                    },
                    "poly2d": [
                        [
                            1274.549617,
                            369.929385,
                            "L"
                        ],
                        [
                            986.993173,
                            362.440935,
                            "L"
                        ]
                    ]
                },
                {
                    "category": "lane/crosswalk",
                    "id": 65,
                    "attributes": {
                        "direction": "vertical",
                        "style": "dashed"
                    },
                    "poly2d": [
                        [
                            978.007032,
                            404.376249,
                            "L"
                        ],
                        [
                            1192.176676,
                            419.353148,
                            "L"
                        ]
                    ]
                },
                {
                    "category": "lane/crosswalk",
                    "id": 66,
                    "attributes": {
                        "direction": "vertical",
                        "style": "dashed"
                    },
                    "poly2d": [
                        [
                            972.016274,
                            434.330046,
                            "L"
                        ],
                        [
                            1280.52479,
                            452.302324,
                            "L"
                        ]
                    ]
                },
                {
                    "category": "lane/road curb",
                    "id": 67,
                    "attributes": {
                        "direction": "parallel",
                        "style": "solid"
                    },
                    "poly2d": [
                        [
                            504.737052,
                            350.459417,
                            "L"
                        ],
                        [
                            564.644644,
                            342.970967,
                            "L"
                        ]
                    ]
                },
                {
                    "category": "lane/single white",
                    "id": 68,
                    "attributes": {
                        "direction": "parallel",
                        "style": "solid"
                    },
                    "poly2d": [
                        [
                            732.385903,
                            452.302324,
                            "L"
                        ],
                        [
                            814.758843,
                            528.684503,
                            "L"
                        ]
                    ]
                },
                {
                    "category": "lane/single white",
                    "id": 69,
                    "attributes": {
                        "direction": "parallel",
                        "style": "solid"
                    },
                    "poly2d": [
                        [
                            745.865111,
                            446.311564,
                            "L"
                        ],
                        [
                            829.735743,
                            528.684503,
                            "L"
                        ]
                    ]
                }
            ]
        }
    ],
    "attributes": {
        "weather": "clear",
        "scene": "city street",
        "timeofday": "daytime"
    }
}