{
    "name": "1c4c5b21-8d33e502",
    "frames": [
        {
            "timestamp": 10000,
            "objects": [
                {
                    "category": "traffic sign",
                    "id": 0,
                    "attributes": {
                        "occluded": false,
                        "truncated": false,
                        "trafficLightColor": "none"
                    },
                    "box2d": {
                        "x1": 303.612381,
                        "y1": 40.775529,
                        "x2": 335.571582,
                        "y2": 101.387801
                    }
                },
                {
                    "category": "traffic sign",
                    "id": 1,
                    "attributes": {
                        "occluded": false,
                        "truncated": false,
                        "trafficLightColor": "none"
                    },
                    "box2d": {
                        "x1": 308.020545,
                        "y1": 185.14294,
                        "x2": 336.673621,
                        "y2": 207.183769
                    }
                },
                {
                    "category": "traffic sign",
                    "id": 2,
                    "attributes": {
                        "occluded": false,
                        "truncated": false,
                        "trafficLightColor": "none"
                    },
                    "box2d": {
                        "x1": 268.347059,
                        "y1": 227.02051,
                        "x2": 308.020547,
                        "y2": 253.469502
                    }
                },
                {
                    "category": "traffic sign",
                    "id": 3,
                    "attributes": {
                        "occluded": false,
                        "truncated": false,
                        "trafficLightColor": "none"
                    },
                    "box2d": {
                        "x1": 1142.265819,
                        "y1": 264.489915,
                        "x2": 1176.4291,
                        "y2": 305.265443
                    }
                },
                {
                    "category": "traffic sign",
                    "id": 4,
                    "attributes": {
                        "occluded": true,
                        "truncated": false,
                        "trafficLightColor": "none"
                    },
                    "box2d": {
                        "x1": 1141.163778,
                        "y1": 164.204156,
                        "x2": 1155.490315,
                        "y2": 195.061313
                    }
                },
                {
                    "category": "traffic sign",
                    "id": 5,
                    "attributes": {
                        "occluded": false,
                        "truncated": false,
                        "trafficLightColor": "none"
                    },
                    "box2d": {
                        "x1": 1149.980107,
                        "y1": 335.020559,
                        "x2": 1172.020935,
                        "y2": 352.65322
                    }
                },
                {
                    "category": "traffic light",
                    "id": 6,
                    "attributes": {
                        "occluded": false,
                        "truncated": false,
                        "trafficLightColor": "none"
                    },
                    "box2d": {
                        "x1": 947.755528,
                        "y1": 301.787125,
                        "x2": 956.571858,
                        "y2": 316.113662
                    }
                },
                {
                    "category": "traffic light",
                    "id": 7,
                    "attributes": {
                        "occluded": false,
                        "truncated": false,
                        "trafficLightColor": "none"
                    },
                    "box2d": {
                        "x1": 940.041238,
                        "y1": 300.685084,
                        "x2": 946.653485,
                        "y2": 318.317745
                    }
                },
                {
                    "category": "traffic light",
                    "id": 8,
                    "attributes": {
                        "occluded": false,
                        "truncated": false,
                        "trafficLightColor": "green"
                    },
                    "box2d": {
                        "x1": 1150.531128,
                        "y1": 134.276846,
                        "x2": 1175.878079,
                        "y2": 213.62382
                    }
                },
                {
                    "category": "person",
                    "id": 9,
                    "attributes": {
                        "occluded": false,
                        "truncated": false,
                        "trafficLightColor": "none"
                    },
                    "box2d": {
                        "x1": 484.697816,
                        "y1": 355.686964,
                        "x2": 526.375009,
                        "y2": 473.605385
                    }
                },
                {
                    "category": "person",
                    "id": 10,
                    "attributes": {
                        "occluded": false,
                        "truncated": false,
                        "trafficLightColor": "none"
                    },
                    "box2d": {
                        "x1": 1149.429087,
                        "y1": 341.360427,
                        "x2": 1183.592368,
                        "y2": 435.03394
                    }
                },
                {
                    "category": "car",
                    "id": 11,
                    "attributes": {
                        "occluded": true,
                        "truncated": false,
                        "trafficLightColor": "none"
                    },
                    "box2d": {
                        "x1": 566.248873,
                        "y1": 345.768592,
                        "x2": 667.636674,
                        "y2": 453.768643
                    }
                },
                {
                    "category": "car",
                    "id": 12,
                    "attributes": {
                        "occluded": false,
                        "truncated": false,
                        "trafficLightColor": "none"
                    },
                    "box2d": {
                        "x1": 586.285944,
                        "y1": 339.715711,
                        "x2": 829.837075,
                        "y2": 492.899453
                    }
                },
                {
                    "category": "car",
                    "id": 13,
                    "attributes": {
                        "occluded": false,
                        "truncated": false,
                        "trafficLightColor": "none"
                    },
                    "box2d": {
                        "x1": 976.897237,
                        "y1": 368.070728,
                        "x2": 1006.898401,
                        "y2": 391.511654
                    }
                },
                {
                    "category": "traffic light",
                    "id": 14,
                    "attributes": {
                        "occluded": false,
                        "truncated": false,
                        "trafficLightColor": "green"
                    },
                    "box2d": {
                        "x1": 1133.184498,
                        "y1": 308.493864,
                        "x2": 1140.52959,
                        "y2": 324.40823
                    }
                },
                {
                    "category": "person",
                    "id": 15,
                    "attributes": {
                        "occluded": true,
                        "truncated": false,
                        "trafficLightColor": "none"
                    },
                    "box2d": {
                        "x1": 1185.824324,
                        "y1": 373.37551,
                        "x2": 1194.393598,
                        "y2": 389.289877
                    }
                },
                {
                    "category": "area/drivable",
                    "id": 16,
                    "attributes": {},
                    "poly2d": [
                        [
                            1.551523,
                            494.957009,
                            "L"
                        ],
                        [
                            0,
                            679.22229,
                            "L"
                        ],
                        [
                            560.489541,
                            602.44509,
                            "C"
                        ],
                        [
                            1045.721446,
                            670.009026,
                            "C"
                        ],
                        [
                            1280.6437,
                            702.25545,
                            "C"
                        ],
                        [
                            1280.6437,
                            508.776905,
                            "L"
                        ],
                        [
                            1.551523,
                            494.957009,
                            "L"
                        ]
                    ]
                },
                {
                    "category": "lane/road curb",
                    "id": 17,
                    "attributes": {
                        "direction": "parallel",
                        "style": "solid"
                    },
                    "poly2d": [
                        [
                            121.032142,
                            501.597125,
                            "L"
                        ],
                        [
                            386.803753,
                            484.128569,
                            "L"
                        ]
                    ]
                },
                {
                    "category": "lane/road curb",
                    "id": 18,
                    "attributes": {
                        "direction": "parallel",
                        "style": "solid"
                    },
                    "poly2d": [
                        [
                            471.651028,
                            470.403274,
                            "L"
                        ],
                        [
                            580.20563,
                            457.925734,
                            "L"
                        ]
                    ]
                },
                {
                    "category": "lane/road curb",
                    "id": 19,
                    "attributes": {
                        "direction": "parallel",
                        "style": "solid"
                    },
                    "poly2d": [
                        [
                            1116.739868,
                            446.695947,
                            "C"
                        ],
                        [
                            1175.384308,
                            451.686963,
                            "C"
                        ],
                        [
                            1224.046716,
                            454.182472,
                            "C"
                        ],
                        [
                            1258.983829,
                            447.943701,
                            "L"
                        ]
                    ]
                },
                {
                    "category": "lane/road curb",
                    "id": 20,
                    "attributes": {
                        "direction": "parallel",
                        "style": "solid"
                    },
                    "poly2d": [
                        [
                            1013.176283,
                            398.03354,
                            "C"
                        ],
                        [
                            1060.590936,
                            400.529048,
                            "C"
                        ],
                        [
                            1084.298263,
                            406.767818,
                            "C"
                        ],
                        [
                            1100.519066,
                            417.997604,
                            "L"
                        ]
                    ]
                },
                {
                    "category": "lane/single white",
                    "id": 21,
                    "attributes": {
                        "direction": "vertical",
                        "style": "solid"
                    },
                    "poly2d": [
                        [
                            828.508684,
                            436.713915,
                            "L"
                        ],
                        [
                            1084.298263,
                            426.731883,
                            "L"
                        ]
                    ]
                },
                {
                    "category": "lane/crosswalk",
                    "id": 22,
                    "attributes": {
                        "direction": "vertical",
                        "style": "dashed"
                    },
                    "poly2d": [
                        [
                            826.013176,
                            460.421242,
                            "L"
                        ],
                        [
                            1096.775804,
                            444.200439,
                            "L"
                        ]
                    ]
                },
                {
                    "category": "lane/crosswalk",
                    "id": 23,
                    "attributes": {
                        "direction": "vertical",
                        "style": "dashed"
                    },
                    "poly2d": [
                        [
                            835.995209,
                            442.952685,
                            "L"
                        ],
                        [
                            1089.289279,
                            430.475145,
                            "L"
                        ]
                    ]
                },
                {
                    "category": "lane/single white",
                    "id": 24,
                    "attributes": {
                        "direction": "parallel",
                        "style": "solid"
                    },
                    "poly2d": [
                        [
                            425.484129,
                            484.128569,
                            "L"
                        ],
                        [
                            591.435416,
                            466.660012,
                            "L"
                        ]
                    ]
                },
                {
                    "category": "lane/crosswalk",
                    "id": 25,
                    "attributes": {
                        "direction": "vertical",
                        "style": "dashed"
                    },
                    "poly2d": [
                        [
                            104.81134,
                            510.331403,
                            "L"
                        ],
                        [
                            0,
                            524.056698,
                            "L"
                        ]
                    ]
                },
                {
                    "category": "lane/double yellow",
                    "id": 26,
                    "attributes": {
                        "direction": "parallel",
                        "style": "dashed"
                    },
                    "poly2d": [
                        [
                            680.025953,
                            636.354562,
                            "C"
                        ],
                        [
                            879.6666,
                            610.151727,
                            "C"
                        ],
                        [
                            1137.951687,
                            566.480335,
                            "C"
                        ],
                        [
                            1280.195648,
                            506.588141,
                            "L"
                        ]
                    ]
                },
                {
                    "category": "lane/double yellow",
                    "id": 27,
                    "attributes": {
                        "direction": "parallel",
                        "style": "dashed"
                    },
                    "poly2d": [
                        [
                            743.661409,
                            651.32761,
                            "C"
                        ],
                        [
                            927.081254,
                            621.381513,
                            "C"
                        ],
                        [
                            1175.384308,
                            578.957876,
                            "C"
                        ],
                        [
                            1278.947894,
                            526.552206,
                            "L"
                        ]
                    ]
                }
            ]
        }
    ],
    "attributes": {
        "weather": "clear",
        "scene": "city street",
        "timeofday": "daytime"
    }
}