{
    "name": "1c5a5eec-b5894678",
    "frames": [
        {
            "timestamp": 10000,
            "objects": [
                {
                    "category": "traffic sign",
                    "id": 0,
                    "attributes": {
                        "occluded": false,
                        "truncated": true,
                        "trafficLightColor": "none"
                    },
                    "box2d": {
                        "x1": 93.438941,
                        "y1": 0,
                        "x2": 190.991546,
                        "y2": 77.571951
                    }
                },
                {
                    "category": "traffic sign",
                    "id": 1,
                    "attributes": {
                        "occluded": false,
                        "truncated": false,
                        "trafficLightColor": "none"
                    },
                    "box2d": {
                        "x1": 114.594927,
                        "y1": 79.922616,
                        "x2": 171.010892,
                        "y2": 106.955266
                    }
                },
                {
                    "category": "traffic sign",
                    "id": 2,
                    "attributes": {
                        "occluded": false,
                        "truncated": false,
                        "trafficLightColor": "none"
                    },
                    "box2d": {
                        "x1": 139.276912,
                        "y1": 104.6046,
                        "x2": 168.660227,
                        "y2": 145.741241
                    }
                },
                {
                    "category": "traffic sign",
                    "id": 3,
                    "attributes": {
                        "occluded": false,
                        "truncated": false,
                        "trafficLightColor": "none"
                    },
                    "box2d": {
                        "x1": 112.244262,
                        "y1": 141.039911,
                        "x2": 154.556236,
                        "y2": 198.631208
                    }
                },
                {
                    "category": "traffic sign",
                    "id": 4,
                    "attributes": {
                        "occluded": false,
                        "truncated": false,
                        "trafficLightColor": "none"
                    },
                    "box2d": {
                        "x1": 800.98916,
                        "y1": 223.313192,
                        "x2": 823.320479,
                        "y2": 242.118512
                    }
                },
                {
                    "category": "car",
                    "id": 5,
                    "attributes": {
                        "occluded": true,
                        "truncated": false,
                        "trafficLightColor": "none"
                    },
                    "box2d": {
                        "x1": 487.25931,
                        "y1": 311.127328,
                        "x2": 499.012636,
                        "y2": 321.705322
                    }
                },
                {
                    "category": "car",
                    "id": 6,
                    "attributes": {
                        "occluded": true,
                        "truncated": false,
                        "trafficLightColor": "none"
                    },
                    "box2d": {
                        "x1": 477.85665,
                        "y1": 302.9,
                        "x2": 491.960641,
                        "y2": 324.055987
                    }
                },
                {
                    "category": "car",
                    "id": 7,
                    "attributes": {
                        "occluded": true,
                        "truncated": false,
                        "trafficLightColor": "none"
                    },
                    "box2d": {
                        "x1": 439.070674,
                        "y1": 287.620676,
                        "x2": 486.083978,
                        "y2": 327.581985
                    }
                },
                {
                    "category": "car",
                    "id": 8,
                    "attributes": {
                        "occluded": true,
                        "truncated": false,
                        "trafficLightColor": "none"
                    },
                    "box2d": {
                        "x1": 443.772005,
                        "y1": 294.672672,
                        "x2": 474.330652,
                        "y2": 338.159978
                    }
                },
                {
                    "category": "car",
                    "id": 9,
                    "attributes": {
                        "occluded": true,
                        "truncated": false,
                        "trafficLightColor": "none"
                    },
                    "box2d": {
                        "x1": 432.018679,
                        "y1": 291.146674,
                        "x2": 464.927991,
                        "y2": 339.33531
                    }
                },
                {
                    "category": "car",
                    "id": 10,
                    "attributes": {
                        "occluded": true,
                        "truncated": false,
                        "trafficLightColor": "none"
                    },
                    "box2d": {
                        "x1": 387.35604,
                        "y1": 287.620676,
                        "x2": 453.174665,
                        "y2": 358.140632
                    }
                },
                {
                    "category": "car",
                    "id": 11,
                    "attributes": {
                        "occluded": true,
                        "truncated": false,
                        "trafficLightColor": "none"
                    },
                    "box2d": {
                        "x1": 383.830043,
                        "y1": 294.672672,
                        "x2": 433.194011,
                        "y2": 366.36796
                    }
                },
                {
                    "category": "car",
                    "id": 12,
                    "attributes": {
                        "occluded": true,
                        "truncated": false,
                        "trafficLightColor": "none"
                    },
                    "box2d": {
                        "x1": 531.921949,
                        "y1": 302.9,
                        "x2": 550.72727,
                        "y2": 325.231318
                    }
                },
                {
                    "category": "car",
                    "id": 13,
                    "attributes": {
                        "occluded": true,
                        "truncated": false,
                        "trafficLightColor": "none"
                    },
                    "box2d": {
                        "x1": 543.675275,
                        "y1": 306.425998,
                        "x2": 562.480595,
                        "y2": 329.93265
                    }
                },
                {
                    "category": "car",
                    "id": 14,
                    "attributes": {
                        "occluded": true,
                        "truncated": false,
                        "trafficLightColor": "none"
                    },
                    "box2d": {
                        "x1": 554.253268,
                        "y1": 302.9,
                        "x2": 578.935252,
                        "y2": 334.633979
                    }
                },
                {
                    "category": "car",
                    "id": 15,
                    "attributes": {
                        "occluded": true,
                        "truncated": false,
                        "trafficLightColor": "none"
                    },
                    "box2d": {
                        "x1": 562.480596,
                        "y1": 305.250665,
                        "x2": 595.389909,
                        "y2": 341.685976
                    }
                },
                {
                    "category": "car",
                    "id": 16,
                    "attributes": {
                        "occluded": true,
                        "truncated": false,
                        "trafficLightColor": "none"
                    },
                    "box2d": {
                        "x1": 587.162581,
                        "y1": 291.146674,
                        "x2": 634.175884,
                        "y2": 347.562639
                    }
                },
                {
                    "category": "car",
                    "id": 17,
                    "attributes": {
                        "occluded": true,
                        "truncated": false,
                        "trafficLightColor": "none"
                    },
                    "box2d": {
                        "x1": 594.214576,
                        "y1": 302.9,
                        "x2": 633.000552,
                        "y2": 356.965299
                    }
                },
                {
                    "category": "car",
                    "id": 18,
                    "attributes": {
                        "occluded": true,
                        "truncated": false,
                        "trafficLightColor": "none"
                    },
                    "box2d": {
                        "x1": 608.499055,
                        "y1": 299.367557,
                        "x2": 664.734532,
                        "y2": 364.017295
                    }
                },
                {
                    "category": "car",
                    "id": 19,
                    "attributes": {
                        "occluded": true,
                        "truncated": false,
                        "trafficLightColor": "none"
                    },
                    "box2d": {
                        "x1": 638.877215,
                        "y1": 275.867351,
                        "x2": 739.955817,
                        "y2": 378.121286
                    }
                },
                {
                    "category": "car",
                    "id": 20,
                    "attributes": {
                        "occluded": true,
                        "truncated": false,
                        "trafficLightColor": "none"
                    },
                    "box2d": {
                        "x1": 671.786527,
                        "y1": 308.776663,
                        "x2": 745.832481,
                        "y2": 395.751276
                    }
                },
                {
                    "category": "car",
                    "id": 21,
                    "attributes": {
                        "occluded": false,
                        "truncated": false,
                        "trafficLightColor": "none"
                    },
                    "box2d": {
                        "x1": 260.923835,
                        "y1": 277.143428,
                        "x2": 412.233218,
                        "y2": 392.326022
                    }
                },
                {
                    "category": "car",
                    "id": 22,
                    "attributes": {
                        "occluded": false,
                        "truncated": false,
                        "trafficLightColor": "none"
                    },
                    "box2d": {
                        "x1": 704.729428,
                        "y1": 291.247419,
                        "x2": 913.93863,
                        "y2": 436.98866
                    }
                },
                {
                    "category": "car",
                    "id": 23,
                    "attributes": {
                        "occluded": true,
                        "truncated": false,
                        "trafficLightColor": "none"
                    },
                    "box2d": {
                        "x1": 889.894706,
                        "y1": 312.470569,
                        "x2": 954.537997,
                        "y2": 373.587863
                    }
                },
                {
                    "category": "car",
                    "id": 24,
                    "attributes": {
                        "occluded": true,
                        "truncated": false,
                        "trafficLightColor": "none"
                    },
                    "box2d": {
                        "x1": 931.031346,
                        "y1": 318.347232,
                        "x2": 1047.389273,
                        "y2": 372.412532
                    }
                },
                {
                    "category": "car",
                    "id": 25,
                    "attributes": {
                        "occluded": true,
                        "truncated": false,
                        "trafficLightColor": "none"
                    },
                    "box2d": {
                        "x1": 972.167987,
                        "y1": 346.555214,
                        "x2": 1021.531956,
                        "y2": 382.990525
                    }
                },
                {
                    "category": "car",
                    "id": 26,
                    "attributes": {
                        "occluded": true,
                        "truncated": false,
                        "trafficLightColor": "none"
                    },
                    "box2d": {
                        "x1": 1015.655293,
                        "y1": 324.223895,
                        "x2": 1243.669815,
                        "y2": 391.217853
                    }
                },
                {
                    "category": "car",
                    "id": 27,
                    "attributes": {
                        "occluded": true,
                        "truncated": true,
                        "trafficLightColor": "none"
                    },
                    "box2d": {
                        "x1": 1086.175248,
                        "y1": 337.152554,
                        "x2": 1278.929794,
                        "y2": 408.847842
                    }
                },
                {
                    "category": "area/drivable",
                    "id": 28,
                    "attributes": {},
                    "poly2d": [
                        [
                            502.138868,
                            322.976081,
                            "L"
                        ],
                        [
                            391.5797,
                            398.217737,
                            "L"
                        ],
                        [
                            242.631932,
                            396.682193,
                            "L"
                        ],
                        [
                            0,
                            464.246129,
                            "L"
                        ],
                        [
                            0,
                            582.483018,
                            "L"
                        ],
                        [
                            641.873373,
                            528.738977,
                            "C"
                        ],
                        [
                            1041.114814,
                            587.08965,
                            "C"
                        ],
                        [
                            1280.6437,
                            637.762602,
                            "C"
                        ],
                        [
                            1280.6437,
                            494.957009,
                            "L"
                        ],
                        [
                            1167.029423,
                            482.672657,
                            "C"
                        ],
                        [
                            1054.93471,
                            473.459393,
                            "C"
                        ],
                        [
                            921.342382,
                            439.677425,
                            "C"
                        ],
                        [
                            758.574717,
                            435.070793,
                            "L"
                        ],
                        [
                            531.314205,
                            322.976081,
                            "L"
                        ],
                        [
                            502.138868,
                            322.976081,
                            "L"
                        ]
                    ]
                },
                {
                    "category": "lane/road curb",
                    "id": 29,
                    "attributes": {
                        "direction": "parallel",
                        "style": "solid"
                    },
                    "poly2d": [
                        [
                            0,
                            461.668996,
                            "L"
                        ],
                        [
                            260.780595,
                            388.051507,
                            "L"
                        ]
                    ]
                },
                {
                    "category": "lane/road curb",
                    "id": 30,
                    "attributes": {
                        "direction": "parallel",
                        "style": "solid"
                    },
                    "poly2d": [
                        [
                            900.878419,
                            436.713915,
                            "L"
                        ],
                        [
                            986.973448,
                            455.430226,
                            "L"
                        ]
                    ]
                },
                {
                    "category": "lane/single white",
                    "id": 31,
                    "attributes": {
                        "direction": "parallel",
                        "style": "solid"
                    },
                    "poly2d": [
                        [
                            345.62787,
                            462.91675,
                            "L"
                        ],
                        [
                            225.843482,
                            566.480335,
                            "L"
                        ]
                    ]
                },
                {
                    "category": "lane/single white",
                    "id": 32,
                    "attributes": {
                        "direction": "parallel",
                        "style": "solid"
                    },
                    "poly2d": [
                        [
                            318.177281,
                            465.412258,
                            "L"
                        ],
                        [
                            210.870433,
                            554.002795,
                            "L"
                        ]
                    ]
                },
                {
                    "category": "lane/crosswalk",
                    "id": 33,
                    "attributes": {
                        "direction": "vertical",
                        "style": "dashed"
                    },
                    "poly2d": [
                        [
                            169.69455,
                            429.227391,
                            "C"
                        ],
                        [
                            435.466161,
                            420.493112,
                            "C"
                        ],
                        [
                            675.034937,
                            427.979637,
                            "C"
                        ],
                        [
                            913.355959,
                            446.695947,
                            "L"
                        ]
                    ]
                },
                {
                    "category": "lane/crosswalk",
                    "id": 34,
                    "attributes": {
                        "direction": "vertical",
                        "style": "dashed"
                    },
                    "poly2d": [
                        [
                            12.47754,
                            469.15552,
                            "C"
                        ],
                        [
                            451.686963,
                            452.934718,
                            "C"
                        ],
                        [
                            807.296866,
                            476.642044,
                            "C"
                        ],
                        [
                            1161.659014,
                            486.624077,
                            "L"
                        ]
                    ]
                }
            ]
        }
    ],
    "attributes": {
        "weather": "overcast",
        "scene": "residential",
        "timeofday": "daytime"
    }
}