{
    "name": "1c743c3a-089a5633",
    "frames": [
        {
            "timestamp": 10000,
            "objects": [
                {
                    "category": "traffic sign",
                    "id": 0,
                    "attributes": {
                        "occluded": false,
                        "truncated": false,
                        "trafficLightColor": "none"
                    },
                    "box2d": {
                        "x1": 783.589539,
                        "y1": 129.76642,
                        "x2": 834.747455,
                        "y2": 168.446796
                    }
                },
                {
                    "category": "traffic sign",
                    "id": 1,
                    "attributes": {
                        "occluded": false,
                        "truncated": false,
                        "trafficLightColor": "none"
                    },
                    "box2d": {
                        "x1": 371.830705,
                        "y1": 318.177281,
                        "x2": 389.299261,
                        "y2": 331.902575
                    }
                },
                {
                    "category": "traffic sign",
                    "id": 2,
                    "attributes": {
                        "occluded": false,
                        "truncated": false,
                        "trafficLightColor": "none"
                    },
                    "box2d": {
                        "x1": 576.462368,
                        "y1": 277.001397,
                        "x2": 606.408466,
                        "y2": 306.947495
                    }
                },
                {
                    "category": "traffic light",
                    "id": 3,
                    "attributes": {
                        "occluded": false,
                        "truncated": false,
                        "trafficLightColor": "red"
                    },
                    "box2d": {
                        "x1": 73.617489,
                        "y1": 12.47754,
                        "x2": 103.563586,
                        "y2": 87.342783
                    }
                },
                {
                    "category": "traffic light",
                    "id": 4,
                    "attributes": {
                        "occluded": false,
                        "truncated": false,
                        "trafficLightColor": "red"
                    },
                    "box2d": {
                        "x1": 586.4444,
                        "y1": 247.0553,
                        "x2": 601.417449,
                        "y2": 273.471148
                    }
                },
                {
                    "category": "traffic light",
                    "id": 5,
                    "attributes": {
                        "occluded": false,
                        "truncated": false,
                        "trafficLightColor": "none"
                    },
                    "box2d": {
                        "x1": 47.414654,
                        "y1": 19.964065,
                        "x2": 76.112997,
                        "y2": 92.333799
                    }
                },
                {
                    "category": "traffic light",
                    "id": 6,
                    "attributes": {
                        "occluded": false,
                        "truncated": false,
                        "trafficLightColor": "none"
                    },
                    "box2d": {
                        "x1": 104.81134,
                        "y1": 13.725294,
                        "x2": 145.987223,
                        "y2": 92.333799
                    }
                },
                {
                    "category": "traffic light",
                    "id": 7,
                    "attributes": {
                        "occluded": false,
                        "truncated": false,
                        "trafficLightColor": "none"
                    },
                    "box2d": {
                        "x1": 816.031144,
                        "y1": 217.109203,
                        "x2": 855.959273,
                        "y2": 263.276103
                    }
                },
                {
                    "category": "traffic light",
                    "id": 8,
                    "attributes": {
                        "occluded": true,
                        "truncated": false,
                        "trafficLightColor": "none"
                    },
                    "box2d": {
                        "x1": 850.968257,
                        "y1": 227.091236,
                        "x2": 865.941306,
                        "y2": 267.019365
                    }
                },
                {
                    "category": "traffic light",
                    "id": 9,
                    "attributes": {
                        "occluded": false,
                        "truncated": false,
                        "trafficLightColor": "none"
                    },
                    "box2d": {
                        "x1": 596.426432,
                        "y1": 316.929527,
                        "x2": 612.647235,
                        "y2": 331.902576
                    }
                },
                {
                    "category": "traffic light",
                    "id": 10,
                    "attributes": {
                        "occluded": false,
                        "truncated": false,
                        "trafficLightColor": "green"
                    },
                    "box2d": {
                        "x1": 207.127171,
                        "y1": 340.636854,
                        "x2": 215.861449,
                        "y2": 350.618886
                    }
                },
                {
                    "category": "person",
                    "id": 11,
                    "attributes": {
                        "occluded": true,
                        "truncated": false,
                        "trafficLightColor": "none"
                    },
                    "box2d": {
                        "x1": 1018.167299,
                        "y1": 301.956478,
                        "x2": 1045.617888,
                        "y2": 323.168297
                    }
                },
                {
                    "category": "person",
                    "id": 12,
                    "attributes": {
                        "occluded": true,
                        "truncated": false,
                        "trafficLightColor": "none"
                    },
                    "box2d": {
                        "x1": 521.56119,
                        "y1": 356.857656,
                        "x2": 541.525255,
                        "y2": 386.803753
                    }
                },
                {
                    "category": "person",
                    "id": 13,
                    "attributes": {
                        "occluded": true,
                        "truncated": false,
                        "trafficLightColor": "none"
                    },
                    "box2d": {
                        "x1": 436.713915,
                        "y1": 356.857656,
                        "x2": 457.925735,
                        "y2": 378.069475
                    }
                },
                {
                    "category": "person",
                    "id": 14,
                    "attributes": {
                        "occluded": true,
                        "truncated": false,
                        "trafficLightColor": "none"
                    },
                    "box2d": {
                        "x1": 456.67798,
                        "y1": 361.848672,
                        "x2": 470.403274,
                        "y2": 384.308245
                    }
                },
                {
                    "category": "car",
                    "id": 15,
                    "attributes": {
                        "occluded": false,
                        "truncated": true,
                        "trafficLightColor": "none"
                    },
                    "box2d": {
                        "x1": 154.721501,
                        "y1": 381.812737,
                        "x2": 796.067079,
                        "y2": 677.530445
                    }
                },
                {
                    "category": "car",
                    "id": 16,
                    "attributes": {
                        "occluded": true,
                        "truncated": false,
                        "trafficLightColor": "none"
                    },
                    "box2d": {
                        "x1": 616.390497,
                        "y1": 308.195249,
                        "x2": 1210.321422,
                        "y2": 632.6113
                    }
                },
                {
                    "category": "car",
                    "id": 17,
                    "attributes": {
                        "occluded": false,
                        "truncated": true,
                        "trafficLightColor": "none"
                    },
                    "box2d": {
                        "x1": 0,
                        "y1": 394.290278,
                        "x2": 62.387702,
                        "y2": 436.713914
                    }
                },
                {
                    "category": "car",
                    "id": 18,
                    "attributes": {
                        "occluded": false,
                        "truncated": false,
                        "trafficLightColor": "none"
                    },
                    "box2d": {
                        "x1": 64.88321,
                        "y1": 361.848672,
                        "x2": 152.225994,
                        "y2": 431.722899
                    }
                },
                {
                    "category": "car",
                    "id": 19,
                    "attributes": {
                        "occluded": true,
                        "truncated": false,
                        "trafficLightColor": "none"
                    },
                    "box2d": {
                        "x1": 147.234977,
                        "y1": 388.051507,
                        "x2": 189.658614,
                        "y2": 416.74985
                    }
                },
                {
                    "category": "car",
                    "id": 20,
                    "attributes": {
                        "occluded": true,
                        "truncated": false,
                        "trafficLightColor": "none"
                    },
                    "box2d": {
                        "x1": 187.163106,
                        "y1": 384.308245,
                        "x2": 219.604711,
                        "y2": 404.27231
                    }
                },
                {
                    "category": "car",
                    "id": 21,
                    "attributes": {
                        "occluded": false,
                        "truncated": false,
                        "trafficLightColor": "none"
                    },
                    "box2d": {
                        "x1": 215.861449,
                        "y1": 385.555999,
                        "x2": 262.02835,
                        "y2": 411.758833
                    }
                },
                {
                    "category": "car",
                    "id": 22,
                    "attributes": {
                        "occluded": true,
                        "truncated": false,
                        "trafficLightColor": "none"
                    },
                    "box2d": {
                        "x1": 262.028349,
                        "y1": 384.308245,
                        "x2": 277.001397,
                        "y2": 400.529048
                    }
                },
                {
                    "category": "lane/road curb",
                    "id": 23,
                    "attributes": {
                        "direction": "parallel",
                        "style": "solid"
                    },
                    "poly2d": [
                        [
                            1129.519818,
                            587.723259,
                            "L"
                        ],
                        [
                            1280.294239,
                            613.302219,
                            "L"
                        ]
                    ]
                },
                {
                    "category": "lane/double yellow",
                    "id": 24,
                    "attributes": {
                        "direction": "parallel",
                        "style": "solid"
                    },
                    "poly2d": [
                        [
                            161.552298,
                            424.825675,
                            "L"
                        ],
                        [
                            195.209028,
                            414.055587,
                            "L"
                        ]
                    ]
                },
                {
                    "category": "lane/crosswalk",
                    "id": 25,
                    "attributes": {
                        "direction": "vertical",
                        "style": "dashed"
                    },
                    "poly2d": [
                        [
                            0,
                            449.232388,
                            "L"
                        ],
                        [
                            230.212025,
                            434.249503,
                            "L"
                        ]
                    ]
                },
                {
                    "category": "lane/crosswalk",
                    "id": 26,
                    "attributes": {
                        "direction": "vertical",
                        "style": "dashed"
                    },
                    "poly2d": [
                        [
                            2.019404,
                            441.827952,
                            "L"
                        ],
                        [
                            247.713524,
                            422.133153,
                            "L"
                        ]
                    ]
                },
                {
                    "category": "lane/single white",
                    "id": 27,
                    "attributes": {
                        "direction": "parallel",
                        "style": "solid"
                    },
                    "poly2d": [
                        [
                            47.792555,
                            436.442908,
                            "L"
                        ],
                        [
                            67.98659,
                            432.404125,
                            "L"
                        ]
                    ]
                },
                {
                    "category": "lane/crosswalk",
                    "id": 28,
                    "attributes": {
                        "direction": "vertical",
                        "style": "dashed"
                    },
                    "poly2d": [
                        [
                            5.385076,
                            519.063947,
                            "L"
                        ],
                        [
                            184.438874,
                            502.908815,
                            "L"
                        ]
                    ]
                },
                {
                    "category": "lane/crosswalk",
                    "id": 29,
                    "attributes": {
                        "direction": "vertical",
                        "style": "dashed"
                    },
                    "poly2d": [
                        [
                            5.385076,
                            587.723259,
                            "L"
                        ],
                        [
                            158.85976,
                            574.26065,
                            "L"
                        ]
                    ]
                },
                {
                    "category": "lane/single white",
                    "id": 30,
                    "attributes": {
                        "direction": "vertical",
                        "style": "solid"
                    },
                    "poly2d": [
                        [
                            0,
                            677.922749,
                            "L"
                        ],
                        [
                            193.862758,
                            653.69005,
                            "L"
                        ]
                    ]
                },
                {
                    "category": "lane/single white",
                    "id": 31,
                    "attributes": {
                        "direction": "vertical",
                        "style": "solid"
                    },
                    "poly2d": [
                        [
                            0,
                            706.19423,
                            "L"
                        ],
                        [
                            212.710526,
                            676.576489,
                            "L"
                        ]
                    ]
                }
            ]
        }
    ],
    "attributes": {
        "weather": "clear",
        "scene": "city street",
        "timeofday": "daytime"
    }
}