{
    "name": "1cae2a5c-b1ed40b3",
    "frames": [
        {
            "timestamp": 10000,
            "objects": [
                {
                    "category": "traffic light",
                    "id": 0,
                    "attributes": {
                        "occluded": false,
                        "truncated": false,
                        "trafficLightColor": "green"
                    },
                    "box2d": {
                        "x1": 268.544341,
                        "y1": 288.899797,
                        "x2": 283.73183,
                        "y2": 319.274775
                    }
                },
                {
                    "category": "traffic light",
                    "id": 1,
                    "attributes": {
                        "occluded": false,
                        "truncated": false,
                        "trafficLightColor": "green"
                    },
                    "box2d": {
                        "x1": 702.231543,
                        "y1": 337.837263,
                        "x2": 714.044036,
                        "y2": 361.462245
                    }
                },
                {
                    "category": "traffic light",
                    "id": 2,
                    "attributes": {
                        "occluded": false,
                        "truncated": false,
                        "trafficLightColor": "green"
                    },
                    "box2d": {
                        "x1": 867.60643,
                        "y1": 415.462209,
                        "x2": 881.10642,
                        "y2": 432.337198
                    }
                },
                {
                    "category": "traffic light",
                    "id": 3,
                    "attributes": {
                        "occluded": false,
                        "truncated": false,
                        "trafficLightColor": "green"
                    },
                    "box2d": {
                        "x1": 179.106903,
                        "y1": 380.024734,
                        "x2": 190.919395,
                        "y2": 396.899722
                    }
                },
                {
                    "category": "traffic light",
                    "id": 4,
                    "attributes": {
                        "occluded": false,
                        "truncated": false,
                        "trafficLightColor": "red"
                    },
                    "box2d": {
                        "x1": 852.41894,
                        "y1": 415.462209,
                        "x2": 864.231432,
                        "y2": 430.649699
                    }
                },
                {
                    "category": "traffic light",
                    "id": 5,
                    "attributes": {
                        "occluded": false,
                        "truncated": false,
                        "trafficLightColor": "red"
                    },
                    "box2d": {
                        "x1": 1129.16875,
                        "y1": 400.274721,
                        "x2": 1164.606226,
                        "y2": 423.899704
                    }
                },
                {
                    "category": "traffic light",
                    "id": 6,
                    "attributes": {
                        "occluded": false,
                        "truncated": false,
                        "trafficLightColor": "none"
                    },
                    "box2d": {
                        "x1": 216.231878,
                        "y1": 234.899833,
                        "x2": 233.106865,
                        "y2": 272.024808
                    }
                },
                {
                    "category": "traffic light",
                    "id": 7,
                    "attributes": {
                        "occluded": false,
                        "truncated": false,
                        "trafficLightColor": "none"
                    },
                    "box2d": {
                        "x1": 287.106829,
                        "y1": 293.962293,
                        "x2": 302.294318,
                        "y2": 324.337272
                    }
                },
                {
                    "category": "traffic sign",
                    "id": 8,
                    "attributes": {
                        "occluded": false,
                        "truncated": false,
                        "trafficLightColor": "none"
                    },
                    "box2d": {
                        "x1": 1137.606244,
                        "y1": 314.212279,
                        "x2": 1164.606226,
                        "y2": 341.21226
                    }
                },
                {
                    "category": "traffic sign",
                    "id": 9,
                    "attributes": {
                        "occluded": false,
                        "truncated": false,
                        "trafficLightColor": "none"
                    },
                    "box2d": {
                        "x1": 1132.543748,
                        "y1": 347.962255,
                        "x2": 1154.48123,
                        "y2": 374.962237
                    }
                },
                {
                    "category": "traffic sign",
                    "id": 10,
                    "attributes": {
                        "occluded": false,
                        "truncated": false,
                        "trafficLightColor": "none"
                    },
                    "box2d": {
                        "x1": 1154.481233,
                        "y1": 342.899759,
                        "x2": 1178.106216,
                        "y2": 385.08723
                    }
                },
                {
                    "category": "traffic sign",
                    "id": 11,
                    "attributes": {
                        "occluded": true,
                        "truncated": false,
                        "trafficLightColor": "none"
                    },
                    "box2d": {
                        "x1": 1105.543766,
                        "y1": 346.274757,
                        "x2": 1132.543749,
                        "y2": 364.837244
                    }
                },
                {
                    "category": "traffic sign",
                    "id": 12,
                    "attributes": {
                        "occluded": true,
                        "truncated": false,
                        "trafficLightColor": "none"
                    },
                    "box2d": {
                        "x1": 1097.106272,
                        "y1": 364.837244,
                        "x2": 1142.668741,
                        "y2": 385.08723
                    }
                },
                {
                    "category": "traffic sign",
                    "id": 13,
                    "attributes": {
                        "occluded": false,
                        "truncated": false,
                        "trafficLightColor": "none"
                    },
                    "box2d": {
                        "x1": 135.231933,
                        "y1": 315.899778,
                        "x2": 199.356889,
                        "y2": 337.837263
                    }
                },
                {
                    "category": "traffic sign",
                    "id": 14,
                    "attributes": {
                        "occluded": false,
                        "truncated": false,
                        "trafficLightColor": "none"
                    },
                    "box2d": {
                        "x1": 162.231915,
                        "y1": 293.962293,
                        "x2": 185.856898,
                        "y2": 312.52478
                    }
                },
                {
                    "category": "traffic sign",
                    "id": 15,
                    "attributes": {
                        "occluded": false,
                        "truncated": false,
                        "trafficLightColor": "none"
                    },
                    "box2d": {
                        "x1": 854.106438,
                        "y1": 396.899722,
                        "x2": 874.356425,
                        "y2": 408.712214
                    }
                },
                {
                    "category": "traffic sign",
                    "id": 16,
                    "attributes": {
                        "occluded": false,
                        "truncated": false,
                        "trafficLightColor": "none"
                    },
                    "box2d": {
                        "x1": 842.293947,
                        "y1": 366.524743,
                        "x2": 869.29393,
                        "y2": 378.337235
                    }
                },
                {
                    "category": "traffic sign",
                    "id": 17,
                    "attributes": {
                        "occluded": false,
                        "truncated": false,
                        "trafficLightColor": "none"
                    },
                    "box2d": {
                        "x1": 842.293947,
                        "y1": 347.962255,
                        "x2": 867.60643,
                        "y2": 364.837243
                    }
                },
                {
                    "category": "traffic sign",
                    "id": 18,
                    "attributes": {
                        "occluded": false,
                        "truncated": false,
                        "trafficLightColor": "none"
                    },
                    "box2d": {
                        "x1": 366.419274,
                        "y1": 376.649735,
                        "x2": 381.606764,
                        "y2": 390.149727
                    }
                },
                {
                    "category": "person",
                    "id": 19,
                    "attributes": {
                        "occluded": false,
                        "truncated": false,
                        "trafficLightColor": "none"
                    },
                    "box2d": {
                        "x1": 943.543879,
                        "y1": 449.212186,
                        "x2": 970.54386,
                        "y2": 509.962143
                    }
                },
                {
                    "category": "person",
                    "id": 20,
                    "attributes": {
                        "occluded": false,
                        "truncated": false,
                        "trafficLightColor": "none"
                    },
                    "box2d": {
                        "x1": 744.419015,
                        "y1": 444.149691,
                        "x2": 757.919006,
                        "y2": 476.212168
                    }
                },
                {
                    "category": "person",
                    "id": 21,
                    "attributes": {
                        "occluded": false,
                        "truncated": false,
                        "trafficLightColor": "none"
                    },
                    "box2d": {
                        "x1": 708.981539,
                        "y1": 445.837188,
                        "x2": 720.794032,
                        "y2": 472.837171
                    }
                },
                {
                    "category": "person",
                    "id": 22,
                    "attributes": {
                        "occluded": false,
                        "truncated": false,
                        "trafficLightColor": "none"
                    },
                    "box2d": {
                        "x1": 692.106549,
                        "y1": 445.837188,
                        "x2": 703.919042,
                        "y2": 466.087176
                    }
                },
                {
                    "category": "person",
                    "id": 23,
                    "attributes": {
                        "occluded": true,
                        "truncated": false,
                        "trafficLightColor": "none"
                    },
                    "box2d": {
                        "x1": 329.2943,
                        "y1": 401.962219,
                        "x2": 357.98178,
                        "y2": 503.212149
                    }
                },
                {
                    "category": "person",
                    "id": 24,
                    "attributes": {
                        "occluded": true,
                        "truncated": false,
                        "trafficLightColor": "none"
                    },
                    "box2d": {
                        "x1": 1157.85623,
                        "y1": 462.712177,
                        "x2": 1176.418718,
                        "y2": 489.712158
                    }
                },
                {
                    "category": "car",
                    "id": 25,
                    "attributes": {
                        "occluded": true,
                        "truncated": false,
                        "trafficLightColor": "none"
                    },
                    "box2d": {
                        "x1": 469.356704,
                        "y1": 435.712196,
                        "x2": 494.669187,
                        "y2": 455.962182
                    }
                },
                {
                    "category": "car",
                    "id": 26,
                    "attributes": {
                        "occluded": true,
                        "truncated": false,
                        "trafficLightColor": "none"
                    },
                    "box2d": {
                        "x1": 489.60669,
                        "y1": 435.712196,
                        "x2": 511.544175,
                        "y2": 454.274683
                    }
                },
                {
                    "category": "car",
                    "id": 27,
                    "attributes": {
                        "occluded": true,
                        "truncated": false,
                        "trafficLightColor": "none"
                    },
                    "box2d": {
                        "x1": 346.169288,
                        "y1": 425.587202,
                        "x2": 388.356759,
                        "y2": 476.212168
                    }
                },
                {
                    "category": "truck",
                    "id": 28,
                    "attributes": {
                        "occluded": true,
                        "truncated": false,
                        "trafficLightColor": "none"
                    },
                    "box2d": {
                        "x1": 346.169288,
                        "y1": 398.587221,
                        "x2": 418.731738,
                        "y2": 469.462172
                    }
                },
                {
                    "category": "car",
                    "id": 29,
                    "attributes": {
                        "occluded": false,
                        "truncated": false,
                        "trafficLightColor": "none"
                    },
                    "box2d": {
                        "x1": 438.981724,
                        "y1": 435.712196,
                        "x2": 474.4192,
                        "y2": 461.024678
                    }
                },
                {
                    "category": "car",
                    "id": 30,
                    "attributes": {
                        "occluded": false,
                        "truncated": false,
                        "trafficLightColor": "none"
                    },
                    "box2d": {
                        "x1": 511.544175,
                        "y1": 440.774692,
                        "x2": 528.419163,
                        "y2": 455.962181
                    }
                },
                {
                    "category": "car",
                    "id": 31,
                    "attributes": {
                        "occluded": false,
                        "truncated": false,
                        "trafficLightColor": "none"
                    },
                    "box2d": {
                        "x1": 538.544156,
                        "y1": 442.462191,
                        "x2": 553.731644,
                        "y2": 454.274683
                    }
                },
                {
                    "category": "car",
                    "id": 32,
                    "attributes": {
                        "occluded": false,
                        "truncated": false,
                        "trafficLightColor": "none"
                    },
                    "box2d": {
                        "x1": 589.169121,
                        "y1": 444.149691,
                        "x2": 607.731608,
                        "y2": 455.962181
                    }
                },
                {
                    "category": "truck",
                    "id": 33,
                    "attributes": {
                        "occluded": false,
                        "truncated": false,
                        "trafficLightColor": "none"
                    },
                    "box2d": {
                        "x1": 567.231636,
                        "y1": 434.024697,
                        "x2": 589.169121,
                        "y2": 459.337179
                    }
                },
                {
                    "category": "car",
                    "id": 34,
                    "attributes": {
                        "occluded": true,
                        "truncated": true,
                        "trafficLightColor": "none"
                    },
                    "box2d": {
                        "x1": 1154.481233,
                        "y1": 469.462172,
                        "x2": 1275.981149,
                        "y2": 521.774636
                    }
                },
                {
                    "category": "traffic light",
                    "id": 35,
                    "attributes": {
                        "occluded": false,
                        "truncated": false,
                        "trafficLightColor": "green"
                    },
                    "box2d": {
                        "x1": 613.894989,
                        "y1": 409.263326,
                        "x2": 621.381513,
                        "y2": 421.740866
                    }
                },
                {
                    "category": "traffic light",
                    "id": 36,
                    "attributes": {
                        "occluded": false,
                        "truncated": false,
                        "trafficLightColor": "green"
                    },
                    "box2d": {
                        "x1": 516.570174,
                        "y1": 408.015572,
                        "x2": 521.56119,
                        "y2": 419.245358
                    }
                },
                {
                    "category": "area/drivable",
                    "id": 37,
                    "attributes": {},
                    "poly2d": [
                        [
                            113.545618,
                            691.25574,
                            "L"
                        ],
                        [
                            334.398083,
                            667.548413,
                            "C"
                        ],
                        [
                            547.764025,
                            678.778199,
                            "C"
                        ],
                        [
                            749.90018,
                            696.246756,
                            "C"
                        ],
                        [
                            560.241565,
                            460.421242,
                            "L"
                        ],
                        [
                            522.808944,
                            460.421242,
                            "L"
                        ],
                        [
                            113.545618,
                            691.25574,
                            "L"
                        ]
                    ]
                },
                {
                    "category": "area/alternative",
                    "id": 38,
                    "attributes": {},
                    "poly2d": [
                        [
                            0,
                            606.408465,
                            "L"
                        ],
                        [
                            358.10541,
                            504.092633,
                            "L"
                        ],
                        [
                            368.087443,
                            476.642044,
                            "L"
                        ],
                        [
                            454.182472,
                            464.164504,
                            "L"
                        ],
                        [
                            505.340387,
                            462.91675,
                            "L"
                        ],
                        [
                            83.599521,
                            690.007986,
                            "L"
                        ],
                        [
                            0,
                            701.237772,
                            "L"
                        ],
                        [
                            0,
                            606.408465,
                            "L"
                        ]
                    ]
                },
                {
                    "category": "area/alternative",
                    "id": 39,
                    "attributes": {},
                    "poly2d": [
                        [
                            771.111998,
                            696.246756,
                            "L"
                        ],
                        [
                            843.481733,
                            694.999002,
                            "C"
                        ],
                        [
                            920.842484,
                            708.724296,
                            "C"
                        ],
                        [
                            981.982432,
                            719.954083,
                            "C"
                        ],
                        [
                            1280.195648,
                            719.954083,
                            "L"
                        ],
                        [
                            1280.195648,
                            681.273707,
                            "L"
                        ],
                        [
                            633.859054,
                            472.898782,
                            "L"
                        ],
                        [
                            582.701138,
                            474.146536,
                            "L"
                        ],
                        [
                            771.111998,
                            696.246756,
                            "L"
                        ]
                    ]
                },
                {
                    "category": "area/alternative",
                    "id": 40,
                    "attributes": {},
                    "poly2d": [
                        [
                            1280.195648,
                            606.408465,
                            "L"
                        ],
                        [
                            1280.195648,
                            676.282691,
                            "L"
                        ],
                        [
                            668.796167,
                            481.63306,
                            "L"
                        ],
                        [
                            697.49451,
                            480.385306,
                            "L"
                        ],
                        [
                            1280.195648,
                            606.408465,
                            "L"
                        ]
                    ]
                },
                {
                    "category": "area/alternative",
                    "id": 41,
                    "attributes": {},
                    "poly2d": [
                        [
                            1256.488321,
                            566.480335,
                            "L"
                        ],
                        [
                            1262.727091,
                            600.169695,
                            "L"
                        ],
                        [
                            819.774406,
                            502.844879,
                            "L"
                        ],
                        [
                            917.099221,
                            507.835895,
                            "C"
                        ],
                        [
                            995.707726,
                            511.579158,
                            "C"
                        ],
                        [
                            1084.298263,
                            514.074666,
                            "C"
                        ],
                        [
                            1090.537033,
                            524.056698,
                            "L"
                        ],
                        [
                            924.585746,
                            526.552206,
                            "C"
                        ],
                        [
                            1201.587143,
                            552.755041,
                            "C"
                        ],
                        [
                            1256.488321,
                            566.480335,
                            "C"
                        ]
                    ]
                },
                {
                    "category": "lane/single white",
                    "id": 42,
                    "attributes": {
                        "direction": "parallel",
                        "style": "dashed"
                    },
                    "poly2d": [
                        [
                            431.503844,
                            515.942786,
                            "L"
                        ],
                        [
                            119.788411,
                            690.994802,
                            "L"
                        ]
                    ]
                },
                {
                    "category": "lane/single white",
                    "id": 43,
                    "attributes": {
                        "direction": "parallel",
                        "style": "dashed"
                    },
                    "poly2d": [
                        [
                            419.219492,
                            511.336154,
                            "L"
                        ],
                        [
                            78.328723,
                            690.994802,
                            "L"
                        ]
                    ]
                },
                {
                    "category": "lane/single white",
                    "id": 44,
                    "attributes": {
                        "direction": "parallel",
                        "style": "dashed"
                    },
                    "poly2d": [
                        [
                            618.840213,
                            519.013874,
                            "L"
                        ],
                        [
                            700.224045,
                            606.539882,
                            "L"
                        ]
                    ]
                },
                {
                    "category": "lane/single white",
                    "id": 45,
                    "attributes": {
                        "direction": "parallel",
                        "style": "dashed"
                    },
                    "poly2d": [
                        [
                            606.555861,
                            519.013874,
                            "L"
                        ],
                        [
                            686.404149,
                            605.004338,
                            "L"
                        ]
                    ]
                },
                {
                    "category": "lane/single white",
                    "id": 46,
                    "attributes": {
                        "direction": "parallel",
                        "style": "dashed"
                    },
                    "poly2d": [
                        [
                            810.783213,
                            526.691594,
                            "L"
                        ],
                        [
                            1028.830462,
                            595.791074,
                            "L"
                        ]
                    ]
                },
                {
                    "category": "lane/single white",
                    "id": 47,
                    "attributes": {
                        "direction": "parallel",
                        "style": "dashed"
                    },
                    "poly2d": [
                        [
                            800.034405,
                            531.298226,
                            "L"
                        ],
                        [
                            1024.22383,
                            601.93325,
                            "L"
                        ]
                    ]
                },
                {
                    "category": "lane/single white",
                    "id": 48,
                    "attributes": {
                        "direction": "parallel",
                        "style": "dashed"
                    },
                    "poly2d": [
                        [
                            978.15751,
                            540.51149,
                            "L"
                        ],
                        [
                            1280.6437,
                            605.004338,
                            "L"
                        ]
                    ]
                },
                {
                    "category": "lane/single white",
                    "id": 49,
                    "attributes": {
                        "direction": "vertical",
                        "style": "solid"
                    },
                    "poly2d": [
                        [
                            348.584468,
                            511.336154,
                            "C"
                        ],
                        [
                            661.835445,
                            512.871698,
                            "C"
                        ],
                        [
                            922.877926,
                            531.298226,
                            "C"
                        ],
                        [
                            1104.072118,
                            546.653666,
                            "L"
                        ]
                    ]
                },
                {
                    "category": "lane/single white",
                    "id": 50,
                    "attributes": {
                        "direction": "vertical",
                        "style": "solid"
                    },
                    "poly2d": [
                        [
                            1051.863622,
                            537.440402,
                            "C"
                        ],
                        [
                            890.631502,
                            520.549418,
                            "C"
                        ],
                        [
                            671.048709,
                            506.729522,
                            "C"
                        ],
                        [
                            351.655556,
                            505.193978,
                            "L"
                        ]
                    ]
                },
                {
                    "category": "lane/crosswalk",
                    "id": 51,
                    "attributes": {
                        "direction": "vertical",
                        "style": "dashed"
                    },
                    "poly2d": [
                        [
                            367.010996,
                            488.302994,
                            "C"
                        ],
                        [
                            594.271509,
                            491.374082,
                            "C"
                        ],
                        [
                            812.318757,
                            506.729522,
                            "C"
                        ],
                        [
                            993.51295,
                            520.549418,
                            "L"
                        ]
                    ]
                },
                {
                    "category": "lane/crosswalk",
                    "id": 52,
                    "attributes": {
                        "direction": "vertical",
                        "style": "dashed"
                    },
                    "poly2d": [
                        [
                            357.797732,
                            500.587346,
                            "C"
                        ],
                        [
                            638.802285,
                            502.12289,
                            "C"
                        ],
                        [
                            855.31399,
                            515.942786,
                            "C"
                        ],
                        [
                            1027.294918,
                            531.298226,
                            "L"
                        ]
                    ]
                },
                {
                    "category": "lane/crosswalk",
                    "id": 53,
                    "attributes": {
                        "direction": "vertical",
                        "style": "dashed"
                    },
                    "poly2d": [
                        [
                            925.949014,
                            503.658434,
                            "L"
                        ],
                        [
                            1021.152742,
                            525.15605,
                            "L"
                        ]
                    ]
                },
                {
                    "category": "lane/crosswalk",
                    "id": 54,
                    "attributes": {
                        "direction": "vertical",
                        "style": "dashed"
                    },
                    "poly2d": [
                        [
                            1065.683518,
                            512.871698,
                            "L"
                        ],
                        [
                            1113.285382,
                            519.013874,
                            "L"
                        ]
                    ]
                },
                {
                    "category": "lane/crosswalk",
                    "id": 55,
                    "attributes": {
                        "direction": "vertical",
                        "style": "dashed"
                    },
                    "poly2d": [
                        [
                            781.607877,
                            494.44517,
                            "L"
                        ],
                        [
                            379.295348,
                            479.08973,
                            "L"
                        ]
                    ]
                },
                {
                    "category": "lane/crosswalk",
                    "id": 56,
                    "attributes": {
                        "direction": "vertical",
                        "style": "dashed"
                    },
                    "poly2d": [
                        [
                            744.754821,
                            485.231906,
                            "L"
                        ],
                        [
                            396.186332,
                            472.947553,
                            "L"
                        ]
                    ]
                },
                {
                    "category": "lane/road curb",
                    "id": 57,
                    "attributes": {
                        "direction": "parallel",
                        "style": "solid"
                    },
                    "poly2d": [
                        [
                            1266.839783,
                            568.151282,
                            "L"
                        ],
                        [
                            1059.541342,
                            535.904858,
                            "L"
                        ]
                    ]
                },
                {
                    "category": "lane/road curb",
                    "id": 58,
                    "attributes": {
                        "direction": "parallel",
                        "style": "solid"
                    },
                    "poly2d": [
                        [
                            345.51338,
                            511.336154,
                            "L"
                        ],
                        [
                            0,
                            609.61097,
                            "L"
                        ]
                    ]
                },
                {
                    "category": "lane/road curb",
                    "id": 59,
                    "attributes": {
                        "direction": "parallel",
                        "style": "solid"
                    },
                    "poly2d": [
                        [
                            339.371204,
                            506.729522,
                            "L"
                        ],
                        [
                            0,
                            598.862162,
                            "L"
                        ]
                    ]
                }
            ]
        }
    ],
    "attributes": {
        "weather": "undefined",
        "scene": "city street",
        "timeofday": "dawn/dusk"
    }
}