{
    "name": "1caf91f0-ef1835eb",
    "frames": [
        {
            "timestamp": 10000,
            "objects": [
                {
                    "category": "traffic sign",
                    "id": 0,
                    "attributes": {
                        "occluded": false,
                        "truncated": false,
                        "trafficLightColor": "none"
                    },
                    "box2d": {
                        "x1": 694.642259,
                        "y1": 306.092362,
                        "x2": 710.883896,
                        "y2": 326.082068
                    }
                },
                {
                    "category": "traffic sign",
                    "id": 1,
                    "attributes": {
                        "occluded": false,
                        "truncated": false,
                        "trafficLightColor": "none"
                    },
                    "box2d": {
                        "x1": 667.156414,
                        "y1": 308.591076,
                        "x2": 677.720371,
                        "y2": 322.333997
                    }
                },
                {
                    "category": "traffic sign",
                    "id": 2,
                    "attributes": {
                        "occluded": false,
                        "truncated": false,
                        "trafficLightColor": "none"
                    },
                    "box2d": {
                        "x1": 653.413492,
                        "y1": 308.591076,
                        "x2": 664.657703,
                        "y2": 319.835285
                    }
                },
                {
                    "category": "traffic sign",
                    "id": 3,
                    "attributes": {
                        "occluded": false,
                        "truncated": false,
                        "trafficLightColor": "none"
                    },
                    "box2d": {
                        "x1": 627.177004,
                        "y1": 292.349441,
                        "x2": 667.156414,
                        "y2": 309.840433
                    }
                },
                {
                    "category": "traffic sign",
                    "id": 4,
                    "attributes": {
                        "occluded": false,
                        "truncated": false,
                        "trafficLightColor": "none"
                    },
                    "box2d": {
                        "x1": 488.498423,
                        "y1": 289.850727,
                        "x2": 517.233623,
                        "y2": 308.591076
                    }
                },
                {
                    "category": "traffic sign",
                    "id": 5,
                    "attributes": {
                        "occluded": false,
                        "truncated": false,
                        "trafficLightColor": "none"
                    },
                    "box2d": {
                        "x1": 221.136116,
                        "y1": 102.201048,
                        "x2": 398.544749,
                        "y2": 187.403487
                    }
                },
                {
                    "category": "traffic sign",
                    "id": 6,
                    "attributes": {
                        "occluded": false,
                        "truncated": false,
                        "trafficLightColor": "none"
                    },
                    "box2d": {
                        "x1": 144.925363,
                        "y1": 94.951099,
                        "x2": 209.891906,
                        "y2": 189.902199
                    }
                },
                {
                    "category": "traffic sign",
                    "id": 7,
                    "attributes": {
                        "occluded": true,
                        "truncated": false,
                        "trafficLightColor": "none"
                    },
                    "box2d": {
                        "x1": 47.47555,
                        "y1": 86.205604,
                        "x2": 141.177294,
                        "y2": 191.151556
                    }
                },
                {
                    "category": "car",
                    "id": 8,
                    "attributes": {
                        "occluded": true,
                        "truncated": false,
                        "trafficLightColor": "none"
                    },
                    "box2d": {
                        "x1": 107.444666,
                        "y1": 316.087215,
                        "x2": 132.431798,
                        "y2": 347.32113
                    }
                },
                {
                    "category": "car",
                    "id": 9,
                    "attributes": {
                        "occluded": true,
                        "truncated": false,
                        "trafficLightColor": "none"
                    },
                    "box2d": {
                        "x1": 46.226194,
                        "y1": 306.092362,
                        "x2": 108.694024,
                        "y2": 352.318556
                    }
                },
                {
                    "category": "car",
                    "id": 10,
                    "attributes": {
                        "occluded": true,
                        "truncated": false,
                        "trafficLightColor": "none"
                    },
                    "box2d": {
                        "x1": 567.207889,
                        "y1": 322.333998,
                        "x2": 582.200166,
                        "y2": 338.575635
                    }
                },
                {
                    "category": "car",
                    "id": 11,
                    "attributes": {
                        "occluded": true,
                        "truncated": false,
                        "trafficLightColor": "none"
                    },
                    "box2d": {
                        "x1": 647.166709,
                        "y1": 323.583354,
                        "x2": 662.158988,
                        "y2": 339.824989
                    }
                },
                {
                    "category": "car",
                    "id": 12,
                    "attributes": {
                        "occluded": true,
                        "truncated": false,
                        "trafficLightColor": "none"
                    },
                    "box2d": {
                        "x1": 532.225903,
                        "y1": 322.333998,
                        "x2": 543.470114,
                        "y2": 332.328853
                    }
                },
                {
                    "category": "car",
                    "id": 13,
                    "attributes": {
                        "occluded": true,
                        "truncated": false,
                        "trafficLightColor": "none"
                    },
                    "box2d": {
                        "x1": 515.984268,
                        "y1": 324.832711,
                        "x2": 533.475261,
                        "y2": 332.32885
                    }
                },
                {
                    "category": "car",
                    "id": 14,
                    "attributes": {
                        "occluded": true,
                        "truncated": false,
                        "trafficLightColor": "none"
                    },
                    "box2d": {
                        "x1": 493.49585,
                        "y1": 318.585929,
                        "x2": 515.984268,
                        "y2": 332.328852
                    }
                },
                {
                    "category": "car",
                    "id": 15,
                    "attributes": {
                        "occluded": true,
                        "truncated": false,
                        "trafficLightColor": "none"
                    },
                    "box2d": {
                        "x1": 472.256788,
                        "y1": 319.835285,
                        "x2": 497.243918,
                        "y2": 337.326277
                    }
                },
                {
                    "category": "car",
                    "id": 16,
                    "attributes": {
                        "occluded": true,
                        "truncated": false,
                        "trafficLightColor": "none"
                    },
                    "box2d": {
                        "x1": 442.27223,
                        "y1": 317.336573,
                        "x2": 473.506144,
                        "y2": 342.323703
                    }
                },
                {
                    "category": "car",
                    "id": 17,
                    "attributes": {
                        "occluded": true,
                        "truncated": false,
                        "trafficLightColor": "none"
                    },
                    "box2d": {
                        "x1": 407.290246,
                        "y1": 318.585929,
                        "x2": 444.770943,
                        "y2": 342.323703
                    }
                },
                {
                    "category": "car",
                    "id": 18,
                    "attributes": {
                        "occluded": true,
                        "truncated": false,
                        "trafficLightColor": "none"
                    },
                    "box2d": {
                        "x1": 348.570487,
                        "y1": 312.339145,
                        "x2": 408.539602,
                        "y2": 349.819843
                    }
                },
                {
                    "category": "car",
                    "id": 19,
                    "attributes": {
                        "occluded": true,
                        "truncated": false,
                        "trafficLightColor": "none"
                    },
                    "box2d": {
                        "x1": 319.835285,
                        "y1": 313.588501,
                        "x2": 357.315982,
                        "y2": 344.822415
                    }
                },
                {
                    "category": "bus",
                    "id": 20,
                    "attributes": {
                        "occluded": true,
                        "truncated": false,
                        "trafficLightColor": "none"
                    },
                    "box2d": {
                        "x1": 237.377751,
                        "y1": 296.09751,
                        "x2": 322.333997,
                        "y2": 347.32113
                    }
                },
                {
                    "category": "car",
                    "id": 21,
                    "attributes": {
                        "occluded": true,
                        "truncated": false,
                        "trafficLightColor": "none"
                    },
                    "box2d": {
                        "x1": 151.172145,
                        "y1": 313.588501,
                        "x2": 257.367455,
                        "y2": 367.310834
                    }
                },
                {
                    "category": "car",
                    "id": 22,
                    "attributes": {
                        "occluded": false,
                        "truncated": false,
                        "trafficLightColor": "none"
                    },
                    "box2d": {
                        "x1": 659.660276,
                        "y1": 322.333998,
                        "x2": 687.146121,
                        "y2": 342.323703
                    }
                },
                {
                    "category": "car",
                    "id": 23,
                    "attributes": {
                        "occluded": false,
                        "truncated": false,
                        "trafficLightColor": "none"
                    },
                    "box2d": {
                        "x1": 719.629391,
                        "y1": 319.835285,
                        "x2": 765.855584,
                        "y2": 358.565338
                    }
                },
                {
                    "category": "car",
                    "id": 24,
                    "attributes": {
                        "occluded": false,
                        "truncated": false,
                        "trafficLightColor": "none"
                    },
                    "box2d": {
                        "x1": 592.195021,
                        "y1": 317.336573,
                        "x2": 637.171856,
                        "y2": 352.318556
                    }
                },
                {
                    "category": "car",
                    "id": 25,
                    "attributes": {
                        "occluded": false,
                        "truncated": false,
                        "trafficLightColor": "none"
                    },
                    "box2d": {
                        "x1": 538.472687,
                        "y1": 324.832711,
                        "x2": 572.205314,
                        "y2": 347.321129
                    }
                },
                {
                    "category": "car",
                    "id": 26,
                    "attributes": {
                        "occluded": false,
                        "truncated": false,
                        "trafficLightColor": "none"
                    },
                    "box2d": {
                        "x1": 773.351724,
                        "y1": 288.601369,
                        "x2": 1166.899047,
                        "y2": 530.976546
                    }
                },
                {
                    "category": "car",
                    "id": 27,
                    "attributes": {
                        "occluded": false,
                        "truncated": true,
                        "trafficLightColor": "none"
                    },
                    "box2d": {
                        "x1": 1186.888752,
                        "y1": 346.071773,
                        "x2": 1279.341139,
                        "y2": 443.521586
                    }
                },
                {
                    "category": "traffic sign",
                    "id": 28,
                    "attributes": {
                        "occluded": false,
                        "truncated": false,
                        "trafficLightColor": "none"
                    },
                    "box2d": {
                        "x1": 340.730626,
                        "y1": 79.933003,
                        "x2": 392.689398,
                        "y2": 102.201048
                    }
                },
                {
                    "category": "area/drivable",
                    "id": 29,
                    "attributes": {},
                    "poly2d": [
                        [
                            12.08137,
                            635.340546,
                            "L"
                        ],
                        [
                            278.969455,
                            615.570887,
                            "C"
                        ],
                        [
                            557.938894,
                            585.916399,
                            "C"
                        ],
                        [
                            812.745625,
                            630.947289,
                            "C"
                        ],
                        [
                            567.823637,
                            350.877122,
                            "L"
                        ],
                        [
                            514.006699,
                            347.582178,
                            "L"
                        ],
                        [
                            378.915199,
                            411.284413,
                            "C"
                        ],
                        [
                            179.023695,
                            539.267694,
                            "C"
                        ],
                        [
                            12.08137,
                            635.340546,
                            "C"
                        ]
                    ]
                },
                {
                    "category": "area/alternative",
                    "id": 30,
                    "attributes": {},
                    "poly2d": [
                        [
                            585.396516,
                            356.368694,
                            "L"
                        ],
                        [
                            641.410064,
                            356.368694,
                            "L"
                        ],
                        [
                            772.108344,
                            395.908011,
                            "L"
                        ],
                        [
                            714.996491,
                            492.559678,
                            "L"
                        ],
                        [
                            672.162584,
                            447.010086,
                            "C"
                        ],
                        [
                            621.640576,
                            402.497898,
                            "C"
                        ],
                        [
                            585.396516,
                            356.368694,
                            "C"
                        ]
                    ]
                },
                {
                    "category": "area/alternative",
                    "id": 31,
                    "attributes": {},
                    "poly2d": [
                        [
                            646.901588,
                            351.975435,
                            "L"
                        ],
                        [
                            774.304954,
                            388.219811,
                            "L"
                        ],
                        [
                            781.993087,
                            369.548467,
                            "L"
                        ],
                        [
                            675.457515,
                            344.287235,
                            "L"
                        ],
                        [
                            646.901588,
                            351.975435,
                            "L"
                        ]
                    ]
                },
                {
                    "category": "lane/single yellow",
                    "id": 32,
                    "attributes": {
                        "direction": "parallel",
                        "style": "solid"
                    },
                    "poly2d": [
                        [
                            520.16813,
                            341.927047,
                            "C"
                        ],
                        [
                            366.030419,
                            413.161426,
                            "C"
                        ],
                        [
                            163.428297,
                            530.682897,
                            "C"
                        ],
                        [
                            3.306137,
                            637.280387,
                            "L"
                        ]
                    ]
                },
                {
                    "category": "lane/single white",
                    "id": 33,
                    "attributes": {
                        "direction": "parallel",
                        "style": "dashed"
                    },
                    "poly2d": [
                        [
                            572.917178,
                            347.055597,
                            "C"
                        ],
                        [
                            578.425996,
                            381.332693,
                            "C"
                        ],
                        [
                            738.793839,
                            523.949897,
                            "C"
                        ],
                        [
                            818.977759,
                            633.514186,
                            "L"
                        ]
                    ]
                },
                {
                    "category": "lane/single white",
                    "id": 34,
                    "attributes": {
                        "direction": "parallel",
                        "style": "dashed"
                    },
                    "poly2d": [
                        [
                            575.36554,
                            347.667689,
                            "C"
                        ],
                        [
                            583.322725,
                            375.823875,
                            "C"
                        ],
                        [
                            728.38829,
                            495.793711,
                            "C"
                        ],
                        [
                            843.936972,
                            632.632571,
                            "L"
                        ]
                    ]
                },
                {
                    "category": "lane/single white",
                    "id": 35,
                    "attributes": {
                        "direction": "parallel",
                        "style": "dashed"
                    },
                    "poly2d": [
                        [
                            633.514186,
                            351.340233,
                            "L"
                        ],
                        [
                            778.048102,
                            399.234413,
                            "L"
                        ]
                    ]
                },
                {
                    "category": "lane/single white",
                    "id": 36,
                    "attributes": {
                        "direction": "parallel",
                        "style": "dashed"
                    },
                    "poly2d": [
                        [
                            631.475298,
                            345.233243,
                            "L"
                        ],
                        [
                            778.579753,
                            393.574514,
                            "L"
                        ]
                    ]
                },
                {
                    "category": "lane/single yellow",
                    "id": 37,
                    "attributes": {
                        "direction": "parallel",
                        "style": "solid"
                    },
                    "poly2d": [
                        [
                            14.326648,
                            639.484516,
                            "C"
                        ],
                        [
                            177.43022,
                            534.788369,
                            "C"
                        ],
                        [
                            351.554304,
                            433.398418,
                            "C"
                        ],
                        [
                            520.16813,
                            348.539436,
                            "L"
                        ]
                    ]
                },
                {
                    "category": "lane/single white",
                    "id": 38,
                    "attributes": {
                        "direction": "parallel",
                        "style": "solid"
                    },
                    "poly2d": [
                        [
                            1279.469961,
                            457.643841,
                            "L"
                        ],
                        [
                            1169.276264,
                            436.704612,
                            "L"
                        ]
                    ]
                },
                {
                    "category": "lane/single white",
                    "id": 39,
                    "attributes": {
                        "direction": "parallel",
                        "style": "dashed"
                    },
                    "poly2d": [
                        [
                            1277.277277,
                            548.013146,
                            "L"
                        ],
                        [
                            1138.418832,
                            497.318169,
                            "L"
                        ]
                    ]
                },
                {
                    "category": "lane/single white",
                    "id": 40,
                    "attributes": {
                        "direction": "parallel",
                        "style": "dashed"
                    },
                    "poly2d": [
                        [
                            1276.175226,
                            538.094564,
                            "L"
                        ],
                        [
                            1142.827036,
                            492.909911,
                            "L"
                        ]
                    ]
                }
            ]
        }
    ],
    "attributes": {
        "weather": "snowy",
        "scene": "highway",
        "timeofday": "dawn/dusk"
    }
}