{
    "name": "1cbc711c-205586b2",
    "frames": [
        {
            "timestamp": 10000,
            "objects": [
                {
                    "category": "traffic sign",
                    "id": 0,
                    "attributes": {
                        "occluded": false,
                        "truncated": false,
                        "trafficLightColor": "none"
                    },
                    "box2d": {
                        "x1": 683.601758,
                        "y1": 72.996066,
                        "x2": 710.495044,
                        "y2": 103.731251
                    }
                },
                {
                    "category": "traffic sign",
                    "id": 1,
                    "attributes": {
                        "occluded": false,
                        "truncated": false,
                        "trafficLightColor": "none"
                    },
                    "box2d": {
                        "x1": 925.641345,
                        "y1": 88.363659,
                        "x2": 964.060328,
                        "y2": 134.466437
                    }
                },
                {
                    "category": "traffic sign",
                    "id": 2,
                    "attributes": {
                        "occluded": false,
                        "truncated": false,
                        "trafficLightColor": "none"
                    },
                    "box2d": {
                        "x1": 1239.396365,
                        "y1": 133.185804,
                        "x2": 1261.167121,
                        "y2": 153.675928
                    }
                },
                {
                    "category": "traffic sign",
                    "id": 3,
                    "attributes": {
                        "occluded": false,
                        "truncated": false,
                        "trafficLightColor": "none"
                    },
                    "box2d": {
                        "x1": 1239.396365,
                        "y1": 154.956561,
                        "x2": 1259.886489,
                        "y2": 172.885419
                    }
                },
                {
                    "category": "traffic sign",
                    "id": 4,
                    "attributes": {
                        "occluded": false,
                        "truncated": false,
                        "trafficLightColor": "none"
                    },
                    "box2d": {
                        "x1": 1229.151302,
                        "y1": 170.324154,
                        "x2": 1249.641427,
                        "y2": 181.849847
                    }
                },
                {
                    "category": "traffic sign",
                    "id": 5,
                    "attributes": {
                        "occluded": false,
                        "truncated": false,
                        "trafficLightColor": "none"
                    },
                    "box2d": {
                        "x1": 923.080074,
                        "y1": 259.968445,
                        "x2": 943.570198,
                        "y2": 279.177935
                    }
                },
                {
                    "category": "traffic sign",
                    "id": 6,
                    "attributes": {
                        "occluded": false,
                        "truncated": false,
                        "trafficLightColor": "none"
                    },
                    "box2d": {
                        "x1": 923.080074,
                        "y1": 279.177936,
                        "x2": 943.570198,
                        "y2": 300.948694
                    }
                },
                {
                    "category": "traffic sign",
                    "id": 7,
                    "attributes": {
                        "occluded": false,
                        "truncated": false,
                        "trafficLightColor": "none"
                    },
                    "box2d": {
                        "x1": 464.101303,
                        "y1": 189.533645,
                        "x2": 478.188264,
                        "y2": 210.02377
                    }
                },
                {
                    "category": "traffic light",
                    "id": 8,
                    "attributes": {
                        "occluded": false,
                        "truncated": false,
                        "trafficLightColor": "red"
                    },
                    "box2d": {
                        "x1": 650.081174,
                        "y1": 126.050844,
                        "x2": 666.729399,
                        "y2": 163.189193
                    }
                },
                {
                    "category": "traffic light",
                    "id": 9,
                    "attributes": {
                        "occluded": false,
                        "truncated": false,
                        "trafficLightColor": "red"
                    },
                    "box2d": {
                        "x1": 819.124694,
                        "y1": 65.861105,
                        "x2": 852.421145,
                        "y2": 100.43819
                    }
                },
                {
                    "category": "traffic light",
                    "id": 10,
                    "attributes": {
                        "occluded": false,
                        "truncated": false,
                        "trafficLightColor": "green"
                    },
                    "box2d": {
                        "x1": 778.144446,
                        "y1": 114.708101,
                        "x2": 839.614817,
                        "y2": 158.249614
                    }
                },
                {
                    "category": "traffic light",
                    "id": 11,
                    "attributes": {
                        "occluded": false,
                        "truncated": false,
                        "trafficLightColor": "green"
                    },
                    "box2d": {
                        "x1": 629.591049,
                        "y1": 173.617207,
                        "x2": 662.887501,
                        "y2": 204.352392
                    }
                },
                {
                    "category": "traffic light",
                    "id": 12,
                    "attributes": {
                        "occluded": false,
                        "truncated": false,
                        "trafficLightColor": "none"
                    },
                    "box2d": {
                        "x1": 538.849086,
                        "y1": 156.968981,
                        "x2": 554.216679,
                        "y2": 174.897839
                    }
                },
                {
                    "category": "car",
                    "id": 13,
                    "attributes": {
                        "occluded": true,
                        "truncated": false,
                        "trafficLightColor": "none"
                    },
                    "box2d": {
                        "x1": 341.92894,
                        "y1": 242.679903,
                        "x2": 366.260962,
                        "y2": 263.170027
                    }
                },
                {
                    "category": "car",
                    "id": 14,
                    "attributes": {
                        "occluded": true,
                        "truncated": false,
                        "trafficLightColor": "none"
                    },
                    "box2d": {
                        "x1": 322.719449,
                        "y1": 249.083067,
                        "x2": 349.612737,
                        "y2": 277.256987
                    }
                },
                {
                    "category": "car",
                    "id": 15,
                    "attributes": {
                        "occluded": true,
                        "truncated": false,
                        "trafficLightColor": "none"
                    },
                    "box2d": {
                        "x1": 306.071224,
                        "y1": 243.960536,
                        "x2": 331.683878,
                        "y2": 281.098885
                    }
                },
                {
                    "category": "car",
                    "id": 16,
                    "attributes": {
                        "occluded": true,
                        "truncated": false,
                        "trafficLightColor": "none"
                    },
                    "box2d": {
                        "x1": 263.810343,
                        "y1": 237.557372,
                        "x2": 324.000081,
                        "y2": 288.782682
                    }
                },
                {
                    "category": "car",
                    "id": 17,
                    "attributes": {
                        "occluded": true,
                        "truncated": false,
                        "trafficLightColor": "none"
                    },
                    "box2d": {
                        "x1": 180.569216,
                        "y1": 228.592943,
                        "x2": 297.106795,
                        "y2": 333.604827
                    }
                },
                {
                    "category": "car",
                    "id": 18,
                    "attributes": {
                        "occluded": true,
                        "truncated": false,
                        "trafficLightColor": "none"
                    },
                    "box2d": {
                        "x1": 362.419064,
                        "y1": 202.980289,
                        "x2": 437.976395,
                        "y2": 287.502048
                    }
                },
                {
                    "category": "car",
                    "id": 19,
                    "attributes": {
                        "occluded": false,
                        "truncated": false,
                        "trafficLightColor": "none"
                    },
                    "box2d": {
                        "x1": 394.434882,
                        "y1": 234.996107,
                        "x2": 472.553479,
                        "y2": 306.711539
                    }
                },
                {
                    "category": "car",
                    "id": 20,
                    "attributes": {
                        "occluded": false,
                        "truncated": true,
                        "trafficLightColor": "none"
                    },
                    "box2d": {
                        "x1": 0.512253,
                        "y1": 218.732075,
                        "x2": 248.955004,
                        "y2": 446.684702
                    }
                },
                {
                    "category": "person",
                    "id": 21,
                    "attributes": {
                        "occluded": true,
                        "truncated": false,
                        "trafficLightColor": "none"
                    },
                    "box2d": {
                        "x1": 485.786687,
                        "y1": 240.758954,
                        "x2": 502.434913,
                        "y2": 290.703631
                    }
                },
                {
                    "category": "person",
                    "id": 22,
                    "attributes": {
                        "occluded": true,
                        "truncated": false,
                        "trafficLightColor": "none"
                    },
                    "box2d": {
                        "x1": 522.925037,
                        "y1": 234.355791,
                        "x2": 544.695794,
                        "y2": 285.5811
                    }
                },
                {
                    "category": "person",
                    "id": 23,
                    "attributes": {
                        "occluded": true,
                        "truncated": false,
                        "trafficLightColor": "none"
                    },
                    "box2d": {
                        "x1": 543.41516,
                        "y1": 230.513892,
                        "x2": 569.027816,
                        "y2": 289.422999
                    }
                },
                {
                    "category": "person",
                    "id": 24,
                    "attributes": {
                        "occluded": true,
                        "truncated": false,
                        "trafficLightColor": "none"
                    },
                    "box2d": {
                        "x1": 498.593015,
                        "y1": 235.636423,
                        "x2": 525.486302,
                        "y2": 299.668059
                    }
                },
                {
                    "category": "person",
                    "id": 25,
                    "attributes": {
                        "occluded": true,
                        "truncated": false,
                        "trafficLightColor": "none"
                    },
                    "box2d": {
                        "x1": 816.616833,
                        "y1": 188.253012,
                        "x2": 885.771001,
                        "y2": 371.383493
                    }
                },
                {
                    "category": "person",
                    "id": 26,
                    "attributes": {
                        "occluded": false,
                        "truncated": false,
                        "trafficLightColor": "none"
                    },
                    "box2d": {
                        "x1": 733.375706,
                        "y1": 166.482256,
                        "x2": 825.581262,
                        "y2": 379.06729
                    }
                },
                {
                    "category": "rider",
                    "id": 27,
                    "attributes": {
                        "occluded": true,
                        "truncated": false,
                        "trafficLightColor": "none"
                    },
                    "box2d": {
                        "x1": 645.438898,
                        "y1": 213.865667,
                        "x2": 694.102942,
                        "y2": 311.193755
                    }
                },
                {
                    "category": "bike",
                    "id": 28,
                    "attributes": {
                        "occluded": true,
                        "truncated": false,
                        "trafficLightColor": "none"
                    },
                    "box2d": {
                        "x1": 607.980391,
                        "y1": 245.241169,
                        "x2": 711.711642,
                        "y2": 320.798501
                    }
                },
                {
                    "category": "bike",
                    "id": 29,
                    "attributes": {
                        "occluded": true,
                        "truncated": false,
                        "trafficLightColor": "none"
                    },
                    "box2d": {
                        "x1": 1097.182096,
                        "y1": 240.118638,
                        "x2": 1193.22955,
                        "y2": 291.343946
                    }
                },
                {
                    "category": "area/drivable",
                    "id": 30,
                    "attributes": {},
                    "poly2d": [
                        [
                            822.247293,
                            531.679883,
                            "L"
                        ],
                        [
                            957.039376,
                            521.196055,
                            "C"
                        ],
                        [
                            1136.762152,
                            563.13137,
                            "C"
                        ],
                        [
                            1280.524792,
                            584.099027,
                            "C"
                        ],
                        [
                            1280.195222,
                            303.453682,
                            "L"
                        ],
                        [
                            911.957981,
                            327.161001,
                            "L"
                        ],
                        [
                            891.141024,
                            380.413212,
                            "L"
                        ],
                        [
                            756.348942,
                            390.897041,
                            "L"
                        ],
                        [
                            480.774016,
                            307.026412,
                            "L"
                        ],
                        [
                            308.539688,
                            316.012551,
                            "L"
                        ],
                        [
                            229.162126,
                            425.343906,
                            "L"
                        ],
                        [
                            3.010965,
                            443.316185,
                            "L"
                        ],
                        [
                            0,
                            557.140611,
                            "L"
                        ],
                        [
                            304.046616,
                            507.716848,
                            "C"
                        ],
                        [
                            486.764774,
                            512.209916,
                            "C"
                        ],
                        [
                            822.247293,
                            531.679883,
                            "C"
                        ]
                    ]
                },
                {
                    "category": "lane/crosswalk",
                    "id": 31,
                    "attributes": {
                        "direction": "vertical",
                        "style": "dashed"
                    },
                    "poly2d": [
                        [
                            631.363546,
                            349.371132,
                            "L"
                        ],
                        [
                            1029.397085,
                            539.029746,
                            "L"
                        ]
                    ]
                },
                {
                    "category": "lane/crosswalk",
                    "id": 32,
                    "attributes": {
                        "direction": "vertical",
                        "style": "dashed"
                    },
                    "poly2d": [
                        [
                            653.823118,
                            345.62787,
                            "L"
                        ],
                        [
                            1156.667998,
                            560.241565,
                            "L"
                        ]
                    ]
                },
                {
                    "category": "lane/crosswalk",
                    "id": 33,
                    "attributes": {
                        "direction": "vertical",
                        "style": "dashed"
                    },
                    "poly2d": [
                        [
                            918.346975,
                            333.150329,
                            "L"
                        ],
                        [
                            1280.195648,
                            400.529048,
                            "L"
                        ]
                    ]
                },
                {
                    "category": "lane/crosswalk",
                    "id": 34,
                    "attributes": {
                        "direction": "vertical",
                        "style": "dashed"
                    },
                    "poly2d": [
                        [
                            934.567778,
                            329.407067,
                            "L"
                        ],
                        [
                            1280.195648,
                            391.794769,
                            "L"
                        ]
                    ]
                },
                {
                    "category": "lane/crosswalk",
                    "id": 35,
                    "attributes": {
                        "direction": "vertical",
                        "style": "dashed"
                    },
                    "poly2d": [
                        [
                            237.073268,
                            381.812737,
                            "L"
                        ],
                        [
                            620.133759,
                            348.123378,
                            "L"
                        ]
                    ]
                },
                {
                    "category": "lane/crosswalk",
                    "id": 36,
                    "attributes": {
                        "direction": "vertical",
                        "style": "dashed"
                    },
                    "poly2d": [
                        [
                            598.921941,
                            345.62787,
                            "L"
                        ],
                        [
                            239.568776,
                            375.573967,
                            "L"
                        ]
                    ]
                },
                {
                    "category": "lane/crosswalk",
                    "id": 37,
                    "attributes": {
                        "direction": "vertical",
                        "style": "dashed"
                    },
                    "poly2d": [
                        [
                            245.807546,
                            339.3891,
                            "L"
                        ],
                        [
                            540.2775,
                            320.672789,
                            "L"
                        ]
                    ]
                },
                {
                    "category": "lane/crosswalk",
                    "id": 38,
                    "attributes": {
                        "direction": "vertical",
                        "style": "dashed"
                    },
                    "poly2d": [
                        [
                            293.2222,
                            324.416051,
                            "L"
                        ],
                        [
                            507.835895,
                            315.681773,
                            "L"
                        ]
                    ]
                },
                {
                    "category": "lane/crosswalk",
                    "id": 39,
                    "attributes": {
                        "direction": "vertical",
                        "style": "dashed"
                    },
                    "poly2d": [
                        [
                            298.213216,
                            311.938511,
                            "L"
                        ],
                        [
                            461.668996,
                            304.451986,
                            "L"
                        ]
                    ]
                },
                {
                    "category": "lane/road curb",
                    "id": 40,
                    "attributes": {
                        "direction": "parallel",
                        "style": "solid"
                    },
                    "poly2d": [
                        [
                            470.403274,
                            294.469954,
                            "C"
                        ],
                        [
                            515.32242,
                            326.911559,
                            "C"
                        ],
                        [
                            655.070872,
                            305.69974,
                            "C"
                        ],
                        [
                            741.165901,
                            304.451986,
                            "L"
                        ]
                    ]
                },
                {
                    "category": "lane/road curb",
                    "id": 41,
                    "attributes": {
                        "direction": "parallel",
                        "style": "solid"
                    },
                    "poly2d": [
                        [
                            844.729487,
                            331.902575,
                            "L"
                        ],
                        [
                            1280.195648,
                            301.956478,
                            "L"
                        ]
                    ]
                },
                {
                    "category": "lane/single white",
                    "id": 42,
                    "attributes": {
                        "direction": "parallel",
                        "style": "solid"
                    },
                    "poly2d": [
                        [
                            615.142743,
                            339.3891,
                            "C"
                        ],
                        [
                            651.32761,
                            341.884608,
                            "C"
                        ],
                        [
                            713.715312,
                            336.893592,
                            "C"
                        ],
                        [
                            759.882212,
                            333.150329,
                            "L"
                        ]
                    ]
                },
                {
                    "category": "lane/single white",
                    "id": 43,
                    "attributes": {
                        "direction": "parallel",
                        "style": "solid"
                    },
                    "poly2d": [
                        [
                            613.894989,
                            341.884608,
                            "C"
                        ],
                        [
                            638.85007,
                            345.62787,
                            "C"
                        ],
                        [
                            717.458575,
                            339.3891,
                            "C"
                        ],
                        [
                            759.882212,
                            336.893592,
                            "L"
                        ]
                    ]
                },
                {
                    "category": "lane/single white",
                    "id": 44,
                    "attributes": {
                        "direction": "parallel",
                        "style": "solid"
                    },
                    "poly2d": [
                        [
                            565.232581,
                            316.929527,
                            "L"
                        ],
                        [
                            744.909164,
                            308.195249,
                            "L"
                        ]
                    ]
                },
                {
                    "category": "lane/double white",
                    "id": 45,
                    "attributes": {
                        "direction": "parallel",
                        "style": "solid"
                    },
                    "poly2d": [
                        [
                            545.268517,
                            324.416051,
                            "L"
                        ],
                        [
                            581.453384,
                            340.636854,
                            "L"
                        ]
                    ]
                },
                {
                    "category": "lane/double white",
                    "id": 46,
                    "attributes": {
                        "direction": "parallel",
                        "style": "solid"
                    },
                    "poly2d": [
                        [
                            593.930924,
                            335.645837,
                            "C"
                        ],
                        [
                            585.196646,
                            331.902575,
                            "C"
                        ],
                        [
                            570.223598,
                            325.663805,
                            "C"
                        ],
                        [
                            566.480335,
                            321.920543,
                            "L"
                        ]
                    ]
                }
            ]
        }
    ],
    "attributes": {
        "weather": "undefined",
        "scene": "city street",
        "timeofday": "daytime"
    }
}