{
    "name": "1cbc711c-11b5cdf4",
    "frames": [
        {
            "timestamp": 10000,
            "objects": [
                {
                    "category": "car",
                    "id": 0,
                    "attributes": {
                        "occluded": true,
                        "truncated": false,
                        "trafficLightColor": "none"
                    },
                    "box2d": {
                        "x1": 151.281712,
                        "y1": 261.833736,
                        "x2": 173.330867,
                        "y2": 277.451889
                    }
                },
                {
                    "category": "car",
                    "id": 1,
                    "attributes": {
                        "occluded": true,
                        "truncated": false,
                        "trafficLightColor": "none"
                    },
                    "box2d": {
                        "x1": 177.005727,
                        "y1": 247.134299,
                        "x2": 210.079464,
                        "y2": 292.151328
                    }
                },
                {
                    "category": "car",
                    "id": 2,
                    "attributes": {
                        "occluded": true,
                        "truncated": false,
                        "trafficLightColor": "none"
                    },
                    "box2d": {
                        "x1": 189.867736,
                        "y1": 255.402731,
                        "x2": 208.242036,
                        "y2": 293.070041
                    }
                },
                {
                    "category": "car",
                    "id": 3,
                    "attributes": {
                        "occluded": true,
                        "truncated": false,
                        "trafficLightColor": "none"
                    },
                    "box2d": {
                        "x1": 106.264683,
                        "y1": 265.508597,
                        "x2": 120.045405,
                        "y2": 288.476469
                    }
                },
                {
                    "category": "car",
                    "id": 4,
                    "attributes": {
                        "occluded": true,
                        "truncated": false,
                        "trafficLightColor": "none"
                    },
                    "box2d": {
                        "x1": 66.759945,
                        "y1": 259.996306,
                        "x2": 109.939542,
                        "y2": 292.151326
                    }
                },
                {
                    "category": "car",
                    "id": 5,
                    "attributes": {
                        "occluded": true,
                        "truncated": false,
                        "trafficLightColor": "none"
                    },
                    "box2d": {
                        "x1": 63.085085,
                        "y1": 264.589882,
                        "x2": 84.215527,
                        "y2": 295.826186
                    }
                },
                {
                    "category": "car",
                    "id": 6,
                    "attributes": {
                        "occluded": true,
                        "truncated": false,
                        "trafficLightColor": "none"
                    },
                    "box2d": {
                        "x1": 14.393196,
                        "y1": 255.402731,
                        "x2": 75.028379,
                        "y2": 296.744901
                    }
                },
                {
                    "category": "car",
                    "id": 7,
                    "attributes": {
                        "occluded": false,
                        "truncated": false,
                        "trafficLightColor": "none"
                    },
                    "box2d": {
                        "x1": 193.542597,
                        "y1": 237.028436,
                        "x2": 312.975529,
                        "y2": 325.225062
                    }
                },
                {
                    "category": "car",
                    "id": 8,
                    "attributes": {
                        "occluded": false,
                        "truncated": true,
                        "trafficLightColor": "none"
                    },
                    "box2d": {
                        "x1": 0,
                        "y1": 248.971728,
                        "x2": 34.604924,
                        "y2": 311.44434
                    }
                },
                {
                    "category": "car",
                    "id": 9,
                    "attributes": {
                        "occluded": false,
                        "truncated": false,
                        "trafficLightColor": "none"
                    },
                    "box2d": {
                        "x1": 477.73173,
                        "y1": 185.580404,
                        "x2": 892.990849,
                        "y2": 359.217514
                    }
                },
                {
                    "category": "car",
                    "id": 10,
                    "attributes": {
                        "occluded": true,
                        "truncated": false,
                        "trafficLightColor": "none"
                    },
                    "box2d": {
                        "x1": 893.603345,
                        "y1": 237.028436,
                        "x2": 1105.82648,
                        "y2": 334.412211
                    }
                },
                {
                    "category": "car",
                    "id": 11,
                    "attributes": {
                        "occluded": true,
                        "truncated": true,
                        "trafficLightColor": "none"
                    },
                    "box2d": {
                        "x1": 1106.49155,
                        "y1": 229.678715,
                        "x2": 1278.544871,
                        "y2": 320.332359
                    }
                },
                {
                    "category": "traffic sign",
                    "id": 12,
                    "attributes": {
                        "occluded": false,
                        "truncated": false,
                        "trafficLightColor": "none"
                    },
                    "box2d": {
                        "x1": 616.123596,
                        "y1": 52.797395,
                        "x2": 655.628336,
                        "y2": 71.171692
                    }
                },
                {
                    "category": "traffic sign",
                    "id": 13,
                    "attributes": {
                        "occluded": false,
                        "truncated": false,
                        "trafficLightColor": "none"
                    },
                    "box2d": {
                        "x1": 592.237009,
                        "y1": 132.725588,
                        "x2": 617.961025,
                        "y2": 153.85603
                    }
                },
                {
                    "category": "area/drivable",
                    "id": 14,
                    "attributes": {},
                    "poly2d": [
                        [
                            90.613075,
                            298.407377,
                            "L"
                        ],
                        [
                            0.015979,
                            324.511625,
                            "L"
                        ],
                        [
                            0,
                            557.914314,
                            "L"
                        ],
                        [
                            456.072548,
                            488.814833,
                            "C"
                        ],
                        [
                            1018.081654,
                            516.454625,
                            "C"
                        ],
                        [
                            1280.6437,
                            577.876386,
                            "C"
                        ],
                        [
                            1280.6437,
                            355.222505,
                            "L"
                        ],
                        [
                            397.721876,
                            405.895457,
                            "L"
                        ],
                        [
                            324.015764,
                            341.402609,
                            "L"
                        ],
                        [
                            219.598772,
                            344.473697,
                            "L"
                        ],
                        [
                            176.603539,
                            298.407377,
                            "L"
                        ],
                        [
                            90.613075,
                            298.407377,
                            "L"
                        ]
                    ]
                },
                {
                    "category": "lane/double yellow",
                    "id": 15,
                    "attributes": {
                        "direction": "parallel",
                        "style": "solid"
                    },
                    "poly2d": [
                        [
                            1276.053047,
                            353.17512,
                            "L"
                        ],
                        [
                            965.873157,
                            373.137194,
                            "L"
                        ]
                    ]
                },
                {
                    "category": "lane/double yellow",
                    "id": 16,
                    "attributes": {
                        "direction": "parallel",
                        "style": "solid"
                    },
                    "poly2d": [
                        [
                            1280.6437,
                            343.961857,
                            "L"
                        ],
                        [
                            947.44663,
                            366.995017,
                            "L"
                        ]
                    ]
                },
                {
                    "category": "lane/crosswalk",
                    "id": 17,
                    "attributes": {
                        "direction": "vertical",
                        "style": "dashed"
                    },
                    "poly2d": [
                        [
                            333.229027,
                            350.104033,
                            "L"
                        ],
                        [
                            0,
                            368.530561,
                            "L"
                        ]
                    ]
                },
                {
                    "category": "lane/crosswalk",
                    "id": 18,
                    "attributes": {
                        "direction": "vertical",
                        "style": "dashed"
                    },
                    "poly2d": [
                        [
                            302.518148,
                            325.535329,
                            "L"
                        ],
                        [
                            0.015979,
                            340.890768,
                            "L"
                        ]
                    ]
                }
            ]
        }
    ],
    "attributes": {
        "weather": "undefined",
        "scene": "residential",
        "timeofday": "daytime"
    }
}