{
    "name": "1d0a7787-8bf8ca8a",
    "frames": [
        {
            "timestamp": 10000,
            "objects": [
                {
                    "category": "traffic sign",
                    "id": 0,
                    "attributes": {
                        "occluded": false,
                        "truncated": false,
                        "trafficLightColor": "none"
                    },
                    "box2d": {
                        "x1": 934.334925,
                        "y1": 237.695824,
                        "x2": 976.504103,
                        "y2": 257.726186
                    }
                },
                {
                    "category": "traffic sign",
                    "id": 1,
                    "attributes": {
                        "occluded": false,
                        "truncated": false,
                        "trafficLightColor": "none"
                    },
                    "box2d": {
                        "x1": 1020.781749,
                        "y1": 233.478904,
                        "x2": 1037.649422,
                        "y2": 256.671955
                    }
                },
                {
                    "category": "traffic sign",
                    "id": 2,
                    "attributes": {
                        "occluded": false,
                        "truncated": false,
                        "trafficLightColor": "none"
                    },
                    "box2d": {
                        "x1": 604.361069,
                        "y1": 196.58087,
                        "x2": 641.259103,
                        "y2": 211.340083
                    }
                },
                {
                    "category": "car",
                    "id": 3,
                    "attributes": {
                        "occluded": false,
                        "truncated": false,
                        "trafficLightColor": "none"
                    },
                    "box2d": {
                        "x1": 607.523759,
                        "y1": 230.316216,
                        "x2": 618.066054,
                        "y2": 239.804282
                    }
                },
                {
                    "category": "car",
                    "id": 4,
                    "attributes": {
                        "occluded": false,
                        "truncated": false,
                        "trafficLightColor": "none"
                    },
                    "box2d": {
                        "x1": 589.601856,
                        "y1": 231.370446,
                        "x2": 604.361069,
                        "y2": 240.858512
                    }
                },
                {
                    "category": "car",
                    "id": 5,
                    "attributes": {
                        "occluded": false,
                        "truncated": false,
                        "trafficLightColor": "none"
                    },
                    "box2d": {
                        "x1": 571.679953,
                        "y1": 232.424674,
                        "x2": 580.113787,
                        "y2": 236.641597
                    }
                },
                {
                    "category": "car",
                    "id": 6,
                    "attributes": {
                        "occluded": false,
                        "truncated": false,
                        "trafficLightColor": "none"
                    },
                    "box2d": {
                        "x1": 545.324212,
                        "y1": 228.207757,
                        "x2": 567.463033,
                        "y2": 246.12966
                    }
                },
                {
                    "category": "car",
                    "id": 7,
                    "attributes": {
                        "occluded": true,
                        "truncated": false,
                        "trafficLightColor": "none"
                    },
                    "box2d": {
                        "x1": 508.426178,
                        "y1": 214.502773,
                        "x2": 534.781917,
                        "y2": 226.099298
                    }
                },
                {
                    "category": "car",
                    "id": 8,
                    "attributes": {
                        "occluded": true,
                        "truncated": false,
                        "trafficLightColor": "none"
                    },
                    "box2d": {
                        "x1": 374.539023,
                        "y1": 231.370446,
                        "x2": 403.003225,
                        "y2": 241.912737
                    }
                },
                {
                    "category": "car",
                    "id": 9,
                    "attributes": {
                        "occluded": true,
                        "truncated": false,
                        "trafficLightColor": "none"
                    },
                    "box2d": {
                        "x1": 322.881774,
                        "y1": 231.370446,
                        "x2": 342.912137,
                        "y2": 240.858512
                    }
                },
                {
                    "category": "car",
                    "id": 10,
                    "attributes": {
                        "occluded": true,
                        "truncated": false,
                        "trafficLightColor": "none"
                    },
                    "box2d": {
                        "x1": 117.307008,
                        "y1": 227.153527,
                        "x2": 172.126943,
                        "y2": 246.129664
                    }
                },
                {
                    "category": "area/drivable",
                    "id": 11,
                    "attributes": {},
                    "poly2d": [
                        [
                            578.916069,
                            245.687042,
                            "L"
                        ],
                        [
                            515.958764,
                            273.326833,
                            "C"
                        ],
                        [
                            193.478544,
                            468.34092,
                            "C"
                        ],
                        [
                            1.551524,
                            585.042267,
                            "C"
                        ],
                        [
                            336.300117,
                            538.975946,
                            "C"
                        ],
                        [
                            646.480006,
                            522.084962,
                            "C"
                        ],
                        [
                            918.271294,
                            549.724754,
                            "C"
                        ],
                        [
                            815.373867,
                            448.378849,
                            "C"
                        ],
                        [
                            631.124564,
                            288.682273,
                            "C"
                        ],
                        [
                            609.62695,
                            247.222584,
                            "C"
                        ],
                        [
                            578.916069,
                            245.687042,
                            "L"
                        ]
                    ]
                },
                {
                    "category": "area/alternative",
                    "id": 12,
                    "attributes": {},
                    "poly2d": [
                        [
                            614.23358,
                            245.687042,
                            "L"
                        ],
                        [
                            638.802284,
                            285.611185,
                            "C"
                        ],
                        [
                            833.800394,
                            448.378849,
                            "C"
                        ],
                        [
                            990.441861,
                            552.795841,
                            "C"
                        ],
                        [
                            1280.6437,
                            577.364545,
                            "L"
                        ],
                        [
                            1280.6437,
                            423.810145,
                            "L"
                        ],
                        [
                            628.053477,
                            245.687042,
                            "L"
                        ],
                        [
                            614.23358,
                            245.687042,
                            "L"
                        ]
                    ]
                },
                {
                    "category": "area/alternative",
                    "id": 13,
                    "attributes": {},
                    "poly2d": [
                        [
                            542.063013,
                            248.758129,
                            "L"
                        ],
                        [
                            368.54654,
                            276.397921,
                            "C"
                        ],
                        [
                            181.194192,
                            320.928696,
                            "C"
                        ],
                        [
                            0,
                            354.374756,
                            "C"
                        ],
                        [
                            0,
                            577.364545,
                            "L"
                        ],
                        [
                            178.139084,
                            472.947553,
                            "C"
                        ],
                        [
                            359.333276,
                            353.17512,
                            "C"
                        ],
                        [
                            551.276277,
                            251.829217,
                            "C"
                        ],
                        [
                            542.063013,
                            248.758129,
                            "L"
                        ]
                    ]
                },
                {
                    "category": "lane/road curb",
                    "id": 14,
                    "attributes": {
                        "direction": "parallel",
                        "style": "solid"
                    },
                    "poly2d": [
                        [
                            2.561265,
                            311.193755,
                            "L"
                        ],
                        [
                            519.93689,
                            242.039587,
                            "L"
                        ]
                    ]
                },
                {
                    "category": "lane/single white",
                    "id": 15,
                    "attributes": {
                        "direction": "parallel",
                        "style": "solid"
                    },
                    "poly2d": [
                        [
                            1279.352102,
                            420.047537,
                            "L"
                        ],
                        [
                            646.719531,
                            244.600852,
                            "L"
                        ]
                    ]
                },
                {
                    "category": "lane/single white",
                    "id": 16,
                    "attributes": {
                        "direction": "parallel",
                        "style": "solid"
                    },
                    "poly2d": [
                        [
                            1.280633,
                            352.174002,
                            "L"
                        ],
                        [
                            496.885501,
                            251.004016,
                            "L"
                        ]
                    ]
                },
                {
                    "category": "lane/single white",
                    "id": 17,
                    "attributes": {
                        "direction": "parallel",
                        "style": "dashed"
                    },
                    "poly2d": [
                        [
                            558.355872,
                            253.565282,
                            "L"
                        ],
                        [
                            3.841898,
                            585.24916,
                            "L"
                        ]
                    ]
                },
                {
                    "category": "lane/single white",
                    "id": 18,
                    "attributes": {
                        "direction": "parallel",
                        "style": "dashed"
                    },
                    "poly2d": [
                        [
                            549.391443,
                            252.284649,
                            "L"
                        ],
                        [
                            0,
                            562.197771,
                            "L"
                        ]
                    ]
                },
                {
                    "category": "lane/single white",
                    "id": 19,
                    "attributes": {
                        "direction": "parallel",
                        "style": "dashed"
                    },
                    "poly2d": [
                        [
                            617.264978,
                            263.810343,
                            "L"
                        ],
                        [
                            910.529875,
                            537.865749,
                            "L"
                        ]
                    ]
                },
                {
                    "category": "lane/single white",
                    "id": 20,
                    "attributes": {
                        "direction": "parallel",
                        "style": "dashed"
                    },
                    "poly2d": [
                        [
                            630.071306,
                            265.090976,
                            "L"
                        ],
                        [
                            937.423162,
                            532.743218,
                            "L"
                        ]
                    ]
                }
            ]
        }
    ],
    "attributes": {
        "weather": "overcast",
        "scene": "highway",
        "timeofday": "daytime"
    }
}