{
    "name": "1d241258-a3b2237d",
    "frames": [
        {
            "timestamp": 10000,
            "objects": [
                {
                    "category": "traffic sign",
                    "id": 0,
                    "attributes": {
                        "occluded": false,
                        "truncated": false,
                        "trafficLightColor": "none"
                    },
                    "box2d": {
                        "x1": 563.048789,
                        "y1": 275.374216,
                        "x2": 583.010861,
                        "y2": 301.478465
                    }
                },
                {
                    "category": "traffic sign",
                    "id": 1,
                    "attributes": {
                        "occluded": false,
                        "truncated": false,
                        "trafficLightColor": "none"
                    },
                    "box2d": {
                        "x1": 567.655421,
                        "y1": 306.085097,
                        "x2": 583.010861,
                        "y2": 322.976081
                    }
                },
                {
                    "category": "traffic sign",
                    "id": 2,
                    "attributes": {
                        "occluded": false,
                        "truncated": false,
                        "trafficLightColor": "none"
                    },
                    "box2d": {
                        "x1": 527.731278,
                        "y1": 301.478465,
                        "x2": 552.299982,
                        "y2": 316.833905
                    }
                },
                {
                    "category": "traffic sign",
                    "id": 3,
                    "attributes": {
                        "occluded": false,
                        "truncated": false,
                        "trafficLightColor": "none"
                    },
                    "box2d": {
                        "x1": 518.518013,
                        "y1": 318.369449,
                        "x2": 564.584334,
                        "y2": 329.118257
                    }
                },
                {
                    "category": "truck",
                    "id": 4,
                    "attributes": {
                        "occluded": true,
                        "truncated": false,
                        "trafficLightColor": "none"
                    },
                    "box2d": {
                        "x1": 361.892527,
                        "y1": 318.369449,
                        "x2": 423.314287,
                        "y2": 359.829137
                    }
                },
                {
                    "category": "car",
                    "id": 5,
                    "attributes": {
                        "occluded": true,
                        "truncated": false,
                        "trafficLightColor": "none"
                    },
                    "box2d": {
                        "x1": 466.309518,
                        "y1": 364.43577,
                        "x2": 478.59387,
                        "y2": 379.791209
                    }
                },
                {
                    "category": "car",
                    "id": 6,
                    "attributes": {
                        "occluded": false,
                        "truncated": false,
                        "trafficLightColor": "none"
                    },
                    "box2d": {
                        "x1": 477.058325,
                        "y1": 362.900225,
                        "x2": 498.555941,
                        "y2": 378.255665
                    }
                },
                {
                    "category": "car",
                    "id": 7,
                    "attributes": {
                        "occluded": true,
                        "truncated": false,
                        "trafficLightColor": "none"
                    },
                    "box2d": {
                        "x1": 426.385372,
                        "y1": 353.686961,
                        "x2": 467.845062,
                        "y2": 395.146649
                    }
                },
                {
                    "category": "car",
                    "id": 8,
                    "attributes": {
                        "occluded": false,
                        "truncated": false,
                        "trafficLightColor": "none"
                    },
                    "box2d": {
                        "x1": 509.304749,
                        "y1": 353.686961,
                        "x2": 538.480085,
                        "y2": 382.862297
                    }
                },
                {
                    "category": "car",
                    "id": 9,
                    "attributes": {
                        "occluded": false,
                        "truncated": false,
                        "trafficLightColor": "none"
                    },
                    "box2d": {
                        "x1": 331.181644,
                        "y1": 347.544785,
                        "x2": 435.598637,
                        "y2": 418.179811
                    }
                },
                {
                    "category": "car",
                    "id": 10,
                    "attributes": {
                        "occluded": false,
                        "truncated": false,
                        "trafficLightColor": "none"
                    },
                    "box2d": {
                        "x1": 235.977916,
                        "y1": 356.75805,
                        "x2": 303.541853,
                        "y2": 399.753283
                    }
                },
                {
                    "category": "truck",
                    "id": 11,
                    "attributes": {
                        "occluded": false,
                        "truncated": true,
                        "trafficLightColor": "none"
                    },
                    "box2d": {
                        "x1": 0,
                        "y1": 326.047169,
                        "x2": 174.556156,
                        "y2": 421.250897
                    }
                },
                {
                    "category": "traffic sign",
                    "id": 12,
                    "attributes": {
                        "occluded": false,
                        "truncated": false,
                        "trafficLightColor": "none"
                    },
                    "box2d": {
                        "x1": 88.565692,
                        "y1": 266.160954,
                        "x2": 113.134396,
                        "y2": 301.478465
                    }
                },
                {
                    "category": "traffic sign",
                    "id": 13,
                    "attributes": {
                        "occluded": true,
                        "truncated": true,
                        "trafficLightColor": "none"
                    },
                    "box2d": {
                        "x1": 0,
                        "y1": 220.094633,
                        "x2": 27.143932,
                        "y2": 255.412145
                    }
                },
                {
                    "category": "area/drivable",
                    "id": 14,
                    "attributes": {},
                    "poly2d": [
                        [
                            395.538032,
                            603.912957,
                            "L"
                        ],
                        [
                            497.853863,
                            388.051507,
                            "L"
                        ],
                        [
                            557.746057,
                            386.803753,
                            "L"
                        ],
                        [
                            1231.53324,
                            665.052905,
                            "L"
                        ],
                        [
                            963.266121,
                            617.638251,
                            "C"
                        ],
                        [
                            613.894989,
                            596.426432,
                            "C"
                        ],
                        [
                            395.538032,
                            603.912957,
                            "C"
                        ]
                    ]
                },
                {
                    "category": "area/alternative",
                    "id": 15,
                    "attributes": {},
                    "poly2d": [
                        [
                            335.645837,
                            602.665203,
                            "L"
                        ],
                        [
                            460.421242,
                            425.484129,
                            "L"
                        ],
                        [
                            303.204232,
                            420.493112,
                            "L"
                        ],
                        [
                            0,
                            530.295468,
                            "L"
                        ],
                        [
                            0,
                            621.381513,
                            "L"
                        ],
                        [
                            111.05011,
                            603.912957,
                            "C"
                        ],
                        [
                            230.834498,
                            601.417449,
                            "C"
                        ],
                        [
                            335.645837,
                            602.665203,
                            "C"
                        ]
                    ]
                },
                {
                    "category": "area/alternative",
                    "id": 16,
                    "attributes": {},
                    "poly2d": [
                        [
                            0,
                            451.686963,
                            "L"
                        ],
                        [
                            267.019365,
                            400.529048,
                            "L"
                        ],
                        [
                            289.478938,
                            417.997604,
                            "L"
                        ],
                        [
                            0,
                            521.56119,
                            "L"
                        ],
                        [
                            0,
                            451.686963,
                            "L"
                        ]
                    ]
                },
                {
                    "category": "lane/road curb",
                    "id": 17,
                    "attributes": {
                        "direction": "parallel",
                        "style": "solid"
                    },
                    "poly2d": [
                        [
                            1263.316009,
                            678.452977,
                            "L"
                        ],
                        [
                            614.816805,
                            405.124791,
                            "L"
                        ]
                    ]
                },
                {
                    "category": "lane/road curb",
                    "id": 18,
                    "attributes": {
                        "direction": "parallel",
                        "style": "solid"
                    },
                    "poly2d": [
                        [
                            237.399255,
                            396.887503,
                            "L"
                        ],
                        [
                            171.500952,
                            403.627102,
                            "L"
                        ]
                    ]
                },
                {
                    "category": "lane/road curb",
                    "id": 19,
                    "attributes": {
                        "direction": "parallel",
                        "style": "solid"
                    },
                    "poly2d": [
                        [
                            334.74902,
                            387.901371,
                            "L"
                        ],
                        [
                            301.799868,
                            390.896749,
                            "L"
                        ]
                    ]
                },
                {
                    "category": "lane/single white",
                    "id": 20,
                    "attributes": {
                        "direction": "parallel",
                        "style": "solid"
                    },
                    "poly2d": [
                        [
                            1240.850677,
                            674.708756,
                            "L"
                        ],
                        [
                            860.43775,
                            512.958377,
                            "L"
                        ]
                    ]
                },
                {
                    "category": "lane/single white",
                    "id": 21,
                    "attributes": {
                        "direction": "parallel",
                        "style": "solid"
                    },
                    "poly2d": [
                        [
                            849.95393,
                            516.702599,
                            "L"
                        ],
                        [
                            1175.70122,
                            669.466845,
                            "L"
                        ]
                    ]
                },
                {
                    "category": "lane/single white",
                    "id": 22,
                    "attributes": {
                        "direction": "parallel",
                        "style": "dashed"
                    },
                    "poly2d": [
                        [
                            469.541002,
                            411.115546,
                            "L"
                        ],
                        [
                            339.99093,
                            604.317386,
                            "L"
                        ]
                    ]
                },
                {
                    "category": "lane/single white",
                    "id": 23,
                    "attributes": {
                        "direction": "parallel",
                        "style": "dashed"
                    },
                    "poly2d": [
                        [
                            483.0202,
                            414.110923,
                            "L"
                        ],
                        [
                            397.651946,
                            607.312765,
                            "L"
                        ]
                    ]
                },
                {
                    "category": "lane/single white",
                    "id": 24,
                    "attributes": {
                        "direction": "parallel",
                        "style": "dashed"
                    },
                    "poly2d": [
                        [
                            313.032534,
                            414.110923,
                            "L"
                        ],
                        [
                            0,
                            512.958377,
                            "L"
                        ]
                    ]
                },
                {
                    "category": "lane/single white",
                    "id": 25,
                    "attributes": {
                        "direction": "parallel",
                        "style": "dashed"
                    },
                    "poly2d": [
                        [
                            313.781378,
                            420.850522,
                            "L"
                        ],
                        [
                            0,
                            521.944509,
                            "L"
                        ]
                    ]
                },
                {
                    "category": "lane/single white",
                    "id": 26,
                    "attributes": {
                        "direction": "parallel",
                        "style": "dashed"
                    },
                    "poly2d": [
                        [
                            149.035622,
                            417.855145,
                            "L"
                        ],
                        [
                            0,
                            448.557763,
                            "L"
                        ]
                    ]
                }
            ]
        }
    ],
    "attributes": {
        "weather": "clear",
        "scene": "highway",
        "timeofday": "daytime"
    }
}