{
    "name": "1d36dcb4-e4b70050",
    "frames": [
        {
            "timestamp": 10000,
            "objects": [
                {
                    "category": "car",
                    "id": 0,
                    "attributes": {
                        "occluded": true,
                        "truncated": false,
                        "trafficLightColor": "none"
                    },
                    "box2d": {
                        "x1": 605.965251,
                        "y1": 439.957897,
                        "x2": 620.033672,
                        "y2": 456.584213
                    }
                },
                {
                    "category": "car",
                    "id": 1,
                    "attributes": {
                        "occluded": true,
                        "truncated": false,
                        "trafficLightColor": "none"
                    },
                    "box2d": {
                        "x1": 559.923145,
                        "y1": 437.400002,
                        "x2": 573.991565,
                        "y2": 454.026319
                    }
                },
                {
                    "category": "car",
                    "id": 2,
                    "attributes": {
                        "occluded": true,
                        "truncated": false,
                        "trafficLightColor": "none"
                    },
                    "box2d": {
                        "x1": 548.412619,
                        "y1": 433.56316,
                        "x2": 563.759987,
                        "y2": 457.86316
                    }
                },
                {
                    "category": "car",
                    "id": 3,
                    "attributes": {
                        "occluded": true,
                        "truncated": false,
                        "trafficLightColor": "none"
                    },
                    "box2d": {
                        "x1": 516.438934,
                        "y1": 425.889476,
                        "x2": 548.412619,
                        "y2": 462.97895
                    }
                },
                {
                    "category": "car",
                    "id": 4,
                    "attributes": {
                        "occluded": true,
                        "truncated": false,
                        "trafficLightColor": "none"
                    },
                    "box2d": {
                        "x1": 502.370513,
                        "y1": 427.168423,
                        "x2": 538.18104,
                        "y2": 464.257897
                    }
                },
                {
                    "category": "car",
                    "id": 5,
                    "attributes": {
                        "occluded": true,
                        "truncated": false,
                        "trafficLightColor": "none"
                    },
                    "box2d": {
                        "x1": 417.959987,
                        "y1": 407.984213,
                        "x2": 513.88104,
                        "y2": 487.27895
                    }
                },
                {
                    "category": "car",
                    "id": 6,
                    "attributes": {
                        "occluded": true,
                        "truncated": false,
                        "trafficLightColor": "none"
                    },
                    "box2d": {
                        "x1": 324.596828,
                        "y1": 404.147371,
                        "x2": 449.933671,
                        "y2": 520.531582
                    }
                },
                {
                    "category": "car",
                    "id": 7,
                    "attributes": {
                        "occluded": true,
                        "truncated": false,
                        "trafficLightColor": "none"
                    },
                    "box2d": {
                        "x1": 618.754724,
                        "y1": 441.236844,
                        "x2": 630.265251,
                        "y2": 457.86316
                    }
                },
                {
                    "category": "car",
                    "id": 8,
                    "attributes": {
                        "occluded": true,
                        "truncated": false,
                        "trafficLightColor": "none"
                    },
                    "box2d": {
                        "x1": 623.870514,
                        "y1": 441.236844,
                        "x2": 644.333672,
                        "y2": 468.094738
                    }
                },
                {
                    "category": "car",
                    "id": 9,
                    "attributes": {
                        "occluded": true,
                        "truncated": false,
                        "trafficLightColor": "none"
                    },
                    "box2d": {
                        "x1": 637.938935,
                        "y1": 439.957897,
                        "x2": 655.844198,
                        "y2": 464.257897
                    }
                },
                {
                    "category": "car",
                    "id": 10,
                    "attributes": {
                        "occluded": false,
                        "truncated": false,
                        "trafficLightColor": "none"
                    },
                    "box2d": {
                        "x1": 640.496829,
                        "y1": 411.821055,
                        "x2": 712.117883,
                        "y2": 482.16316
                    }
                },
                {
                    "category": "car",
                    "id": 11,
                    "attributes": {
                        "occluded": false,
                        "truncated": false,
                        "trafficLightColor": "none"
                    },
                    "box2d": {
                        "x1": 783.738936,
                        "y1": 351.710529,
                        "x2": 1191.72315,
                        "y2": 613.894741
                    }
                },
                {
                    "category": "car",
                    "id": 12,
                    "attributes": {
                        "occluded": true,
                        "truncated": true,
                        "trafficLightColor": "none"
                    },
                    "box2d": {
                        "x1": 1171.259991,
                        "y1": 422.052634,
                        "x2": 1279.970517,
                        "y2": 572.968424
                    }
                },
                {
                    "category": "car",
                    "id": 13,
                    "attributes": {
                        "occluded": false,
                        "truncated": false,
                        "trafficLightColor": "none"
                    },
                    "box2d": {
                        "x1": 56.017879,
                        "y1": 359.384212,
                        "x2": 377.033671,
                        "y2": 562.736845
                    }
                },
                {
                    "category": "car",
                    "id": 14,
                    "attributes": {
                        "occluded": false,
                        "truncated": false,
                        "trafficLightColor": "none"
                    },
                    "box2d": {
                        "x1": 581.453384,
                        "y1": 436.713915,
                        "x2": 601.417449,
                        "y2": 455.430226
                    }
                },
                {
                    "category": "area/drivable",
                    "id": 15,
                    "attributes": {},
                    "poly2d": [
                        [
                            578.513163,
                            456.212962,
                            "L"
                        ],
                        [
                            293.184094,
                            570.658138,
                            "L"
                        ],
                        [
                            486.016377,
                            559.683943,
                            "C"
                        ],
                        [
                            680.416402,
                            564.38717,
                            "C"
                        ],
                        [
                            812.256463,
                            587.249596,
                            "C"
                        ],
                        [
                            774.48093,
                            536.167812,
                            "L"
                        ],
                        [
                            780.751899,
                            507.948454,
                            "L"
                        ],
                        [
                            705.500276,
                            486.000062,
                            "L"
                        ],
                        [
                            641.81908,
                            482.624668,
                            "L"
                        ],
                        [
                            606.732521,
                            459.348447,
                            "L"
                        ],
                        [
                            578.513163,
                            456.212962,
                            "L"
                        ]
                    ]
                }
            ]
        }
    ],
    "attributes": {
        "weather": "snowy",
        "scene": "residential",
        "timeofday": "daytime"
    }
}