{
    "name": "1d3ea1ee-1422b357",
    "frames": [
        {
            "timestamp": 10000,
            "objects": [
                {
                    "category": "traffic sign",
                    "id": 0,
                    "attributes": {
                        "occluded": false,
                        "truncated": false,
                        "trafficLightColor": "none"
                    },
                    "box2d": {
                        "x1": 662.557397,
                        "y1": 278.249152,
                        "x2": 676.28269,
                        "y2": 288.231183
                    }
                },
                {
                    "category": "car",
                    "id": 1,
                    "attributes": {
                        "occluded": false,
                        "truncated": false,
                        "trafficLightColor": "none"
                    },
                    "box2d": {
                        "x1": 595.178678,
                        "y1": 303.204232,
                        "x2": 612.647236,
                        "y2": 319.425035
                    }
                },
                {
                    "category": "car",
                    "id": 2,
                    "attributes": {
                        "occluded": false,
                        "truncated": false,
                        "trafficLightColor": "none"
                    },
                    "box2d": {
                        "x1": 525.304452,
                        "y1": 301.956478,
                        "x2": 546.516272,
                        "y2": 318.177281
                    }
                },
                {
                    "category": "car",
                    "id": 3,
                    "attributes": {
                        "occluded": true,
                        "truncated": false,
                        "trafficLightColor": "none"
                    },
                    "box2d": {
                        "x1": 546.516271,
                        "y1": 301.956478,
                        "x2": 556.498302,
                        "y2": 311.938511
                    }
                },
                {
                    "category": "car",
                    "id": 4,
                    "attributes": {
                        "occluded": false,
                        "truncated": false,
                        "trafficLightColor": "none"
                    },
                    "box2d": {
                        "x1": 551.507287,
                        "y1": 293.2222,
                        "x2": 566.480335,
                        "y2": 301.956478
                    }
                },
                {
                    "category": "car",
                    "id": 5,
                    "attributes": {
                        "occluded": false,
                        "truncated": false,
                        "trafficLightColor": "none"
                    },
                    "box2d": {
                        "x1": 583.948892,
                        "y1": 290.726692,
                        "x2": 597.674185,
                        "y2": 298.213215
                    }
                },
                {
                    "category": "car",
                    "id": 6,
                    "attributes": {
                        "occluded": false,
                        "truncated": false,
                        "trafficLightColor": "none"
                    },
                    "box2d": {
                        "x1": 560.241565,
                        "y1": 280.74466,
                        "x2": 570.223598,
                        "y2": 289.478938
                    }
                },
                {
                    "category": "area/drivable",
                    "id": 7,
                    "attributes": {},
                    "poly2d": [
                        [
                            579.621544,
                            329.49176,
                            "L"
                        ],
                        [
                            13.494794,
                            679.951174,
                            "L"
                        ],
                        [
                            398.401075,
                            597.578237,
                            "C"
                        ],
                        [
                            533.193159,
                            579.605958,
                            "C"
                        ],
                        [
                            937.569407,
                            597.578237,
                            "C"
                        ],
                        [
                            630.542996,
                            327.99407,
                            "L"
                        ],
                        [
                            579.621544,
                            329.49176,
                            "L"
                        ]
                    ]
                },
                {
                    "category": "area/alternative",
                    "id": 8,
                    "attributes": {},
                    "poly2d": [
                        [
                            673.976001,
                            333.984827,
                            "L"
                        ],
                        [
                            657.501413,
                            344.468657,
                            "L"
                        ],
                        [
                            963.030135,
                            599.075925,
                            "L"
                        ],
                        [
                            1082.84532,
                            602.071305,
                            "C"
                        ],
                        [
                            1184.688228,
                            611.057445,
                            "C"
                        ],
                        [
                            1280.524791,
                            627.532032,
                            "C"
                        ],
                        [
                            1280.524791,
                            551.149851,
                            "L"
                        ],
                        [
                            673.976001,
                            333.984827,
                            "L"
                        ]
                    ]
                },
                {
                    "category": "lane/road curb",
                    "id": 9,
                    "attributes": {
                        "direction": "parallel",
                        "style": "solid"
                    },
                    "poly2d": [
                        [
                            683.904729,
                            337.318708,
                            "L"
                        ],
                        [
                            1079.70786,
                            478.676117,
                            "L"
                        ]
                    ]
                },
                {
                    "category": "lane/single white",
                    "id": 10,
                    "attributes": {
                        "direction": "parallel",
                        "style": "solid"
                    },
                    "poly2d": [
                        [
                            621.976348,
                            319.817315,
                            "L"
                        ],
                        [
                            937.003329,
                            597.147086,
                            "L"
                        ]
                    ]
                },
                {
                    "category": "lane/single white",
                    "id": 11,
                    "attributes": {
                        "direction": "parallel",
                        "style": "solid"
                    },
                    "poly2d": [
                        [
                            958.543636,
                            595.800826,
                            "L"
                        ],
                        [
                            623.322617,
                            317.124793,
                            "L"
                        ]
                    ]
                },
                {
                    "category": "lane/single white",
                    "id": 12,
                    "attributes": {
                        "direction": "parallel",
                        "style": "solid"
                    },
                    "poly2d": [
                        [
                            0,
                            430.210719,
                            "L"
                        ],
                        [
                            476.57928,
                            326.54862,
                            "L"
                        ]
                    ]
                },
                {
                    "category": "lane/double yellow",
                    "id": 13,
                    "attributes": {
                        "direction": "parallel",
                        "style": "solid"
                    },
                    "poly2d": [
                        [
                            0,
                            601.18587,
                            "C"
                        ],
                        [
                            441.576281,
                            381.745322,
                            "C"
                        ],
                        [
                            558.701698,
                            300.969662,
                            "C"
                        ],
                        [
                            577.549466,
                            314.432271,
                            "L"
                        ]
                    ]
                },
                {
                    "category": "lane/double yellow",
                    "id": 14,
                    "attributes": {
                        "direction": "parallel",
                        "style": "solid"
                    },
                    "poly2d": [
                        [
                            153.474684,
                            554.066735,
                            "C"
                        ],
                        [
                            304.256827,
                            466.559767,
                            "C"
                        ],
                        [
                            554.662892,
                            314.432271,
                            "C"
                        ],
                        [
                            580.242004,
                            315.778533,
                            "L"
                        ]
                    ]
                },
                {
                    "category": "lane/double yellow",
                    "id": 15,
                    "attributes": {
                        "direction": "parallel",
                        "style": "solid"
                    },
                    "poly2d": [
                        [
                            168.283645,
                            545.989168,
                            "L"
                        ],
                        [
                            586.973349,
                            317.124793,
                            "L"
                        ]
                    ]
                },
                {
                    "category": "lane/double yellow",
                    "id": 16,
                    "attributes": {
                        "direction": "parallel",
                        "style": "solid"
                    },
                    "poly2d": [
                        [
                            10.770151,
                            677.922749,
                            "L"
                        ],
                        [
                            586.973349,
                            321.163576,
                            "L"
                        ]
                    ]
                },
                {
                    "category": "lane/double yellow",
                    "id": 17,
                    "attributes": {
                        "direction": "parallel",
                        "style": "solid"
                    },
                    "poly2d": [
                        [
                            586.728567,
                            311.852568,
                            "C"
                        ],
                        [
                            586.021402,
                            300.063475,
                            "C"
                        ],
                        [
                            579.997221,
                            295.024304,
                            "C"
                        ],
                        [
                            572.592741,
                            284.254217,
                            "L"
                        ]
                    ]
                },
                {
                    "category": "lane/double yellow",
                    "id": 18,
                    "attributes": {
                        "direction": "parallel",
                        "style": "solid"
                    },
                    "poly2d": [
                        [
                            568.553933,
                            298.389957,
                            "L"
                        ],
                        [
                            574.612144,
                            264.733431,
                            "L"
                        ]
                    ]
                },
                {
                    "category": "lane/single white",
                    "id": 19,
                    "attributes": {
                        "direction": "parallel",
                        "style": "solid"
                    },
                    "poly2d": [
                        [
                            562.495722,
                            310.506306,
                            "L"
                        ],
                        [
                            566.534528,
                            301.082479,
                            "L"
                        ]
                    ]
                }
            ]
        }
    ],
    "attributes": {
        "weather": "clear",
        "scene": "highway",
        "timeofday": "daytime"
    }
}