{
    "name": "1d3fad59-f6e5cba7",
    "frames": [
        {
            "timestamp": 10000,
            "objects": [
                {
                    "category": "traffic sign",
                    "id": 0,
                    "attributes": {
                        "occluded": false,
                        "truncated": false,
                        "trafficLightColor": "none"
                    },
                    "box2d": {
                        "x1": 625.201017,
                        "y1": 179.06591,
                        "x2": 679.395305,
                        "y2": 196.54794
                    }
                },
                {
                    "category": "traffic sign",
                    "id": 1,
                    "attributes": {
                        "occluded": false,
                        "truncated": false,
                        "trafficLightColor": "none"
                    },
                    "box2d": {
                        "x1": 140.948828,
                        "y1": 9.490235,
                        "x2": 238.848187,
                        "y2": 39.209682
                    }
                },
                {
                    "category": "traffic sign",
                    "id": 2,
                    "attributes": {
                        "occluded": true,
                        "truncated": false,
                        "trafficLightColor": "none"
                    },
                    "box2d": {
                        "x1": 34.308455,
                        "y1": 0.749219,
                        "x2": 73.586427,
                        "y2": 57.111853
                    }
                },
                {
                    "category": "traffic sign",
                    "id": 3,
                    "attributes": {
                        "occluded": false,
                        "truncated": true,
                        "trafficLightColor": "none"
                    },
                    "box2d": {
                        "x1": 247.589203,
                        "y1": 0,
                        "x2": 293.042477,
                        "y2": 23.848899
                    }
                },
                {
                    "category": "traffic sign",
                    "id": 4,
                    "attributes": {
                        "occluded": false,
                        "truncated": false,
                        "trafficLightColor": "none"
                    },
                    "box2d": {
                        "x1": 971.345179,
                        "y1": 109.137796,
                        "x2": 1008.057438,
                        "y2": 144.101852
                    }
                },
                {
                    "category": "traffic sign",
                    "id": 5,
                    "attributes": {
                        "occluded": false,
                        "truncated": false,
                        "trafficLightColor": "none"
                    },
                    "box2d": {
                        "x1": 980.086195,
                        "y1": 137.109042,
                        "x2": 999.316425,
                        "y2": 177.317708
                    }
                },
                {
                    "category": "traffic sign",
                    "id": 6,
                    "attributes": {
                        "occluded": false,
                        "truncated": false,
                        "trafficLightColor": "none"
                    },
                    "box2d": {
                        "x1": 717.855768,
                        "y1": 264.72785,
                        "x2": 747.575215,
                        "y2": 278.713473
                    }
                },
                {
                    "category": "traffic sign",
                    "id": 7,
                    "attributes": {
                        "occluded": false,
                        "truncated": false,
                        "trafficLightColor": "none"
                    },
                    "box2d": {
                        "x1": 102.488367,
                        "y1": 100.396784,
                        "x2": 121.718598,
                        "y2": 130.116231
                    }
                },
                {
                    "category": "traffic sign",
                    "id": 8,
                    "attributes": {
                        "occluded": false,
                        "truncated": false,
                        "trafficLightColor": "none"
                    },
                    "box2d": {
                        "x1": 104.236569,
                        "y1": 124.871622,
                        "x2": 118.222191,
                        "y2": 152.842869
                    }
                },
                {
                    "category": "traffic sign",
                    "id": 9,
                    "attributes": {
                        "occluded": false,
                        "truncated": false,
                        "trafficLightColor": "none"
                    },
                    "box2d": {
                        "x1": 111.229377,
                        "y1": 152.842869,
                        "x2": 135.704218,
                        "y2": 180.814114
                    }
                },
                {
                    "category": "traffic light",
                    "id": 10,
                    "attributes": {
                        "occluded": false,
                        "truncated": false,
                        "trafficLightColor": "green"
                    },
                    "box2d": {
                        "x1": 272.064041,
                        "y1": 221.022779,
                        "x2": 287.797866,
                        "y2": 259.48324
                    }
                },
                {
                    "category": "traffic light",
                    "id": 11,
                    "attributes": {
                        "occluded": false,
                        "truncated": false,
                        "trafficLightColor": "green"
                    },
                    "box2d": {
                        "x1": 852.467386,
                        "y1": 128.368028,
                        "x2": 878.690431,
                        "y2": 191.30333
                    }
                },
                {
                    "category": "traffic light",
                    "id": 12,
                    "attributes": {
                        "occluded": false,
                        "truncated": false,
                        "trafficLightColor": "green"
                    },
                    "box2d": {
                        "x1": 590.23696,
                        "y1": 151.344412,
                        "x2": 609.467188,
                        "y2": 189.804874
                    }
                },
                {
                    "category": "traffic light",
                    "id": 13,
                    "attributes": {
                        "occluded": false,
                        "truncated": false,
                        "trafficLightColor": "green"
                    },
                    "box2d": {
                        "x1": 751.071623,
                        "y1": 235.008402,
                        "x2": 765.057246,
                        "y2": 269.972461
                    }
                },
                {
                    "category": "traffic light",
                    "id": 14,
                    "attributes": {
                        "occluded": false,
                        "truncated": false,
                        "trafficLightColor": "none"
                    },
                    "box2d": {
                        "x1": 132.207812,
                        "y1": 201.792548,
                        "x2": 153.186246,
                        "y2": 242.001213
                    }
                },
                {
                    "category": "traffic light",
                    "id": 15,
                    "attributes": {
                        "occluded": false,
                        "truncated": false,
                        "trafficLightColor": "none"
                    },
                    "box2d": {
                        "x1": 86.754541,
                        "y1": 201.792548,
                        "x2": 111.229381,
                        "y2": 243.749416
                    }
                },
                {
                    "category": "traffic light",
                    "id": 16,
                    "attributes": {
                        "occluded": false,
                        "truncated": false,
                        "trafficLightColor": "none"
                    },
                    "box2d": {
                        "x1": 834.985359,
                        "y1": 140.605447,
                        "x2": 857.711996,
                        "y2": 194.799734
                    }
                },
                {
                    "category": "traffic light",
                    "id": 17,
                    "attributes": {
                        "occluded": false,
                        "truncated": false,
                        "trafficLightColor": "none"
                    },
                    "box2d": {
                        "x1": 862.956604,
                        "y1": 208.785359,
                        "x2": 892.676053,
                        "y2": 238.504808
                    }
                },
                {
                    "category": "traffic light",
                    "id": 18,
                    "attributes": {
                        "occluded": false,
                        "truncated": false,
                        "trafficLightColor": "none"
                    },
                    "box2d": {
                        "x1": 843.726373,
                        "y1": 212.281765,
                        "x2": 864.704803,
                        "y2": 242.001213
                    }
                },
                {
                    "category": "traffic light",
                    "id": 19,
                    "attributes": {
                        "occluded": false,
                        "truncated": false,
                        "trafficLightColor": "none"
                    },
                    "box2d": {
                        "x1": 953.863153,
                        "y1": 173.821302,
                        "x2": 985.330806,
                        "y2": 224.519183
                    }
                },
                {
                    "category": "traffic light",
                    "id": 20,
                    "attributes": {
                        "occluded": true,
                        "truncated": false,
                        "trafficLightColor": "none"
                    },
                    "box2d": {
                        "x1": 876.942226,
                        "y1": 226.267387,
                        "x2": 892.676053,
                        "y2": 261.231446
                    }
                },
                {
                    "category": "traffic light",
                    "id": 21,
                    "attributes": {
                        "occluded": false,
                        "truncated": false,
                        "trafficLightColor": "red"
                    },
                    "box2d": {
                        "x1": 256.330217,
                        "y1": 262.979648,
                        "x2": 268.567636,
                        "y2": 278.713473
                    }
                },
                {
                    "category": "traffic light",
                    "id": 22,
                    "attributes": {
                        "occluded": false,
                        "truncated": false,
                        "trafficLightColor": "red"
                    },
                    "box2d": {
                        "x1": 265.07123,
                        "y1": 264.72785,
                        "x2": 270.315837,
                        "y2": 278.713473
                    }
                },
                {
                    "category": "traffic light",
                    "id": 23,
                    "attributes": {
                        "occluded": false,
                        "truncated": false,
                        "trafficLightColor": "red"
                    },
                    "box2d": {
                        "x1": 756.316231,
                        "y1": 276.965271,
                        "x2": 772.050055,
                        "y2": 294.447301
                    }
                },
                {
                    "category": "car",
                    "id": 24,
                    "attributes": {
                        "occluded": false,
                        "truncated": false,
                        "trafficLightColor": "none"
                    },
                    "box2d": {
                        "x1": 50.04228,
                        "y1": 243.749416,
                        "x2": 244.092797,
                        "y2": 346.893384
                    }
                },
                {
                    "category": "car",
                    "id": 25,
                    "attributes": {
                        "occluded": false,
                        "truncated": false,
                        "trafficLightColor": "none"
                    },
                    "box2d": {
                        "x1": 301.78349,
                        "y1": 288.854182,
                        "x2": 390.941835,
                        "y2": 332.907762
                    }
                },
                {
                    "category": "car",
                    "id": 26,
                    "attributes": {
                        "occluded": false,
                        "truncated": false,
                        "trafficLightColor": "none"
                    },
                    "box2d": {
                        "x1": 469.610965,
                        "y1": 249.243775,
                        "x2": 670.654291,
                        "y2": 406.582031
                    }
                },
                {
                    "category": "car",
                    "id": 27,
                    "attributes": {
                        "occluded": false,
                        "truncated": false,
                        "trafficLightColor": "none"
                    },
                    "box2d": {
                        "x1": 761.56084,
                        "y1": 270.222208,
                        "x2": 1090.222977,
                        "y2": 460.776319
                    }
                },
                {
                    "category": "car",
                    "id": 28,
                    "attributes": {
                        "occluded": true,
                        "truncated": false,
                        "trafficLightColor": "none"
                    },
                    "box2d": {
                        "x1": 674.150697,
                        "y1": 285.706283,
                        "x2": 791.280289,
                        "y2": 346.893382
                    }
                },
                {
                    "category": "car",
                    "id": 29,
                    "attributes": {
                        "occluded": false,
                        "truncated": true,
                        "trafficLightColor": "none"
                    },
                    "box2d": {
                        "x1": 0,
                        "y1": 310.181124,
                        "x2": 64.027901,
                        "y2": 561.922334
                    }
                },
                {
                    "category": "traffic light",
                    "id": 30,
                    "attributes": {
                        "occluded": false,
                        "truncated": true,
                        "trafficLightColor": "none"
                    },
                    "box2d": {
                        "x1": 304.916875,
                        "y1": 0,
                        "x2": 331.276192,
                        "y2": 45.814996
                    }
                },
                {
                    "category": "area/drivable",
                    "id": 31,
                    "attributes": {},
                    "poly2d": [
                        [
                            401.776803,
                            405.520064,
                            "L"
                        ],
                        [
                            710.972853,
                            414.596881,
                            "L"
                        ],
                        [
                            920.842484,
                            585.196646,
                            "L"
                        ],
                        [
                            764.873229,
                            565.232581,
                            "C"
                        ],
                        [
                            500.349372,
                            530.295468,
                            "C"
                        ],
                        [
                            232.082251,
                            586.4444,
                            "C"
                        ],
                        [
                            401.776803,
                            405.520064,
                            "L"
                        ]
                    ]
                },
                {
                    "category": "area/alternative",
                    "id": 32,
                    "attributes": {},
                    "poly2d": [
                        [
                            792.356685,
                            463.734289,
                            "L"
                        ],
                        [
                            1135.456179,
                            466.660012,
                            "L"
                        ],
                        [
                            1280.195648,
                            515.32242,
                            "L"
                        ],
                        [
                            1280.195648,
                            633.859054,
                            "L"
                        ],
                        [
                            1161.659014,
                            600.169695,
                            "C"
                        ],
                        [
                            1108.005589,
                            593.930924,
                            "C"
                        ],
                        [
                            941.304454,
                            585.042266,
                            "C"
                        ],
                        [
                            792.356685,
                            463.734289,
                            "L"
                        ]
                    ]
                },
                {
                    "category": "lane/road curb",
                    "id": 33,
                    "attributes": {
                        "direction": "parallel",
                        "style": "solid"
                    },
                    "poly2d": [
                        [
                            1076.811738,
                            437.961669,
                            "L"
                        ],
                        [
                            1280.195648,
                            501.597125,
                            "L"
                        ]
                    ]
                },
                {
                    "category": "lane/double yellow",
                    "id": 34,
                    "attributes": {
                        "direction": "parallel",
                        "style": "solid"
                    },
                    "poly2d": [
                        [
                            470.403274,
                            340.636854,
                            "C"
                        ],
                        [
                            383.060491,
                            413.006589,
                            "C"
                        ],
                        [
                            300.708724,
                            507.835895,
                            "C"
                        ],
                        [
                            228.33899,
                            588.939908,
                            "L"
                        ]
                    ]
                },
                {
                    "category": "lane/double yellow",
                    "id": 35,
                    "attributes": {
                        "direction": "parallel",
                        "style": "solid"
                    },
                    "poly2d": [
                        [
                            124.775404,
                            607.65622,
                            "C"
                        ],
                        [
                            237.073268,
                            516.570174,
                            "C"
                        ],
                        [
                            350.618886,
                            411.758834,
                            "C"
                        ],
                        [
                            460.421242,
                            333.150329,
                            "L"
                        ]
                    ]
                },
                {
                    "category": "lane/single white",
                    "id": 36,
                    "attributes": {
                        "direction": "parallel",
                        "style": "dashed"
                    },
                    "poly2d": [
                        [
                            665.052905,
                            374.326213,
                            "L"
                        ],
                        [
                            919.594728,
                            582.701138,
                            "L"
                        ]
                    ]
                },
                {
                    "category": "lane/single white",
                    "id": 37,
                    "attributes": {
                        "direction": "parallel",
                        "style": "dashed"
                    },
                    "poly2d": [
                        [
                            935.815531,
                            578.957876,
                            "C"
                        ],
                        [
                            845.977241,
                            509.083648,
                            "C"
                        ],
                        [
                            756.13895,
                            435.466161,
                            "C"
                        ],
                        [
                            665.052905,
                            369.335197,
                            "L"
                        ]
                    ]
                },
                {
                    "category": "lane/single white",
                    "id": 38,
                    "attributes": {
                        "direction": "parallel",
                        "style": "dashed"
                    },
                    "poly2d": [
                        [
                            310.690756,
                            331.902576,
                            "L"
                        ],
                        [
                            54.901178,
                            390.547014,
                            "L"
                        ]
                    ]
                },
                {
                    "category": "lane/single white",
                    "id": 39,
                    "attributes": {
                        "direction": "parallel",
                        "style": "dashed"
                    },
                    "poly2d": [
                        [
                            52.40567,
                            385.555998,
                            "L"
                        ],
                        [
                            308.195249,
                            329.407067,
                            "L"
                        ]
                    ]
                }
            ]
        }
    ],
    "attributes": {
        "weather": "overcast",
        "scene": "city street",
        "timeofday": "daytime"
    }
}