{
    "name": "1d5ab341-50d3ec06",
    "frames": [
        {
            "timestamp": 10000,
            "objects": [
                {
                    "category": "traffic light",
                    "id": 0,
                    "attributes": {
                        "occluded": false,
                        "truncated": false,
                        "trafficLightColor": "red"
                    },
                    "box2d": {
                        "x1": 509.214537,
                        "y1": 255.505881,
                        "x2": 522.693745,
                        "y2": 267.487398
                    }
                },
                {
                    "category": "traffic light",
                    "id": 1,
                    "attributes": {
                        "occluded": false,
                        "truncated": false,
                        "trafficLightColor": "yellow"
                    },
                    "box2d": {
                        "x1": 622.140362,
                        "y1": 257.902187,
                        "x2": 641.61033,
                        "y2": 269.883707
                    }
                },
                {
                    "category": "traffic light",
                    "id": 2,
                    "attributes": {
                        "occluded": false,
                        "truncated": false,
                        "trafficLightColor": "yellow"
                    },
                    "box2d": {
                        "x1": 735.964788,
                        "y1": 230.943771,
                        "x2": 758.430136,
                        "y2": 241.427598
                    }
                },
                {
                    "category": "traffic sign",
                    "id": 3,
                    "attributes": {
                        "occluded": false,
                        "truncated": false,
                        "trafficLightColor": "none"
                    },
                    "box2d": {
                        "x1": 785.803515,
                        "y1": 236.634992,
                        "x2": 808.268863,
                        "y2": 284.561066
                    }
                },
                {
                    "category": "traffic sign",
                    "id": 4,
                    "attributes": {
                        "occluded": false,
                        "truncated": false,
                        "trafficLightColor": "none"
                    },
                    "box2d": {
                        "x1": 819.835394,
                        "y1": 289.054133,
                        "x2": 842.300741,
                        "y2": 302.533341
                    }
                },
                {
                    "category": "traffic sign",
                    "id": 5,
                    "attributes": {
                        "occluded": false,
                        "truncated": false,
                        "trafficLightColor": "none"
                    },
                    "box2d": {
                        "x1": 818.337704,
                        "y1": 305.528723,
                        "x2": 843.798431,
                        "y2": 323.501
                    }
                },
                {
                    "category": "traffic sign",
                    "id": 6,
                    "attributes": {
                        "occluded": false,
                        "truncated": false,
                        "trafficLightColor": "none"
                    },
                    "box2d": {
                        "x1": 804.858497,
                        "y1": 307.026413,
                        "x2": 816.840014,
                        "y2": 319.007932
                    }
                },
                {
                    "category": "traffic sign",
                    "id": 7,
                    "attributes": {
                        "occluded": false,
                        "truncated": false,
                        "trafficLightColor": "none"
                    },
                    "box2d": {
                        "x1": 804.858497,
                        "y1": 320.50562,
                        "x2": 819.835394,
                        "y2": 339.975588
                    }
                },
                {
                    "category": "traffic sign",
                    "id": 8,
                    "attributes": {
                        "occluded": false,
                        "truncated": false,
                        "trafficLightColor": "none"
                    },
                    "box2d": {
                        "x1": 989.074343,
                        "y1": 263.593407,
                        "x2": 1020.525829,
                        "y2": 289.054133
                    }
                },
                {
                    "category": "traffic sign",
                    "id": 9,
                    "attributes": {
                        "occluded": false,
                        "truncated": false,
                        "trafficLightColor": "none"
                    },
                    "box2d": {
                        "x1": 1234.695472,
                        "y1": 314.514862,
                        "x2": 1246.676991,
                        "y2": 324.998691
                    }
                },
                {
                    "category": "traffic sign",
                    "id": 10,
                    "attributes": {
                        "occluded": false,
                        "truncated": false,
                        "trafficLightColor": "none"
                    },
                    "box2d": {
                        "x1": 1233.197784,
                        "y1": 266.588787,
                        "x2": 1245.179303,
                        "y2": 287.556443
                    }
                },
                {
                    "category": "car",
                    "id": 11,
                    "attributes": {
                        "occluded": false,
                        "truncated": false,
                        "trafficLightColor": "none"
                    },
                    "box2d": {
                        "x1": 617.048204,
                        "y1": 351.058505,
                        "x2": 697.923454,
                        "y2": 418.454546
                    }
                },
                {
                    "category": "bus",
                    "id": 12,
                    "attributes": {
                        "occluded": false,
                        "truncated": false,
                        "trafficLightColor": "none"
                    },
                    "box2d": {
                        "x1": 150.177456,
                        "y1": 122.014917,
                        "x2": 596.489021,
                        "y2": 497.935059
                    }
                },
                {
                    "category": "car",
                    "id": 13,
                    "attributes": {
                        "occluded": true,
                        "truncated": false,
                        "trafficLightColor": "none"
                    },
                    "box2d": {
                        "x1": 703.914213,
                        "y1": 360.044644,
                        "x2": 718.89111,
                        "y2": 369.030783
                    }
                },
                {
                    "category": "car",
                    "id": 14,
                    "attributes": {
                        "occluded": true,
                        "truncated": false,
                        "trafficLightColor": "none"
                    },
                    "box2d": {
                        "x1": 708.407281,
                        "y1": 361.542334,
                        "x2": 738.361076,
                        "y2": 388.500751
                    }
                },
                {
                    "category": "car",
                    "id": 15,
                    "attributes": {
                        "occluded": true,
                        "truncated": false,
                        "trafficLightColor": "none"
                    },
                    "box2d": {
                        "x1": 687.439623,
                        "y1": 357.049266,
                        "x2": 714.39804,
                        "y2": 403.47765
                    }
                },
                {
                    "category": "car",
                    "id": 16,
                    "attributes": {
                        "occluded": false,
                        "truncated": false,
                        "trafficLightColor": "none"
                    },
                    "box2d": {
                        "x1": 823.729397,
                        "y1": 348.063127,
                        "x2": 939.051514,
                        "y2": 424.445308
                    }
                },
                {
                    "category": "car",
                    "id": 17,
                    "attributes": {
                        "occluded": true,
                        "truncated": false,
                        "trafficLightColor": "none"
                    },
                    "box2d": {
                        "x1": 712.600819,
                        "y1": 364.537715,
                        "x2": 739.559236,
                        "y2": 385.505371
                    }
                },
                {
                    "category": "car",
                    "id": 18,
                    "attributes": {
                        "occluded": true,
                        "truncated": false,
                        "trafficLightColor": "none"
                    },
                    "box2d": {
                        "x1": 582.301804,
                        "y1": 355.551576,
                        "x2": 613.75329,
                        "y2": 382.509992
                    }
                },
                {
                    "category": "car",
                    "id": 19,
                    "attributes": {
                        "occluded": true,
                        "truncated": false,
                        "trafficLightColor": "none"
                    },
                    "box2d": {
                        "x1": 1109.788153,
                        "y1": 351.058494,
                        "x2": 1195.156472,
                        "y2": 404.975328
                    }
                },
                {
                    "category": "car",
                    "id": 20,
                    "attributes": {
                        "occluded": true,
                        "truncated": true,
                        "trafficLightColor": "none"
                    },
                    "box2d": {
                        "x1": 1219.119507,
                        "y1": 345.067736,
                        "x2": 1277.52941,
                        "y2": 394.491499
                    }
                },
                {
                    "category": "bike",
                    "id": 21,
                    "attributes": {
                        "occluded": true,
                        "truncated": false,
                        "trafficLightColor": "none"
                    },
                    "box2d": {
                        "x1": 88.363699,
                        "y1": 389.399351,
                        "x2": 131.796705,
                        "y2": 426.841597
                    }
                },
                {
                    "category": "bike",
                    "id": 22,
                    "attributes": {
                        "occluded": true,
                        "truncated": false,
                        "trafficLightColor": "none"
                    },
                    "box2d": {
                        "x1": 67.396043,
                        "y1": 389.399351,
                        "x2": 107.833667,
                        "y2": 428.339287
                    }
                },
                {
                    "category": "bike",
                    "id": 23,
                    "attributes": {
                        "occluded": true,
                        "truncated": false,
                        "trafficLightColor": "none"
                    },
                    "box2d": {
                        "x1": 50.921453,
                        "y1": 399.88318,
                        "x2": 89.861389,
                        "y2": 431.334665
                    }
                },
                {
                    "category": "bike",
                    "id": 24,
                    "attributes": {
                        "occluded": true,
                        "truncated": false,
                        "trafficLightColor": "none"
                    },
                    "box2d": {
                        "x1": 1120.871047,
                        "y1": 398.38549,
                        "x2": 1197.253228,
                        "y2": 470.274601
                    }
                },
                {
                    "category": "bike",
                    "id": 25,
                    "attributes": {
                        "occluded": true,
                        "truncated": false,
                        "trafficLightColor": "none"
                    },
                    "box2d": {
                        "x1": 1200.248608,
                        "y1": 390.897041,
                        "x2": 1279.626168,
                        "y2": 488.246879
                    }
                },
                {
                    "category": "person",
                    "id": 26,
                    "attributes": {
                        "occluded": true,
                        "truncated": false,
                        "trafficLightColor": "none"
                    },
                    "box2d": {
                        "x1": 31.451485,
                        "y1": 366.934005,
                        "x2": 52.419141,
                        "y2": 425.343909
                    }
                },
                {
                    "category": "person",
                    "id": 27,
                    "attributes": {
                        "occluded": true,
                        "truncated": false,
                        "trafficLightColor": "none"
                    },
                    "box2d": {
                        "x1": 67.396043,
                        "y1": 377.417834,
                        "x2": 79.37756,
                        "y2": 405.873941
                    }
                },
                {
                    "category": "person",
                    "id": 28,
                    "attributes": {
                        "occluded": true,
                        "truncated": false,
                        "trafficLightColor": "none"
                    },
                    "box2d": {
                        "x1": 977.39238,
                        "y1": 338.4779,
                        "x2": 996.862348,
                        "y2": 374.422454
                    }
                },
                {
                    "category": "person",
                    "id": 29,
                    "attributes": {
                        "occluded": true,
                        "truncated": false,
                        "trafficLightColor": "none"
                    },
                    "box2d": {
                        "x1": 1118.175224,
                        "y1": 339.975588,
                        "x2": 1146.631331,
                        "y2": 396.887802
                    }
                },
                {
                    "category": "person",
                    "id": 30,
                    "attributes": {
                        "occluded": true,
                        "truncated": false,
                        "trafficLightColor": "none"
                    },
                    "box2d": {
                        "x1": 1213.727816,
                        "y1": 356.450176,
                        "x2": 1237.690852,
                        "y2": 426.841595
                    }
                },
                {
                    "category": "area/alternative",
                    "id": 31,
                    "attributes": {},
                    "poly2d": [
                        [
                            298.213216,
                            601.417448,
                            "L"
                        ],
                        [
                            203.383909,
                            598.921941,
                            "C"
                        ],
                        [
                            103.563586,
                            601.417448,
                            "C"
                        ],
                        [
                            0,
                            608.903973,
                            "C"
                        ],
                        [
                            0,
                            531.543222,
                            "L"
                        ],
                        [
                            230.834498,
                            485.376323,
                            "L"
                        ],
                        [
                            411.758834,
                            537.781993,
                            "L"
                        ],
                        [
                            298.213216,
                            601.417448,
                            "L"
                        ]
                    ]
                },
                {
                    "category": "area/drivable",
                    "id": 32,
                    "attributes": {},
                    "poly2d": [
                        [
                            376.82172,
                            572.719106,
                            "L"
                        ],
                        [
                            451.686962,
                            601.417448,
                            "L"
                        ],
                        [
                            693.751248,
                            595.178677,
                            "L"
                        ],
                        [
                            680.025954,
                            571.471352,
                            "C"
                        ],
                        [
                            751.147934,
                            578.957875,
                            "C"
                        ],
                        [
                            779.846277,
                            571.471352,
                            "C"
                        ],
                        [
                            786.085048,
                            554.002795,
                            "C"
                        ],
                        [
                            802.30585,
                            544.020764,
                            "C"
                        ],
                        [
                            824.765423,
                            539.029747,
                            "C"
                        ],
                        [
                            734.927131,
                            421.740866,
                            "L"
                        ],
                        [
                            620.13376,
                            426.731883,
                            "L"
                        ],
                        [
                            376.82172,
                            572.719106,
                            "L"
                        ]
                    ]
                },
                {
                    "category": "area/alternative",
                    "id": 33,
                    "attributes": {},
                    "poly2d": [
                        [
                            874.675584,
                            532.790976,
                            "L"
                        ],
                        [
                            959.522859,
                            519.065681,
                            "C"
                        ],
                        [
                            969.504891,
                            554.002795,
                            "C"
                        ],
                        [
                            979.486924,
                            572.719106,
                            "C"
                        ],
                        [
                            1053.104412,
                            572.719106,
                            "C"
                        ],
                        [
                            1054.352166,
                            576.462368,
                            "C"
                        ],
                        [
                            1074.316231,
                            616.390497,
                            "C"
                        ],
                        [
                            1142.942703,
                            616.390497,
                            "C"
                        ],
                        [
                            1214.064683,
                            615.142743,
                            "C"
                        ],
                        [
                            1280.195648,
                            616.390497,
                            "C"
                        ],
                        [
                            1280.195648,
                            541.525254,
                            "L"
                        ],
                        [
                            922.090238,
                            431.722899,
                            "L"
                        ],
                        [
                            824.765423,
                            435.46616,
                            "L"
                        ],
                        [
                            812.318757,
                            401.288825,
                            "L"
                        ],
                        [
                            744.909163,
                            408.015572,
                            "L"
                        ],
                        [
                            874.675584,
                            532.790976,
                            "L"
                        ]
                    ]
                },
                {
                    "category": "lane/road curb",
                    "id": 34,
                    "attributes": {
                        "direction": "parallel",
                        "style": "solid"
                    },
                    "poly2d": [
                        [
                            932.352636,
                            438.67895,
                            "L"
                        ],
                        [
                            1276.38948,
                            539.715792,
                            "L"
                        ]
                    ]
                },
                {
                    "category": "lane/road curb",
                    "id": 35,
                    "attributes": {
                        "direction": "parallel",
                        "style": "solid"
                    },
                    "poly2d": [
                        [
                            280.089475,
                            474.489476,
                            "L"
                        ],
                        [
                            0,
                            534.600003,
                            "L"
                        ]
                    ]
                },
                {
                    "category": "lane/road curb",
                    "id": 36,
                    "attributes": {
                        "direction": "parallel",
                        "style": "solid"
                    },
                    "poly2d": [
                        [
                            141.963159,
                            429.726318,
                            "L"
                        ],
                        [
                            0,
                            447.631581,
                            "L"
                        ]
                    ]
                },
                {
                    "category": "lane/single white",
                    "id": 37,
                    "attributes": {
                        "direction": "parallel",
                        "style": "dashed"
                    },
                    "poly2d": [
                        [
                            620.289477,
                            416.936844,
                            "L"
                        ],
                        [
                            323.573686,
                            590.873687,
                            "L"
                        ]
                    ]
                },
                {
                    "category": "lane/single white",
                    "id": 38,
                    "attributes": {
                        "direction": "parallel",
                        "style": "dashed"
                    },
                    "poly2d": [
                        [
                            625.405266,
                            418.215792,
                            "L"
                        ],
                        [
                            369.615791,
                            580.642108,
                            "L"
                        ]
                    ]
                },
                {
                    "category": "lane/double yellow",
                    "id": 39,
                    "attributes": {
                        "direction": "parallel",
                        "style": "dashed"
                    },
                    "poly2d": [
                        [
                            727.721056,
                            407.984213,
                            "L"
                        ],
                        [
                            830.036846,
                            535.87895,
                            "L"
                        ]
                    ]
                },
                {
                    "category": "lane/double yellow",
                    "id": 40,
                    "attributes": {
                        "direction": "parallel",
                        "style": "dashed"
                    },
                    "poly2d": [
                        [
                            737.952635,
                            406.705265,
                            "L"
                        ],
                        [
                            873.521057,
                            534.600003,
                            "L"
                        ]
                    ]
                },
                {
                    "category": "lane/crosswalk",
                    "id": 41,
                    "attributes": {
                        "direction": "vertical",
                        "style": "dashed"
                    },
                    "poly2d": [
                        [
                            942.584215,
                            411.821055,
                            "L"
                        ],
                        [
                            970.721058,
                            424.610529,
                            "L"
                        ]
                    ]
                },
                {
                    "category": "lane/crosswalk",
                    "id": 42,
                    "attributes": {
                        "direction": "vertical",
                        "style": "dashed"
                    },
                    "poly2d": [
                        [
                            1060.247374,
                            406.705265,
                            "L"
                        ],
                        [
                            1112.684216,
                            416.936844,
                            "L"
                        ]
                    ]
                },
                {
                    "category": "lane/crosswalk",
                    "id": 43,
                    "attributes": {
                        "direction": "vertical",
                        "style": "dashed"
                    },
                    "poly2d": [
                        [
                            707.257898,
                            401.589476,
                            "L"
                        ],
                        [
                            810.852636,
                            401.589476,
                            "L"
                        ]
                    ]
                },
                {
                    "category": "lane/crosswalk",
                    "id": 44,
                    "attributes": {
                        "direction": "vertical",
                        "style": "dashed"
                    },
                    "poly2d": [
                        [
                            585.757898,
                            401.589476,
                            "L"
                        ],
                        [
                            620.289477,
                            401.589476,
                            "L"
                        ]
                    ]
                },
                {
                    "category": "lane/crosswalk",
                    "id": 45,
                    "attributes": {
                        "direction": "vertical",
                        "style": "dashed"
                    },
                    "poly2d": [
                        [
                            712.373688,
                            396.473686,
                            "L"
                        ],
                        [
                            804.457899,
                            397.752634,
                            "L"
                        ]
                    ]
                }
            ]
        }
    ],
    "attributes": {
        "weather": "overcast",
        "scene": "city street",
        "timeofday": "daytime"
    }
}