{
    "name": "1d5a9b6f-5cea06df",
    "frames": [
        {
            "timestamp": 10000,
            "objects": [
                {
                    "category": "traffic sign",
                    "id": 0,
                    "attributes": {
                        "occluded": false,
                        "truncated": false,
                        "trafficLightColor": "none"
                    },
                    "box2d": {
                        "x1": 95.086981,
                        "y1": 172.245104,
                        "x2": 187.292536,
                        "y2": 215.786617
                    }
                },
                {
                    "category": "traffic sign",
                    "id": 1,
                    "attributes": {
                        "occluded": false,
                        "truncated": false,
                        "trafficLightColor": "none"
                    },
                    "box2d": {
                        "x1": 214.185825,
                        "y1": 214.505984,
                        "x2": 244.921011,
                        "y2": 242.679904
                    }
                },
                {
                    "category": "traffic sign",
                    "id": 2,
                    "attributes": {
                        "occluded": false,
                        "truncated": false,
                        "trafficLightColor": "none"
                    },
                    "box2d": {
                        "x1": 273.094931,
                        "y1": 183.770797,
                        "x2": 371.703652,
                        "y2": 210.664085
                    }
                },
                {
                    "category": "traffic sign",
                    "id": 3,
                    "attributes": {
                        "occluded": false,
                        "truncated": false,
                        "trafficLightColor": "none"
                    },
                    "box2d": {
                        "x1": 428.051492,
                        "y1": 192.735227,
                        "x2": 452.383513,
                        "y2": 226.031679
                    }
                },
                {
                    "category": "traffic sign",
                    "id": 4,
                    "attributes": {
                        "occluded": false,
                        "truncated": false,
                        "trafficLightColor": "none"
                    },
                    "box2d": {
                        "x1": 490.802495,
                        "y1": 192.735227,
                        "x2": 557.395397,
                        "y2": 227.31231
                    }
                },
                {
                    "category": "traffic sign",
                    "id": 5,
                    "attributes": {
                        "occluded": false,
                        "truncated": false,
                        "trafficLightColor": "none"
                    },
                    "box2d": {
                        "x1": 534.344009,
                        "y1": 229.873576,
                        "x2": 585.569317,
                        "y2": 254.205597
                    }
                },
                {
                    "category": "traffic sign",
                    "id": 6,
                    "attributes": {
                        "occluded": false,
                        "truncated": false,
                        "trafficLightColor": "none"
                    },
                    "box2d": {
                        "x1": 621.427035,
                        "y1": 232.434841,
                        "x2": 667.529814,
                        "y2": 255.486231
                    }
                },
                {
                    "category": "traffic sign",
                    "id": 7,
                    "attributes": {
                        "occluded": false,
                        "truncated": false,
                        "trafficLightColor": "none"
                    },
                    "box2d": {
                        "x1": 666.249181,
                        "y1": 232.434841,
                        "x2": 711.071327,
                        "y2": 254.205597
                    }
                },
                {
                    "category": "traffic sign",
                    "id": 8,
                    "attributes": {
                        "occluded": false,
                        "truncated": false,
                        "trafficLightColor": "none"
                    },
                    "box2d": {
                        "x1": 711.071326,
                        "y1": 236.27674,
                        "x2": 726.438919,
                        "y2": 251.644332
                    }
                },
                {
                    "category": "traffic sign",
                    "id": 9,
                    "attributes": {
                        "occluded": false,
                        "truncated": false,
                        "trafficLightColor": "none"
                    },
                    "box2d": {
                        "x1": 599.656279,
                        "y1": 255.486231,
                        "x2": 620.146402,
                        "y2": 275.976354
                    }
                },
                {
                    "category": "traffic sign",
                    "id": 10,
                    "attributes": {
                        "occluded": false,
                        "truncated": false,
                        "trafficLightColor": "none"
                    },
                    "box2d": {
                        "x1": 603.498175,
                        "y1": 277.256987,
                        "x2": 616.304504,
                        "y2": 290.063314
                    }
                },
                {
                    "category": "traffic sign",
                    "id": 11,
                    "attributes": {
                        "occluded": false,
                        "truncated": false,
                        "trafficLightColor": "none"
                    },
                    "box2d": {
                        "x1": 524.098947,
                        "y1": 273.415089,
                        "x2": 548.430969,
                        "y2": 293.905212
                    }
                },
                {
                    "category": "traffic sign",
                    "id": 12,
                    "attributes": {
                        "occluded": false,
                        "truncated": false,
                        "trafficLightColor": "none"
                    },
                    "box2d": {
                        "x1": 416.525797,
                        "y1": 267.011926,
                        "x2": 440.857818,
                        "y2": 283.660152
                    }
                },
                {
                    "category": "traffic sign",
                    "id": 13,
                    "attributes": {
                        "occluded": false,
                        "truncated": false,
                        "trafficLightColor": "none"
                    },
                    "box2d": {
                        "x1": 284.620625,
                        "y1": 270.853822,
                        "x2": 301.268851,
                        "y2": 283.660151
                    }
                },
                {
                    "category": "car",
                    "id": 14,
                    "attributes": {
                        "occluded": false,
                        "truncated": false,
                        "trafficLightColor": "none"
                    },
                    "box2d": {
                        "x1": 330.723403,
                        "y1": 283.660151,
                        "x2": 344.810363,
                        "y2": 296.466477
                    }
                },
                {
                    "category": "traffic sign",
                    "id": 15,
                    "attributes": {
                        "occluded": false,
                        "truncated": false,
                        "trafficLightColor": "none"
                    },
                    "box2d": {
                        "x1": 24.652179,
                        "y1": 254.205597,
                        "x2": 48.984201,
                        "y2": 283.660151
                    }
                },
                {
                    "category": "traffic light",
                    "id": 16,
                    "attributes": {
                        "occluded": false,
                        "truncated": false,
                        "trafficLightColor": "green"
                    },
                    "box2d": {
                        "x1": 355.535644,
                        "y1": 213.499767,
                        "x2": 376.025768,
                        "y2": 226.306096
                    }
                },
                {
                    "category": "traffic light",
                    "id": 17,
                    "attributes": {
                        "occluded": false,
                        "truncated": false,
                        "trafficLightColor": "green"
                    },
                    "box2d": {
                        "x1": 524.579165,
                        "y1": 226.306096,
                        "x2": 538.666125,
                        "y2": 236.551158
                    }
                },
                {
                    "category": "traffic light",
                    "id": 18,
                    "attributes": {
                        "occluded": false,
                        "truncated": false,
                        "trafficLightColor": "red"
                    },
                    "box2d": {
                        "x1": 130.144282,
                        "y1": 213.68272,
                        "x2": 155.756937,
                        "y2": 226.489046
                    }
                },
                {
                    "category": "traffic light",
                    "id": 19,
                    "attributes": {
                        "occluded": false,
                        "truncated": false,
                        "trafficLightColor": "red"
                    },
                    "box2d": {
                        "x1": 285.100843,
                        "y1": 209.840821,
                        "x2": 300.468436,
                        "y2": 221.366515
                    }
                },
                {
                    "category": "car",
                    "id": 20,
                    "attributes": {
                        "occluded": true,
                        "truncated": false,
                        "trafficLightColor": "none"
                    },
                    "box2d": {
                        "x1": 327.841981,
                        "y1": 291.557393,
                        "x2": 349.612737,
                        "y2": 315.889415
                    }
                },
                {
                    "category": "car",
                    "id": 21,
                    "attributes": {
                        "occluded": true,
                        "truncated": false,
                        "trafficLightColor": "none"
                    },
                    "box2d": {
                        "x1": 293.264896,
                        "y1": 291.557393,
                        "x2": 339.367674,
                        "y2": 329.976375
                    }
                },
                {
                    "category": "car",
                    "id": 22,
                    "attributes": {
                        "occluded": true,
                        "truncated": false,
                        "trafficLightColor": "none"
                    },
                    "box2d": {
                        "x1": 280.458569,
                        "y1": 295.399292,
                        "x2": 326.561347,
                        "y2": 341.50207
                    }
                },
                {
                    "category": "car",
                    "id": 23,
                    "attributes": {
                        "occluded": true,
                        "truncated": false,
                        "trafficLightColor": "none"
                    },
                    "box2d": {
                        "x1": 165.201624,
                        "y1": 280.031698,
                        "x2": 294.545529,
                        "y2": 368.395357
                    }
                },
                {
                    "category": "car",
                    "id": 24,
                    "attributes": {
                        "occluded": true,
                        "truncated": true,
                        "trafficLightColor": "none"
                    },
                    "box2d": {
                        "x1": 0,
                        "y1": 291.557393,
                        "x2": 172.885419,
                        "y2": 404.253073
                    }
                },
                {
                    "category": "car",
                    "id": 25,
                    "attributes": {
                        "occluded": true,
                        "truncated": false,
                        "trafficLightColor": "none"
                    },
                    "box2d": {
                        "x1": 413.644373,
                        "y1": 288.996127,
                        "x2": 449.502089,
                        "y2": 310.766883
                    }
                },
                {
                    "category": "car",
                    "id": 26,
                    "attributes": {
                        "occluded": true,
                        "truncated": false,
                        "trafficLightColor": "none"
                    },
                    "box2d": {
                        "x1": 463.589049,
                        "y1": 292.838025,
                        "x2": 498.166133,
                        "y2": 310.766883
                    }
                },
                {
                    "category": "car",
                    "id": 27,
                    "attributes": {
                        "occluded": false,
                        "truncated": false,
                        "trafficLightColor": "none"
                    },
                    "box2d": {
                        "x1": 513.533728,
                        "y1": 286.434862,
                        "x2": 594.21359,
                        "y2": 351.74713
                    }
                },
                {
                    "category": "bus",
                    "id": 28,
                    "attributes": {
                        "occluded": true,
                        "truncated": false,
                        "trafficLightColor": "none"
                    },
                    "box2d": {
                        "x1": 626.229406,
                        "y1": 263.383471,
                        "x2": 741.486353,
                        "y2": 321.011945
                    }
                },
                {
                    "category": "car",
                    "id": 29,
                    "attributes": {
                        "occluded": true,
                        "truncated": false,
                        "trafficLightColor": "none"
                    },
                    "box2d": {
                        "x1": 694.102942,
                        "y1": 280.031698,
                        "x2": 754.29268,
                        "y2": 338.940805
                    }
                },
                {
                    "category": "area/drivable",
                    "id": 30,
                    "attributes": {},
                    "poly2d": [
                        [
                            399.178492,
                            333.31404,
                            "L"
                        ],
                        [
                            508.952576,
                            335.309933,
                            "L"
                        ],
                        [
                            507.954629,
                            355.268857,
                            "L"
                        ],
                        [
                            661.638349,
                            354.27091,
                            "L"
                        ],
                        [
                            848.254294,
                            497.975167,
                            "L"
                        ],
                        [
                            574.817028,
                            499.97106,
                            "C"
                        ],
                        [
                            285.412621,
                            502.964897,
                            "C"
                        ],
                        [
                            2.993839,
                            529.909446,
                            "C"
                        ],
                        [
                            399.178492,
                            333.31404,
                            "L"
                        ]
                    ]
                },
                {
                    "category": "lane/single white",
                    "id": 31,
                    "attributes": {
                        "direction": "parallel",
                        "style": "solid"
                    },
                    "poly2d": [
                        [
                            677.147575,
                            358.131808,
                            "C"
                        ],
                        [
                            715.579486,
                            391.56372,
                            "C"
                        ],
                        [
                            815.373867,
                            456.056568,
                            "C"
                        ],
                        [
                            882.953783,
                            503.658434,
                            "L"
                        ]
                    ]
                },
                {
                    "category": "lane/single white",
                    "id": 32,
                    "attributes": {
                        "direction": "parallel",
                        "style": "solid"
                    },
                    "poly2d": [
                        [
                            671.048708,
                            363.923929,
                            "C"
                        ],
                        [
                            723.257204,
                            414.59688,
                            "C"
                        ],
                        [
                            784.678965,
                            451.449937,
                            "C"
                        ],
                        [
                            850.219642,
                            499.736228,
                            "L"
                        ]
                    ]
                },
                {
                    "category": "lane/road curb",
                    "id": 33,
                    "attributes": {
                        "direction": "parallel",
                        "style": "solid"
                    },
                    "poly2d": [
                        [
                            920.147749,
                            501.484431,
                            "L"
                        ],
                        [
                            704.830678,
                            370.066105,
                            "L"
                        ]
                    ]
                },
                {
                    "category": "lane/single white",
                    "id": 34,
                    "attributes": {
                        "direction": "parallel",
                        "style": "solid"
                    },
                    "poly2d": [
                        [
                            383.449521,
                            340.649781,
                            "L"
                        ],
                        [
                            0,
                            532.83377,
                            "L"
                        ]
                    ]
                }
            ]
        }
    ],
    "attributes": {
        "weather": "clear",
        "scene": "city street",
        "timeofday": "daytime"
    }
}