{
    "name": "1d5e05f8-5020f67d",
    "frames": [
        {
            "timestamp": 10000,
            "objects": [
                {
                    "category": "car",
                    "id": 0,
                    "attributes": {
                        "occluded": false,
                        "truncated": true,
                        "trafficLightColor": "none"
                    },
                    "box2d": {
                        "x1": 0.489418,
                        "y1": 422.864024,
                        "x2": 82.712978,
                        "y2": 490.404804
                    }
                },
                {
                    "category": "car",
                    "id": 1,
                    "attributes": {
                        "occluded": true,
                        "truncated": false,
                        "trafficLightColor": "none"
                    },
                    "box2d": {
                        "x1": 191.958981,
                        "y1": 408.181244,
                        "x2": 275.650819,
                        "y2": 469.848913
                    }
                },
                {
                    "category": "car",
                    "id": 2,
                    "attributes": {
                        "occluded": true,
                        "truncated": false,
                        "trafficLightColor": "none"
                    },
                    "box2d": {
                        "x1": 296.206709,
                        "y1": 414.054356,
                        "x2": 366.684047,
                        "y2": 458.102692
                    }
                },
                {
                    "category": "car",
                    "id": 3,
                    "attributes": {
                        "occluded": true,
                        "truncated": false,
                        "trafficLightColor": "none"
                    },
                    "box2d": {
                        "x1": 457.717275,
                        "y1": 408.181244,
                        "x2": 516.448389,
                        "y2": 437.546801
                    }
                },
                {
                    "category": "car",
                    "id": 4,
                    "attributes": {
                        "occluded": true,
                        "truncated": false,
                        "trafficLightColor": "none"
                    },
                    "box2d": {
                        "x1": 711.729342,
                        "y1": 414.054356,
                        "x2": 739.626621,
                        "y2": 452.229578
                    }
                },
                {
                    "category": "car",
                    "id": 5,
                    "attributes": {
                        "occluded": true,
                        "truncated": false,
                        "trafficLightColor": "none"
                    },
                    "box2d": {
                        "x1": 867.366795,
                        "y1": 390.56191,
                        "x2": 936.375853,
                        "y2": 466.912358
                    }
                },
                {
                    "category": "car",
                    "id": 6,
                    "attributes": {
                        "occluded": true,
                        "truncated": false,
                        "trafficLightColor": "none"
                    },
                    "box2d": {
                        "x1": 733.75351,
                        "y1": 397.903299,
                        "x2": 788.079791,
                        "y2": 461.039248
                    }
                },
                {
                    "category": "car",
                    "id": 7,
                    "attributes": {
                        "occluded": true,
                        "truncated": false,
                        "trafficLightColor": "none"
                    },
                    "box2d": {
                        "x1": 956.931743,
                        "y1": 390.56191,
                        "x2": 1090.545028,
                        "y2": 469.848913
                    }
                },
                {
                    "category": "car",
                    "id": 8,
                    "attributes": {
                        "occluded": false,
                        "truncated": false,
                        "trafficLightColor": "none"
                    },
                    "box2d": {
                        "x1": 488.551109,
                        "y1": 368.244085,
                        "x2": 745.499733,
                        "y2": 576.739539
                    }
                },
                {
                    "category": "car",
                    "id": 9,
                    "attributes": {
                        "occluded": false,
                        "truncated": true,
                        "trafficLightColor": "none"
                    },
                    "box2d": {
                        "x1": 1049.139576,
                        "y1": 384.395142,
                        "x2": 1277.943084,
                        "y2": 544.437429
                    }
                },
                {
                    "category": "car",
                    "id": 10,
                    "attributes": {
                        "occluded": false,
                        "truncated": false,
                        "trafficLightColor": "none"
                    },
                    "box2d": {
                        "x1": 757.610437,
                        "y1": 387.579156,
                        "x2": 894.941634,
                        "y2": 491.340505
                    }
                },
                {
                    "category": "area/drivable",
                    "id": 11,
                    "attributes": {},
                    "poly2d": [
                        [
                            431.503844,
                            593.231826,
                            "L"
                        ],
                        [
                            815.389845,
                            584.018562,
                            "L"
                        ],
                        [
                            942.839998,
                            720.170138,
                            "L"
                        ],
                        [
                            271.807268,
                            720.170138,
                            "L"
                        ],
                        [
                            431.503844,
                            593.231826,
                            "L"
                        ]
                    ]
                },
                {
                    "category": "area/alternative",
                    "id": 12,
                    "attributes": {},
                    "poly2d": [
                        [
                            910.593574,
                            491.885921,
                            "L"
                        ],
                        [
                            1280.6437,
                            599.374002,
                            "L"
                        ],
                        [
                            1280.6437,
                            720.170138,
                            "L"
                        ],
                        [
                            981.228598,
                            720.170138,
                            "L"
                        ],
                        [
                            766.252437,
                            510.312449,
                            "L"
                        ],
                        [
                            910.593574,
                            491.885921,
                            "L"
                        ]
                    ]
                },
                {
                    "category": "lane/single yellow",
                    "id": 13,
                    "attributes": {
                        "direction": "parallel",
                        "style": "solid"
                    },
                    "poly2d": [
                        [
                            497.872831,
                            542.865345,
                            "L"
                        ],
                        [
                            269.792085,
                            720.21196,
                            "L"
                        ]
                    ]
                },
                {
                    "category": "lane/single yellow",
                    "id": 14,
                    "attributes": {
                        "direction": "parallel",
                        "style": "solid"
                    },
                    "poly2d": [
                        [
                            493.785362,
                            531.420332,
                            "L"
                        ],
                        [
                            236.274843,
                            720.21196,
                            "L"
                        ]
                    ]
                },
                {
                    "category": "lane/road curb",
                    "id": 15,
                    "attributes": {
                        "direction": "parallel",
                        "style": "solid"
                    },
                    "poly2d": [
                        [
                            492.967868,
                            525.697825,
                            "L"
                        ],
                        [
                            197.035145,
                            720.21196,
                            "L"
                        ]
                    ]
                },
                {
                    "category": "lane/single white",
                    "id": 16,
                    "attributes": {
                        "direction": "parallel",
                        "style": "dashed"
                    },
                    "poly2d": [
                        [
                            739.033476,
                            501.172796,
                            "L"
                        ],
                        [
                            945.041891,
                            720.21196,
                            "L"
                        ]
                    ]
                },
                {
                    "category": "lane/single white",
                    "id": 17,
                    "attributes": {
                        "direction": "parallel",
                        "style": "dashed"
                    },
                    "poly2d": [
                        [
                            738.215982,
                            488.910282,
                            "L"
                        ],
                        [
                            978.559133,
                            720.21196,
                            "L"
                        ]
                    ]
                },
                {
                    "category": "lane/single white",
                    "id": 18,
                    "attributes": {
                        "direction": "parallel",
                        "style": "dashed"
                    },
                    "poly2d": [
                        [
                            890.269812,
                            484.822777,
                            "L"
                        ],
                        [
                            1280.195152,
                            604.995418,
                            "L"
                        ]
                    ]
                },
                {
                    "category": "lane/single white",
                    "id": 19,
                    "attributes": {
                        "direction": "parallel",
                        "style": "dashed"
                    },
                    "poly2d": [
                        [
                            895.992268,
                            481.552773,
                            "L"
                        ],
                        [
                            1278.579325,
                            597.637909,
                            "L"
                        ]
                    ]
                },
                {
                    "category": "lane/single white",
                    "id": 20,
                    "attributes": {
                        "direction": "parallel",
                        "style": "dashed"
                    },
                    "poly2d": [
                        [
                            929.50951,
                            461.93275,
                            "L"
                        ],
                        [
                            1048.046098,
                            482.370274,
                            "L"
                        ]
                    ]
                },
                {
                    "category": "lane/road curb",
                    "id": 21,
                    "attributes": {
                        "direction": "parallel",
                        "style": "solid"
                    },
                    "poly2d": [
                        [
                            929.50951,
                            447.217733,
                            "L"
                        ],
                        [
                            959.756778,
                            449.670235,
                            "L"
                        ]
                    ]
                }
            ]
        }
    ],
    "attributes": {
        "weather": "clear",
        "scene": "highway",
        "timeofday": "daytime"
    }
}