{
    "name": "1d6ad9a0-a8974645",
    "frames": [
        {
            "timestamp": 10000,
            "objects": [
                {
                    "category": "traffic light",
                    "id": 0,
                    "attributes": {
                        "occluded": false,
                        "truncated": false,
                        "trafficLightColor": "green"
                    },
                    "box2d": {
                        "x1": 764.719741,
                        "y1": 146.589379,
                        "x2": 773.506178,
                        "y2": 178.44022
                    }
                },
                {
                    "category": "traffic light",
                    "id": 1,
                    "attributes": {
                        "occluded": false,
                        "truncated": false,
                        "trafficLightColor": "green"
                    },
                    "box2d": {
                        "x1": 843.797692,
                        "y1": 206.996148,
                        "x2": 851.485825,
                        "y2": 234.45377
                    }
                },
                {
                    "category": "traffic light",
                    "id": 2,
                    "attributes": {
                        "occluded": false,
                        "truncated": false,
                        "trafficLightColor": "none"
                    },
                    "box2d": {
                        "x1": 1042.590874,
                        "y1": 62.019902,
                        "x2": 1054.672226,
                        "y2": 107.050403
                    }
                },
                {
                    "category": "traffic light",
                    "id": 3,
                    "attributes": {
                        "occluded": false,
                        "truncated": false,
                        "trafficLightColor": "none"
                    },
                    "box2d": {
                        "x1": 1101.899337,
                        "y1": 57.626684,
                        "x2": 1116.177301,
                        "y2": 104.853795
                    }
                },
                {
                    "category": "traffic light",
                    "id": 4,
                    "attributes": {
                        "occluded": false,
                        "truncated": false,
                        "trafficLightColor": "none"
                    },
                    "box2d": {
                        "x1": 1143.634924,
                        "y1": 92.772441,
                        "x2": 1169.994241,
                        "y2": 166.358866
                    }
                },
                {
                    "category": "traffic light",
                    "id": 5,
                    "attributes": {
                        "occluded": false,
                        "truncated": false,
                        "trafficLightColor": "none"
                    },
                    "box2d": {
                        "x1": 1236.990839,
                        "y1": 144.392768,
                        "x2": 1255.662022,
                        "y2": 199.308011
                    }
                },
                {
                    "category": "traffic light",
                    "id": 6,
                    "attributes": {
                        "occluded": false,
                        "truncated": false,
                        "trafficLightColor": "none"
                    },
                    "box2d": {
                        "x1": 984.380715,
                        "y1": 196.013098,
                        "x2": 994.265462,
                        "y2": 223.470721
                    }
                },
                {
                    "category": "traffic sign",
                    "id": 7,
                    "attributes": {
                        "occluded": false,
                        "truncated": false,
                        "trafficLightColor": "none"
                    },
                    "box2d": {
                        "x1": 1160.109497,
                        "y1": 170.752087,
                        "x2": 1206.238298,
                        "y2": 224.569026
                    }
                },
                {
                    "category": "car",
                    "id": 8,
                    "attributes": {
                        "occluded": false,
                        "truncated": true,
                        "trafficLightColor": "none"
                    },
                    "box2d": {
                        "x1": 0.686424,
                        "y1": 280.852246,
                        "x2": 52.306755,
                        "y2": 329.177661
                    }
                },
                {
                    "category": "car",
                    "id": 9,
                    "attributes": {
                        "occluded": false,
                        "truncated": true,
                        "trafficLightColor": "none"
                    },
                    "box2d": {
                        "x1": 0,
                        "y1": 309.408174,
                        "x2": 14.964385,
                        "y2": 336.865796
                    }
                },
                {
                    "category": "car",
                    "id": 10,
                    "attributes": {
                        "occluded": true,
                        "truncated": false,
                        "trafficLightColor": "none"
                    },
                    "box2d": {
                        "x1": 382.896519,
                        "y1": 263.279371,
                        "x2": 469.662605,
                        "y2": 324.784444
                    }
                },
                {
                    "category": "car",
                    "id": 11,
                    "attributes": {
                        "occluded": true,
                        "truncated": false,
                        "trafficLightColor": "none"
                    },
                    "box2d": {
                        "x1": 539.954117,
                        "y1": 268.770894,
                        "x2": 584.984619,
                        "y2": 307.211562
                    }
                },
                {
                    "category": "car",
                    "id": 12,
                    "attributes": {
                        "occluded": true,
                        "truncated": false,
                        "trafficLightColor": "none"
                    },
                    "box2d": {
                        "x1": 576.198178,
                        "y1": 276.459027,
                        "x2": 604.754107,
                        "y2": 301.72004
                    }
                },
                {
                    "category": "car",
                    "id": 13,
                    "attributes": {
                        "occluded": true,
                        "truncated": false,
                        "trafficLightColor": "none"
                    },
                    "box2d": {
                        "x1": 712.387984,
                        "y1": 243.50988,
                        "x2": 790.367629,
                        "y2": 309.408174
                    }
                },
                {
                    "category": "car",
                    "id": 14,
                    "attributes": {
                        "occluded": true,
                        "truncated": false,
                        "trafficLightColor": "none"
                    },
                    "box2d": {
                        "x1": 950.406359,
                        "y1": 276.459027,
                        "x2": 1082.202941,
                        "y2": 320.391223
                    }
                },
                {
                    "category": "car",
                    "id": 15,
                    "attributes": {
                        "occluded": true,
                        "truncated": false,
                        "trafficLightColor": "none"
                    },
                    "box2d": {
                        "x1": 1077.809724,
                        "y1": 275.360722,
                        "x2": 1235.965626,
                        "y2": 325.882743
                    }
                },
                {
                    "category": "car",
                    "id": 16,
                    "attributes": {
                        "occluded": false,
                        "truncated": true,
                        "trafficLightColor": "none"
                    },
                    "box2d": {
                        "x1": 1123.938528,
                        "y1": 300.621736,
                        "x2": 1276.602904,
                        "y2": 428.025101
                    }
                },
                {
                    "category": "car",
                    "id": 17,
                    "attributes": {
                        "occluded": false,
                        "truncated": true,
                        "trafficLightColor": "none"
                    },
                    "box2d": {
                        "x1": 1227.179187,
                        "y1": 408.569422,
                        "x2": 1277.701214,
                        "y2": 581.003286
                    }
                },
                {
                    "category": "car",
                    "id": 18,
                    "attributes": {
                        "occluded": false,
                        "truncated": false,
                        "trafficLightColor": "none"
                    },
                    "box2d": {
                        "x1": 59.053495,
                        "y1": 286.657582,
                        "x2": 302.877178,
                        "y2": 408.569425
                    }
                },
                {
                    "category": "car",
                    "id": 19,
                    "attributes": {
                        "occluded": false,
                        "truncated": false,
                        "trafficLightColor": "none"
                    },
                    "box2d": {
                        "x1": 463.229687,
                        "y1": 272.379617,
                        "x2": 551.094082,
                        "y2": 338.277909
                    }
                },
                {
                    "category": "car",
                    "id": 20,
                    "attributes": {
                        "occluded": false,
                        "truncated": false,
                        "trafficLightColor": "none"
                    },
                    "box2d": {
                        "x1": 593.927969,
                        "y1": 251.511824,
                        "x2": 745.494042,
                        "y2": 393.19315
                    }
                },
                {
                    "category": "car",
                    "id": 21,
                    "attributes": {
                        "occluded": false,
                        "truncated": false,
                        "trafficLightColor": "none"
                    },
                    "box2d": {
                        "x1": 778.443188,
                        "y1": 254.806742,
                        "x2": 946.483834,
                        "y2": 376.718582
                    }
                },
                {
                    "category": "traffic sign",
                    "id": 22,
                    "attributes": {
                        "occluded": false,
                        "truncated": false,
                        "trafficLightColor": "none"
                    },
                    "box2d": {
                        "x1": 432.320238,
                        "y1": 230.016416,
                        "x2": 456.482948,
                        "y2": 234.409636
                    }
                },
                {
                    "category": "traffic sign",
                    "id": 23,
                    "attributes": {
                        "occluded": false,
                        "truncated": false,
                        "trafficLightColor": "none"
                    },
                    "box2d": {
                        "x1": 355.788999,
                        "y1": 229.61228,
                        "x2": 379.630529,
                        "y2": 251.619848
                    }
                },
                {
                    "category": "traffic light",
                    "id": 24,
                    "attributes": {
                        "occluded": false,
                        "truncated": false,
                        "trafficLightColor": "none"
                    },
                    "box2d": {
                        "x1": 222.230217,
                        "y1": 190.477439,
                        "x2": 233.213267,
                        "y2": 222.328281
                    }
                },
                {
                    "category": "traffic light",
                    "id": 25,
                    "attributes": {
                        "occluded": false,
                        "truncated": false,
                        "trafficLightColor": "green"
                    },
                    "box2d": {
                        "x1": 390.634314,
                        "y1": 225.577561,
                        "x2": 405.306025,
                        "y2": 240.249273
                    }
                },
                {
                    "category": "area/drivable",
                    "id": 26,
                    "attributes": {},
                    "poly2d": [
                        [
                            550.799806,
                            396.899861,
                            "L"
                        ],
                        [
                            809.999717,
                            402.299859,
                            "L"
                        ],
                        [
                            967.949661,
                            550.799806,
                            "L"
                        ],
                        [
                            789.749724,
                            556.199805,
                            "C"
                        ],
                        [
                            575.099799,
                            553.499806,
                            "C"
                        ],
                        [
                            400.94986,
                            583.199796,
                            "C"
                        ],
                        [
                            550.799806,
                            396.899861,
                            "L"
                        ]
                    ]
                },
                {
                    "category": "area/alternative",
                    "id": 27,
                    "attributes": {},
                    "poly2d": [
                        [
                            818.099714,
                            391.499863,
                            "L"
                        ],
                        [
                            981.449656,
                            377.999868,
                            "L"
                        ],
                        [
                            1228.499569,
                            450.899842,
                            "L"
                        ],
                        [
                            1221.749572,
                            550.799806,
                            "L"
                        ],
                        [
                            1183.949586,
                            525.149816,
                            "L"
                        ],
                        [
                            1098.899615,
                            523.799817,
                            "L"
                        ],
                        [
                            1073.249624,
                            554.849806,
                            "L"
                        ],
                        [
                            985.499655,
                            553.499806,
                            "L"
                        ],
                        [
                            818.099714,
                            391.499863,
                            "L"
                        ]
                    ]
                },
                {
                    "category": "lane/double yellow",
                    "id": 28,
                    "attributes": {
                        "direction": "parallel",
                        "style": "solid"
                    },
                    "poly2d": [
                        [
                            552.663126,
                            362.440935,
                            "L"
                        ],
                        [
                            322.336631,
                            604.755412,
                            "L"
                        ]
                    ]
                },
                {
                    "category": "lane/double yellow",
                    "id": 29,
                    "attributes": {
                        "direction": "parallel",
                        "style": "solid"
                    },
                    "poly2d": [
                        [
                            570.635404,
                            365.436314,
                            "L"
                        ],
                        [
                            392.192867,
                            590.784166,
                            "L"
                        ]
                    ]
                },
                {
                    "category": "lane/single white",
                    "id": 30,
                    "attributes": {
                        "direction": "parallel",
                        "style": "dashed"
                    },
                    "poly2d": [
                        [
                            348.977311,
                            371.427074,
                            "L"
                        ],
                        [
                            0,
                            492.985436,
                            "L"
                        ]
                    ]
                },
                {
                    "category": "lane/single white",
                    "id": 31,
                    "attributes": {
                        "direction": "parallel",
                        "style": "dashed"
                    },
                    "poly2d": [
                        [
                            354.968071,
                            374.422453,
                            "L"
                        ],
                        [
                            0,
                            504.96079,
                            "L"
                        ]
                    ]
                },
                {
                    "category": "lane/road curb",
                    "id": 32,
                    "attributes": {
                        "direction": "parallel",
                        "style": "solid"
                    },
                    "poly2d": [
                        [
                            70.854182,
                            395.186707,
                            "L"
                        ],
                        [
                            0,
                            414.147684,
                            "L"
                        ]
                    ]
                },
                {
                    "category": "lane/crosswalk",
                    "id": 33,
                    "attributes": {
                        "direction": "vertical",
                        "style": "dashed"
                    },
                    "poly2d": [
                        [
                            305.371545,
                            352.275018,
                            "L"
                        ],
                        [
                            594.775952,
                            340.299662,
                            "L"
                        ]
                    ]
                },
                {
                    "category": "lane/crosswalk",
                    "id": 34,
                    "attributes": {
                        "direction": "vertical",
                        "style": "dashed"
                    },
                    "poly2d": [
                        [
                            592.780058,
                            355.268856,
                            "L"
                        ],
                        [
                            332.316093,
                            369.240104,
                            "L"
                        ]
                    ]
                },
                {
                    "category": "lane/single white",
                    "id": 35,
                    "attributes": {
                        "direction": "parallel",
                        "style": "dashed"
                    },
                    "poly2d": [
                        [
                            768.330459,
                            362.440935,
                            "L"
                        ],
                        [
                            957.030432,
                            538.890962,
                            "L"
                        ]
                    ]
                },
                {
                    "category": "lane/single white",
                    "id": 36,
                    "attributes": {
                        "direction": "parallel",
                        "style": "dashed"
                    },
                    "poly2d": [
                        [
                            777.316598,
                            359.445555,
                            "L"
                        ],
                        [
                            971.001679,
                            534.899177,
                            "L"
                        ]
                    ]
                },
                {
                    "category": "lane/crosswalk",
                    "id": 37,
                    "attributes": {
                        "direction": "vertical",
                        "style": "dashed"
                    },
                    "poly2d": [
                        [
                            935.075614,
                            361.256533,
                            "L"
                        ],
                        [
                            1001.938012,
                            365.248318,
                            "L"
                        ]
                    ]
                },
                {
                    "category": "lane/crosswalk",
                    "id": 38,
                    "attributes": {
                        "direction": "vertical",
                        "style": "dashed"
                    },
                    "poly2d": [
                        [
                            993.954442,
                            319.342793,
                            "C"
                        ],
                        [
                            1038.862022,
                            325.33047,
                            "C"
                        ],
                        [
                            1070.796301,
                            334.311985,
                            "C"
                        ],
                        [
                            1111.712098,
                            346.287341,
                            "L"
                        ]
                    ]
                },
                {
                    "category": "lane/crosswalk",
                    "id": 39,
                    "attributes": {
                        "direction": "vertical",
                        "style": "dashed"
                    },
                    "poly2d": [
                        [
                            943.059184,
                            336.307879,
                            "L"
                        ],
                        [
                            970.003732,
                            347.285287,
                            "L"
                        ]
                    ]
                },
                {
                    "category": "lane/crosswalk",
                    "id": 40,
                    "attributes": {
                        "direction": "vertical",
                        "style": "dashed"
                    },
                    "poly2d": [
                        [
                            977.987303,
                            349.281179,
                            "L"
                        ],
                        [
                            947.050969,
                            335.309932,
                            "L"
                        ]
                    ]
                },
                {
                    "category": "lane/crosswalk",
                    "id": 41,
                    "attributes": {
                        "direction": "vertical",
                        "style": "dashed"
                    },
                    "poly2d": [
                        [
                            943.059184,
                            346.287341,
                            "L"
                        ],
                        [
                            974.993463,
                            350.279126,
                            "L"
                        ]
                    ]
                },
                {
                    "category": "lane/crosswalk",
                    "id": 42,
                    "attributes": {
                        "direction": "vertical",
                        "style": "dashed"
                    },
                    "poly2d": [
                        [
                            2.993839,
                            354.27091,
                            "L"
                        ],
                        [
                            72.850075,
                            338.30377,
                            "L"
                        ]
                    ]
                },
                {
                    "category": "lane/crosswalk",
                    "id": 43,
                    "attributes": {
                        "direction": "vertical",
                        "style": "dashed"
                    },
                    "poly2d": [
                        [
                            298.385922,
                            322.336631,
                            "L"
                        ],
                        [
                            358.262695,
                            312.357169,
                            "L"
                        ]
                    ]
                }
            ]
        }
    ],
    "attributes": {
        "weather": "overcast",
        "scene": "city street",
        "timeofday": "daytime"
    }
}