{
    "name": "1d6c2575-1410b389",
    "frames": [
        {
            "timestamp": 10000,
            "objects": [
                {
                    "category": "person",
                    "id": 0,
                    "attributes": {
                        "occluded": false,
                        "truncated": false,
                        "trafficLightColor": "none"
                    },
                    "box2d": {
                        "x1": 232.082252,
                        "y1": 154.721501,
                        "x2": 262.028349,
                        "y2": 240.81653
                    }
                },
                {
                    "category": "person",
                    "id": 1,
                    "attributes": {
                        "occluded": false,
                        "truncated": false,
                        "trafficLightColor": "none"
                    },
                    "box2d": {
                        "x1": 915.851467,
                        "y1": 177.181074,
                        "x2": 942.054302,
                        "y2": 244.559792
                    }
                },
                {
                    "category": "person",
                    "id": 2,
                    "attributes": {
                        "occluded": false,
                        "truncated": false,
                        "trafficLightColor": "none"
                    },
                    "box2d": {
                        "x1": 854.711519,
                        "y1": 170.942304,
                        "x2": 880.914354,
                        "y2": 238.321022
                    }
                },
                {
                    "category": "person",
                    "id": 3,
                    "attributes": {
                        "occluded": false,
                        "truncated": false,
                        "trafficLightColor": "none"
                    },
                    "box2d": {
                        "x1": 1212.81693,
                        "y1": 190.906369,
                        "x2": 1261.479336,
                        "y2": 314.434019
                    }
                },
                {
                    "category": "person",
                    "id": 4,
                    "attributes": {
                        "occluded": false,
                        "truncated": false,
                        "trafficLightColor": "none"
                    },
                    "box2d": {
                        "x1": 1048.113396,
                        "y1": 180.924336,
                        "x2": 1076.811739,
                        "y2": 247.0553
                    }
                },
                {
                    "category": "person",
                    "id": 5,
                    "attributes": {
                        "occluded": true,
                        "truncated": false,
                        "trafficLightColor": "none"
                    },
                    "box2d": {
                        "x1": 395.538032,
                        "y1": 165.951288,
                        "x2": 408.015572,
                        "y2": 209.622679
                    }
                },
                {
                    "category": "person",
                    "id": 6,
                    "attributes": {
                        "occluded": true,
                        "truncated": false,
                        "trafficLightColor": "none"
                    },
                    "box2d": {
                        "x1": 814.78339,
                        "y1": 184.667598,
                        "x2": 840.986225,
                        "y2": 239.568776
                    }
                },
                {
                    "category": "person",
                    "id": 7,
                    "attributes": {
                        "occluded": true,
                        "truncated": false,
                        "trafficLightColor": "none"
                    },
                    "box2d": {
                        "x1": 234.57776,
                        "y1": 157.217009,
                        "x2": 252.046317,
                        "y2": 234.57776
                    }
                },
                {
                    "category": "person",
                    "id": 8,
                    "attributes": {
                        "occluded": true,
                        "truncated": false,
                        "trafficLightColor": "none"
                    },
                    "box2d": {
                        "x1": 144.739469,
                        "y1": 149.730485,
                        "x2": 158.464763,
                        "y2": 168.446796
                    }
                },
                {
                    "category": "person",
                    "id": 9,
                    "attributes": {
                        "occluded": true,
                        "truncated": false,
                        "trafficLightColor": "none"
                    },
                    "box2d": {
                        "x1": 122.279896,
                        "y1": 145.987223,
                        "x2": 145.987223,
                        "y2": 202.136155
                    }
                },
                {
                    "category": "person",
                    "id": 10,
                    "attributes": {
                        "occluded": false,
                        "truncated": false,
                        "trafficLightColor": "none"
                    },
                    "box2d": {
                        "x1": 97.324815,
                        "y1": 137.252945,
                        "x2": 119.784388,
                        "y2": 202.136155
                    }
                },
                {
                    "category": "car",
                    "id": 11,
                    "attributes": {
                        "occluded": false,
                        "truncated": false,
                        "trafficLightColor": "none"
                    },
                    "box2d": {
                        "x1": 403.024556,
                        "y1": 175.93332,
                        "x2": 519.065682,
                        "y2": 247.0553
                    }
                },
                {
                    "category": "car",
                    "id": 12,
                    "attributes": {
                        "occluded": false,
                        "truncated": false,
                        "trafficLightColor": "none"
                    },
                    "box2d": {
                        "x1": 652.575364,
                        "y1": 183.419844,
                        "x2": 693.751248,
                        "y2": 214.613695
                    }
                },
                {
                    "category": "car",
                    "id": 13,
                    "attributes": {
                        "occluded": false,
                        "truncated": false,
                        "trafficLightColor": "none"
                    },
                    "box2d": {
                        "x1": 557.746057,
                        "y1": 177.181074,
                        "x2": 576.462368,
                        "y2": 184.667598
                    }
                },
                {
                    "category": "car",
                    "id": 14,
                    "attributes": {
                        "occluded": true,
                        "truncated": false,
                        "trafficLightColor": "none"
                    },
                    "box2d": {
                        "x1": 257.037333,
                        "y1": 147.234977,
                        "x2": 359.353164,
                        "y2": 229.586744
                    }
                },
                {
                    "category": "car",
                    "id": 15,
                    "attributes": {
                        "occluded": true,
                        "truncated": false,
                        "trafficLightColor": "none"
                    },
                    "box2d": {
                        "x1": 361.848672,
                        "y1": 162.208026,
                        "x2": 398.033541,
                        "y2": 219.604712
                    }
                },
                {
                    "category": "car",
                    "id": 16,
                    "attributes": {
                        "occluded": true,
                        "truncated": false,
                        "trafficLightColor": "none"
                    },
                    "box2d": {
                        "x1": 409.263326,
                        "y1": 169.69455,
                        "x2": 436.713915,
                        "y2": 207.127171
                    }
                },
                {
                    "category": "car",
                    "id": 17,
                    "attributes": {
                        "occluded": true,
                        "truncated": false,
                        "trafficLightColor": "none"
                    },
                    "box2d": {
                        "x1": 504.092633,
                        "y1": 174.685566,
                        "x2": 529.047714,
                        "y2": 197.145139
                    }
                },
                {
                    "category": "car",
                    "id": 18,
                    "attributes": {
                        "occluded": true,
                        "truncated": false,
                        "trafficLightColor": "none"
                    },
                    "box2d": {
                        "x1": 521.56119,
                        "y1": 172.190058,
                        "x2": 541.525255,
                        "y2": 185.915352
                    }
                },
                {
                    "category": "car",
                    "id": 19,
                    "attributes": {
                        "occluded": true,
                        "truncated": false,
                        "trafficLightColor": "none"
                    },
                    "box2d": {
                        "x1": 541.525255,
                        "y1": 177.181074,
                        "x2": 554.002795,
                        "y2": 189.658614
                    }
                },
                {
                    "category": "car",
                    "id": 20,
                    "attributes": {
                        "occluded": true,
                        "truncated": false,
                        "trafficLightColor": "none"
                    },
                    "box2d": {
                        "x1": 638.85007,
                        "y1": 177.181074,
                        "x2": 671.291675,
                        "y2": 200.888401
                    }
                },
                {
                    "category": "car",
                    "id": 21,
                    "attributes": {
                        "occluded": true,
                        "truncated": false,
                        "trafficLightColor": "none"
                    },
                    "box2d": {
                        "x1": 628.868038,
                        "y1": 182.17209,
                        "x2": 645.08884,
                        "y2": 197.145139
                    }
                },
                {
                    "category": "car",
                    "id": 22,
                    "attributes": {
                        "occluded": true,
                        "truncated": false,
                        "trafficLightColor": "none"
                    },
                    "box2d": {
                        "x1": 621.381513,
                        "y1": 175.93332,
                        "x2": 631.363547,
                        "y2": 188.41086
                    }
                },
                {
                    "category": "car",
                    "id": 23,
                    "attributes": {
                        "occluded": true,
                        "truncated": false,
                        "trafficLightColor": "none"
                    },
                    "box2d": {
                        "x1": 611.399481,
                        "y1": 177.181074,
                        "x2": 621.381513,
                        "y2": 187.163106
                    }
                },
                {
                    "category": "car",
                    "id": 24,
                    "attributes": {
                        "occluded": false,
                        "truncated": false,
                        "trafficLightColor": "none"
                    },
                    "box2d": {
                        "x1": 591.435416,
                        "y1": 173.437812,
                        "x2": 603.912957,
                        "y2": 187.163106
                    }
                },
                {
                    "category": "traffic sign",
                    "id": 25,
                    "attributes": {
                        "occluded": false,
                        "truncated": false,
                        "trafficLightColor": "none"
                    },
                    "box2d": {
                        "x1": 975.743661,
                        "y1": 67.378718,
                        "x2": 1015.671792,
                        "y2": 83.599521
                    }
                },
                {
                    "category": "traffic sign",
                    "id": 26,
                    "attributes": {
                        "occluded": false,
                        "truncated": false,
                        "trafficLightColor": "none"
                    },
                    "box2d": {
                        "x1": 950.788581,
                        "y1": 62.387702,
                        "x2": 975.74366,
                        "y2": 78.608505
                    }
                },
                {
                    "category": "traffic sign",
                    "id": 27,
                    "attributes": {
                        "occluded": false,
                        "truncated": false,
                        "trafficLightColor": "none"
                    },
                    "box2d": {
                        "x1": 642.593332,
                        "y1": 148.482731,
                        "x2": 652.575364,
                        "y2": 158.464763
                    }
                },
                {
                    "category": "traffic light",
                    "id": 28,
                    "attributes": {
                        "occluded": false,
                        "truncated": true,
                        "trafficLightColor": "green"
                    },
                    "box2d": {
                        "x1": 102.315832,
                        "y1": 2.495508,
                        "x2": 122.279895,
                        "y2": 22.459573
                    }
                },
                {
                    "category": "traffic light",
                    "id": 29,
                    "attributes": {
                        "occluded": false,
                        "truncated": true,
                        "trafficLightColor": "none"
                    },
                    "box2d": {
                        "x1": 124.775404,
                        "y1": 1.247754,
                        "x2": 144.739469,
                        "y2": 27.450589
                    }
                },
                {
                    "category": "traffic light",
                    "id": 30,
                    "attributes": {
                        "occluded": false,
                        "truncated": false,
                        "trafficLightColor": "none"
                    },
                    "box2d": {
                        "x1": 109.802356,
                        "y1": 88.590537,
                        "x2": 134.757437,
                        "y2": 112.297864
                    }
                },
                {
                    "category": "traffic light",
                    "id": 31,
                    "attributes": {
                        "occluded": false,
                        "truncated": false,
                        "trafficLightColor": "red"
                    },
                    "box2d": {
                        "x1": 969.504891,
                        "y1": 129.76642,
                        "x2": 1015.671791,
                        "y2": 162.208027
                    }
                },
                {
                    "category": "area/drivable",
                    "id": 32,
                    "attributes": {},
                    "poly2d": [
                        [
                            0,
                            560.249615,
                            "L"
                        ],
                        [
                            540.569149,
                            502.874654,
                            "C"
                        ],
                        [
                            797.314833,
                            531.543223,
                            "C"
                        ],
                        [
                            1016.919545,
                            558.99381,
                            "C"
                        ],
                        [
                            618.194096,
                            199.124863,
                            "L"
                        ],
                        [
                            579.381623,
                            197.437364,
                            "L"
                        ],
                        [
                            513.569168,
                            261.56232,
                            "L"
                        ],
                        [
                            0,
                            244.687332,
                            "L"
                        ],
                        [
                            0,
                            560.249615,
                            "L"
                        ]
                    ]
                },
                {
                    "category": "area/alternative",
                    "id": 33,
                    "attributes": {},
                    "poly2d": [
                        [
                            1064.334197,
                            563.984828,
                            "L"
                        ],
                        [
                            1139.19944,
                            571.471352,
                            "C"
                        ],
                        [
                            1212.81693,
                            582.701137,
                            "C"
                        ],
                        [
                            1280.195649,
                            602.665204,
                            "C"
                        ],
                        [
                            1280.195649,
                            339.3891,
                            "L"
                        ],
                        [
                            1146.685965,
                            291.974446,
                            "L"
                        ],
                        [
                            1009.433021,
                            283.240168,
                            "C"
                        ],
                        [
                            892.144141,
                            305.69974,
                            "C"
                        ],
                        [
                            712.467559,
                            217.109203,
                            "C"
                        ],
                        [
                            653.823118,
                            222.100221,
                            "L"
                        ],
                        [
                            1064.334197,
                            563.984828,
                            "L"
                        ]
                    ]
                },
                {
                    "category": "lane/road curb",
                    "id": 34,
                    "attributes": {
                        "direction": "parallel",
                        "style": "solid"
                    },
                    "poly2d": [
                        [
                            697.564412,
                            212.562546,
                            "C"
                        ],
                        [
                            898.151604,
                            305.371545,
                            "C"
                        ],
                        [
                            1128.677182,
                            289.404406,
                            "C"
                        ],
                        [
                            1278.369115,
                            296.39003,
                            "L"
                        ]
                    ]
                },
                {
                    "category": "lane/crosswalk",
                    "id": 35,
                    "attributes": {
                        "direction": "vertical",
                        "style": "dashed"
                    },
                    "poly2d": [
                        [
                            1007.925689,
                            291.400298,
                            "L"
                        ],
                        [
                            1280.365009,
                            353.272964,
                            "L"
                        ]
                    ]
                },
                {
                    "category": "lane/single white",
                    "id": 36,
                    "attributes": {
                        "direction": "parallel",
                        "style": "dashed"
                    },
                    "poly2d": [
                        [
                            203.581029,
                            247.490664,
                            "L"
                        ],
                        [
                            0,
                            272.43932,
                            "L"
                        ]
                    ]
                },
                {
                    "category": "lane/single white",
                    "id": 37,
                    "attributes": {
                        "direction": "parallel",
                        "style": "dashed"
                    },
                    "poly2d": [
                        [
                            207.572815,
                            250.484503,
                            "L"
                        ],
                        [
                            0,
                            279.424943,
                            "L"
                        ]
                    ]
                },
                {
                    "category": "lane/single white",
                    "id": 38,
                    "attributes": {
                        "direction": "parallel",
                        "style": "dashed"
                    },
                    "poly2d": [
                        [
                            289.404406,
                            251.482449,
                            "L"
                        ],
                        [
                            0,
                            310.361275,
                            "L"
                        ]
                    ]
                },
                {
                    "category": "lane/single white",
                    "id": 39,
                    "attributes": {
                        "direction": "parallel",
                        "style": "dashed"
                    },
                    "poly2d": [
                        [
                            300.381814,
                            254.476288,
                            "L"
                        ],
                        [
                            0,
                            320.340739,
                            "L"
                        ]
                    ]
                },
                {
                    "category": "lane/single white",
                    "id": 40,
                    "attributes": {
                        "direction": "parallel",
                        "style": "dashed"
                    },
                    "poly2d": [
                        [
                            789.375465,
                            275.433159,
                            "C"
                        ],
                        [
                            942.061239,
                            326.328416,
                            "C"
                        ],
                        [
                            1086.763442,
                            415.14563,
                            "C"
                        ],
                        [
                            1273.379385,
                            504.960791,
                            "L"
                        ]
                    ]
                },
                {
                    "category": "lane/single white",
                    "id": 41,
                    "attributes": {
                        "direction": "parallel",
                        "style": "dashed"
                    },
                    "poly2d": [
                        [
                            785.38368,
                            279.424943,
                            "C"
                        ],
                        [
                            963.018109,
                            349.28118,
                            "C"
                        ],
                        [
                            1115.703881,
                            440.094287,
                            "C"
                        ],
                        [
                            1280.365009,
                            519.929984,
                            "L"
                        ]
                    ]
                },
                {
                    "category": "lane/single white",
                    "id": 42,
                    "attributes": {
                        "direction": "parallel",
                        "style": "dashed"
                    },
                    "poly2d": [
                        [
                            704.550036,
                            268.447535,
                            "C"
                        ],
                        [
                            830.291261,
                            359.260642,
                            "C"
                        ],
                        [
                            941.063291,
                            455.063478,
                            "C"
                        ],
                        [
                            1056.825054,
                            556.853994,
                            "L"
                        ]
                    ]
                },
                {
                    "category": "lane/single white",
                    "id": 43,
                    "attributes": {
                        "direction": "parallel",
                        "style": "dashed"
                    },
                    "poly2d": [
                        [
                            694.570574,
                            270.443427,
                            "C"
                        ],
                        [
                            807.338497,
                            360.258588,
                            "C"
                        ],
                        [
                            911.124905,
                            463.047049,
                            "C"
                        ],
                        [
                            1019.901044,
                            559.847833,
                            "L"
                        ]
                    ]
                },
                {
                    "category": "lane/single white",
                    "id": 44,
                    "attributes": {
                        "direction": "parallel",
                        "style": "dashed"
                    },
                    "poly2d": [
                        [
                            660.640402,
                            241.502986,
                            "L"
                        ],
                        [
                            613.736929,
                            196.595407,
                            "L"
                        ]
                    ]
                },
                {
                    "category": "lane/single white",
                    "id": 45,
                    "attributes": {
                        "direction": "parallel",
                        "style": "dashed"
                    },
                    "poly2d": [
                        [
                            665.630133,
                            240.505041,
                            "L"
                        ],
                        [
                            622.718445,
                            199.589245,
                            "L"
                        ]
                    ]
                },
                {
                    "category": "lane/double yellow",
                    "id": 46,
                    "attributes": {
                        "direction": "parallel",
                        "style": "solid"
                    },
                    "poly2d": [
                        [
                            523.921769,
                            234.517363,
                            "L"
                        ],
                        [
                            566.833458,
                            196.595407,
                            "L"
                        ]
                    ]
                },
                {
                    "category": "lane/double yellow",
                    "id": 47,
                    "attributes": {
                        "direction": "parallel",
                        "style": "solid"
                    },
                    "poly2d": [
                        [
                            535.897124,
                            236.513256,
                            "L"
                        ],
                        [
                            574.817027,
                            197.593353,
                            "L"
                        ]
                    ]
                },
                {
                    "category": "lane/crosswalk",
                    "id": 48,
                    "attributes": {
                        "direction": "vertical",
                        "style": "dashed"
                    },
                    "poly2d": [
                        [
                            265.453696,
                            230.525578,
                            "L"
                        ],
                        [
                            400.176437,
                            231.523525,
                            "L"
                        ]
                    ]
                },
                {
                    "category": "lane/crosswalk",
                    "id": 49,
                    "attributes": {
                        "direction": "vertical",
                        "style": "dashed"
                    },
                    "poly2d": [
                        [
                            519.929984,
                            238.509148,
                            "L"
                        ],
                        [
                            814.32412,
                            254.476288,
                            "L"
                        ]
                    ]
                },
                {
                    "category": "lane/crosswalk",
                    "id": 50,
                    "attributes": {
                        "direction": "vertical",
                        "style": "dashed"
                    },
                    "poly2d": [
                        [
                            503.962844,
                            254.476288,
                            "L"
                        ],
                        [
                            879.190626,
                            276.431105,
                            "L"
                        ]
                    ]
                },
                {
                    "category": "lane/crosswalk",
                    "id": 51,
                    "attributes": {
                        "direction": "vertical",
                        "style": "dashed"
                    },
                    "poly2d": [
                        [
                            386.205189,
                            248.48861,
                            "L"
                        ],
                        [
                            136.718633,
                            243.498879,
                            "L"
                        ]
                    ]
                },
                {
                    "category": "lane/road curb",
                    "id": 52,
                    "attributes": {
                        "direction": "parallel",
                        "style": "solid"
                    },
                    "poly2d": [
                        [
                            237.511202,
                            226.533793,
                            "C"
                        ],
                        [
                            172.644697,
                            242.500934,
                            "C"
                        ],
                        [
                            19.958925,
                            248.48861,
                            "C"
                        ],
                        [
                            0,
                            241.502986,
                            "L"
                        ]
                    ]
                }
            ]
        }
    ],
    "attributes": {
        "weather": "undefined",
        "scene": "city street",
        "timeofday": "daytime"
    }
}