{
    "name": "1d81ee00-2f513364",
    "frames": [
        {
            "timestamp": 10000,
            "objects": [
                {
                    "category": "car",
                    "id": 0,
                    "attributes": {
                        "occluded": true,
                        "truncated": true,
                        "trafficLightColor": "none"
                    },
                    "box2d": {
                        "x1": 0,
                        "y1": 309.443002,
                        "x2": 172.190058,
                        "y2": 476.642043
                    }
                },
                {
                    "category": "truck",
                    "id": 1,
                    "attributes": {
                        "occluded": true,
                        "truncated": true,
                        "trafficLightColor": "none"
                    },
                    "box2d": {
                        "x1": 900.878419,
                        "y1": 270.762626,
                        "x2": 1260.793659,
                        "y2": 490.367338
                    }
                },
                {
                    "category": "car",
                    "id": 2,
                    "attributes": {
                        "occluded": true,
                        "truncated": true,
                        "trafficLightColor": "none"
                    },
                    "box2d": {
                        "x1": 1162.906767,
                        "y1": 295.717708,
                        "x2": 1252.745058,
                        "y2": 350.618887
                    }
                },
                {
                    "category": "car",
                    "id": 3,
                    "attributes": {
                        "occluded": true,
                        "truncated": false,
                        "trafficLightColor": "none"
                    },
                    "box2d": {
                        "x1": 682.521461,
                        "y1": 335.645836,
                        "x2": 701.237772,
                        "y2": 354.712251
                    }
                },
                {
                    "category": "car",
                    "id": 4,
                    "attributes": {
                        "occluded": false,
                        "truncated": false,
                        "trafficLightColor": "none"
                    },
                    "box2d": {
                        "x1": 696.246756,
                        "y1": 336.893591,
                        "x2": 716.210821,
                        "y2": 356.857656
                    }
                },
                {
                    "category": "car",
                    "id": 5,
                    "attributes": {
                        "occluded": false,
                        "truncated": false,
                        "trafficLightColor": "none"
                    },
                    "box2d": {
                        "x1": 761.129966,
                        "y1": 323.168298,
                        "x2": 839.738471,
                        "y2": 386.803754
                    }
                },
                {
                    "category": "car",
                    "id": 6,
                    "attributes": {
                        "occluded": true,
                        "truncated": false,
                        "trafficLightColor": "none"
                    },
                    "box2d": {
                        "x1": 853.463765,
                        "y1": 326.911558,
                        "x2": 932.072271,
                        "y2": 361.848672
                    }
                },
                {
                    "category": "person",
                    "id": 7,
                    "attributes": {
                        "occluded": false,
                        "truncated": false,
                        "trafficLightColor": "none"
                    },
                    "box2d": {
                        "x1": 874.675583,
                        "y1": 328.159313,
                        "x2": 890.896386,
                        "y2": 373.078459
                    }
                },
                {
                    "category": "truck",
                    "id": 8,
                    "attributes": {
                        "occluded": false,
                        "truncated": false,
                        "trafficLightColor": "none"
                    },
                    "box2d": {
                        "x1": 524.056698,
                        "y1": 320.672789,
                        "x2": 591.435417,
                        "y2": 378.069474
                    }
                },
                {
                    "category": "truck",
                    "id": 9,
                    "attributes": {
                        "occluded": false,
                        "truncated": false,
                        "trafficLightColor": "none"
                    },
                    "box2d": {
                        "x1": 167.199042,
                        "y1": 152.225993,
                        "x2": 502.844878,
                        "y2": 487.871831
                    }
                },
                {
                    "category": "traffic light",
                    "id": 10,
                    "attributes": {
                        "occluded": false,
                        "truncated": false,
                        "trafficLightColor": "green"
                    },
                    "box2d": {
                        "x1": 640.097824,
                        "y1": 222.100221,
                        "x2": 653.294077,
                        "y2": 245.807546
                    }
                },
                {
                    "category": "traffic sign",
                    "id": 11,
                    "attributes": {
                        "occluded": false,
                        "truncated": false,
                        "trafficLightColor": "none"
                    },
                    "box2d": {
                        "x1": 845.977241,
                        "y1": 283.240168,
                        "x2": 870.932321,
                        "y2": 303.204233
                    }
                },
                {
                    "category": "traffic sign",
                    "id": 12,
                    "attributes": {
                        "occluded": false,
                        "truncated": false,
                        "trafficLightColor": "none"
                    },
                    "box2d": {
                        "x1": 814.783389,
                        "y1": 303.204231,
                        "x2": 831.004192,
                        "y2": 326.911558
                    }
                },
                {
                    "category": "car",
                    "id": 13,
                    "attributes": {
                        "occluded": false,
                        "truncated": false,
                        "trafficLightColor": "none"
                    },
                    "box2d": {
                        "x1": 621.381513,
                        "y1": 331.902576,
                        "x2": 641.345578,
                        "y2": 345.627871
                    }
                },
                {
                    "category": "car",
                    "id": 14,
                    "attributes": {
                        "occluded": false,
                        "truncated": false,
                        "trafficLightColor": "none"
                    },
                    "box2d": {
                        "x1": 641.345578,
                        "y1": 334.398083,
                        "x2": 657.56638,
                        "y2": 346.875623
                    }
                },
                {
                    "category": "traffic sign",
                    "id": 15,
                    "attributes": {
                        "occluded": false,
                        "truncated": false,
                        "trafficLightColor": "none"
                    },
                    "box2d": {
                        "x1": 581.453384,
                        "y1": 301.956478,
                        "x2": 597.674186,
                        "y2": 318.17728
                    }
                },
                {
                    "category": "person",
                    "id": 16,
                    "attributes": {
                        "occluded": false,
                        "truncated": false,
                        "trafficLightColor": "none"
                    },
                    "box2d": {
                        "x1": 604.356611,
                        "y1": 327.71227,
                        "x2": 629.669093,
                        "y2": 368.212242
                    }
                },
                {
                    "category": "person",
                    "id": 17,
                    "attributes": {
                        "occluded": false,
                        "truncated": false,
                        "trafficLightColor": "none"
                    },
                    "box2d": {
                        "x1": 729.231525,
                        "y1": 328.387274,
                        "x2": 739.356518,
                        "y2": 352.012258
                    }
                },
                {
                    "category": "area/drivable",
                    "id": 18,
                    "attributes": {},
                    "poly2d": [
                        [
                            634.6938,
                            352.275017,
                            "L"
                        ],
                        [
                            672.615757,
                            349.281179,
                            "L"
                        ],
                        [
                            694.570574,
                            367.24421,
                            "L"
                        ],
                        [
                            734.488423,
                            361.256534,
                            "L"
                        ],
                        [
                            753.449401,
                            366.246265,
                            "L"
                        ],
                        [
                            758.439132,
                            398.180544,
                            "L"
                        ],
                        [
                            850.250185,
                            385.207243,
                            "L"
                        ],
                        [
                            895.157765,
                            397.182598,
                            "L"
                        ],
                        [
                            887.174196,
                            455.063479,
                            "L"
                        ],
                        [
                            1106.757836,
                            622.629267,
                            "L"
                        ],
                        [
                            724.508961,
                            580.804704,
                            "C"
                        ],
                        [
                            595.773897,
                            623.716392,
                            "C"
                        ],
                        [
                            327.326363,
                            642.677369,
                            "C"
                        ],
                        [
                            611.741037,
                            374.229835,
                            "L"
                        ],
                        [
                            639.683531,
                            367.24421,
                            "L"
                        ],
                        [
                            634.6938,
                            352.275017,
                            "L"
                        ]
                    ]
                },
                {
                    "category": "area/alternative",
                    "id": 19,
                    "attributes": {},
                    "poly2d": [
                        [
                            160.669341,
                            489.991596,
                            "L"
                        ],
                        [
                            452.069641,
                            506.956683,
                            "L"
                        ],
                        [
                            298.385922,
                            658.64451,
                            "L"
                        ],
                        [
                            132.726848,
                            719.519229,
                            "L"
                        ],
                        [
                            0,
                            719.954083,
                            "L"
                        ],
                        [
                            0,
                            538.890963,
                            "L"
                        ],
                        [
                            160.669341,
                            489.991596,
                            "L"
                        ]
                    ]
                },
                {
                    "category": "lane/road curb",
                    "id": 20,
                    "attributes": {
                        "direction": "parallel",
                        "style": "solid"
                    },
                    "poly2d": [
                        [
                            839.738471,
                            383.060491,
                            "L"
                        ],
                        [
                            904.621681,
                            399.281294,
                            "L"
                        ]
                    ]
                },
                {
                    "category": "lane/road curb",
                    "id": 21,
                    "attributes": {
                        "direction": "parallel",
                        "style": "solid"
                    },
                    "poly2d": [
                        [
                            721.201837,
                            356.857656,
                            "L"
                        ],
                        [
                            759.882212,
                            364.34418,
                            "L"
                        ]
                    ]
                },
                {
                    "category": "lane/single white",
                    "id": 22,
                    "attributes": {
                        "direction": "parallel",
                        "style": "dashed"
                    },
                    "poly2d": [
                        [
                            600.169695,
                            381.812737,
                            "L"
                        ],
                        [
                            313.186265,
                            652.575364,
                            "L"
                        ]
                    ]
                },
                {
                    "category": "lane/single white",
                    "id": 23,
                    "attributes": {
                        "direction": "parallel",
                        "style": "dashed"
                    },
                    "poly2d": [
                        [
                            269.514873,
                            661.309643,
                            "L"
                        ],
                        [
                            596.426432,
                            380.564983,
                            "L"
                        ]
                    ]
                },
                {
                    "category": "lane/single white",
                    "id": 24,
                    "attributes": {
                        "direction": "parallel",
                        "style": "dashed"
                    },
                    "poly2d": [
                        [
                            0,
                            536.534238,
                            "L"
                        ],
                        [
                            175.93332,
                            481.63306,
                            "L"
                        ]
                    ]
                },
                {
                    "category": "lane/single white",
                    "id": 25,
                    "attributes": {
                        "direction": "parallel",
                        "style": "dashed"
                    },
                    "poly2d": [
                        [
                            1.247754,
                            529.047714,
                            "L"
                        ],
                        [
                            172.190058,
                            477.889798,
                            "L"
                        ]
                    ]
                },
                {
                    "category": "lane/crosswalk",
                    "id": 26,
                    "attributes": {
                        "direction": "vertical",
                        "style": "dashed"
                    },
                    "poly2d": [
                        [
                            616.390497,
                            376.821721,
                            "L"
                        ],
                        [
                            756.13895,
                            376.821721,
                            "L"
                        ]
                    ]
                },
                {
                    "category": "lane/crosswalk",
                    "id": 27,
                    "attributes": {
                        "direction": "vertical",
                        "style": "dashed"
                    },
                    "poly2d": [
                        [
                            621.381513,
                            369.335197,
                            "L"
                        ],
                        [
                            751.147934,
                            368.087443,
                            "L"
                        ]
                    ]
                },
                {
                    "category": "lane/crosswalk",
                    "id": 28,
                    "attributes": {
                        "direction": "vertical",
                        "style": "dashed"
                    },
                    "poly2d": [
                        [
                            502.844879,
                            370.582951,
                            "L"
                        ],
                        [
                            526.552206,
                            371.830705,
                            "L"
                        ]
                    ]
                },
                {
                    "category": "lane/crosswalk",
                    "id": 29,
                    "attributes": {
                        "direction": "vertical",
                        "style": "dashed"
                    },
                    "poly2d": [
                        [
                            501.597125,
                            378.069475,
                            "L"
                        ],
                        [
                            527.79996,
                            376.821721,
                            "L"
                        ]
                    ]
                }
            ]
        }
    ],
    "attributes": {
        "weather": "clear",
        "scene": "city street",
        "timeofday": "daytime"
    }
}