{
    "name": "1d8a534a-eb837a5d",
    "frames": [
        {
            "timestamp": 10000,
            "objects": [
                {
                    "category": "traffic light",
                    "id": 0,
                    "attributes": {
                        "occluded": false,
                        "truncated": true,
                        "trafficLightColor": "green"
                    },
                    "box2d": {
                        "x1": 543.606652,
                        "y1": 0,
                        "x2": 570.606634,
                        "y2": 54.337459
                    }
                },
                {
                    "category": "traffic light",
                    "id": 1,
                    "attributes": {
                        "occluded": false,
                        "truncated": true,
                        "trafficLightColor": "red"
                    },
                    "box2d": {
                        "x1": 521.56119,
                        "y1": 0,
                        "x2": 541.919153,
                        "y2": 53.653424
                    }
                },
                {
                    "category": "traffic light",
                    "id": 2,
                    "attributes": {
                        "occluded": false,
                        "truncated": false,
                        "trafficLightColor": "red"
                    },
                    "box2d": {
                        "x1": 145.356926,
                        "y1": 179.212371,
                        "x2": 175.731905,
                        "y2": 206.212353
                    }
                },
                {
                    "category": "traffic light",
                    "id": 3,
                    "attributes": {
                        "occluded": false,
                        "truncated": false,
                        "trafficLightColor": "red"
                    },
                    "box2d": {
                        "x1": 1086.981279,
                        "y1": 40.837468,
                        "x2": 1105.543766,
                        "y2": 91.462433
                    }
                },
                {
                    "category": "traffic light",
                    "id": 4,
                    "attributes": {
                        "occluded": false,
                        "truncated": false,
                        "trafficLightColor": "green"
                    },
                    "box2d": {
                        "x1": 1103.856267,
                        "y1": 35.77497,
                        "x2": 1129.16875,
                        "y2": 88.087434
                    }
                },
                {
                    "category": "traffic light",
                    "id": 5,
                    "attributes": {
                        "occluded": true,
                        "truncated": false,
                        "trafficLightColor": "none"
                    },
                    "box2d": {
                        "x1": 199.356889,
                        "y1": 47.587463,
                        "x2": 217.919376,
                        "y2": 91.462433
                    }
                },
                {
                    "category": "traffic light",
                    "id": 6,
                    "attributes": {
                        "occluded": true,
                        "truncated": false,
                        "trafficLightColor": "none"
                    },
                    "box2d": {
                        "x1": 184.1694,
                        "y1": 179.212371,
                        "x2": 212.85688,
                        "y2": 209.58735
                    }
                },
                {
                    "category": "traffic light",
                    "id": 7,
                    "attributes": {
                        "occluded": false,
                        "truncated": false,
                        "trafficLightColor": "none"
                    },
                    "box2d": {
                        "x1": 145.356926,
                        "y1": 142.087396,
                        "x2": 163.919414,
                        "y2": 170.774878
                    }
                },
                {
                    "category": "traffic light",
                    "id": 8,
                    "attributes": {
                        "occluded": false,
                        "truncated": false,
                        "trafficLightColor": "green"
                    },
                    "box2d": {
                        "x1": 688.731553,
                        "y1": 179.212371,
                        "x2": 700.544043,
                        "y2": 204.524854
                    }
                },
                {
                    "category": "traffic sign",
                    "id": 9,
                    "attributes": {
                        "occluded": false,
                        "truncated": false,
                        "trafficLightColor": "none"
                    },
                    "box2d": {
                        "x1": 131.856936,
                        "y1": 101.587425,
                        "x2": 192.606894,
                        "y2": 125.212409
                    }
                },
                {
                    "category": "traffic sign",
                    "id": 10,
                    "attributes": {
                        "occluded": false,
                        "truncated": false,
                        "trafficLightColor": "none"
                    },
                    "box2d": {
                        "x1": 675.231562,
                        "y1": 204.524854,
                        "x2": 690.419052,
                        "y2": 214.649847
                    }
                },
                {
                    "category": "traffic sign",
                    "id": 11,
                    "attributes": {
                        "occluded": false,
                        "truncated": false,
                        "trafficLightColor": "none"
                    },
                    "box2d": {
                        "x1": 692.106549,
                        "y1": 209.587352,
                        "x2": 712.356536,
                        "y2": 221.399844
                    }
                },
                {
                    "category": "traffic sign",
                    "id": 12,
                    "attributes": {
                        "occluded": false,
                        "truncated": false,
                        "trafficLightColor": "none"
                    },
                    "box2d": {
                        "x1": 678.606559,
                        "y1": 226.462339,
                        "x2": 700.544042,
                        "y2": 248.399824
                    }
                },
                {
                    "category": "traffic sign",
                    "id": 13,
                    "attributes": {
                        "occluded": false,
                        "truncated": false,
                        "trafficLightColor": "none"
                    },
                    "box2d": {
                        "x1": 842.293947,
                        "y1": 209.587352,
                        "x2": 865.918931,
                        "y2": 219.712344
                    }
                },
                {
                    "category": "traffic sign",
                    "id": 14,
                    "attributes": {
                        "occluded": false,
                        "truncated": false,
                        "trafficLightColor": "none"
                    },
                    "box2d": {
                        "x1": 843.981446,
                        "y1": 219.712344,
                        "x2": 859.168936,
                        "y2": 239.96233
                    }
                },
                {
                    "category": "traffic sign",
                    "id": 15,
                    "attributes": {
                        "occluded": false,
                        "truncated": false,
                        "trafficLightColor": "none"
                    },
                    "box2d": {
                        "x1": 1183.168713,
                        "y1": 214.649847,
                        "x2": 1223.668685,
                        "y2": 255.149819
                    }
                },
                {
                    "category": "traffic sign",
                    "id": 16,
                    "attributes": {
                        "occluded": false,
                        "truncated": false,
                        "trafficLightColor": "none"
                    },
                    "box2d": {
                        "x1": 309.044314,
                        "y1": 231.524837,
                        "x2": 324.231803,
                        "y2": 246.712325
                    }
                },
                {
                    "category": "traffic sign",
                    "id": 17,
                    "attributes": {
                        "occluded": false,
                        "truncated": false,
                        "trafficLightColor": "none"
                    },
                    "box2d": {
                        "x1": 344.481789,
                        "y1": 212.962349,
                        "x2": 357.98178,
                        "y2": 229.837337
                    }
                },
                {
                    "category": "traffic light",
                    "id": 18,
                    "attributes": {
                        "occluded": false,
                        "truncated": false,
                        "trafficLightColor": "green"
                    },
                    "box2d": {
                        "x1": 261.794346,
                        "y1": 212.962349,
                        "x2": 271.919339,
                        "y2": 229.837337
                    }
                },
                {
                    "category": "person",
                    "id": 19,
                    "attributes": {
                        "occluded": false,
                        "truncated": false,
                        "trafficLightColor": "none"
                    },
                    "box2d": {
                        "x1": 212.85688,
                        "y1": 256.837318,
                        "x2": 257.037333,
                        "y2": 360.600918
                    }
                },
                {
                    "category": "person",
                    "id": 20,
                    "attributes": {
                        "occluded": false,
                        "truncated": false,
                        "trafficLightColor": "none"
                    },
                    "box2d": {
                        "x1": 741.044017,
                        "y1": 261.899815,
                        "x2": 759.606505,
                        "y2": 307.462284
                    }
                },
                {
                    "category": "person",
                    "id": 21,
                    "attributes": {
                        "occluded": false,
                        "truncated": false,
                        "trafficLightColor": "none"
                    },
                    "box2d": {
                        "x1": 47.481994,
                        "y1": 246.712325,
                        "x2": 64.356981,
                        "y2": 287.212298
                    }
                },
                {
                    "category": "person",
                    "id": 22,
                    "attributes": {
                        "occluded": false,
                        "truncated": false,
                        "trafficLightColor": "none"
                    },
                    "box2d": {
                        "x1": 76.169474,
                        "y1": 253.462322,
                        "x2": 109.919451,
                        "y2": 320.962274
                    }
                },
                {
                    "category": "person",
                    "id": 23,
                    "attributes": {
                        "occluded": true,
                        "truncated": false,
                        "trafficLightColor": "none"
                    },
                    "box2d": {
                        "x1": 194.294393,
                        "y1": 245.024827,
                        "x2": 231.419366,
                        "y2": 354.712252
                    }
                },
                {
                    "category": "person",
                    "id": 24,
                    "attributes": {
                        "occluded": true,
                        "truncated": false,
                        "trafficLightColor": "none"
                    },
                    "box2d": {
                        "x1": 486.231692,
                        "y1": 258.524817,
                        "x2": 498.044184,
                        "y2": 288.899795
                    }
                },
                {
                    "category": "person",
                    "id": 25,
                    "attributes": {
                        "occluded": true,
                        "truncated": false,
                        "trafficLightColor": "none"
                    },
                    "box2d": {
                        "x1": 476.106699,
                        "y1": 258.524817,
                        "x2": 489.60669,
                        "y2": 285.524799
                    }
                },
                {
                    "category": "person",
                    "id": 26,
                    "attributes": {
                        "occluded": false,
                        "truncated": false,
                        "trafficLightColor": "none"
                    },
                    "box2d": {
                        "x1": 450.794215,
                        "y1": 260.212317,
                        "x2": 465.981705,
                        "y2": 287.212298
                    }
                },
                {
                    "category": "car",
                    "id": 27,
                    "attributes": {
                        "occluded": true,
                        "truncated": false,
                        "trafficLightColor": "none"
                    },
                    "box2d": {
                        "x1": 617.856601,
                        "y1": 251.774822,
                        "x2": 734.294021,
                        "y2": 331.087267
                    }
                },
                {
                    "category": "car",
                    "id": 28,
                    "attributes": {
                        "occluded": true,
                        "truncated": false,
                        "trafficLightColor": "none"
                    },
                    "box2d": {
                        "x1": 282.044331,
                        "y1": 261.899815,
                        "x2": 336.044294,
                        "y2": 300.712288
                    }
                },
                {
                    "category": "car",
                    "id": 29,
                    "attributes": {
                        "occluded": true,
                        "truncated": false,
                        "trafficLightColor": "none"
                    },
                    "box2d": {
                        "x1": 985.731349,
                        "y1": 263.587314,
                        "x2": 1110.606265,
                        "y2": 314.212279
                    }
                },
                {
                    "category": "car",
                    "id": 30,
                    "attributes": {
                        "occluded": true,
                        "truncated": false,
                        "trafficLightColor": "none"
                    },
                    "box2d": {
                        "x1": 1137.606244,
                        "y1": 273.712307,
                        "x2": 1228.731181,
                        "y2": 310.83728
                    }
                },
                {
                    "category": "truck",
                    "id": 31,
                    "attributes": {
                        "occluded": false,
                        "truncated": false,
                        "trafficLightColor": "none"
                    },
                    "box2d": {
                        "x1": 336.044295,
                        "y1": 248.399824,
                        "x2": 401.85675,
                        "y2": 293.962293
                    }
                },
                {
                    "category": "truck",
                    "id": 32,
                    "attributes": {
                        "occluded": true,
                        "truncated": false,
                        "trafficLightColor": "none"
                    },
                    "box2d": {
                        "x1": 214.544379,
                        "y1": 251.774822,
                        "x2": 292.169325,
                        "y2": 315.899778
                    }
                },
                {
                    "category": "traffic sign",
                    "id": 33,
                    "attributes": {
                        "occluded": false,
                        "truncated": false,
                        "trafficLightColor": "none"
                    },
                    "box2d": {
                        "x1": 968.85636,
                        "y1": 219.712344,
                        "x2": 982.356351,
                        "y2": 251.774822
                    }
                },
                {
                    "category": "car",
                    "id": 34,
                    "attributes": {
                        "occluded": false,
                        "truncated": true,
                        "trafficLightColor": "none"
                    },
                    "box2d": {
                        "x1": 1235.481176,
                        "y1": 266.962312,
                        "x2": 1279.356146,
                        "y2": 312.52478
                    }
                },
                {
                    "category": "car",
                    "id": 35,
                    "attributes": {
                        "occluded": false,
                        "truncated": false,
                        "trafficLightColor": "none"
                    },
                    "box2d": {
                        "x1": 481.169195,
                        "y1": 256.837318,
                        "x2": 633.044092,
                        "y2": 353.024752
                    }
                },
                {
                    "category": "car",
                    "id": 36,
                    "attributes": {
                        "occluded": true,
                        "truncated": false,
                        "trafficLightColor": "none"
                    },
                    "box2d": {
                        "x1": 1015.671791,
                        "y1": 272.010381,
                        "x2": 1108.00559,
                        "y2": 295.717708
                    }
                },
                {
                    "category": "area/drivable",
                    "id": 37,
                    "attributes": {},
                    "poly2d": [
                        [
                            272.256834,
                            359.437253,
                            "L"
                        ],
                        [
                            381.944259,
                            388.124733,
                            "C"
                        ],
                        [
                            76.506969,
                            416.812213,
                            "C"
                        ],
                        [
                            0,
                            420.187211,
                            "C"
                        ],
                        [
                            0,
                            550.124622,
                            "L"
                        ],
                        [
                            452.81921,
                            499.499657,
                            "C"
                        ],
                        [
                            869.631423,
                            489.374664,
                            "C"
                        ],
                        [
                            1280.811619,
                            620.999573,
                            "C"
                        ],
                        [
                            1279.693641,
                            558.562116,
                            "L"
                        ],
                        [
                            1280.811619,
                            356.062255,
                            "L"
                        ],
                        [
                            1242.568666,
                            372.937244,
                            "C"
                        ],
                        [
                            1105.31174,
                            340.874765,
                            "C"
                        ],
                        [
                            1018.131321,
                            334.12477,
                            "C"
                        ],
                        [
                            272.256834,
                            359.437253,
                            "L"
                        ]
                    ]
                },
                {
                    "category": "lane/road curb",
                    "id": 38,
                    "attributes": {
                        "direction": "parallel",
                        "style": "solid"
                    },
                    "poly2d": [
                        [
                            949.540827,
                            316.929527,
                            "L"
                        ],
                        [
                            839.73847,
                            316.929527,
                            "L"
                        ]
                    ]
                },
                {
                    "category": "lane/road curb",
                    "id": 39,
                    "attributes": {
                        "direction": "parallel",
                        "style": "solid"
                    },
                    "poly2d": [
                        [
                            289.478937,
                            369.335197,
                            "C"
                        ],
                        [
                            310.690757,
                            384.308244,
                            "C"
                        ],
                        [
                            168.446796,
                            395.538032,
                            "C"
                        ],
                        [
                            107.306849,
                            408.015572,
                            "L"
                        ]
                    ]
                },
                {
                    "category": "lane/crosswalk",
                    "id": 40,
                    "attributes": {
                        "direction": "vertical",
                        "style": "dashed"
                    },
                    "poly2d": [
                        [
                            219.604712,
                            401.776802,
                            "L"
                        ],
                        [
                            0,
                            509.083648,
                            "L"
                        ]
                    ]
                },
                {
                    "category": "lane/crosswalk",
                    "id": 41,
                    "attributes": {
                        "direction": "vertical",
                        "style": "dashed"
                    },
                    "poly2d": [
                        [
                            510.331403,
                            335.645837,
                            "C"
                        ],
                        [
                            440.457177,
                            355.609903,
                            "C"
                        ],
                        [
                            375.573967,
                            368.087443,
                            "C"
                        ],
                        [
                            298.213216,
                            379.317229,
                            "L"
                        ]
                    ]
                },
                {
                    "category": "lane/crosswalk",
                    "id": 42,
                    "attributes": {
                        "direction": "vertical",
                        "style": "dashed"
                    },
                    "poly2d": [
                        [
                            485.376323,
                            320.672789,
                            "L"
                        ],
                        [
                            265.771611,
                            348.123377,
                            "L"
                        ]
                    ]
                },
                {
                    "category": "lane/crosswalk",
                    "id": 43,
                    "attributes": {
                        "direction": "vertical",
                        "style": "dashed"
                    },
                    "poly2d": [
                        [
                            1161.659014,
                            353.114394,
                            "L"
                        ],
                        [
                            1276.452386,
                            586.4444,
                            "L"
                        ]
                    ]
                },
                {
                    "category": "lane/crosswalk",
                    "id": 44,
                    "attributes": {
                        "direction": "vertical",
                        "style": "dashed"
                    },
                    "poly2d": [
                        [
                            873.42783,
                            321.920543,
                            "C"
                        ],
                        [
                            947.045318,
                            328.159313,
                            "C"
                        ],
                        [
                            1023.158314,
                            336.893592,
                            "C"
                        ],
                        [
                            1098.023559,
                            344.380116,
                            "L"
                        ]
                    ]
                },
                {
                    "category": "lane/crosswalk",
                    "id": 45,
                    "attributes": {
                        "direction": "vertical",
                        "style": "dashed"
                    },
                    "poly2d": [
                        [
                            1169.145538,
                            336.893592,
                            "L"
                        ],
                        [
                            1134.208426,
                            330.654821,
                            "L"
                        ]
                    ]
                },
                {
                    "category": "lane/single white",
                    "id": 46,
                    "attributes": {
                        "direction": "parallel",
                        "style": "dashed"
                    },
                    "poly2d": [
                        [
                            588.939908,
                            348.123377,
                            "C"
                        ],
                        [
                            778.598523,
                            398.03354,
                            "C"
                        ],
                        [
                            976.991415,
                            465.412257,
                            "C"
                        ],
                        [
                            1171.641046,
                            524.056697,
                            "L"
                        ]
                    ]
                },
                {
                    "category": "lane/single white",
                    "id": 47,
                    "attributes": {
                        "direction": "parallel",
                        "style": "dashed"
                    },
                    "poly2d": [
                        [
                            590.187661,
                            343.132362,
                            "C"
                        ],
                        [
                            787.332801,
                            389.299261,
                            "C"
                        ],
                        [
                            978.239168,
                            457.925734,
                            "C"
                        ],
                        [
                            1169.145538,
                            515.32242,
                            "L"
                        ]
                    ]
                },
                {
                    "category": "lane/single white",
                    "id": 48,
                    "attributes": {
                        "direction": "parallel",
                        "style": "dashed"
                    },
                    "poly2d": [
                        [
                            665.052905,
                            331.902575,
                            "C"
                        ],
                        [
                            835.995209,
                            359.353164,
                            "C"
                        ],
                        [
                            1001.946496,
                            390.547015,
                            "C"
                        ],
                        [
                            1170.393293,
                            420.493111,
                            "L"
                        ]
                    ]
                },
                {
                    "category": "lane/single white",
                    "id": 49,
                    "attributes": {
                        "direction": "parallel",
                        "style": "dashed"
                    },
                    "poly2d": [
                        [
                            1167.897784,
                            415.502096,
                            "C"
                        ],
                        [
                            998.203234,
                            381.812737,
                            "C"
                        ],
                        [
                            834.747455,
                            353.114394,
                            "C"
                        ],
                        [
                            666.300659,
                            329.407067,
                            "L"
                        ]
                    ]
                },
                {
                    "category": "lane/single white",
                    "id": 50,
                    "attributes": {
                        "direction": "parallel",
                        "style": "dashed"
                    },
                    "poly2d": [
                        [
                            784.837293,
                            328.159313,
                            "L"
                        ],
                        [
                            1151.676981,
                            381.812737,
                            "L"
                        ]
                    ]
                },
                {
                    "category": "lane/single white",
                    "id": 51,
                    "attributes": {
                        "direction": "parallel",
                        "style": "dashed"
                    },
                    "poly2d": [
                        [
                            346.875624,
                            296.965463,
                            "L"
                        ],
                        [
                            455.430226,
                            320.672789,
                            "L"
                        ]
                    ]
                },
                {
                    "category": "lane/single white",
                    "id": 52,
                    "attributes": {
                        "direction": "parallel",
                        "style": "dashed"
                    },
                    "poly2d": [
                        [
                            480.385307,
                            308.195249,
                            "L"
                        ],
                        [
                            380.564983,
                            291.974446,
                            "L"
                        ]
                    ]
                },
                {
                    "category": "lane/single white",
                    "id": 53,
                    "attributes": {
                        "direction": "parallel",
                        "style": "solid"
                    },
                    "poly2d": [
                        [
                            296.965463,
                            314.434019,
                            "C"
                        ],
                        [
                            318.177281,
                            318.177281,
                            "C"
                        ],
                        [
                            346.875624,
                            323.168297,
                            "C"
                        ],
                        [
                            368.087443,
                            331.902575,
                            "L"
                        ]
                    ]
                }
            ]
        }
    ],
    "attributes": {
        "weather": "clear",
        "scene": "city street",
        "timeofday": "daytime"
    }
}