{
    "name": "1d981a62-27584b3b",
    "frames": [
        {
            "timestamp": 10000,
            "objects": [
                {
                    "category": "traffic light",
                    "id": 0,
                    "attributes": {
                        "occluded": false,
                        "truncated": false,
                        "trafficLightColor": "none"
                    },
                    "box2d": {
                        "x1": 749.481511,
                        "y1": 84.374942,
                        "x2": 771.418996,
                        "y2": 141.749903
                    }
                },
                {
                    "category": "traffic light",
                    "id": 1,
                    "attributes": {
                        "occluded": false,
                        "truncated": false,
                        "trafficLightColor": "green"
                    },
                    "box2d": {
                        "x1": 730.919024,
                        "y1": 79.312445,
                        "x2": 759.606504,
                        "y2": 136.687406
                    }
                },
                {
                    "category": "traffic light",
                    "id": 2,
                    "attributes": {
                        "occluded": false,
                        "truncated": false,
                        "trafficLightColor": "none"
                    },
                    "box2d": {
                        "x1": 472.731701,
                        "y1": 91.124937,
                        "x2": 501.419181,
                        "y2": 141.749903
                    }
                },
                {
                    "category": "traffic light",
                    "id": 3,
                    "attributes": {
                        "occluded": false,
                        "truncated": false,
                        "trafficLightColor": "green"
                    },
                    "box2d": {
                        "x1": 428.856731,
                        "y1": 242.999833,
                        "x2": 449.106717,
                        "y2": 266.624817
                    }
                },
                {
                    "category": "traffic light",
                    "id": 4,
                    "attributes": {
                        "occluded": false,
                        "truncated": false,
                        "trafficLightColor": "green"
                    },
                    "box2d": {
                        "x1": 651.606578,
                        "y1": 298.687295,
                        "x2": 660.044072,
                        "y2": 313.874784
                    }
                },
                {
                    "category": "traffic light",
                    "id": 5,
                    "attributes": {
                        "occluded": false,
                        "truncated": false,
                        "trafficLightColor": "green"
                    },
                    "box2d": {
                        "x1": 609.419107,
                        "y1": 280.124807,
                        "x2": 616.169103,
                        "y2": 293.624798
                    }
                },
                {
                    "category": "traffic sign",
                    "id": 6,
                    "attributes": {
                        "occluded": false,
                        "truncated": false,
                        "trafficLightColor": "none"
                    },
                    "box2d": {
                        "x1": 548.669149,
                        "y1": 118.124919,
                        "x2": 649.919079,
                        "y2": 151.874896
                    }
                },
                {
                    "category": "traffic sign",
                    "id": 7,
                    "attributes": {
                        "occluded": false,
                        "truncated": false,
                        "trafficLightColor": "none"
                    },
                    "box2d": {
                        "x1": 479.481697,
                        "y1": 165.374886,
                        "x2": 489.60669,
                        "y2": 190.687369
                    }
                },
                {
                    "category": "traffic light",
                    "id": 8,
                    "attributes": {
                        "occluded": false,
                        "truncated": false,
                        "trafficLightColor": "green"
                    },
                    "box2d": {
                        "x1": 762.981502,
                        "y1": 300.374793,
                        "x2": 769.731497,
                        "y2": 315.562283
                    }
                },
                {
                    "category": "traffic sign",
                    "id": 9,
                    "attributes": {
                        "occluded": false,
                        "truncated": false,
                        "trafficLightColor": "none"
                    },
                    "box2d": {
                        "x1": 773.106495,
                        "y1": 300.374793,
                        "x2": 796.731478,
                        "y2": 310.499788
                    }
                },
                {
                    "category": "traffic sign",
                    "id": 10,
                    "attributes": {
                        "occluded": false,
                        "truncated": false,
                        "trafficLightColor": "none"
                    },
                    "box2d": {
                        "x1": 730.919024,
                        "y1": 317.249782,
                        "x2": 739.356518,
                        "y2": 332.437271
                    }
                },
                {
                    "category": "car",
                    "id": 11,
                    "attributes": {
                        "occluded": true,
                        "truncated": false,
                        "trafficLightColor": "none"
                    },
                    "box2d": {
                        "x1": 565.544137,
                        "y1": 308.812288,
                        "x2": 579.044128,
                        "y2": 322.312278
                    }
                },
                {
                    "category": "car",
                    "id": 12,
                    "attributes": {
                        "occluded": true,
                        "truncated": false,
                        "trafficLightColor": "none"
                    },
                    "box2d": {
                        "x1": 582.419126,
                        "y1": 307.124789,
                        "x2": 592.544119,
                        "y2": 320.62478
                    }
                },
                {
                    "category": "car",
                    "id": 13,
                    "attributes": {
                        "occluded": true,
                        "truncated": false,
                        "trafficLightColor": "none"
                    },
                    "box2d": {
                        "x1": 595.919116,
                        "y1": 312.187285,
                        "x2": 606.044111,
                        "y2": 327.374775
                    }
                },
                {
                    "category": "car",
                    "id": 14,
                    "attributes": {
                        "occluded": true,
                        "truncated": false,
                        "trafficLightColor": "none"
                    },
                    "box2d": {
                        "x1": 585.794123,
                        "y1": 317.249782,
                        "x2": 597.606615,
                        "y2": 334.12477
                    }
                },
                {
                    "category": "car",
                    "id": 15,
                    "attributes": {
                        "occluded": true,
                        "truncated": false,
                        "trafficLightColor": "none"
                    },
                    "box2d": {
                        "x1": 575.66913,
                        "y1": 323.999777,
                        "x2": 602.669112,
                        "y2": 340.874766
                    }
                },
                {
                    "category": "car",
                    "id": 16,
                    "attributes": {
                        "occluded": true,
                        "truncated": false,
                        "trafficLightColor": "none"
                    },
                    "box2d": {
                        "x1": 557.106643,
                        "y1": 322.312278,
                        "x2": 584.106625,
                        "y2": 354.374756
                    }
                },
                {
                    "category": "car",
                    "id": 17,
                    "attributes": {
                        "occluded": false,
                        "truncated": false,
                        "trafficLightColor": "none"
                    },
                    "box2d": {
                        "x1": 528.419163,
                        "y1": 325.687276,
                        "x2": 582.419126,
                        "y2": 369.562246
                    }
                },
                {
                    "category": "car",
                    "id": 18,
                    "attributes": {
                        "occluded": true,
                        "truncated": false,
                        "trafficLightColor": "none"
                    },
                    "box2d": {
                        "x1": 611.106606,
                        "y1": 313.874784,
                        "x2": 624.606597,
                        "y2": 322.312278
                    }
                },
                {
                    "category": "car",
                    "id": 19,
                    "attributes": {
                        "occluded": true,
                        "truncated": false,
                        "trafficLightColor": "none"
                    },
                    "box2d": {
                        "x1": 622.919098,
                        "y1": 317.249782,
                        "x2": 636.419089,
                        "y2": 332.437271
                    }
                },
                {
                    "category": "car",
                    "id": 20,
                    "attributes": {
                        "occluded": true,
                        "truncated": false,
                        "trafficLightColor": "none"
                    },
                    "box2d": {
                        "x1": 607.731608,
                        "y1": 325.687276,
                        "x2": 626.294096,
                        "y2": 340.874766
                    }
                },
                {
                    "category": "car",
                    "id": 21,
                    "attributes": {
                        "occluded": true,
                        "truncated": false,
                        "trafficLightColor": "none"
                    },
                    "box2d": {
                        "x1": 644.856583,
                        "y1": 320.62478,
                        "x2": 661.731571,
                        "y2": 337.499768
                    }
                },
                {
                    "category": "car",
                    "id": 22,
                    "attributes": {
                        "occluded": true,
                        "truncated": false,
                        "trafficLightColor": "none"
                    },
                    "box2d": {
                        "x1": 661.731571,
                        "y1": 320.62478,
                        "x2": 680.294058,
                        "y2": 337.499768
                    }
                },
                {
                    "category": "car",
                    "id": 23,
                    "attributes": {
                        "occluded": false,
                        "truncated": false,
                        "trafficLightColor": "none"
                    },
                    "box2d": {
                        "x1": 634.73159,
                        "y1": 327.374775,
                        "x2": 663.41907,
                        "y2": 356.062255
                    }
                },
                {
                    "category": "car",
                    "id": 24,
                    "attributes": {
                        "occluded": true,
                        "truncated": false,
                        "trafficLightColor": "none"
                    },
                    "box2d": {
                        "x1": 665.106569,
                        "y1": 330.749773,
                        "x2": 683.669056,
                        "y2": 344.249763
                    }
                },
                {
                    "category": "car",
                    "id": 25,
                    "attributes": {
                        "occluded": false,
                        "truncated": false,
                        "trafficLightColor": "none"
                    },
                    "box2d": {
                        "x1": 678.60656,
                        "y1": 335.812269,
                        "x2": 700.544043,
                        "y2": 357.749754
                    }
                },
                {
                    "category": "car",
                    "id": 26,
                    "attributes": {
                        "occluded": true,
                        "truncated": false,
                        "trafficLightColor": "none"
                    },
                    "box2d": {
                        "x1": 703.919042,
                        "y1": 335.812269,
                        "x2": 724.169028,
                        "y2": 349.31226
                    }
                },
                {
                    "category": "car",
                    "id": 27,
                    "attributes": {
                        "occluded": true,
                        "truncated": false,
                        "trafficLightColor": "none"
                    },
                    "box2d": {
                        "x1": 739.356518,
                        "y1": 335.812269,
                        "x2": 759.606504,
                        "y2": 347.624761
                    }
                },
                {
                    "category": "car",
                    "id": 28,
                    "attributes": {
                        "occluded": true,
                        "truncated": false,
                        "trafficLightColor": "none"
                    },
                    "box2d": {
                        "x1": 749.481511,
                        "y1": 344.249763,
                        "x2": 793.356481,
                        "y2": 354.374756
                    }
                },
                {
                    "category": "car",
                    "id": 29,
                    "attributes": {
                        "occluded": false,
                        "truncated": false,
                        "trafficLightColor": "none"
                    },
                    "box2d": {
                        "x1": 747.794012,
                        "y1": 349.31226,
                        "x2": 800.106476,
                        "y2": 364.499749
                    }
                },
                {
                    "category": "car",
                    "id": 30,
                    "attributes": {
                        "occluded": false,
                        "truncated": false,
                        "trafficLightColor": "none"
                    },
                    "box2d": {
                        "x1": 712.356536,
                        "y1": 340.874766,
                        "x2": 746.106513,
                        "y2": 366.187248
                    }
                },
                {
                    "category": "car",
                    "id": 31,
                    "attributes": {
                        "occluded": true,
                        "truncated": false,
                        "trafficLightColor": "none"
                    },
                    "box2d": {
                        "x1": 800.106476,
                        "y1": 344.249763,
                        "x2": 820.356462,
                        "y2": 359.437253
                    }
                },
                {
                    "category": "car",
                    "id": 32,
                    "attributes": {
                        "occluded": true,
                        "truncated": false,
                        "trafficLightColor": "none"
                    },
                    "box2d": {
                        "x1": 822.043961,
                        "y1": 344.249763,
                        "x2": 838.918949,
                        "y2": 354.374756
                    }
                },
                {
                    "category": "car",
                    "id": 33,
                    "attributes": {
                        "occluded": true,
                        "truncated": false,
                        "trafficLightColor": "none"
                    },
                    "box2d": {
                        "x1": 842.293947,
                        "y1": 345.937262,
                        "x2": 860.856434,
                        "y2": 359.437253
                    }
                },
                {
                    "category": "car",
                    "id": 34,
                    "attributes": {
                        "occluded": true,
                        "truncated": false,
                        "trafficLightColor": "none"
                    },
                    "box2d": {
                        "x1": 820.356462,
                        "y1": 354.374756,
                        "x2": 847.356444,
                        "y2": 374.624742
                    }
                },
                {
                    "category": "car",
                    "id": 35,
                    "attributes": {
                        "occluded": true,
                        "truncated": false,
                        "trafficLightColor": "none"
                    },
                    "box2d": {
                        "x1": 847.356444,
                        "y1": 354.374756,
                        "x2": 872.668926,
                        "y2": 374.962237
                    }
                },
                {
                    "category": "car",
                    "id": 36,
                    "attributes": {
                        "occluded": true,
                        "truncated": false,
                        "trafficLightColor": "none"
                    },
                    "box2d": {
                        "x1": 867.60643,
                        "y1": 356.062255,
                        "x2": 903.043905,
                        "y2": 384.749735
                    }
                },
                {
                    "category": "car",
                    "id": 37,
                    "attributes": {
                        "occluded": true,
                        "truncated": false,
                        "trafficLightColor": "none"
                    },
                    "box2d": {
                        "x1": 894.606411,
                        "y1": 359.437253,
                        "x2": 924.98139,
                        "y2": 391.499731
                    }
                },
                {
                    "category": "car",
                    "id": 38,
                    "attributes": {
                        "occluded": true,
                        "truncated": false,
                        "trafficLightColor": "none"
                    },
                    "box2d": {
                        "x1": 904.731404,
                        "y1": 354.374756,
                        "x2": 950.293873,
                        "y2": 399.937225
                    }
                },
                {
                    "category": "car",
                    "id": 39,
                    "attributes": {
                        "occluded": true,
                        "truncated": false,
                        "trafficLightColor": "none"
                    },
                    "box2d": {
                        "x1": 931.731386,
                        "y1": 354.374756,
                        "x2": 1029.606318,
                        "y2": 410.062218
                    }
                },
                {
                    "category": "car",
                    "id": 40,
                    "attributes": {
                        "occluded": false,
                        "truncated": false,
                        "trafficLightColor": "none"
                    },
                    "box2d": {
                        "x1": 1026.231321,
                        "y1": 359.437253,
                        "x2": 1166.293724,
                        "y2": 428.624705
                    }
                },
                {
                    "category": "car",
                    "id": 41,
                    "attributes": {
                        "occluded": true,
                        "truncated": false,
                        "trafficLightColor": "none"
                    },
                    "box2d": {
                        "x1": 1164.606226,
                        "y1": 386.437234,
                        "x2": 1211.856193,
                        "y2": 431.999703
                    }
                },
                {
                    "category": "car",
                    "id": 42,
                    "attributes": {
                        "occluded": false,
                        "truncated": true,
                        "trafficLightColor": "none"
                    },
                    "box2d": {
                        "x1": 1173.04372,
                        "y1": 415.124715,
                        "x2": 1277.668648,
                        "y2": 501.187155
                    }
                },
                {
                    "category": "person",
                    "id": 43,
                    "attributes": {
                        "occluded": true,
                        "truncated": false,
                        "trafficLightColor": "none"
                    },
                    "box2d": {
                        "x1": 489.60669,
                        "y1": 313.874784,
                        "x2": 503.10668,
                        "y2": 345.937262
                    }
                },
                {
                    "category": "person",
                    "id": 44,
                    "attributes": {
                        "occluded": true,
                        "truncated": false,
                        "trafficLightColor": "none"
                    },
                    "box2d": {
                        "x1": 440.669223,
                        "y1": 339.187267,
                        "x2": 455.856713,
                        "y2": 364.499749
                    }
                },
                {
                    "category": "person",
                    "id": 45,
                    "attributes": {
                        "occluded": true,
                        "truncated": false,
                        "trafficLightColor": "none"
                    },
                    "box2d": {
                        "x1": 384.981762,
                        "y1": 302.062292,
                        "x2": 405.231749,
                        "y2": 359.437253
                    }
                },
                {
                    "category": "person",
                    "id": 46,
                    "attributes": {
                        "occluded": true,
                        "truncated": false,
                        "trafficLightColor": "none"
                    },
                    "box2d": {
                        "x1": 368.106773,
                        "y1": 293.624798,
                        "x2": 386.66926,
                        "y2": 364.499749
                    }
                },
                {
                    "category": "person",
                    "id": 47,
                    "attributes": {
                        "occluded": false,
                        "truncated": false,
                        "trafficLightColor": "none"
                    },
                    "box2d": {
                        "x1": 347.856787,
                        "y1": 290.2498,
                        "x2": 374.856768,
                        "y2": 376.312241
                    }
                },
                {
                    "category": "person",
                    "id": 48,
                    "attributes": {
                        "occluded": false,
                        "truncated": true,
                        "trafficLightColor": "none"
                    },
                    "box2d": {
                        "x1": 0.232026,
                        "y1": 263.249819,
                        "x2": 44.106996,
                        "y2": 460.687183
                    }
                },
                {
                    "category": "bike",
                    "id": 49,
                    "attributes": {
                        "occluded": true,
                        "truncated": false,
                        "trafficLightColor": "none"
                    },
                    "box2d": {
                        "x1": 37.357001,
                        "y1": 307.124789,
                        "x2": 150.419423,
                        "y2": 420.187211
                    }
                },
                {
                    "category": "rider",
                    "id": 50,
                    "attributes": {
                        "occluded": true,
                        "truncated": false,
                        "trafficLightColor": "none"
                    },
                    "box2d": {
                        "x1": 37.357001,
                        "y1": 226.124845,
                        "x2": 138.606931,
                        "y2": 391.499731
                    }
                },
                {
                    "category": "area/drivable",
                    "id": 51,
                    "attributes": {},
                    "poly2d": [
                        [
                            127.270913,
                            485.376323,
                            "L"
                        ],
                        [
                            170.942304,
                            381.812738,
                            "L"
                        ],
                        [
                            316.929527,
                            391.794769,
                            "C"
                        ],
                        [
                            516.570174,
                            440.457177,
                            "C"
                        ],
                        [
                            525.304452,
                            374.326213,
                            "C"
                        ],
                        [
                            588.939907,
                            376.82172,
                            "L"
                        ],
                        [
                            592.649793,
                            350.999877,
                            "L"
                        ],
                        [
                            620.999783,
                            346.949879,
                            "L"
                        ],
                        [
                            646.649774,
                            365.849872,
                            "L"
                        ],
                        [
                            816.031144,
                            378.069475,
                            "L"
                        ],
                        [
                            1157.915752,
                            440.457177,
                            "L"
                        ],
                        [
                            1166.65003,
                            492.862847,
                            "L"
                        ],
                        [
                            1280.195647,
                            516.570174,
                            "L"
                        ],
                        [
                            1280.195647,
                            719.954082,
                            "L"
                        ],
                        [
                            947.045318,
                            616.390497,
                            "C"
                        ],
                        [
                            610.151726,
                            561.489319,
                            "C"
                        ],
                        [
                            284.487922,
                            602.665203,
                            "C"
                        ],
                        [
                            255.78958,
                            541.525255,
                            "C"
                        ],
                        [
                            215.86145,
                            506.588141,
                            "C"
                        ],
                        [
                            127.270913,
                            485.376323,
                            "C"
                        ]
                    ]
                },
                {
                    "category": "lane/crosswalk",
                    "id": 52,
                    "attributes": {
                        "direction": "vertical",
                        "style": "dashed"
                    },
                    "poly2d": [
                        [
                            456.894829,
                            399.302806,
                            "L"
                        ],
                        [
                            356.949085,
                            516.822444,
                            "L"
                        ]
                    ]
                },
                {
                    "category": "lane/crosswalk",
                    "id": 53,
                    "attributes": {
                        "direction": "vertical",
                        "style": "dashed"
                    },
                    "poly2d": [
                        [
                            394.611717,
                            520.845752,
                            "C"
                        ],
                        [
                            686.521454,
                            522.679715,
                            "C"
                        ],
                        [
                            985.148097,
                            547.438227,
                            "C"
                        ],
                        [
                            1273.389907,
                            572.19674,
                            "L"
                        ]
                    ]
                },
                {
                    "category": "lane/crosswalk",
                    "id": 54,
                    "attributes": {
                        "direction": "vertical",
                        "style": "dashed"
                    },
                    "poly2d": [
                        [
                            493.955244,
                            403.47206,
                            "L"
                        ],
                        [
                            1168.853963,
                            443.819267,
                            "L"
                        ]
                    ]
                },
                {
                    "category": "lane/crosswalk",
                    "id": 55,
                    "attributes": {
                        "direction": "vertical",
                        "style": "dashed"
                    },
                    "poly2d": [
                        [
                            504.959027,
                            390.634313,
                            "L"
                        ],
                        [
                            1066.151985,
                            425.479628,
                            "L"
                        ]
                    ]
                },
                {
                    "category": "lane/road curb",
                    "id": 56,
                    "attributes": {
                        "direction": "parallel",
                        "style": "solid"
                    },
                    "poly2d": [
                        [
                            150.467768,
                            377.336517,
                            "C"
                        ],
                        [
                            211.972842,
                            377.336517,
                            "C"
                        ],
                        [
                            505.566533,
                            440.151339,
                            "C"
                        ],
                        [
                            526.966593,
                            364.958817,
                            "L"
                        ]
                    ]
                },
                {
                    "category": "lane/crosswalk",
                    "id": 57,
                    "attributes": {
                        "direction": "vertical",
                        "style": "dashed"
                    },
                    "poly2d": [
                        [
                            393.69475,
                            530.01557,
                            "C"
                        ],
                        [
                            699.049726,
                            530.932552,
                            "C"
                        ],
                        [
                            978.729223,
                            557.525029,
                            "C"
                        ],
                        [
                            1274.914394,
                            581.366561,
                            "L"
                        ]
                    ]
                },
                {
                    "category": "lane/crosswalk",
                    "id": 58,
                    "attributes": {
                        "direction": "vertical",
                        "style": "dashed"
                    },
                    "poly2d": [
                        [
                            269.084695,
                            607.982537,
                            "C"
                        ],
                        [
                            275.674525,
                            555.263445,
                            "C"
                        ],
                        [
                            216.366061,
                            513.5275,
                            "C"
                        ],
                        [
                            146.074549,
                            495.95447,
                            "L"
                        ]
                    ]
                },
                {
                    "category": "lane/single white",
                    "id": 59,
                    "attributes": {
                        "direction": "parallel",
                        "style": "dashed"
                    },
                    "poly2d": [
                        [
                            746.847317,
                            403.696062,
                            "L"
                        ],
                        [
                            612.854121,
                            342.190457,
                            "L"
                        ]
                    ]
                },
                {
                    "category": "lane/single white",
                    "id": 60,
                    "attributes": {
                        "direction": "parallel",
                        "style": "solid"
                    },
                    "poly2d": [
                        [
                            866.562547,
                            410.285947,
                            "L"
                        ],
                        [
                            814.942218,
                            392.712918,
                            "L"
                        ]
                    ]
                }
            ]
        }
    ],
    "attributes": {
        "weather": "undefined",
        "scene": "city street",
        "timeofday": "daytime"
    }
}