{
    "name": "1db70110-e028541e",
    "frames": [
        {
            "timestamp": 10000,
            "objects": [
                {
                    "category": "person",
                    "id": 0,
                    "attributes": {
                        "occluded": false,
                        "truncated": false,
                        "trafficLightColor": "none"
                    },
                    "box2d": {
                        "x1": 1079.612211,
                        "y1": 380.550414,
                        "x2": 1126.183067,
                        "y2": 501.634637
                    }
                },
                {
                    "category": "person",
                    "id": 1,
                    "attributes": {
                        "occluded": true,
                        "truncated": false,
                        "trafficLightColor": "none"
                    },
                    "box2d": {
                        "x1": 685.09054,
                        "y1": 391.860479,
                        "x2": 703.718882,
                        "y2": 448.410803
                    }
                },
                {
                    "category": "car",
                    "id": 2,
                    "attributes": {
                        "occluded": false,
                        "truncated": true,
                        "trafficLightColor": "none"
                    },
                    "box2d": {
                        "x1": 1230.634841,
                        "y1": 399.511405,
                        "x2": 1278.536292,
                        "y2": 484.66954
                    }
                },
                {
                    "category": "car",
                    "id": 3,
                    "attributes": {
                        "occluded": false,
                        "truncated": true,
                        "trafficLightColor": "none"
                    },
                    "box2d": {
                        "x1": 0,
                        "y1": 333.88452,
                        "x2": 192.686902,
                        "y2": 562.747007
                    }
                },
                {
                    "category": "car",
                    "id": 4,
                    "attributes": {
                        "occluded": true,
                        "truncated": false,
                        "trafficLightColor": "none"
                    },
                    "box2d": {
                        "x1": 259.466192,
                        "y1": 400.952898,
                        "x2": 279.425129,
                        "y2": 426.622296
                    }
                },
                {
                    "category": "car",
                    "id": 5,
                    "attributes": {
                        "occluded": true,
                        "truncated": false,
                        "trafficLightColor": "none"
                    },
                    "box2d": {
                        "x1": 276.09864,
                        "y1": 384.320449,
                        "x2": 341.963135,
                        "y2": 442.866667
                    }
                },
                {
                    "category": "truck",
                    "id": 6,
                    "attributes": {
                        "occluded": true,
                        "truncated": false,
                        "trafficLightColor": "none"
                    },
                    "box2d": {
                        "x1": 356.599689,
                        "y1": 381.215712,
                        "x2": 391.860479,
                        "y2": 401.17465
                    }
                },
                {
                    "category": "car",
                    "id": 7,
                    "attributes": {
                        "occluded": true,
                        "truncated": false,
                        "trafficLightColor": "none"
                    },
                    "box2d": {
                        "x1": 460.885139,
                        "y1": 384.874851,
                        "x2": 528.745528,
                        "y2": 439.429281
                    }
                },
                {
                    "category": "truck",
                    "id": 8,
                    "attributes": {
                        "occluded": false,
                        "truncated": false,
                        "trafficLightColor": "none"
                    },
                    "box2d": {
                        "x1": 203.581166,
                        "y1": 379.386143,
                        "x2": 237.51136,
                        "y2": 419.304019
                    }
                },
                {
                    "category": "car",
                    "id": 9,
                    "attributes": {
                        "occluded": true,
                        "truncated": false,
                        "trafficLightColor": "none"
                    },
                    "box2d": {
                        "x1": 240.172552,
                        "y1": 400.675677,
                        "x2": 250.152021,
                        "y2": 411.320443
                    }
                },
                {
                    "category": "car",
                    "id": 10,
                    "attributes": {
                        "occluded": true,
                        "truncated": false,
                        "trafficLightColor": "none"
                    },
                    "box2d": {
                        "x1": 251.482616,
                        "y1": 401.340975,
                        "x2": 258.135596,
                        "y2": 411.320442
                    }
                },
                {
                    "category": "car",
                    "id": 11,
                    "attributes": {
                        "occluded": false,
                        "truncated": false,
                        "trafficLightColor": "none"
                    },
                    "box2d": {
                        "x1": 290.485697,
                        "y1": 398.988677,
                        "x2": 442.838923,
                        "y2": 506.76694
                    }
                },
                {
                    "category": "traffic light",
                    "id": 12,
                    "attributes": {
                        "occluded": false,
                        "truncated": false,
                        "trafficLightColor": "green"
                    },
                    "box2d": {
                        "x1": 448.161336,
                        "y1": 198.92408,
                        "x2": 463.579599,
                        "y2": 238.442778
                    }
                },
                {
                    "category": "traffic light",
                    "id": 13,
                    "attributes": {
                        "occluded": false,
                        "truncated": false,
                        "trafficLightColor": "red"
                    },
                    "box2d": {
                        "x1": 267.449767,
                        "y1": 373.365205,
                        "x2": 272.106852,
                        "y2": 382.679376
                    }
                },
                {
                    "category": "traffic light",
                    "id": 14,
                    "attributes": {
                        "occluded": false,
                        "truncated": false,
                        "trafficLightColor": "red"
                    },
                    "box2d": {
                        "x1": 334.644857,
                        "y1": 374.030503,
                        "x2": 339.967241,
                        "y2": 380.683483
                    }
                },
                {
                    "category": "traffic light",
                    "id": 15,
                    "attributes": {
                        "occluded": false,
                        "truncated": false,
                        "trafficLightColor": "green"
                    },
                    "box2d": {
                        "x1": 366.579158,
                        "y1": 357.398055,
                        "x2": 374.562733,
                        "y2": 368.70812
                    }
                },
                {
                    "category": "traffic light",
                    "id": 16,
                    "attributes": {
                        "occluded": false,
                        "truncated": false,
                        "trafficLightColor": "none"
                    },
                    "box2d": {
                        "x1": 239.507254,
                        "y1": 353.406267,
                        "x2": 244.829636,
                        "y2": 365.38163
                    }
                },
                {
                    "category": "traffic light",
                    "id": 17,
                    "attributes": {
                        "occluded": false,
                        "truncated": false,
                        "trafficLightColor": "none"
                    },
                    "box2d": {
                        "x1": 432.709778,
                        "y1": 350.079777,
                        "x2": 440.693353,
                        "y2": 362.720438
                    }
                },
                {
                    "category": "traffic light",
                    "id": 18,
                    "attributes": {
                        "occluded": false,
                        "truncated": false,
                        "trafficLightColor": "green"
                    },
                    "box2d": {
                        "x1": 733.32464,
                        "y1": 334.24568,
                        "x2": 771.91192,
                        "y2": 358.861703
                    }
                },
                {
                    "category": "traffic sign",
                    "id": 19,
                    "attributes": {
                        "occluded": false,
                        "truncated": false,
                        "trafficLightColor": "none"
                    },
                    "box2d": {
                        "x1": 454.564809,
                        "y1": 396.850213,
                        "x2": 495.147982,
                        "y2": 438.098685
                    }
                },
                {
                    "category": "traffic sign",
                    "id": 20,
                    "attributes": {
                        "occluded": false,
                        "truncated": false,
                        "trafficLightColor": "none"
                    },
                    "box2d": {
                        "x1": 722.679873,
                        "y1": 311.692079,
                        "x2": 747.961195,
                        "y2": 322.336846
                    }
                },
                {
                    "category": "traffic sign",
                    "id": 21,
                    "attributes": {
                        "occluded": false,
                        "truncated": false,
                        "trafficLightColor": "none"
                    },
                    "box2d": {
                        "x1": 736.65113,
                        "y1": 295.059631,
                        "x2": 759.271259,
                        "y2": 304.373802
                    }
                },
                {
                    "category": "traffic sign",
                    "id": 22,
                    "attributes": {
                        "occluded": false,
                        "truncated": false,
                        "trafficLightColor": "none"
                    },
                    "box2d": {
                        "x1": 419.304019,
                        "y1": 359.59353,
                        "x2": 431.279381,
                        "y2": 364.250615
                    }
                },
                {
                    "category": "traffic sign",
                    "id": 23,
                    "attributes": {
                        "occluded": false,
                        "truncated": false,
                        "trafficLightColor": "none"
                    },
                    "box2d": {
                        "x1": 425.2917,
                        "y1": 368.242403,
                        "x2": 457.891299,
                        "y2": 384.209553
                    }
                },
                {
                    "category": "area/drivable",
                    "id": 24,
                    "attributes": {},
                    "poly2d": [
                        [
                            201.172244,
                            517.990169,
                            "L"
                        ],
                        [
                            448.394828,
                            516.454625,
                            "L"
                        ],
                        [
                            449.930372,
                            464.246129,
                            "L"
                        ],
                        [
                            651.086637,
                            467.317217,
                            "L"
                        ],
                        [
                            798.498861,
                            485.743745,
                            "C"
                        ],
                        [
                            879.882694,
                            485.743745,
                            "C"
                        ],
                        [
                            1015.010566,
                            490.350377,
                            "C"
                        ],
                        [
                            1021.152742,
                            510.312449,
                            "L"
                        ],
                        [
                            1128.640822,
                            516.454625,
                            "L"
                        ],
                        [
                            1136.318542,
                            488.814833,
                            "L"
                        ],
                        [
                            1246.877711,
                            487.279289,
                            "L"
                        ],
                        [
                            1280.6437,
                            499.563641,
                            "L"
                        ],
                        [
                            1280.6437,
                            720.170138,
                            "L"
                        ],
                        [
                            1104.072118,
                            720.170138,
                            "L"
                        ],
                        [
                            993.51295,
                            703.790994,
                            "C"
                        ],
                        [
                            800.034405,
                            665.402394,
                            "C"
                        ],
                        [
                            692.546325,
                            689.971098,
                            "C"
                        ],
                        [
                            529.778661,
                            682.293378,
                            "C"
                        ],
                        [
                            112.110691,
                            682.293378,
                            "C"
                        ],
                        [
                            55.295563,
                            719.146434,
                            "C"
                        ],
                        [
                            0,
                            719.146434,
                            "L"
                        ],
                        [
                            1.551523,
                            573.269754,
                            "L"
                        ],
                        [
                            138.214939,
                            568.663122,
                            "L"
                        ],
                        [
                            201.172244,
                            517.990169,
                            "L"
                        ]
                    ]
                },
                {
                    "category": "lane/crosswalk",
                    "id": 25,
                    "attributes": {
                        "direction": "vertical",
                        "style": "dashed"
                    },
                    "poly2d": [
                        [
                            444.82946,
                            488.246879,
                            "L"
                        ],
                        [
                            733.883595,
                            483.753811,
                            "L"
                        ]
                    ]
                },
                {
                    "category": "lane/crosswalk",
                    "id": 26,
                    "attributes": {
                        "direction": "vertical",
                        "style": "dashed"
                    },
                    "poly2d": [
                        [
                            187.226812,
                            491.242259,
                            "L"
                        ],
                        [
                            298.055858,
                            486.749189,
                            "L"
                        ]
                    ]
                },
                {
                    "category": "lane/crosswalk",
                    "id": 27,
                    "attributes": {
                        "direction": "vertical",
                        "style": "dashed"
                    },
                    "poly2d": [
                        [
                            194.715262,
                            465.781531,
                            "L"
                        ],
                        [
                            286.074339,
                            467.279222,
                            "L"
                        ]
                    ]
                },
                {
                    "category": "lane/crosswalk",
                    "id": 28,
                    "attributes": {
                        "direction": "vertical",
                        "style": "dashed"
                    },
                    "poly2d": [
                        [
                            441.83408,
                            461.288463,
                            "L"
                        ],
                        [
                            654.506034,
                            470.274602,
                            "L"
                        ]
                    ]
                },
                {
                    "category": "lane/crosswalk",
                    "id": 29,
                    "attributes": {
                        "direction": "vertical",
                        "style": "dashed"
                    },
                    "poly2d": [
                        [
                            0,
                            582.601337,
                            "L"
                        ],
                        [
                            1217.637404,
                            560.13599,
                            "L"
                        ]
                    ]
                },
                {
                    "category": "lane/crosswalk",
                    "id": 30,
                    "attributes": {
                        "direction": "vertical",
                        "style": "dashed"
                    },
                    "poly2d": [
                        [
                            807.270395,
                            486.749189,
                            "C"
                        ],
                        [
                            973.513963,
                            512.209916,
                            "C"
                        ],
                        [
                            1037.914626,
                            515.205296,
                            "C"
                        ],
                        [
                            1280.52479,
                            569.122129,
                            "L"
                        ]
                    ]
                },
                {
                    "category": "lane/crosswalk",
                    "id": 31,
                    "attributes": {
                        "direction": "vertical",
                        "style": "dashed"
                    },
                    "poly2d": [
                        [
                            1276.047306,
                            558.6383,
                            "C"
                        ],
                        [
                            1150.241361,
                            527.186815,
                            "C"
                        ],
                        [
                            985.495482,
                            500.228398,
                            "C"
                        ],
                        [
                            834.228811,
                            486.749189,
                            "L"
                        ]
                    ]
                },
                {
                    "category": "lane/crosswalk",
                    "id": 32,
                    "attributes": {
                        "direction": "vertical",
                        "style": "dashed"
                    },
                    "poly2d": [
                        [
                            1102.315287,
                            483.753811,
                            "L"
                        ],
                        [
                            1280.52479,
                            504.721467,
                            "L"
                        ]
                    ]
                },
                {
                    "category": "lane/road curb",
                    "id": 33,
                    "attributes": {
                        "direction": "parallel",
                        "style": "solid"
                    },
                    "poly2d": [
                        [
                            1250.58658,
                            482.25612,
                            "C"
                        ],
                        [
                            931.578648,
                            488.246879,
                            "C"
                        ],
                        [
                            759.344321,
                            506.219157,
                            "C"
                        ],
                        [
                            527.202399,
                            440.320805,
                            "L"
                        ]
                    ]
                },
                {
                    "category": "lane/single white",
                    "id": 34,
                    "attributes": {
                        "direction": "parallel",
                        "style": "dashed"
                    },
                    "poly2d": [
                        [
                            256.120543,
                            464.283842,
                            "L"
                        ],
                        [
                            280.08358,
                            438.823115,
                            "L"
                        ]
                    ]
                }
            ]
        }
    ],
    "attributes": {
        "weather": "undefined",
        "scene": "city street",
        "timeofday": "daytime"
    }
}