{
    "name": "1dcbf95d-cfac3bac",
    "frames": [
        {
            "timestamp": 10000,
            "objects": [
                {
                    "category": "traffic sign",
                    "id": 0,
                    "attributes": {
                        "occluded": false,
                        "truncated": false,
                        "trafficLightColor": "none"
                    },
                    "box2d": {
                        "x1": 532.150761,
                        "y1": 33.517248,
                        "x2": 588.872259,
                        "y2": 48.986749
                    }
                },
                {
                    "category": "traffic light",
                    "id": 1,
                    "attributes": {
                        "occluded": false,
                        "truncated": true,
                        "trafficLightColor": "red"
                    },
                    "box2d": {
                        "x1": 728.09775,
                        "y1": 0,
                        "x2": 740.989,
                        "y2": 7.73475
                    }
                },
                {
                    "category": "traffic light",
                    "id": 2,
                    "attributes": {
                        "occluded": false,
                        "truncated": false,
                        "trafficLightColor": "red"
                    },
                    "box2d": {
                        "x1": 594.028758,
                        "y1": 9.023875,
                        "x2": 630.124256,
                        "y2": 21.915124
                    }
                },
                {
                    "category": "traffic light",
                    "id": 3,
                    "attributes": {
                        "occluded": false,
                        "truncated": false,
                        "trafficLightColor": "red"
                    },
                    "box2d": {
                        "x1": 490.898762,
                        "y1": 23.204249,
                        "x2": 517.970386,
                        "y2": 38.673747
                    }
                },
                {
                    "category": "traffic light",
                    "id": 4,
                    "attributes": {
                        "occluded": false,
                        "truncated": false,
                        "trafficLightColor": "red"
                    },
                    "box2d": {
                        "x1": 623.678631,
                        "y1": 96.684371,
                        "x2": 633.991631,
                        "y2": 101.840869
                    }
                },
                {
                    "category": "traffic light",
                    "id": 5,
                    "attributes": {
                        "occluded": false,
                        "truncated": false,
                        "trafficLightColor": "red"
                    },
                    "box2d": {
                        "x1": 596.607006,
                        "y1": 100.551746,
                        "x2": 608.209131,
                        "y2": 105.708245
                    }
                },
                {
                    "category": "traffic light",
                    "id": 6,
                    "attributes": {
                        "occluded": false,
                        "truncated": false,
                        "trafficLightColor": "red"
                    },
                    "box2d": {
                        "x1": 569.535384,
                        "y1": 103.129995,
                        "x2": 579.848383,
                        "y2": 110.864745
                    }
                },
                {
                    "category": "traffic sign",
                    "id": 7,
                    "attributes": {
                        "occluded": false,
                        "truncated": false,
                        "trafficLightColor": "none"
                    },
                    "box2d": {
                        "x1": 532.150761,
                        "y1": 121.177745,
                        "x2": 547.620261,
                        "y2": 127.623368
                    }
                },
                {
                    "category": "traffic sign",
                    "id": 8,
                    "attributes": {
                        "occluded": false,
                        "truncated": false,
                        "trafficLightColor": "none"
                    },
                    "box2d": {
                        "x1": 403.238266,
                        "y1": 126.334245,
                        "x2": 427.731641,
                        "y2": 135.358119
                    }
                },
                {
                    "category": "traffic sign",
                    "id": 9,
                    "attributes": {
                        "occluded": false,
                        "truncated": false,
                        "trafficLightColor": "none"
                    },
                    "box2d": {
                        "x1": 407.105641,
                        "y1": 141.803745,
                        "x2": 413.551266,
                        "y2": 152.116744
                    }
                },
                {
                    "category": "car",
                    "id": 10,
                    "attributes": {
                        "occluded": true,
                        "truncated": false,
                        "trafficLightColor": "none"
                    },
                    "box2d": {
                        "x1": 588.872257,
                        "y1": 131.490744,
                        "x2": 601.763507,
                        "y2": 143.092869
                    }
                },
                {
                    "category": "car",
                    "id": 11,
                    "attributes": {
                        "occluded": true,
                        "truncated": false,
                        "trafficLightColor": "none"
                    },
                    "box2d": {
                        "x1": 569.535384,
                        "y1": 128.912494,
                        "x2": 581.137507,
                        "y2": 136.647244
                    }
                },
                {
                    "category": "car",
                    "id": 12,
                    "attributes": {
                        "occluded": false,
                        "truncated": false,
                        "trafficLightColor": "none"
                    },
                    "box2d": {
                        "x1": 568.246259,
                        "y1": 134.068995,
                        "x2": 590.161383,
                        "y2": 154.694994
                    }
                },
                {
                    "category": "car",
                    "id": 13,
                    "attributes": {
                        "occluded": true,
                        "truncated": false,
                        "trafficLightColor": "none"
                    },
                    "box2d": {
                        "x1": 608.209132,
                        "y1": 127.623369,
                        "x2": 630.124256,
                        "y2": 134.068995
                    }
                },
                {
                    "category": "car",
                    "id": 14,
                    "attributes": {
                        "occluded": true,
                        "truncated": false,
                        "trafficLightColor": "none"
                    },
                    "box2d": {
                        "x1": 511.524762,
                        "y1": 135.358119,
                        "x2": 526.994262,
                        "y2": 152.116744
                    }
                },
                {
                    "category": "car",
                    "id": 15,
                    "attributes": {
                        "occluded": true,
                        "truncated": false,
                        "trafficLightColor": "none"
                    },
                    "box2d": {
                        "x1": 497.344388,
                        "y1": 146.960243,
                        "x2": 512.813886,
                        "y2": 154.694993
                    }
                },
                {
                    "category": "car",
                    "id": 16,
                    "attributes": {
                        "occluded": false,
                        "truncated": false,
                        "trafficLightColor": "none"
                    },
                    "box2d": {
                        "x1": 599.185258,
                        "y1": 131.490744,
                        "x2": 633.991631,
                        "y2": 158.562368
                    }
                },
                {
                    "category": "bus",
                    "id": 17,
                    "attributes": {
                        "occluded": true,
                        "truncated": false,
                        "trafficLightColor": "none"
                    },
                    "box2d": {
                        "x1": 630.124256,
                        "y1": 105.708245,
                        "x2": 672.66538,
                        "y2": 145.671118
                    }
                },
                {
                    "category": "car",
                    "id": 18,
                    "attributes": {
                        "occluded": false,
                        "truncated": true,
                        "trafficLightColor": "none"
                    },
                    "box2d": {
                        "x1": 1236.012979,
                        "y1": 90.238747,
                        "x2": 1279.843227,
                        "y2": 193.368741
                    }
                },
                {
                    "category": "person",
                    "id": 19,
                    "attributes": {
                        "occluded": true,
                        "truncated": false,
                        "trafficLightColor": "none"
                    },
                    "box2d": {
                        "x1": 1108.389607,
                        "y1": 54.143248,
                        "x2": 1136.750357,
                        "y2": 105.708244
                    }
                },
                {
                    "category": "person",
                    "id": 20,
                    "attributes": {
                        "occluded": false,
                        "truncated": true,
                        "trafficLightColor": "none"
                    },
                    "box2d": {
                        "x1": 2.32041,
                        "y1": 208.374925,
                        "x2": 95.137405,
                        "y2": 515.649978
                    }
                },
                {
                    "category": "person",
                    "id": 21,
                    "attributes": {
                        "occluded": true,
                        "truncated": false,
                        "trafficLightColor": "none"
                    },
                    "box2d": {
                        "x1": 222.760776,
                        "y1": 188.212242,
                        "x2": 236.94115,
                        "y2": 208.838241
                    }
                },
                {
                    "category": "person",
                    "id": 22,
                    "attributes": {
                        "occluded": true,
                        "truncated": false,
                        "trafficLightColor": "none"
                    },
                    "box2d": {
                        "x1": 96.42653,
                        "y1": 210.127366,
                        "x2": 114.474279,
                        "y2": 239.777237
                    }
                },
                {
                    "category": "person",
                    "id": 23,
                    "attributes": {
                        "occluded": true,
                        "truncated": false,
                        "trafficLightColor": "none"
                    },
                    "box2d": {
                        "x1": 79.667907,
                        "y1": 203.681742,
                        "x2": 93.848281,
                        "y2": 230.753365
                    }
                },
                {
                    "category": "person",
                    "id": 24,
                    "attributes": {
                        "occluded": true,
                        "truncated": false,
                        "trafficLightColor": "none"
                    },
                    "box2d": {
                        "x1": 61.620155,
                        "y1": 208.838241,
                        "x2": 80.957031,
                        "y2": 230.753365
                    }
                },
                {
                    "category": "person",
                    "id": 25,
                    "attributes": {
                        "occluded": true,
                        "truncated": false,
                        "trafficLightColor": "none"
                    },
                    "box2d": {
                        "x1": 28.102909,
                        "y1": 215.283865,
                        "x2": 42.283284,
                        "y2": 234.620739
                    }
                },
                {
                    "category": "person",
                    "id": 26,
                    "attributes": {
                        "occluded": true,
                        "truncated": false,
                        "trafficLightColor": "none"
                    },
                    "box2d": {
                        "x1": 310.42127,
                        "y1": 171.453617,
                        "x2": 322.023394,
                        "y2": 184.344867
                    }
                },
                {
                    "category": "person",
                    "id": 27,
                    "attributes": {
                        "occluded": true,
                        "truncated": false,
                        "trafficLightColor": "none"
                    },
                    "box2d": {
                        "x1": 345.227644,
                        "y1": 167.586242,
                        "x2": 351.673267,
                        "y2": 184.344868
                    }
                },
                {
                    "category": "person",
                    "id": 28,
                    "attributes": {
                        "occluded": true,
                        "truncated": false,
                        "trafficLightColor": "none"
                    },
                    "box2d": {
                        "x1": 372.299268,
                        "y1": 167.586242,
                        "x2": 378.74489,
                        "y2": 177.899243
                    }
                },
                {
                    "category": "person",
                    "id": 29,
                    "attributes": {
                        "occluded": true,
                        "truncated": false,
                        "trafficLightColor": "none"
                    },
                    "box2d": {
                        "x1": 378.744892,
                        "y1": 165.007993,
                        "x2": 387.768766,
                        "y2": 181.766618
                    }
                },
                {
                    "category": "person",
                    "id": 30,
                    "attributes": {
                        "occluded": true,
                        "truncated": false,
                        "trafficLightColor": "none"
                    },
                    "box2d": {
                        "x1": 440.622888,
                        "y1": 146.960243,
                        "x2": 456.092389,
                        "y2": 171.453617
                    }
                },
                {
                    "category": "person",
                    "id": 31,
                    "attributes": {
                        "occluded": true,
                        "truncated": false,
                        "trafficLightColor": "none"
                    },
                    "box2d": {
                        "x1": 470.272763,
                        "y1": 141.803745,
                        "x2": 479.296637,
                        "y2": 152.116744
                    }
                },
                {
                    "category": "traffic sign",
                    "id": 32,
                    "attributes": {
                        "occluded": false,
                        "truncated": false,
                        "trafficLightColor": "none"
                    },
                    "box2d": {
                        "x1": 908.364943,
                        "y1": 44.919146,
                        "x2": 933.320024,
                        "y2": 73.617489
                    }
                },
                {
                    "category": "traffic sign",
                    "id": 33,
                    "attributes": {
                        "occluded": false,
                        "truncated": false,
                        "trafficLightColor": "none"
                    },
                    "box2d": {
                        "x1": 816.031144,
                        "y1": 67.378718,
                        "x2": 835.995209,
                        "y2": 78.608505
                    }
                },
                {
                    "category": "area/drivable",
                    "id": 34,
                    "attributes": {},
                    "poly2d": [
                        [
                            560.489541,
                            161.232121,
                            "L"
                        ],
                        [
                            598.878141,
                            156.625488,
                            "L"
                        ],
                        [
                            806.176581,
                            391.563722,
                            "L"
                        ],
                        [
                            615.769126,
                            402.312529,
                            "C"
                        ],
                        [
                            463.750268,
                            419.203512,
                            "C"
                        ],
                        [
                            300.982604,
                            451.449938,
                            "C"
                        ],
                        [
                            560.489541,
                            161.232121,
                            "L"
                        ]
                    ]
                },
                {
                    "category": "area/alternative",
                    "id": 35,
                    "attributes": {},
                    "poly2d": [
                        [
                            615.769126,
                            164.303209,
                            "L"
                        ],
                        [
                            680.261973,
                            153.5544,
                            "L"
                        ],
                        [
                            1279.124135,
                            307.1088,
                            "L"
                        ],
                        [
                            1280.6437,
                            445.307761,
                            "L"
                        ],
                        [
                            1182.384863,
                            422.274601,
                            "C"
                        ],
                        [
                            1011.939478,
                            390.028177,
                            "C"
                        ],
                        [
                            826.138653,
                            388.492633,
                            "C"
                        ],
                        [
                            615.769126,
                            164.303209,
                            "L"
                        ]
                    ]
                },
                {
                    "category": "area/alternative",
                    "id": 36,
                    "attributes": {},
                    "poly2d": [
                        [
                            701.759589,
                            150.483313,
                            "L"
                        ],
                        [
                            1229.986726,
                            168.909841,
                            "L"
                        ],
                        [
                            1254.555431,
                            202.691808,
                            "L"
                        ],
                        [
                            1280.6437,
                            204.227353,
                            "L"
                        ],
                        [
                            1280.6437,
                            291.753361,
                            "L"
                        ],
                        [
                            701.759589,
                            150.483313,
                            "L"
                        ]
                    ]
                },
                {
                    "category": "lane/crosswalk",
                    "id": 37,
                    "attributes": {
                        "direction": "vertical",
                        "style": "dashed"
                    },
                    "poly2d": [
                        [
                            349.152633,
                            405.426318,
                            "L"
                        ],
                        [
                            1275.110533,
                            299.273687,
                            "L"
                        ]
                    ]
                },
                {
                    "category": "lane/crosswalk",
                    "id": 38,
                    "attributes": {
                        "direction": "vertical",
                        "style": "dashed"
                    },
                    "poly2d": [
                        [
                            344.036844,
                            414.378949,
                            "L"
                        ],
                        [
                            1280.226322,
                            308.226317,
                            "L"
                        ]
                    ]
                },
                {
                    "category": "lane/single white",
                    "id": 39,
                    "attributes": {
                        "direction": "vertical",
                        "style": "solid"
                    },
                    "poly2d": [
                        [
                            175.21579,
                            246.836844,
                            "L"
                        ],
                        [
                            432.284213,
                            205.910527,
                            "L"
                        ]
                    ]
                },
                {
                    "category": "lane/single white",
                    "id": 40,
                    "attributes": {
                        "direction": "parallel",
                        "style": "dashed"
                    },
                    "poly2d": [
                        [
                            447.631581,
                            180.33158,
                            "L"
                        ],
                        [
                            354.268423,
                            216.142105,
                            "L"
                        ]
                    ]
                },
                {
                    "category": "lane/single white",
                    "id": 41,
                    "attributes": {
                        "direction": "parallel",
                        "style": "solid"
                    },
                    "poly2d": [
                        [
                            488.557897,
                            179.052633,
                            "L"
                        ],
                        [
                            436.121054,
                            204.63158,
                            "L"
                        ]
                    ]
                },
                {
                    "category": "lane/single white",
                    "id": 42,
                    "attributes": {
                        "direction": "parallel",
                        "style": "dashed"
                    },
                    "poly2d": [
                        [
                            323.573686,
                            226.373685,
                            "L"
                        ],
                        [
                            57.628473,
                            316.316286,
                            "L"
                        ]
                    ]
                },
                {
                    "category": "lane/single white",
                    "id": 43,
                    "attributes": {
                        "direction": "parallel",
                        "style": "dashed"
                    },
                    "poly2d": [
                        [
                            231.489474,
                            241.721054,
                            "L"
                        ],
                        [
                            67.784211,
                            287.763159,
                            "L"
                        ]
                    ]
                },
                {
                    "category": "lane/single white",
                    "id": 44,
                    "attributes": {
                        "direction": "parallel",
                        "style": "dashed"
                    },
                    "poly2d": [
                        [
                            607.500003,
                            163.705264,
                            "L"
                        ],
                        [
                            769.92632,
                            347.873686,
                            "L"
                        ]
                    ]
                },
                {
                    "category": "lane/single white",
                    "id": 45,
                    "attributes": {
                        "direction": "parallel",
                        "style": "dashed"
                    },
                    "poly2d": [
                        [
                            612.615794,
                            164.984211,
                            "L"
                        ],
                        [
                            789.11053,
                            349.152633,
                            "L"
                        ]
                    ]
                },
                {
                    "category": "lane/single white",
                    "id": 46,
                    "attributes": {
                        "direction": "parallel",
                        "style": "dashed"
                    },
                    "poly2d": [
                        [
                            707.257898,
                            170.100001,
                            "L"
                        ],
                        [
                            1275.110533,
                            297.994738,
                            "L"
                        ]
                    ]
                },
                {
                    "category": "lane/single white",
                    "id": 47,
                    "attributes": {
                        "direction": "parallel",
                        "style": "dashed"
                    },
                    "poly2d": [
                        [
                            717.489477,
                            166.263159,
                            "L"
                        ],
                        [
                            1280.226322,
                            291.600002,
                            "L"
                        ]
                    ]
                }
            ]
        }
    ],
    "attributes": {
        "weather": "snowy",
        "scene": "city street",
        "timeofday": "daytime"
    }
}