{
    "name": "1de6d5ff-8aba6383",
    "frames": [
        {
            "timestamp": 10000,
            "objects": [
                {
                    "category": "car",
                    "id": 0,
                    "attributes": {
                        "occluded": true,
                        "truncated": true,
                        "trafficLightColor": "none"
                    },
                    "box2d": {
                        "x1": 0.216961,
                        "y1": 394.480428,
                        "x2": 200.613015,
                        "y2": 476.532359
                    }
                },
                {
                    "category": "car",
                    "id": 1,
                    "attributes": {
                        "occluded": true,
                        "truncated": false,
                        "trafficLightColor": "none"
                    },
                    "box2d": {
                        "x1": 169.054583,
                        "y1": 383.43498,
                        "x2": 331.580521,
                        "y2": 454.441455
                    }
                },
                {
                    "category": "car",
                    "id": 2,
                    "attributes": {
                        "occluded": false,
                        "truncated": false,
                        "trafficLightColor": "none"
                    },
                    "box2d": {
                        "x1": 528.820734,
                        "y1": 364.499917,
                        "x2": 904.366104,
                        "y2": 542.805072
                    }
                },
                {
                    "category": "car",
                    "id": 3,
                    "attributes": {
                        "occluded": true,
                        "truncated": false,
                        "trafficLightColor": "none"
                    },
                    "box2d": {
                        "x1": 798.645348,
                        "y1": 392.902509,
                        "x2": 1088.982947,
                        "y2": 511.24664
                    }
                },
                {
                    "category": "traffic sign",
                    "id": 4,
                    "attributes": {
                        "occluded": false,
                        "truncated": false,
                        "trafficLightColor": "none"
                    },
                    "box2d": {
                        "x1": 393.119467,
                        "y1": 299.805127,
                        "x2": 408.898684,
                        "y2": 312.428499
                    }
                },
                {
                    "category": "traffic sign",
                    "id": 5,
                    "attributes": {
                        "occluded": false,
                        "truncated": false,
                        "trafficLightColor": "none"
                    },
                    "box2d": {
                        "x1": 393.119467,
                        "y1": 301.383049,
                        "x2": 410.476602,
                        "y2": 312.428499
                    }
                },
                {
                    "category": "traffic sign",
                    "id": 6,
                    "attributes": {
                        "occluded": false,
                        "truncated": false,
                        "trafficLightColor": "none"
                    },
                    "box2d": {
                        "x1": 366.294798,
                        "y1": 291.915518,
                        "x2": 389.963622,
                        "y2": 299.805129
                    }
                },
                {
                    "category": "traffic light",
                    "id": 7,
                    "attributes": {
                        "occluded": false,
                        "truncated": false,
                        "trafficLightColor": "yellow"
                    },
                    "box2d": {
                        "x1": 367.872721,
                        "y1": 339.253168,
                        "x2": 388.385702,
                        "y2": 359.766149
                    }
                },
                {
                    "category": "traffic light",
                    "id": 8,
                    "attributes": {
                        "occluded": false,
                        "truncated": false,
                        "trafficLightColor": "none"
                    },
                    "box2d": {
                        "x1": 396.27531,
                        "y1": 341.112718,
                        "x2": 407.320763,
                        "y2": 359.766152
                    }
                },
                {
                    "category": "traffic light",
                    "id": 9,
                    "attributes": {
                        "occluded": false,
                        "truncated": false,
                        "trafficLightColor": "yellow"
                    },
                    "box2d": {
                        "x1": 579.314228,
                        "y1": 213.019431,
                        "x2": 598.249292,
                        "y2": 254.045395
                    }
                },
                {
                    "category": "traffic light",
                    "id": 10,
                    "attributes": {
                        "occluded": false,
                        "truncated": false,
                        "trafficLightColor": "none"
                    },
                    "box2d": {
                        "x1": 596.67137,
                        "y1": 216.175276,
                        "x2": 610.872663,
                        "y2": 254.0454
                    }
                },
                {
                    "category": "traffic light",
                    "id": 11,
                    "attributes": {
                        "occluded": false,
                        "truncated": false,
                        "trafficLightColor": "none"
                    },
                    "box2d": {
                        "x1": 568.268778,
                        "y1": 216.175276,
                        "x2": 579.314229,
                        "y2": 250.889556
                    }
                },
                {
                    "category": "traffic light",
                    "id": 12,
                    "attributes": {
                        "occluded": false,
                        "truncated": false,
                        "trafficLightColor": "none"
                    },
                    "box2d": {
                        "x1": 1082.671259,
                        "y1": 25.246749,
                        "x2": 1111.07385,
                        "y2": 104.142824
                    }
                },
                {
                    "category": "traffic light",
                    "id": 13,
                    "attributes": {
                        "occluded": true,
                        "truncated": false,
                        "trafficLightColor": "none"
                    },
                    "box2d": {
                        "x1": 1159.989422,
                        "y1": 22.090902,
                        "x2": 1189.969934,
                        "y2": 97.831145
                    }
                },
                {
                    "category": "traffic light",
                    "id": 14,
                    "attributes": {
                        "occluded": false,
                        "truncated": false,
                        "trafficLightColor": "red"
                    },
                    "box2d": {
                        "x1": 1120.541381,
                        "y1": 17.357139,
                        "x2": 1156.833582,
                        "y2": 97.831145
                    }
                },
                {
                    "category": "traffic light",
                    "id": 15,
                    "attributes": {
                        "occluded": false,
                        "truncated": false,
                        "trafficLightColor": "red"
                    },
                    "box2d": {
                        "x1": 1201.015386,
                        "y1": 340.83109,
                        "x2": 1232.573821,
                        "y2": 362.922
                    }
                },
                {
                    "category": "traffic light",
                    "id": 16,
                    "attributes": {
                        "occluded": true,
                        "truncated": false,
                        "trafficLightColor": "red"
                    },
                    "box2d": {
                        "x1": 1183.658249,
                        "y1": 339.253168,
                        "x2": 1202.593311,
                        "y2": 364.499914
                    }
                },
                {
                    "category": "person",
                    "id": 17,
                    "attributes": {
                        "occluded": true,
                        "truncated": false,
                        "trafficLightColor": "red"
                    },
                    "box2d": {
                        "x1": 1044.801138,
                        "y1": 397.636273,
                        "x2": 1063.736199,
                        "y2": 449.707691
                    }
                },
                {
                    "category": "rider",
                    "id": 18,
                    "attributes": {
                        "occluded": true,
                        "truncated": false,
                        "trafficLightColor": "red"
                    },
                    "box2d": {
                        "x1": 1123.697226,
                        "y1": 405.525882,
                        "x2": 1164.723188,
                        "y2": 481.266126
                    }
                },
                {
                    "category": "rider",
                    "id": 19,
                    "attributes": {
                        "occluded": true,
                        "truncated": false,
                        "trafficLightColor": "red"
                    },
                    "box2d": {
                        "x1": 1074.78165,
                        "y1": 397.636273,
                        "x2": 1107.918003,
                        "y2": 476.53236
                    }
                },
                {
                    "category": "bike",
                    "id": 20,
                    "attributes": {
                        "occluded": true,
                        "truncated": false,
                        "trafficLightColor": "red"
                    },
                    "box2d": {
                        "x1": 1114.229694,
                        "y1": 433.928473,
                        "x2": 1189.969939,
                        "y2": 489.155734
                    }
                },
                {
                    "category": "bike",
                    "id": 21,
                    "attributes": {
                        "occluded": true,
                        "truncated": false,
                        "trafficLightColor": "red"
                    },
                    "box2d": {
                        "x1": 1073.203727,
                        "y1": 422.883021,
                        "x2": 1133.164753,
                        "y2": 476.53236
                    }
                },
                {
                    "category": "traffic light",
                    "id": 22,
                    "attributes": {
                        "occluded": true,
                        "truncated": false,
                        "trafficLightColor": "none"
                    },
                    "box2d": {
                        "x1": 580.262269,
                        "y1": 94.262013,
                        "x2": 591.279907,
                        "y2": 94.262013
                    }
                },
                {
                    "category": "area/drivable",
                    "id": 23,
                    "attributes": {},
                    "poly2d": [
                        [
                            2.495508,
                            716.210821,
                            "L"
                        ],
                        [
                            0,
                            596.426432,
                            "L"
                        ],
                        [
                            136.005191,
                            552.755041,
                            "L"
                        ],
                        [
                            132.261929,
                            494.110601,
                            "L"
                        ],
                        [
                            330.654821,
                            455.430226,
                            "L"
                        ],
                        [
                            501.597125,
                            460.421242,
                            "L"
                        ],
                        [
                            549.011779,
                            526.552206,
                            "L"
                        ],
                        [
                            842.233978,
                            565.232581,
                            "L"
                        ],
                        [
                            1132.960671,
                            497.853863,
                            "L"
                        ],
                        [
                            1280.195648,
                            501.597125,
                            "L"
                        ],
                        [
                            1280.195648,
                            719.954083,
                            "L"
                        ],
                        [
                            1080.555001,
                            719.954083,
                            "L"
                        ],
                        [
                            998.203234,
                            707.476542,
                            "C"
                        ],
                        [
                            892.144142,
                            701.237772,
                            "C"
                        ],
                        [
                            798.562587,
                            719.954083,
                            "C"
                        ],
                        [
                            2.495508,
                            716.210821,
                            "L"
                        ]
                    ]
                },
                {
                    "category": "lane/crosswalk",
                    "id": 24,
                    "attributes": {
                        "direction": "vertical",
                        "style": "dashed"
                    },
                    "poly2d": [
                        [
                            494.706234,
                            456.809483,
                            "L"
                        ],
                        [
                            198.701883,
                            537.724167,
                            "L"
                        ]
                    ]
                },
                {
                    "category": "lane/crosswalk",
                    "id": 25,
                    "attributes": {
                        "direction": "vertical",
                        "style": "dashed"
                    },
                    "poly2d": [
                        [
                            54.284535,
                            497.778943,
                            "L"
                        ],
                        [
                            318.537554,
                            451.6883,
                            "L"
                        ]
                    ]
                },
                {
                    "category": "lane/crosswalk",
                    "id": 26,
                    "attributes": {
                        "direction": "vertical",
                        "style": "dashed"
                    },
                    "poly2d": [
                        [
                            245.816762,
                            540.796876,
                            "C"
                        ],
                        [
                            541.821113,
                            548.990769,
                            "C"
                        ],
                        [
                            678.044569,
                            543.869586,
                            "C"
                        ],
                        [
                            1279.271399,
                            609.420723,
                            "L"
                        ]
                    ]
                },
                {
                    "category": "lane/crosswalk",
                    "id": 27,
                    "attributes": {
                        "direction": "vertical",
                        "style": "dashed"
                    },
                    "poly2d": [
                        [
                            1096.957301,
                            489.585051,
                            "C"
                        ],
                        [
                            1234.204994,
                            525.433329,
                            "C"
                        ],
                        [
                            1234.204994,
                            530.554511,
                            "C"
                        ],
                        [
                            1280.295637,
                            551.039242,
                            "L"
                        ]
                    ]
                },
                {
                    "category": "lane/crosswalk",
                    "id": 28,
                    "attributes": {
                        "direction": "vertical",
                        "style": "dashed"
                    },
                    "poly2d": [
                        [
                            1.024238,
                            672.923385,
                            "L"
                        ],
                        [
                            329.804156,
                            702.626245,
                            "L"
                        ]
                    ]
                },
                {
                    "category": "lane/road curb",
                    "id": 29,
                    "attributes": {
                        "direction": "parallel",
                        "style": "solid"
                    },
                    "poly2d": [
                        [
                            526.552206,
                            455.430226,
                            "L"
                        ],
                        [
                            437.961669,
                            455.430226,
                            "L"
                        ],
                        [
                            314.440608,
                            452.712537,
                            "L"
                        ]
                    ]
                },
                {
                    "category": "lane/road curb",
                    "id": 30,
                    "attributes": {
                        "direction": "parallel",
                        "style": "solid"
                    },
                    "poly2d": [
                        [
                            127.005327,
                            537.724167,
                            "C"
                        ],
                        [
                            121.884145,
                            562.305843,
                            "C"
                        ],
                        [
                            89.108576,
                            559.233134,
                            "C"
                        ],
                        [
                            70.672319,
                            570.499735,
                            "L"
                        ]
                    ]
                }
            ]
        }
    ],
    "attributes": {
        "weather": "overcast",
        "scene": "residential",
        "timeofday": "daytime"
    }
}