{
    "name": "1df69db3-64e475fd",
    "frames": [
        {
            "timestamp": 10000,
            "objects": [
                {
                    "category": "car",
                    "id": 0,
                    "attributes": {
                        "occluded": true,
                        "truncated": false,
                        "trafficLightColor": "none"
                    },
                    "box2d": {
                        "x1": 290.252034,
                        "y1": 467.294403,
                        "x2": 406.67235,
                        "y2": 526.602864
                    }
                },
                {
                    "category": "car",
                    "id": 1,
                    "attributes": {
                        "occluded": true,
                        "truncated": false,
                        "trafficLightColor": "none"
                    },
                    "box2d": {
                        "x1": 388.001166,
                        "y1": 466.196098,
                        "x2": 449.506241,
                        "y2": 504.63677
                    }
                },
                {
                    "category": "car",
                    "id": 2,
                    "attributes": {
                        "occluded": true,
                        "truncated": false,
                        "trafficLightColor": "none"
                    },
                    "box2d": {
                        "x1": 427.540144,
                        "y1": 455.21305,
                        "x2": 482.455388,
                        "y2": 500.24355
                    }
                },
                {
                    "category": "car",
                    "id": 3,
                    "attributes": {
                        "occluded": false,
                        "truncated": false,
                        "trafficLightColor": "none"
                    },
                    "box2d": {
                        "x1": 500.028265,
                        "y1": 463.999488,
                        "x2": 534.075716,
                        "y2": 493.65372
                    }
                },
                {
                    "category": "car",
                    "id": 4,
                    "attributes": {
                        "occluded": true,
                        "truncated": false,
                        "trafficLightColor": "none"
                    },
                    "box2d": {
                        "x1": 530.780804,
                        "y1": 469.491013,
                        "x2": 547.255376,
                        "y2": 487.063892
                    }
                },
                {
                    "category": "car",
                    "id": 5,
                    "attributes": {
                        "occluded": true,
                        "truncated": false,
                        "trafficLightColor": "none"
                    },
                    "box2d": {
                        "x1": 540.665546,
                        "y1": 461.802878,
                        "x2": 570.319778,
                        "y2": 485.965586
                    }
                },
                {
                    "category": "car",
                    "id": 6,
                    "attributes": {
                        "occluded": true,
                        "truncated": false,
                        "trafficLightColor": "none"
                    },
                    "box2d": {
                        "x1": 828.421423,
                        "y1": 480.474061,
                        "x2": 950.333264,
                        "y2": 556.257097
                    }
                },
                {
                    "category": "car",
                    "id": 7,
                    "attributes": {
                        "occluded": true,
                        "truncated": false,
                        "trafficLightColor": "none"
                    },
                    "box2d": {
                        "x1": 770.211265,
                        "y1": 468.392707,
                        "x2": 859.173959,
                        "y2": 525.504559
                    }
                },
                {
                    "category": "car",
                    "id": 8,
                    "attributes": {
                        "occluded": true,
                        "truncated": false,
                        "trafficLightColor": "none"
                    },
                    "box2d": {
                        "x1": 744.950252,
                        "y1": 471.687622,
                        "x2": 794.373973,
                        "y2": 502.440157
                    }
                },
                {
                    "category": "car",
                    "id": 9,
                    "attributes": {
                        "occluded": true,
                        "truncated": false,
                        "trafficLightColor": "none"
                    },
                    "box2d": {
                        "x1": 731.770594,
                        "y1": 477.179147,
                        "x2": 758.12991,
                        "y2": 498.046939
                    }
                },
                {
                    "category": "car",
                    "id": 10,
                    "attributes": {
                        "occluded": true,
                        "truncated": false,
                        "trafficLightColor": "none"
                    },
                    "box2d": {
                        "x1": 708.706193,
                        "y1": 470.589317,
                        "x2": 735.065509,
                        "y2": 494.752025
                    }
                },
                {
                    "category": "car",
                    "id": 11,
                    "attributes": {
                        "occluded": true,
                        "truncated": false,
                        "trafficLightColor": "none"
                    },
                    "box2d": {
                        "x1": 694.428229,
                        "y1": 472.785926,
                        "x2": 709.804496,
                        "y2": 483.768975
                    }
                },
                {
                    "category": "car",
                    "id": 12,
                    "attributes": {
                        "occluded": true,
                        "truncated": false,
                        "trafficLightColor": "none"
                    },
                    "box2d": {
                        "x1": 685.64179,
                        "y1": 470.589317,
                        "x2": 699.919752,
                        "y2": 481.572366
                    }
                },
                {
                    "category": "car",
                    "id": 13,
                    "attributes": {
                        "occluded": true,
                        "truncated": false,
                        "trafficLightColor": "none"
                    },
                    "box2d": {
                        "x1": 676.85535,
                        "y1": 473.884232,
                        "x2": 685.641791,
                        "y2": 484.867281
                    }
                },
                {
                    "category": "car",
                    "id": 14,
                    "attributes": {
                        "occluded": true,
                        "truncated": false,
                        "trafficLightColor": "none"
                    },
                    "box2d": {
                        "x1": 666.970606,
                        "y1": 474.982537,
                        "x2": 675.757047,
                        "y2": 483.768976
                    }
                },
                {
                    "category": "car",
                    "id": 15,
                    "attributes": {
                        "occluded": true,
                        "truncated": false,
                        "trafficLightColor": "none"
                    },
                    "box2d": {
                        "x1": 654.889253,
                        "y1": 473.884232,
                        "x2": 666.970607,
                        "y2": 481.572367
                    }
                },
                {
                    "category": "car",
                    "id": 16,
                    "attributes": {
                        "occluded": true,
                        "truncated": false,
                        "trafficLightColor": "none"
                    },
                    "box2d": {
                        "x1": 940.44852,
                        "y1": 467.294403,
                        "x2": 1063.458665,
                        "y2": 525.504561
                    }
                },
                {
                    "category": "car",
                    "id": 17,
                    "attributes": {
                        "occluded": true,
                        "truncated": false,
                        "trafficLightColor": "none"
                    },
                    "box2d": {
                        "x1": 1017.329862,
                        "y1": 478.277451,
                        "x2": 1187.567117,
                        "y2": 538.684219
                    }
                },
                {
                    "category": "car",
                    "id": 18,
                    "attributes": {
                        "occluded": false,
                        "truncated": false,
                        "trafficLightColor": "none"
                    },
                    "box2d": {
                        "x1": 588.990962,
                        "y1": 465.097793,
                        "x2": 615.350278,
                        "y2": 485.965586
                    }
                },
                {
                    "category": "car",
                    "id": 19,
                    "attributes": {
                        "occluded": false,
                        "truncated": false,
                        "trafficLightColor": "none"
                    },
                    "box2d": {
                        "x1": 618.645192,
                        "y1": 469.491013,
                        "x2": 642.807898,
                        "y2": 485.965586
                    }
                },
                {
                    "category": "traffic sign",
                    "id": 20,
                    "attributes": {
                        "occluded": false,
                        "truncated": false,
                        "trafficLightColor": "none"
                    },
                    "box2d": {
                        "x1": 1090.916289,
                        "y1": 268.501219,
                        "x2": 1160.109497,
                        "y2": 290.467317
                    }
                },
                {
                    "category": "traffic sign",
                    "id": 21,
                    "attributes": {
                        "occluded": false,
                        "truncated": false,
                        "trafficLightColor": "none"
                    },
                    "box2d": {
                        "x1": 1098.604424,
                        "y1": 226.765635,
                        "x2": 1116.177302,
                        "y2": 246.535123
                    }
                },
                {
                    "category": "traffic sign",
                    "id": 22,
                    "attributes": {
                        "occluded": false,
                        "truncated": false,
                        "trafficLightColor": "none"
                    },
                    "box2d": {
                        "x1": 1127.160351,
                        "y1": 235.552074,
                        "x2": 1175.485765,
                        "y2": 254.223257
                    }
                },
                {
                    "category": "traffic sign",
                    "id": 23,
                    "attributes": {
                        "occluded": false,
                        "truncated": false,
                        "trafficLightColor": "none"
                    },
                    "box2d": {
                        "x1": 703.214667,
                        "y1": 453.01644,
                        "x2": 715.296021,
                        "y2": 466.196098
                    }
                },
                {
                    "category": "traffic light",
                    "id": 24,
                    "attributes": {
                        "occluded": false,
                        "truncated": false,
                        "trafficLightColor": "green"
                    },
                    "box2d": {
                        "x1": 675.757046,
                        "y1": 454.114745,
                        "x2": 682.346874,
                        "y2": 465.097793
                    }
                },
                {
                    "category": "traffic light",
                    "id": 25,
                    "attributes": {
                        "occluded": false,
                        "truncated": true,
                        "trafficLightColor": "none"
                    },
                    "box2d": {
                        "x1": 1.397852,
                        "y1": 312.433415,
                        "x2": 27.757169,
                        "y2": 372.840183
                    }
                },
                {
                    "category": "area/drivable",
                    "id": 26,
                    "attributes": {},
                    "poly2d": [
                        [
                            647.201119,
                            481.576533,
                            "L"
                        ],
                        [
                            416.557095,
                            715.517496,
                            "L"
                        ],
                        [
                            1279.525181,
                            720.487999,
                            "L"
                        ],
                        [
                            1279.525181,
                            657.306835,
                            "L"
                        ],
                        [
                            765.518515,
                            544.180453,
                            "L"
                        ],
                        [
                            669.965991,
                            483.773162,
                            "L"
                        ],
                        [
                            647.201119,
                            481.576533,
                            "L"
                        ]
                    ]
                },
                {
                    "category": "lane/crosswalk",
                    "id": 27,
                    "attributes": {
                        "direction": "vertical",
                        "style": "dashed"
                    },
                    "poly2d": [
                        [
                            118.333078,
                            600.573615,
                            "L"
                        ],
                        [
                            750.358181,
                            602.071303,
                            "L"
                        ]
                    ]
                },
                {
                    "category": "lane/crosswalk",
                    "id": 28,
                    "attributes": {
                        "direction": "vertical",
                        "style": "dashed"
                    },
                    "poly2d": [
                        [
                            262.111302,
                            564.629061,
                            "L"
                        ],
                        [
                            717.409005,
                            569.12213,
                            "L"
                        ]
                    ]
                },
                {
                    "category": "lane/single white",
                    "id": 29,
                    "attributes": {
                        "direction": "vertical",
                        "style": "solid"
                    },
                    "poly2d": [
                        [
                            552.663126,
                            552.64754,
                            "L"
                        ],
                        [
                            298.055859,
                            551.149851,
                            "L"
                        ]
                    ]
                },
                {
                    "category": "lane/double white",
                    "id": 30,
                    "attributes": {
                        "direction": "parallel",
                        "style": "solid"
                    },
                    "poly2d": [
                        [
                            602.071303,
                            511.461073,
                            "L"
                        ],
                        [
                            537.670642,
                            562.382525,
                            "L"
                        ]
                    ]
                },
                {
                    "category": "lane/double white",
                    "id": 31,
                    "attributes": {
                        "direction": "parallel",
                        "style": "solid"
                    },
                    "poly2d": [
                        [
                            617.556294,
                            511.995925,
                            "L"
                        ],
                        [
                            560.644084,
                            565.912753,
                            "L"
                        ]
                    ]
                }
            ]
        }
    ],
    "attributes": {
        "weather": "snowy",
        "scene": "city street",
        "timeofday": "dawn/dusk"
    }
}