{
    "name": "1e2d42a4-b1b0abcc",
    "frames": [
        {
            "timestamp": 10000,
            "objects": [
                {
                    "category": "traffic sign",
                    "id": 0,
                    "attributes": {
                        "occluded": false,
                        "truncated": false,
                        "trafficLightColor": "none"
                    },
                    "box2d": {
                        "x1": 615.937077,
                        "y1": 199.848068,
                        "x2": 632.812065,
                        "y2": 215.035557
                    }
                },
                {
                    "category": "traffic sign",
                    "id": 1,
                    "attributes": {
                        "occluded": false,
                        "truncated": false,
                        "trafficLightColor": "none"
                    },
                    "box2d": {
                        "x1": 450.56219,
                        "y1": 230.223047,
                        "x2": 469.124676,
                        "y2": 243.723038
                    }
                },
                {
                    "category": "traffic sign",
                    "id": 2,
                    "attributes": {
                        "occluded": false,
                        "truncated": false,
                        "trafficLightColor": "none"
                    },
                    "box2d": {
                        "x1": 239.624835,
                        "y1": 242.035539,
                        "x2": 263.24982,
                        "y2": 255.535528
                    }
                },
                {
                    "category": "traffic sign",
                    "id": 3,
                    "attributes": {
                        "occluded": true,
                        "truncated": false,
                        "trafficLightColor": "none"
                    },
                    "box2d": {
                        "x1": 649.687053,
                        "y1": 211.660561,
                        "x2": 678.374535,
                        "y2": 228.535549
                    }
                },
                {
                    "category": "car",
                    "id": 4,
                    "attributes": {
                        "occluded": true,
                        "truncated": false,
                        "trafficLightColor": "none"
                    },
                    "box2d": {
                        "x1": 916.31187,
                        "y1": 210.374838,
                        "x2": 955.124344,
                        "y2": 239.062319
                    }
                },
                {
                    "category": "car",
                    "id": 5,
                    "attributes": {
                        "occluded": true,
                        "truncated": false,
                        "trafficLightColor": "none"
                    },
                    "box2d": {
                        "x1": 929.811861,
                        "y1": 212.062336,
                        "x2": 966.936835,
                        "y2": 235.68732
                    }
                },
                {
                    "category": "car",
                    "id": 6,
                    "attributes": {
                        "occluded": true,
                        "truncated": false,
                        "trafficLightColor": "none"
                    },
                    "box2d": {
                        "x1": 951.749346,
                        "y1": 206.999841,
                        "x2": 982.124326,
                        "y2": 239.062319
                    }
                },
                {
                    "category": "car",
                    "id": 7,
                    "attributes": {
                        "occluded": true,
                        "truncated": false,
                        "trafficLightColor": "none"
                    },
                    "box2d": {
                        "x1": 958.499341,
                        "y1": 205.312343,
                        "x2": 1029.374292,
                        "y2": 235.687323
                    }
                },
                {
                    "category": "car",
                    "id": 8,
                    "attributes": {
                        "occluded": true,
                        "truncated": false,
                        "trafficLightColor": "none"
                    },
                    "box2d": {
                        "x1": 958.499341,
                        "y1": 215.437336,
                        "x2": 1010.811806,
                        "y2": 235.687321
                    }
                },
                {
                    "category": "car",
                    "id": 9,
                    "attributes": {
                        "occluded": true,
                        "truncated": false,
                        "trafficLightColor": "none"
                    },
                    "box2d": {
                        "x1": 982.124324,
                        "y1": 213.749838,
                        "x2": 1022.624296,
                        "y2": 235.687323
                    }
                },
                {
                    "category": "car",
                    "id": 10,
                    "attributes": {
                        "occluded": true,
                        "truncated": false,
                        "trafficLightColor": "none"
                    },
                    "box2d": {
                        "x1": 1005.749309,
                        "y1": 208.68734,
                        "x2": 1049.624278,
                        "y2": 235.68732
                    }
                },
                {
                    "category": "car",
                    "id": 11,
                    "attributes": {
                        "occluded": true,
                        "truncated": false,
                        "trafficLightColor": "none"
                    },
                    "box2d": {
                        "x1": 1027.686793,
                        "y1": 201.937343,
                        "x2": 1083.374255,
                        "y2": 233.999821
                    }
                },
                {
                    "category": "car",
                    "id": 12,
                    "attributes": {
                        "occluded": true,
                        "truncated": false,
                        "trafficLightColor": "none"
                    },
                    "box2d": {
                        "x1": 1036.124288,
                        "y1": 198.562345,
                        "x2": 1110.374237,
                        "y2": 239.062318
                    }
                },
                {
                    "category": "car",
                    "id": 13,
                    "attributes": {
                        "occluded": true,
                        "truncated": false,
                        "trafficLightColor": "none"
                    },
                    "box2d": {
                        "x1": 1073.249263,
                        "y1": 198.562345,
                        "x2": 1127.249225,
                        "y2": 235.68732
                    }
                },
                {
                    "category": "car",
                    "id": 14,
                    "attributes": {
                        "occluded": true,
                        "truncated": false,
                        "trafficLightColor": "none"
                    },
                    "box2d": {
                        "x1": 1095.186747,
                        "y1": 195.187349,
                        "x2": 1177.874189,
                        "y2": 240.749817
                    }
                },
                {
                    "category": "car",
                    "id": 15,
                    "attributes": {
                        "occluded": true,
                        "truncated": false,
                        "trafficLightColor": "none"
                    },
                    "box2d": {
                        "x1": 1110.374237,
                        "y1": 201.937343,
                        "x2": 1191.374181,
                        "y2": 233.999821
                    }
                },
                {
                    "category": "car",
                    "id": 16,
                    "attributes": {
                        "occluded": true,
                        "truncated": false,
                        "trafficLightColor": "none"
                    },
                    "box2d": {
                        "x1": 1125.561726,
                        "y1": 203.624844,
                        "x2": 1206.56167,
                        "y2": 239.062319
                    }
                },
                {
                    "category": "car",
                    "id": 17,
                    "attributes": {
                        "occluded": true,
                        "truncated": true,
                        "trafficLightColor": "none"
                    },
                    "box2d": {
                        "x1": 1181.249188,
                        "y1": 198.562345,
                        "x2": 1240.311647,
                        "y2": 227.249826
                    }
                },
                {
                    "category": "car",
                    "id": 18,
                    "attributes": {
                        "occluded": true,
                        "truncated": false,
                        "trafficLightColor": "none"
                    },
                    "box2d": {
                        "x1": 762.749477,
                        "y1": 223.87483,
                        "x2": 796.499452,
                        "y2": 240.749818
                    }
                },
                {
                    "category": "car",
                    "id": 19,
                    "attributes": {
                        "occluded": true,
                        "truncated": false,
                        "trafficLightColor": "none"
                    },
                    "box2d": {
                        "x1": 701.999517,
                        "y1": 232.312321,
                        "x2": 715.499508,
                        "y2": 242.437315
                    }
                },
                {
                    "category": "car",
                    "id": 20,
                    "attributes": {
                        "occluded": true,
                        "truncated": false,
                        "trafficLightColor": "none"
                    },
                    "box2d": {
                        "x1": 189.231896,
                        "y1": 263.587314,
                        "x2": 253.356852,
                        "y2": 290.587294
                    }
                },
                {
                    "category": "car",
                    "id": 21,
                    "attributes": {
                        "occluded": false,
                        "truncated": false,
                        "trafficLightColor": "none"
                    },
                    "box2d": {
                        "x1": 464.294207,
                        "y1": 261.899814,
                        "x2": 516.606671,
                        "y2": 297.337291
                    }
                },
                {
                    "category": "truck",
                    "id": 22,
                    "attributes": {
                        "occluded": false,
                        "truncated": false,
                        "trafficLightColor": "none"
                    },
                    "box2d": {
                        "x1": 558.794142,
                        "y1": 219.712343,
                        "x2": 619.5441,
                        "y2": 290.587294
                    }
                },
                {
                    "category": "truck",
                    "id": 23,
                    "attributes": {
                        "occluded": false,
                        "truncated": false,
                        "trafficLightColor": "none"
                    },
                    "box2d": {
                        "x1": 320.856807,
                        "y1": 239.96233,
                        "x2": 462.606709,
                        "y2": 346.274758
                    }
                },
                {
                    "category": "car",
                    "id": 24,
                    "attributes": {
                        "occluded": true,
                        "truncated": true,
                        "trafficLightColor": "none"
                    },
                    "box2d": {
                        "x1": 0,
                        "y1": 273.712307,
                        "x2": 72.794475,
                        "y2": 305.774785
                    }
                },
                {
                    "category": "car",
                    "id": 25,
                    "attributes": {
                        "occluded": true,
                        "truncated": true,
                        "trafficLightColor": "none"
                    },
                    "box2d": {
                        "x1": 1176.418717,
                        "y1": 182.587369,
                        "x2": 1279.356147,
                        "y2": 251.774822
                    }
                },
                {
                    "category": "area/drivable",
                    "id": 26,
                    "attributes": {},
                    "poly2d": [
                        [
                            218.356957,
                            616.390497,
                            "L"
                        ],
                        [
                            464.164504,
                            546.516272,
                            "C"
                        ],
                        [
                            728.688361,
                            561.489319,
                            "C"
                        ],
                        [
                            922.090237,
                            551.507287,
                            "C"
                        ],
                        [
                            898.318904,
                            523.12464,
                            "L"
                        ],
                        [
                            967.009382,
                            486.624078,
                            "L"
                        ],
                        [
                            970.881354,
                            453.937188,
                            "C"
                        ],
                        [
                            977.631349,
                            428.624705,
                            "C"
                        ],
                        [
                            1035.635855,
                            400.529048,
                            "C"
                        ],
                        [
                            665.052905,
                            286.98343,
                            "L"
                        ],
                        [
                            527.799961,
                            293.2222,
                            "L"
                        ],
                        [
                            218.356957,
                            616.390497,
                            "L"
                        ]
                    ]
                },
                {
                    "category": "area/alternative",
                    "id": 27,
                    "attributes": {},
                    "poly2d": [
                        [
                            167.199042,
                            631.363546,
                            "L"
                        ],
                        [
                            111.05011,
                            642.593331,
                            "C"
                        ],
                        [
                            58.644441,
                            652.575365,
                            "C"
                        ],
                        [
                            0,
                            666.300658,
                            "C"
                        ],
                        [
                            0,
                            440.457177,
                            "L"
                        ],
                        [
                            288.231184,
                            344.380116,
                            "L"
                        ],
                        [
                            456.67798,
                            348.123378,
                            "L"
                        ],
                        [
                            167.199042,
                            631.363546,
                            "L"
                        ]
                    ]
                },
                {
                    "category": "area/alternative",
                    "id": 28,
                    "attributes": {},
                    "poly2d": [
                        [
                            0,
                            376.821721,
                            "L"
                        ],
                        [
                            0,
                            435.466161,
                            "L"
                        ],
                        [
                            318.17728,
                            334.398083,
                            "L"
                        ],
                        [
                            291.974446,
                            316.929527,
                            "L"
                        ],
                        [
                            0,
                            376.821721,
                            "L"
                        ]
                    ]
                },
                {
                    "category": "lane/road curb",
                    "id": 29,
                    "attributes": {
                        "direction": "parallel",
                        "style": "solid"
                    },
                    "poly2d": [
                        [
                            1.247754,
                            369.335197,
                            "L"
                        ],
                        [
                            318.177281,
                            305.69974,
                            "L"
                        ]
                    ]
                },
                {
                    "category": "lane/single yellow",
                    "id": 30,
                    "attributes": {
                        "direction": "parallel",
                        "style": "solid"
                    },
                    "poly2d": [
                        [
                            0,
                            374.326213,
                            "L"
                        ],
                        [
                            321.920543,
                            309.443003,
                            "L"
                        ]
                    ]
                },
                {
                    "category": "lane/road curb",
                    "id": 31,
                    "attributes": {
                        "direction": "parallel",
                        "style": "solid"
                    },
                    "poly2d": [
                        [
                            1129.217409,
                            389.299261,
                            "C"
                        ],
                        [
                            972.0004,
                            349.371132,
                            "C"
                        ],
                        [
                            643.841086,
                            280.74466,
                            "C"
                        ],
                        [
                            645.08884,
                            269.514873,
                            "L"
                        ]
                    ]
                },
                {
                    "category": "lane/single white",
                    "id": 32,
                    "attributes": {
                        "direction": "parallel",
                        "style": "solid"
                    },
                    "poly2d": [
                        [
                            1029.397085,
                            401.776802,
                            "C"
                        ],
                        [
                            804.177482,
                            316.929527,
                            "C"
                        ],
                        [
                            615.142743,
                            286.98343,
                            "C"
                        ],
                        [
                            637.602316,
                            264.523857,
                            "L"
                        ]
                    ]
                },
                {
                    "category": "lane/single white",
                    "id": 33,
                    "attributes": {
                        "direction": "parallel",
                        "style": "solid"
                    },
                    "poly2d": [
                        [
                            1044.370134,
                            399.281294,
                            "C"
                        ],
                        [
                            886.529247,
                            336.893592,
                            "C"
                        ],
                        [
                            633.235177,
                            284.487922,
                            "C"
                        ],
                        [
                            641.345577,
                            268.267119,
                            "L"
                        ]
                    ]
                },
                {
                    "category": "lane/single white",
                    "id": 34,
                    "attributes": {
                        "direction": "parallel",
                        "style": "solid"
                    },
                    "poly2d": [
                        [
                            616.390497,
                            257.037333,
                            "L"
                        ],
                        [
                            646.336594,
                            247.0553,
                            "L"
                        ]
                    ]
                },
                {
                    "category": "lane/single white",
                    "id": 35,
                    "attributes": {
                        "direction": "parallel",
                        "style": "solid"
                    },
                    "poly2d": [
                        [
                            560.241564,
                            277.001397,
                            "C"
                        ],
                        [
                            500.349371,
                            304.451987,
                            "C"
                        ],
                        [
                            399.281294,
                            421.740867,
                            "C"
                        ],
                        [
                            230.834497,
                            610.151727,
                            "L"
                        ]
                    ]
                },
                {
                    "category": "lane/single white",
                    "id": 36,
                    "attributes": {
                        "direction": "parallel",
                        "style": "dashed"
                    },
                    "poly2d": [
                        [
                            192.154123,
                            613.894989,
                            "C"
                        ],
                        [
                            369.335197,
                            422.98862,
                            "C"
                        ],
                        [
                            511.579158,
                            293.2222,
                            "C"
                        ],
                        [
                            558.993811,
                            273.258135,
                            "L"
                        ]
                    ]
                },
                {
                    "category": "lane/single white",
                    "id": 37,
                    "attributes": {
                        "direction": "parallel",
                        "style": "dashed"
                    },
                    "poly2d": [
                        [
                            329.407067,
                            335.645837,
                            "L"
                        ],
                        [
                            0,
                            436.713916,
                            "L"
                        ]
                    ]
                },
                {
                    "category": "lane/single white",
                    "id": 38,
                    "attributes": {
                        "direction": "parallel",
                        "style": "dashed"
                    },
                    "poly2d": [
                        [
                            1.247754,
                            427.979637,
                            "L"
                        ],
                        [
                            327.535436,
                            331.902575,
                            "L"
                        ]
                    ]
                },
                {
                    "category": "lane/single white",
                    "id": 39,
                    "attributes": {
                        "direction": "parallel",
                        "style": "dashed"
                    },
                    "poly2d": [
                        [
                            514.074666,
                            278.249152,
                            "C"
                        ],
                        [
                            529.671591,
                            270.762627,
                            "C"
                        ],
                        [
                            544.64464,
                            265.147734,
                            "C"
                        ],
                        [
                            557.12218,
                            262.028349,
                            "L"
                        ]
                    ]
                },
                {
                    "category": "lane/single white",
                    "id": 40,
                    "attributes": {
                        "direction": "parallel",
                        "style": "dashed"
                    },
                    "poly2d": [
                        [
                            456.67798,
                            294.469954,
                            "L"
                        ],
                        [
                            466.660012,
                            290.726692,
                            "L"
                        ]
                    ]
                },
                {
                    "category": "lane/single white",
                    "id": 41,
                    "attributes": {
                        "direction": "parallel",
                        "style": "solid"
                    },
                    "poly2d": [
                        [
                            1278.947894,
                            268.267119,
                            "C"
                        ],
                        [
                            1114.24436,
                            263.276103,
                            "C"
                        ],
                        [
                            924.585746,
                            260.780596,
                            "C"
                        ],
                        [
                            774.855262,
                            253.29407,
                            "L"
                        ]
                    ]
                }
            ]
        }
    ],
    "attributes": {
        "weather": "partly cloudy",
        "scene": "highway",
        "timeofday": "daytime"
    }
}