{
    "name": "1e3909fd-4c05f62e",
    "frames": [
        {
            "timestamp": 10000,
            "objects": [
                {
                    "category": "traffic sign",
                    "id": 0,
                    "attributes": {
                        "occluded": false,
                        "truncated": false,
                        "trafficLightColor": "none"
                    },
                    "box2d": {
                        "x1": 660.187507,
                        "y1": 251.303828,
                        "x2": 758.031214,
                        "y2": 306.662766
                    }
                },
                {
                    "category": "traffic sign",
                    "id": 1,
                    "attributes": {
                        "occluded": false,
                        "truncated": false,
                        "trafficLightColor": "none"
                    },
                    "box2d": {
                        "x1": 761.893466,
                        "y1": 248.728994,
                        "x2": 862.312006,
                        "y2": 306.662766
                    }
                },
                {
                    "category": "traffic sign",
                    "id": 2,
                    "attributes": {
                        "occluded": false,
                        "truncated": false,
                        "trafficLightColor": "none"
                    },
                    "box2d": {
                        "x1": 716.833865,
                        "y1": 351.722367,
                        "x2": 754.168963,
                        "y2": 364.596539
                    }
                },
                {
                    "category": "traffic sign",
                    "id": 3,
                    "attributes": {
                        "occluded": false,
                        "truncated": false,
                        "trafficLightColor": "none"
                    },
                    "box2d": {
                        "x1": 577.79281,
                        "y1": 336.27336,
                        "x2": 615.127906,
                        "y2": 380.045544
                    }
                },
                {
                    "category": "traffic sign",
                    "id": 4,
                    "attributes": {
                        "occluded": true,
                        "truncated": false,
                        "trafficLightColor": "none"
                    },
                    "box2d": {
                        "x1": 850.725251,
                        "y1": 367.171373,
                        "x2": 893.210018,
                        "y2": 392.919717
                    }
                },
                {
                    "category": "car",
                    "id": 5,
                    "attributes": {
                        "occluded": false,
                        "truncated": false,
                        "trafficLightColor": "none"
                    },
                    "box2d": {
                        "x1": 740.007374,
                        "y1": 399.356803,
                        "x2": 773.480221,
                        "y2": 425.105146
                    }
                },
                {
                    "category": "bus",
                    "id": 6,
                    "attributes": {
                        "occluded": true,
                        "truncated": false,
                        "trafficLightColor": "none"
                    },
                    "box2d": {
                        "x1": 747.731878,
                        "y1": 376.183293,
                        "x2": 782.492142,
                        "y2": 418.66806
                    }
                },
                {
                    "category": "car",
                    "id": 7,
                    "attributes": {
                        "occluded": false,
                        "truncated": false,
                        "trafficLightColor": "none"
                    },
                    "box2d": {
                        "x1": 351.207387,
                        "y1": 386.482631,
                        "x2": 391.117321,
                        "y2": 409.65614
                    }
                },
                {
                    "category": "car",
                    "id": 8,
                    "attributes": {
                        "occluded": false,
                        "truncated": false,
                        "trafficLightColor": "none"
                    },
                    "box2d": {
                        "x1": 155.519979,
                        "y1": 380.045546,
                        "x2": 279.112027,
                        "y2": 437.979317
                    }
                },
                {
                    "category": "car",
                    "id": 9,
                    "attributes": {
                        "occluded": true,
                        "truncated": false,
                        "trafficLightColor": "none"
                    },
                    "box2d": {
                        "x1": 262.375604,
                        "y1": 381.332962,
                        "x2": 304.860371,
                        "y2": 418.66806
                    }
                },
                {
                    "category": "car",
                    "id": 10,
                    "attributes": {
                        "occluded": true,
                        "truncated": false,
                        "trafficLightColor": "none"
                    },
                    "box2d": {
                        "x1": 131.059052,
                        "y1": 383.907796,
                        "x2": 169.681567,
                        "y2": 403.219054
                    }
                },
                {
                    "category": "car",
                    "id": 11,
                    "attributes": {
                        "occluded": true,
                        "truncated": false,
                        "trafficLightColor": "none"
                    },
                    "box2d": {
                        "x1": 67.975611,
                        "y1": 386.482631,
                        "x2": 134.921304,
                        "y2": 403.219054
                    }
                },
                {
                    "category": "car",
                    "id": 12,
                    "attributes": {
                        "occluded": true,
                        "truncated": false,
                        "trafficLightColor": "none"
                    },
                    "box2d": {
                        "x1": 310.010039,
                        "y1": 389.057465,
                        "x2": 344.770303,
                        "y2": 400.64422
                    }
                },
                {
                    "category": "area/alternative",
                    "id": 13,
                    "attributes": {},
                    "poly2d": [
                        [
                            861.227594,
                            444.08607,
                            "L"
                        ],
                        [
                            906.135174,
                            439.09634,
                            "L"
                        ],
                        [
                            1280.36501,
                            519.929984,
                            "L"
                        ],
                        [
                            1280.36501,
                            624.714338,
                            "L"
                        ],
                        [
                            861.227594,
                            444.08607,
                            "L"
                        ]
                    ]
                },
                {
                    "category": "area/drivable",
                    "id": 14,
                    "attributes": {},
                    "poly2d": [
                        [
                            681.597273,
                            435.104555,
                            "L"
                        ],
                        [
                            825.301529,
                            431.11277,
                            "L"
                        ],
                        [
                            1280.36501,
                            636.689693,
                            "L"
                        ],
                        [
                            1280.36501,
                            687.58495,
                            "L"
                        ],
                        [
                            1099.465486,
                            641.857394,
                            "C"
                        ],
                        [
                            682.595218,
                            653.654777,
                            "C"
                        ],
                        [
                            386.20519,
                            719.519229,
                            "C"
                        ],
                        [
                            211.921052,
                            720.170138,
                            "L"
                        ],
                        [
                            681.597273,
                            435.104555,
                            "L"
                        ]
                    ]
                },
                {
                    "category": "area/alternative",
                    "id": 15,
                    "attributes": {},
                    "poly2d": [
                        [
                            499.97106,
                            427.120986,
                            "L"
                        ],
                        [
                            610.743091,
                            465.042941,
                            "L"
                        ],
                        [
                            161.667289,
                            719.519229,
                            "L"
                        ],
                        [
                            0,
                            719.519229,
                            "L"
                        ],
                        [
                            0,
                            527.913553,
                            "L"
                        ],
                        [
                            499.97106,
                            427.120986,
                            "L"
                        ]
                    ]
                },
                {
                    "category": "area/alternative",
                    "id": 16,
                    "attributes": {},
                    "poly2d": [
                        [
                            0,
                            480.012135,
                            "L"
                        ],
                        [
                            495.979275,
                            406.164114,
                            "L"
                        ],
                        [
                            515.938199,
                            418.139469,
                            "L"
                        ],
                        [
                            0,
                            516.936144,
                            "L"
                        ],
                        [
                            0,
                            480.012135,
                            "L"
                        ]
                    ]
                },
                {
                    "category": "area/alternative",
                    "id": 17,
                    "attributes": {},
                    "poly2d": [
                        [
                            0,
                            445.084017,
                            "L"
                        ],
                        [
                            134.722741,
                            435.104555,
                            "L"
                        ],
                        [
                            152.685772,
                            448.077857,
                            "L"
                        ],
                        [
                            0,
                            470.032673,
                            "L"
                        ],
                        [
                            0,
                            445.084017,
                            "L"
                        ]
                    ]
                },
                {
                    "category": "lane/road curb",
                    "id": 18,
                    "attributes": {
                        "direction": "parallel",
                        "style": "solid"
                    },
                    "poly2d": [
                        [
                            156.977953,
                            425.962708,
                            "L"
                        ],
                        [
                            0,
                            439.860224,
                            "L"
                        ]
                    ]
                },
                {
                    "category": "lane/road curb",
                    "id": 19,
                    "attributes": {
                        "direction": "parallel",
                        "style": "solid"
                    },
                    "poly2d": [
                        [
                            304.944315,
                            415.335195,
                            "L"
                        ],
                        [
                            349.088975,
                            411.247691,
                            "L"
                        ]
                    ]
                },
                {
                    "category": "lane/road curb",
                    "id": 20,
                    "attributes": {
                        "direction": "parallel",
                        "style": "solid"
                    },
                    "poly2d": [
                        [
                            395.686117,
                            410.43019,
                            "L"
                        ],
                        [
                            501.142806,
                            401.437679,
                            "L"
                        ]
                    ]
                },
                {
                    "category": "lane/single white",
                    "id": 21,
                    "attributes": {
                        "direction": "parallel",
                        "style": "dashed"
                    },
                    "poly2d": [
                        [
                            488.062906,
                            412.882692,
                            "L"
                        ],
                        [
                            0,
                            471.742762,
                            "L"
                        ]
                    ]
                },
                {
                    "category": "lane/single white",
                    "id": 22,
                    "attributes": {
                        "direction": "parallel",
                        "style": "solid"
                    },
                    "poly2d": [
                        [
                            496.237843,
                            427.59771,
                            "L"
                        ],
                        [
                            0,
                            525.697825,
                            "L"
                        ]
                    ]
                },
                {
                    "category": "lane/single white",
                    "id": 23,
                    "attributes": {
                        "direction": "parallel",
                        "style": "solid"
                    },
                    "poly2d": [
                        [
                            492.967868,
                            422.692704,
                            "L"
                        ],
                        [
                            0,
                            519.157817,
                            "L"
                        ]
                    ]
                },
                {
                    "category": "lane/single white",
                    "id": 24,
                    "attributes": {
                        "direction": "parallel",
                        "style": "solid"
                    },
                    "poly2d": [
                        [
                            682.626409,
                            437.407721,
                            "L"
                        ],
                        [
                            211.750032,
                            720.21196,
                            "L"
                        ]
                    ]
                },
                {
                    "category": "lane/single white",
                    "id": 25,
                    "attributes": {
                        "direction": "parallel",
                        "style": "solid"
                    },
                    "poly2d": [
                        [
                            675.268966,
                            433.320216,
                            "L"
                        ],
                        [
                            164.335396,
                            720.21196,
                            "L"
                        ]
                    ]
                },
                {
                    "category": "lane/single white",
                    "id": 26,
                    "attributes": {
                        "direction": "parallel",
                        "style": "solid"
                    },
                    "poly2d": [
                        [
                            821.60034,
                            434.955219,
                            "L"
                        ],
                        [
                            1280.195152,
                            636.877956,
                            "L"
                        ]
                    ]
                },
                {
                    "category": "lane/single white",
                    "id": 27,
                    "attributes": {
                        "direction": "parallel",
                        "style": "solid"
                    },
                    "poly2d": [
                        [
                            824.870315,
                            430.867713,
                            "L"
                        ],
                        [
                            1280.195152,
                            629.520447,
                            "L"
                        ]
                    ]
                }
            ]
        }
    ],
    "attributes": {
        "weather": "overcast",
        "scene": "highway",
        "timeofday": "dawn/dusk"
    }
}