{
    "name": "1e45de2a-609a28e9",
    "frames": [
        {
            "timestamp": 10000,
            "objects": [
                {
                    "category": "car",
                    "id": 0,
                    "attributes": {
                        "occluded": true,
                        "truncated": false,
                        "trafficLightColor": "none"
                    },
                    "box2d": {
                        "x1": 373.553196,
                        "y1": 345.727295,
                        "x2": 400.235565,
                        "y2": 368.5979
                    }
                },
                {
                    "category": "car",
                    "id": 1,
                    "attributes": {
                        "occluded": true,
                        "truncated": false,
                        "trafficLightColor": "none"
                    },
                    "box2d": {
                        "x1": 356.400243,
                        "y1": 347.633178,
                        "x2": 375.45908,
                        "y2": 370.503782
                    }
                },
                {
                    "category": "car",
                    "id": 2,
                    "attributes": {
                        "occluded": true,
                        "truncated": false,
                        "trafficLightColor": "none"
                    },
                    "box2d": {
                        "x1": 253.482526,
                        "y1": 324.762575,
                        "x2": 360.21201,
                        "y2": 376.221433
                    }
                },
                {
                    "category": "car",
                    "id": 3,
                    "attributes": {
                        "occluded": true,
                        "truncated": false,
                        "trafficLightColor": "none"
                    },
                    "box2d": {
                        "x1": 476.470913,
                        "y1": 336.197876,
                        "x2": 506.965052,
                        "y2": 370.503782
                    }
                },
                {
                    "category": "car",
                    "id": 4,
                    "attributes": {
                        "occluded": true,
                        "truncated": false,
                        "trafficLightColor": "none"
                    },
                    "box2d": {
                        "x1": 499.341517,
                        "y1": 292.362552,
                        "x2": 594.635702,
                        "y2": 391.468501
                    }
                },
                {
                    "category": "car",
                    "id": 5,
                    "attributes": {
                        "occluded": true,
                        "truncated": false,
                        "trafficLightColor": "none"
                    },
                    "box2d": {
                        "x1": 543.176841,
                        "y1": 317.139044,
                        "x2": 628.941606,
                        "y2": 412.433226
                    }
                },
                {
                    "category": "car",
                    "id": 6,
                    "attributes": {
                        "occluded": true,
                        "truncated": false,
                        "trafficLightColor": "none"
                    },
                    "box2d": {
                        "x1": 573.67098,
                        "y1": 315.233158,
                        "x2": 729.953439,
                        "y2": 437.209712
                    }
                },
                {
                    "category": "car",
                    "id": 7,
                    "attributes": {
                        "occluded": false,
                        "truncated": true,
                        "trafficLightColor": "none"
                    },
                    "box2d": {
                        "x1": 690.692253,
                        "y1": 242.047224,
                        "x2": 1277.704417,
                        "y2": 590.823933
                    }
                },
                {
                    "category": "car",
                    "id": 8,
                    "attributes": {
                        "occluded": false,
                        "truncated": false,
                        "trafficLightColor": "none"
                    },
                    "box2d": {
                        "x1": 417.38852,
                        "y1": 350.682592,
                        "x2": 436.447357,
                        "y2": 367.835545
                    }
                },
                {
                    "category": "car",
                    "id": 9,
                    "attributes": {
                        "occluded": false,
                        "truncated": false,
                        "trafficLightColor": "none"
                    },
                    "box2d": {
                        "x1": 453.60031,
                        "y1": 339.24729,
                        "x2": 476.470913,
                        "y2": 362.117894
                    }
                },
                {
                    "category": "traffic sign",
                    "id": 10,
                    "attributes": {
                        "occluded": false,
                        "truncated": false,
                        "trafficLightColor": "none"
                    },
                    "box2d": {
                        "x1": 566.047445,
                        "y1": 274.447246,
                        "x2": 583.200398,
                        "y2": 289.694315
                    }
                },
                {
                    "category": "area/drivable",
                    "id": 11,
                    "attributes": {},
                    "poly2d": [
                        [
                            385.655501,
                            372.995151,
                            "L"
                        ],
                        [
                            0,
                            567.395166,
                            "L"
                        ],
                        [
                            0,
                            681.190297,
                            "L"
                        ],
                        [
                            303.204232,
                            621.381513,
                            "C"
                        ],
                        [
                            785.518947,
                            573.717118,
                            "C"
                        ],
                        [
                            1183.801905,
                            698.575664,
                            "C"
                        ],
                        [
                            1280.195222,
                            695.414689,
                            "L"
                        ],
                        [
                            1280.195222,
                            567.395166,
                            "L"
                        ],
                        [
                            1251.762886,
                            556.331752,
                            "L"
                        ],
                        [
                            869.284807,
                            610.068339,
                            "L"
                        ],
                        [
                            464.679897,
                            368.253687,
                            "L"
                        ],
                        [
                            385.655501,
                            372.995151,
                            "L"
                        ]
                    ]
                },
                {
                    "category": "lane/road curb",
                    "id": 12,
                    "attributes": {
                        "direction": "parallel",
                        "style": "solid"
                    },
                    "poly2d": [
                        [
                            1230.733575,
                            551.432576,
                            "L"
                        ],
                        [
                            1279.683206,
                            565.418185,
                            "L"
                        ]
                    ]
                },
                {
                    "category": "lane/road curb",
                    "id": 13,
                    "attributes": {
                        "direction": "parallel",
                        "style": "solid"
                    },
                    "poly2d": [
                        [
                            358.630969,
                            380.608354,
                            "L"
                        ],
                        [
                            0,
                            564.419213,
                            "L"
                        ]
                    ]
                }
            ]
        }
    ],
    "attributes": {
        "weather": "partly cloudy",
        "scene": "residential",
        "timeofday": "daytime"
    }
}