{
    "name": "1e45b3c5-77f120fd",
    "frames": [
        {
            "timestamp": 10000,
            "objects": [
                {
                    "category": "person",
                    "id": 0,
                    "attributes": {
                        "occluded": false,
                        "truncated": false,
                        "trafficLightColor": "none"
                    },
                    "box2d": {
                        "x1": 601.587669,
                        "y1": 296.542584,
                        "x2": 613.569187,
                        "y2": 327.99407
                    }
                },
                {
                    "category": "person",
                    "id": 1,
                    "attributes": {
                        "occluded": false,
                        "truncated": false,
                        "trafficLightColor": "none"
                    },
                    "box2d": {
                        "x1": 589.60615,
                        "y1": 295.044892,
                        "x2": 600.089979,
                        "y2": 324.99869
                    }
                },
                {
                    "category": "person",
                    "id": 2,
                    "attributes": {
                        "occluded": false,
                        "truncated": false,
                        "trafficLightColor": "none"
                    },
                    "box2d": {
                        "x1": 579.122321,
                        "y1": 293.547203,
                        "x2": 592.60153,
                        "y2": 329.491758
                    }
                },
                {
                    "category": "car",
                    "id": 3,
                    "attributes": {
                        "occluded": true,
                        "truncated": false,
                        "trafficLightColor": "none"
                    },
                    "box2d": {
                        "x1": 514.721659,
                        "y1": 302.533342,
                        "x2": 528.200868,
                        "y2": 314.51486
                    }
                },
                {
                    "category": "car",
                    "id": 4,
                    "attributes": {
                        "occluded": true,
                        "truncated": false,
                        "trafficLightColor": "none"
                    },
                    "box2d": {
                        "x1": 511.72628,
                        "y1": 310.021791,
                        "x2": 525.205488,
                        "y2": 323.500999
                    }
                },
                {
                    "category": "car",
                    "id": 5,
                    "attributes": {
                        "occluded": true,
                        "truncated": false,
                        "trafficLightColor": "none"
                    },
                    "box2d": {
                        "x1": 227.165214,
                        "y1": 286.058754,
                        "x2": 266.10515,
                        "y2": 314.51486
                    }
                },
                {
                    "category": "bus",
                    "id": 6,
                    "attributes": {
                        "occluded": true,
                        "truncated": false,
                        "trafficLightColor": "none"
                    },
                    "box2d": {
                        "x1": 147.787656,
                        "y1": 271.081855,
                        "x2": 216.681387,
                        "y2": 313.01717
                    }
                },
                {
                    "category": "car",
                    "id": 7,
                    "attributes": {
                        "occluded": true,
                        "truncated": false,
                        "trafficLightColor": "none"
                    },
                    "box2d": {
                        "x1": 56.428575,
                        "y1": 281.565685,
                        "x2": 140.299205,
                        "y2": 320.505621
                    }
                },
                {
                    "category": "truck",
                    "id": 8,
                    "attributes": {
                        "occluded": false,
                        "truncated": false,
                        "trafficLightColor": "none"
                    },
                    "box2d": {
                        "x1": 438.339479,
                        "y1": 254.607267,
                        "x2": 513.223968,
                        "y2": 332.487138
                    }
                },
                {
                    "category": "car",
                    "id": 9,
                    "attributes": {
                        "occluded": false,
                        "truncated": false,
                        "trafficLightColor": "none"
                    },
                    "box2d": {
                        "x1": 526.703178,
                        "y1": 293.547203,
                        "x2": 574.629252,
                        "y2": 336.980207
                    }
                },
                {
                    "category": "car",
                    "id": 10,
                    "attributes": {
                        "occluded": false,
                        "truncated": false,
                        "trafficLightColor": "none"
                    },
                    "box2d": {
                        "x1": 299.054326,
                        "y1": 274.077236,
                        "x2": 438.339479,
                        "y2": 372.924764
                    }
                },
                {
                    "category": "area/drivable",
                    "id": 11,
                    "attributes": {},
                    "poly2d": [
                        [
                            497.532236,
                            343.961857,
                            "L"
                        ],
                        [
                            417.381735,
                            413.437215,
                            "C"
                        ],
                        [
                            351.569278,
                            492.74966,
                            "C"
                        ],
                        [
                            282.381827,
                            572.062107,
                            "C"
                        ],
                        [
                            542.256648,
                            556.874617,
                            "L"
                        ],
                        [
                            520.319163,
                            497.812158,
                            "C"
                        ],
                        [
                            612.698037,
                            483.696362,
                            "C"
                        ],
                        [
                            589.664877,
                            558.938018,
                            "C"
                        ],
                        [
                            773.443989,
                            563.624613,
                            "C"
                        ],
                        [
                            965.818856,
                            590.624593,
                            "C"
                        ],
                        [
                            1124.443748,
                            624.374571,
                            "C"
                        ],
                        [
                            951.749345,
                            529.874637,
                            "C"
                        ],
                        [
                            788.631479,
                            431.999704,
                            "C"
                        ],
                        [
                            601.949229,
                            343.961857,
                            "C"
                        ],
                        [
                            497.532236,
                            343.961857,
                            "L"
                        ]
                    ]
                },
                {
                    "category": "area/alternative",
                    "id": 12,
                    "attributes": {},
                    "poly2d": [
                        [
                            241.881855,
                            366.187247,
                            "L"
                        ],
                        [
                            0,
                            415.124715,
                            "L"
                        ],
                        [
                            0,
                            614.249578,
                            "L"
                        ],
                        [
                            78.194467,
                            593.999592,
                            "C"
                        ],
                        [
                            162.569409,
                            583.874598,
                            "C"
                        ],
                        [
                            235.131859,
                            578.812102,
                            "C"
                        ],
                        [
                            422.444231,
                            396.562227,
                            "L"
                        ],
                        [
                            241.881855,
                            366.187247,
                            "L"
                        ]
                    ]
                },
                {
                    "category": "lane/road curb",
                    "id": 13,
                    "attributes": {
                        "direction": "parallel",
                        "style": "solid"
                    },
                    "poly2d": [
                        [
                            1.247754,
                            410.51108,
                            "L"
                        ],
                        [
                            301.956478,
                            350.618886,
                            "L"
                        ]
                    ]
                },
                {
                    "category": "lane/road curb",
                    "id": 14,
                    "attributes": {
                        "direction": "parallel",
                        "style": "solid"
                    },
                    "poly2d": [
                        [
                            1117.987622,
                            616.390496,
                            "C"
                        ],
                        [
                            939.558794,
                            520.313436,
                            "C"
                        ],
                        [
                            723.697344,
                            390.547015,
                            "C"
                        ],
                        [
                            582.701138,
                            329.407069,
                            "L"
                        ]
                    ]
                },
                {
                    "category": "lane/single white",
                    "id": 15,
                    "attributes": {
                        "direction": "parallel",
                        "style": "dashed"
                    },
                    "poly2d": [
                        [
                            274.505889,
                            576.462368,
                            "C"
                        ],
                        [
                            350.618886,
                            495.358354,
                            "C"
                        ],
                        [
                            450.439209,
                            370.582951,
                            "C"
                        ],
                        [
                            504.092635,
                            334.398083,
                            "L"
                        ]
                    ]
                },
                {
                    "category": "lane/single white",
                    "id": 16,
                    "attributes": {
                        "direction": "parallel",
                        "style": "dashed"
                    },
                    "poly2d": [
                        [
                            235.825514,
                            580.205631,
                            "C"
                        ],
                        [
                            323.168297,
                            496.60611,
                            "C"
                        ],
                        [
                            436.713915,
                            368.087443,
                            "C"
                        ],
                        [
                            499.101617,
                            331.902575,
                            "L"
                        ]
                    ]
                }
            ]
        }
    ],
    "attributes": {
        "weather": "clear",
        "scene": "highway",
        "timeofday": "daytime"
    }
}