{
    "name": "1e4d88d8-a76c34f1",
    "frames": [
        {
            "timestamp": 10000,
            "objects": [
                {
                    "category": "bike",
                    "id": 0,
                    "attributes": {
                        "occluded": true,
                        "truncated": false,
                        "trafficLightColor": "none"
                    },
                    "box2d": {
                        "x1": 67.068075,
                        "y1": 367.506857,
                        "x2": 140.774188,
                        "y2": 427.393075
                    }
                },
                {
                    "category": "bike",
                    "id": 1,
                    "attributes": {
                        "occluded": true,
                        "truncated": false,
                        "trafficLightColor": "none"
                    },
                    "box2d": {
                        "x1": 4.110771,
                        "y1": 359.829137,
                        "x2": 70.139165,
                        "y2": 451.961777
                    }
                },
                {
                    "category": "person",
                    "id": 2,
                    "attributes": {
                        "occluded": true,
                        "truncated": true,
                        "trafficLightColor": "none"
                    },
                    "box2d": {
                        "x1": 2.575227,
                        "y1": 301.478465,
                        "x2": 44.034917,
                        "y2": 395.146648
                    }
                },
                {
                    "category": "traffic sign",
                    "id": 3,
                    "attributes": {
                        "occluded": false,
                        "truncated": false,
                        "trafficLightColor": "none"
                    },
                    "box2d": {
                        "x1": 16.395122,
                        "y1": 120.284275,
                        "x2": 60.9259,
                        "y2": 170.957227
                    }
                },
                {
                    "category": "traffic sign",
                    "id": 4,
                    "attributes": {
                        "occluded": false,
                        "truncated": false,
                        "trafficLightColor": "none"
                    },
                    "box2d": {
                        "x1": 13.324035,
                        "y1": 175.563857,
                        "x2": 57.854813,
                        "y2": 246.198883
                    }
                },
                {
                    "category": "traffic sign",
                    "id": 5,
                    "attributes": {
                        "occluded": true,
                        "truncated": false,
                        "trafficLightColor": "none"
                    },
                    "box2d": {
                        "x1": 616.792829,
                        "y1": 283.051937,
                        "x2": 629.077181,
                        "y2": 304.549553
                    }
                },
                {
                    "category": "truck",
                    "id": 6,
                    "attributes": {
                        "occluded": true,
                        "truncated": false,
                        "trafficLightColor": "none"
                    },
                    "box2d": {
                        "x1": 420.243196,
                        "y1": 289.926343,
                        "x2": 580.367645,
                        "y2": 433.535249
                    }
                },
                {
                    "category": "car",
                    "id": 7,
                    "attributes": {
                        "occluded": true,
                        "truncated": false,
                        "trafficLightColor": "none"
                    },
                    "box2d": {
                        "x1": 398.745581,
                        "y1": 329.118257,
                        "x2": 426.385373,
                        "y2": 384.397842
                    }
                },
                {
                    "category": "truck",
                    "id": 8,
                    "attributes": {
                        "occluded": true,
                        "truncated": false,
                        "trafficLightColor": "none"
                    },
                    "box2d": {
                        "x1": 245.19118,
                        "y1": 243.127793,
                        "x2": 409.494389,
                        "y2": 421.250897
                    }
                },
                {
                    "category": "car",
                    "id": 9,
                    "attributes": {
                        "occluded": false,
                        "truncated": false,
                        "trafficLightColor": "none"
                    },
                    "box2d": {
                        "x1": 143.845276,
                        "y1": 319.904992,
                        "x2": 383.39014,
                        "y2": 473.459393
                    }
                },
                {
                    "category": "car",
                    "id": 10,
                    "attributes": {
                        "occluded": false,
                        "truncated": true,
                        "trafficLightColor": "none"
                    },
                    "box2d": {
                        "x1": 387.996772,
                        "y1": 303.014008,
                        "x2": 896.261839,
                        "y2": 605.516177
                    }
                },
                {
                    "category": "truck",
                    "id": 11,
                    "attributes": {
                        "occluded": true,
                        "truncated": true,
                        "trafficLightColor": "none"
                    },
                    "box2d": {
                        "x1": 693.570028,
                        "y1": 0.51184,
                        "x2": 1280,
                        "y2": 670.009026
                    }
                },
                {
                    "category": "person",
                    "id": 12,
                    "attributes": {
                        "occluded": true,
                        "truncated": false,
                        "trafficLightColor": "none"
                    },
                    "box2d": {
                        "x1": 670.486847,
                        "y1": 289.926343,
                        "x2": 694.947773,
                        "y2": 313.099852
                    }
                },
                {
                    "category": "area/alternative",
                    "id": 13,
                    "attributes": {},
                    "poly2d": [
                        [
                            98.478948,
                            462.978951,
                            "L"
                        ],
                        [
                            267.300001,
                            510.300002,
                            "L"
                        ],
                        [
                            122.778948,
                            606.221055,
                            "L"
                        ],
                        [
                            0,
                            616.452635,
                            "L"
                        ],
                        [
                            0,
                            489.836845,
                            "L"
                        ],
                        [
                            98.478948,
                            462.978951,
                            "L"
                        ]
                    ]
                },
                {
                    "category": "lane/road curb",
                    "id": 14,
                    "attributes": {
                        "direction": "parallel",
                        "style": "solid"
                    },
                    "poly2d": [
                        [
                            148.286777,
                            448.557763,
                            "L"
                        ],
                        [
                            0,
                            484.502292,
                            "L"
                        ]
                    ]
                },
                {
                    "category": "lane/single white",
                    "id": 15,
                    "attributes": {
                        "direction": "parallel",
                        "style": "dashed"
                    },
                    "poly2d": [
                        [
                            393.158879,
                            425.343589,
                            "L"
                        ],
                        [
                            124.323758,
                            607.312765,
                            "L"
                        ]
                    ]
                },
                {
                    "category": "lane/single white",
                    "id": 16,
                    "attributes": {
                        "direction": "parallel",
                        "style": "dashed"
                    },
                    "poly2d": [
                        [
                            402.893855,
                            427.590122,
                            "L"
                        ],
                        [
                            147.537933,
                            605.815076,
                            "L"
                        ]
                    ]
                },
                {
                    "category": "lane/single white",
                    "id": 17,
                    "attributes": {
                        "direction": "vertical",
                        "style": "solid"
                    },
                    "poly2d": [
                        [
                            424.610341,
                            406.62248,
                            "L"
                        ],
                        [
                            397.651945,
                            406.62248,
                            "L"
                        ]
                    ]
                }
            ]
        }
    ],
    "attributes": {
        "weather": "undefined",
        "scene": "city street",
        "timeofday": "daytime"
    }
}