{
    "name": "1e68a7dc-e3394c1e",
    "frames": [
        {
            "timestamp": 10000,
            "objects": [
                {
                    "category": "traffic sign",
                    "id": 0,
                    "attributes": {
                        "occluded": false,
                        "truncated": false,
                        "trafficLightColor": "none"
                    },
                    "box2d": {
                        "x1": 330.981799,
                        "y1": 295.649792,
                        "x2": 356.294282,
                        "y2": 312.524779
                    }
                },
                {
                    "category": "traffic light",
                    "id": 1,
                    "attributes": {
                        "occluded": false,
                        "truncated": false,
                        "trafficLightColor": "green"
                    },
                    "box2d": {
                        "x1": 584.106626,
                        "y1": 319.274775,
                        "x2": 594.231618,
                        "y2": 332.774767
                    }
                },
                {
                    "category": "car",
                    "id": 2,
                    "attributes": {
                        "occluded": true,
                        "truncated": false,
                        "trafficLightColor": "none"
                    },
                    "box2d": {
                        "x1": 536.624631,
                        "y1": 355.218505,
                        "x2": 551.812121,
                        "y2": 367.030998
                    }
                },
                {
                    "category": "car",
                    "id": 3,
                    "attributes": {
                        "occluded": true,
                        "truncated": false,
                        "trafficLightColor": "none"
                    },
                    "box2d": {
                        "x1": 533.249633,
                        "y1": 360.281002,
                        "x2": 550.124622,
                        "y2": 380.530988
                    }
                },
                {
                    "category": "car",
                    "id": 4,
                    "attributes": {
                        "occluded": true,
                        "truncated": false,
                        "trafficLightColor": "none"
                    },
                    "box2d": {
                        "x1": 566.999609,
                        "y1": 355.218505,
                        "x2": 580.499601,
                        "y2": 370.405994
                    }
                },
                {
                    "category": "car",
                    "id": 5,
                    "attributes": {
                        "occluded": true,
                        "truncated": false,
                        "trafficLightColor": "none"
                    },
                    "box2d": {
                        "x1": 580.499601,
                        "y1": 351.843508,
                        "x2": 590.624593,
                        "y2": 365.343499
                    }
                },
                {
                    "category": "car",
                    "id": 6,
                    "attributes": {
                        "occluded": true,
                        "truncated": false,
                        "trafficLightColor": "none"
                    },
                    "box2d": {
                        "x1": 585.562097,
                        "y1": 353.531007,
                        "x2": 599.062088,
                        "y2": 368.718497
                    }
                },
                {
                    "category": "car",
                    "id": 7,
                    "attributes": {
                        "occluded": true,
                        "truncated": false,
                        "trafficLightColor": "none"
                    },
                    "box2d": {
                        "x1": 592.312093,
                        "y1": 353.531007,
                        "x2": 619.312075,
                        "y2": 380.530988
                    }
                },
                {
                    "category": "car",
                    "id": 8,
                    "attributes": {
                        "occluded": true,
                        "truncated": false,
                        "trafficLightColor": "none"
                    },
                    "box2d": {
                        "x1": 600.749587,
                        "y1": 360.281002,
                        "x2": 614.249578,
                        "y2": 383.905985
                    }
                },
                {
                    "category": "car",
                    "id": 9,
                    "attributes": {
                        "occluded": true,
                        "truncated": false,
                        "trafficLightColor": "none"
                    },
                    "box2d": {
                        "x1": 605.812084,
                        "y1": 356.906005,
                        "x2": 624.374572,
                        "y2": 390.655982
                    }
                },
                {
                    "category": "car",
                    "id": 10,
                    "attributes": {
                        "occluded": true,
                        "truncated": false,
                        "trafficLightColor": "none"
                    },
                    "box2d": {
                        "x1": 615.937077,
                        "y1": 348.46851,
                        "x2": 664.874543,
                        "y2": 397.405978
                    }
                },
                {
                    "category": "car",
                    "id": 11,
                    "attributes": {
                        "occluded": true,
                        "truncated": false,
                        "trafficLightColor": "none"
                    },
                    "box2d": {
                        "x1": 634.499565,
                        "y1": 365.343499,
                        "x2": 674.999537,
                        "y2": 410.905968
                    }
                },
                {
                    "category": "car",
                    "id": 12,
                    "attributes": {
                        "occluded": true,
                        "truncated": false,
                        "trafficLightColor": "none"
                    },
                    "box2d": {
                        "x1": 653.062051,
                        "y1": 367.030998,
                        "x2": 698.62452,
                        "y2": 422.718459
                    }
                },
                {
                    "category": "car",
                    "id": 13,
                    "attributes": {
                        "occluded": true,
                        "truncated": false,
                        "trafficLightColor": "none"
                    },
                    "box2d": {
                        "x1": 664.874543,
                        "y1": 370.405995,
                        "x2": 725.624501,
                        "y2": 436.218451
                    }
                },
                {
                    "category": "car",
                    "id": 14,
                    "attributes": {
                        "occluded": true,
                        "truncated": false,
                        "trafficLightColor": "none"
                    },
                    "box2d": {
                        "x1": 688.499527,
                        "y1": 365.343499,
                        "x2": 816.749439,
                        "y2": 459.843434
                    }
                },
                {
                    "category": "car",
                    "id": 15,
                    "attributes": {
                        "occluded": true,
                        "truncated": false,
                        "trafficLightColor": "none"
                    },
                    "box2d": {
                        "x1": 462.374682,
                        "y1": 356.906005,
                        "x2": 475.874673,
                        "y2": 383.905987
                    }
                },
                {
                    "category": "car",
                    "id": 16,
                    "attributes": {
                        "occluded": true,
                        "truncated": false,
                        "trafficLightColor": "none"
                    },
                    "box2d": {
                        "x1": 403.312223,
                        "y1": 355.218505,
                        "x2": 467.437179,
                        "y2": 415.968463
                    }
                },
                {
                    "category": "car",
                    "id": 17,
                    "attributes": {
                        "occluded": true,
                        "truncated": false,
                        "trafficLightColor": "none"
                    },
                    "box2d": {
                        "x1": 406.687221,
                        "y1": 370.405995,
                        "x2": 460.687183,
                        "y2": 424.405958
                    }
                },
                {
                    "category": "car",
                    "id": 18,
                    "attributes": {
                        "occluded": true,
                        "truncated": false,
                        "trafficLightColor": "none"
                    },
                    "box2d": {
                        "x1": 334.12477,
                        "y1": 372.093494,
                        "x2": 438.749698,
                        "y2": 454.780937
                    }
                },
                {
                    "category": "car",
                    "id": 19,
                    "attributes": {
                        "occluded": true,
                        "truncated": false,
                        "trafficLightColor": "none"
                    },
                    "box2d": {
                        "x1": 155.481919,
                        "y1": 366.524743,
                        "x2": 381.606764,
                        "y2": 496.462154
                    }
                },
                {
                    "category": "car",
                    "id": 20,
                    "attributes": {
                        "occluded": true,
                        "truncated": false,
                        "trafficLightColor": "none"
                    },
                    "box2d": {
                        "x1": 746.106513,
                        "y1": 368.212242,
                        "x2": 935.106384,
                        "y2": 504.899648
                    }
                },
                {
                    "category": "car",
                    "id": 21,
                    "attributes": {
                        "occluded": false,
                        "truncated": false,
                        "trafficLightColor": "none"
                    },
                    "box2d": {
                        "x1": 546.981651,
                        "y1": 354.71225,
                        "x2": 570.606634,
                        "y2": 374.962237
                    }
                },
                {
                    "category": "car",
                    "id": 22,
                    "attributes": {
                        "occluded": false,
                        "truncated": false,
                        "trafficLightColor": "none"
                    },
                    "box2d": {
                        "x1": 459.23171,
                        "y1": 337.837263,
                        "x2": 546.981651,
                        "y2": 427.274701
                    }
                },
                {
                    "category": "car",
                    "id": 23,
                    "attributes": {
                        "occluded": false,
                        "truncated": true,
                        "trafficLightColor": "none"
                    },
                    "box2d": {
                        "x1": 0,
                        "y1": 380.024734,
                        "x2": 231.419368,
                        "y2": 628.087063
                    }
                },
                {
                    "category": "car",
                    "id": 24,
                    "attributes": {
                        "occluded": false,
                        "truncated": true,
                        "trafficLightColor": "none"
                    },
                    "box2d": {
                        "x1": 854.106438,
                        "y1": 334.462265,
                        "x2": 1279.356146,
                        "y2": 666.899536
                    }
                },
                {
                    "category": "area/drivable",
                    "id": 25,
                    "attributes": {},
                    "poly2d": [
                        [
                            554.002794,
                            379.317229,
                            "L"
                        ],
                        [
                            550.259534,
                            429.227391,
                            "L"
                        ],
                        [
                            459.173489,
                            435.466162,
                            "L"
                        ],
                        [
                            0,
                            683.769216,
                            "L"
                        ],
                        [
                            316.929528,
                            621.381512,
                            "C"
                        ],
                        [
                            668.796168,
                            616.390497,
                            "C"
                        ],
                        [
                            985.725694,
                            636.354562,
                            "C"
                        ],
                        [
                            582.701138,
                            376.821721,
                            "L"
                        ],
                        [
                            554.002794,
                            379.317229,
                            "L"
                        ]
                    ]
                }
            ]
        }
    ],
    "attributes": {
        "weather": "undefined",
        "scene": "city street",
        "timeofday": "daytime"
    }
}