{
    "name": "1e94156c-c7638e48",
    "frames": [
        {
            "timestamp": 10000,
            "objects": [
                {
                    "category": "car",
                    "id": 0,
                    "attributes": {
                        "occluded": true,
                        "truncated": false,
                        "trafficLightColor": "none"
                    },
                    "box2d": {
                        "x1": 533.873453,
                        "y1": 362.900224,
                        "x2": 547.693349,
                        "y2": 372.113489
                    }
                },
                {
                    "category": "car",
                    "id": 1,
                    "attributes": {
                        "occluded": true,
                        "truncated": false,
                        "trafficLightColor": "none"
                    },
                    "box2d": {
                        "x1": 521.589101,
                        "y1": 362.900224,
                        "x2": 533.873453,
                        "y2": 372.113489
                    }
                },
                {
                    "category": "car",
                    "id": 2,
                    "attributes": {
                        "occluded": true,
                        "truncated": false,
                        "trafficLightColor": "none"
                    },
                    "box2d": {
                        "x1": 507.769206,
                        "y1": 361.364681,
                        "x2": 521.589101,
                        "y2": 372.113489
                    }
                },
                {
                    "category": "car",
                    "id": 3,
                    "attributes": {
                        "occluded": true,
                        "truncated": false,
                        "trafficLightColor": "none"
                    },
                    "box2d": {
                        "x1": 492.413765,
                        "y1": 362.900224,
                        "x2": 512.375838,
                        "y2": 373.649032
                    }
                },
                {
                    "category": "car",
                    "id": 4,
                    "attributes": {
                        "occluded": true,
                        "truncated": false,
                        "trafficLightColor": "none"
                    },
                    "box2d": {
                        "x1": 463.238429,
                        "y1": 359.829137,
                        "x2": 490.878221,
                        "y2": 372.113489
                    }
                },
                {
                    "category": "car",
                    "id": 5,
                    "attributes": {
                        "occluded": true,
                        "truncated": false,
                        "trafficLightColor": "none"
                    },
                    "box2d": {
                        "x1": 444.8119,
                        "y1": 359.829137,
                        "x2": 460.167342,
                        "y2": 375.184577
                    }
                },
                {
                    "category": "car",
                    "id": 6,
                    "attributes": {
                        "occluded": true,
                        "truncated": false,
                        "trafficLightColor": "none"
                    },
                    "box2d": {
                        "x1": 429.45646,
                        "y1": 364.435769,
                        "x2": 454.025164,
                        "y2": 378.255665
                    }
                },
                {
                    "category": "car",
                    "id": 7,
                    "attributes": {
                        "occluded": true,
                        "truncated": false,
                        "trafficLightColor": "none"
                    },
                    "box2d": {
                        "x1": 404.887757,
                        "y1": 365.971313,
                        "x2": 424.849829,
                        "y2": 375.184578
                    }
                },
                {
                    "category": "truck",
                    "id": 8,
                    "attributes": {
                        "occluded": true,
                        "truncated": false,
                        "trafficLightColor": "none"
                    },
                    "box2d": {
                        "x1": 371.105788,
                        "y1": 358.293593,
                        "x2": 401.816668,
                        "y2": 378.255666
                    }
                },
                {
                    "category": "car",
                    "id": 9,
                    "attributes": {
                        "occluded": false,
                        "truncated": false,
                        "trafficLightColor": "none"
                    },
                    "box2d": {
                        "x1": 203.731492,
                        "y1": 364.435769,
                        "x2": 263.617708,
                        "y2": 395.146649
                    }
                },
                {
                    "category": "car",
                    "id": 10,
                    "attributes": {
                        "occluded": false,
                        "truncated": true,
                        "trafficLightColor": "none"
                    },
                    "box2d": {
                        "x1": 0,
                        "y1": 370.577945,
                        "x2": 33.28611,
                        "y2": 402.824369
                    }
                },
                {
                    "category": "car",
                    "id": 11,
                    "attributes": {
                        "occluded": true,
                        "truncated": false,
                        "trafficLightColor": "none"
                    },
                    "box2d": {
                        "x1": 592.224124,
                        "y1": 356.758049,
                        "x2": 624.470549,
                        "y2": 396.682193
                    }
                },
                {
                    "category": "car",
                    "id": 12,
                    "attributes": {
                        "occluded": true,
                        "truncated": false,
                        "trafficLightColor": "none"
                    },
                    "box2d": {
                        "x1": 662.859151,
                        "y1": 369.042401,
                        "x2": 696.641119,
                        "y2": 396.682193
                    }
                },
                {
                    "category": "car",
                    "id": 13,
                    "attributes": {
                        "occluded": true,
                        "truncated": false,
                        "trafficLightColor": "none"
                    },
                    "box2d": {
                        "x1": 693.570029,
                        "y1": 367.506857,
                        "x2": 722.745365,
                        "y2": 390.540017
                    }
                },
                {
                    "category": "car",
                    "id": 14,
                    "attributes": {
                        "occluded": true,
                        "truncated": false,
                        "trafficLightColor": "none"
                    },
                    "box2d": {
                        "x1": 784.167126,
                        "y1": 358.293593,
                        "x2": 842.517798,
                        "y2": 415.108723
                    }
                },
                {
                    "category": "truck",
                    "id": 15,
                    "attributes": {
                        "occluded": true,
                        "truncated": false,
                        "trafficLightColor": "none"
                    },
                    "box2d": {
                        "x1": 727.351997,
                        "y1": 335.260433,
                        "x2": 781.096039,
                        "y2": 372.113489
                    }
                },
                {
                    "category": "car",
                    "id": 16,
                    "attributes": {
                        "occluded": false,
                        "truncated": false,
                        "trafficLightColor": "none"
                    },
                    "box2d": {
                        "x1": 595.295213,
                        "y1": 369.042401,
                        "x2": 670.536869,
                        "y2": 442.748513
                    }
                },
                {
                    "category": "car",
                    "id": 17,
                    "attributes": {
                        "occluded": false,
                        "truncated": false,
                        "trafficLightColor": "none"
                    },
                    "box2d": {
                        "x1": 716.603189,
                        "y1": 362.900224,
                        "x2": 810.271374,
                        "y2": 430.464162
                    }
                },
                {
                    "category": "area/drivable",
                    "id": 18,
                    "attributes": {},
                    "poly2d": [
                        [
                            546.669645,
                            439.677425,
                            "L"
                        ],
                        [
                            707.901765,
                            442.748513,
                            "L"
                        ],
                        [
                            1034.972638,
                            679.22229,
                            "L"
                        ],
                        [
                            784.678965,
                            686.90001,
                            "C"
                        ],
                        [
                            519.029853,
                            676.151202,
                            "C"
                        ],
                        [
                            285.627164,
                            699.184362,
                            "C"
                        ],
                        [
                            546.669645,
                            439.677425,
                            "L"
                        ]
                    ]
                },
                {
                    "category": "area/alternative",
                    "id": 19,
                    "attributes": {},
                    "poly2d": [
                        [
                            734.006013,
                            448.890689,
                            "L"
                        ],
                        [
                            827.674197,
                            431.999705,
                            "L"
                        ],
                        [
                            1280.6437,
                            568.663122,
                            "L"
                        ],
                        [
                            1280.6437,
                            691.506642,
                            "L"
                        ],
                        [
                            1205.418023,
                            677.686746,
                            "C"
                        ],
                        [
                            1131.71191,
                            673.080114,
                            "C"
                        ],
                        [
                            1047.25699,
                            673.080114,
                            "C"
                        ],
                        [
                            734.006013,
                            448.890689,
                            "L"
                        ]
                    ]
                },
                {
                    "category": "area/alternative",
                    "id": 20,
                    "attributes": {},
                    "poly2d": [
                        [
                            1280.6437,
                            467.317217,
                            "L"
                        ],
                        [
                            853.778446,
                            407.431001,
                            "L"
                        ],
                        [
                            838.423006,
                            428.928617,
                            "L"
                        ],
                        [
                            1280.6437,
                            559.449858,
                            "L"
                        ],
                        [
                            1280.6437,
                            467.317217,
                            "L"
                        ]
                    ]
                },
                {
                    "category": "area/alternative",
                    "id": 21,
                    "attributes": {},
                    "poly2d": [
                        [
                            580.451613,
                            387.468929,
                            "L"
                        ],
                        [
                            563.560629,
                            375.184577,
                            "L"
                        ],
                        [
                            0.015979,
                            488.814833,
                            "L"
                        ],
                        [
                            0,
                            720.170138,
                            "L"
                        ],
                        [
                            245.70302,
                            720.170138,
                            "L"
                        ],
                        [
                            580.451613,
                            387.468929,
                            "L"
                        ]
                    ]
                },
                {
                    "category": "lane/road curb",
                    "id": 22,
                    "attributes": {
                        "direction": "parallel",
                        "style": "solid"
                    },
                    "poly2d": [
                        [
                            535.87895,
                            377.289476,
                            "L"
                        ],
                        [
                            0,
                            452.747371,
                            "L"
                        ]
                    ]
                },
                {
                    "category": "lane/single yellow",
                    "id": 23,
                    "attributes": {
                        "direction": "parallel",
                        "style": "solid"
                    },
                    "poly2d": [
                        [
                            589.594741,
                            382.405265,
                            "L"
                        ],
                        [
                            263.463158,
                            699.584215,
                            "L"
                        ]
                    ]
                },
                {
                    "category": "lane/single yellow",
                    "id": 24,
                    "attributes": {
                        "direction": "parallel",
                        "style": "solid"
                    },
                    "poly2d": [
                        [
                            585.757898,
                            391.357897,
                            "L"
                        ],
                        [
                            292.878948,
                            694.468425,
                            "L"
                        ]
                    ]
                },
                {
                    "category": "lane/single white",
                    "id": 25,
                    "attributes": {
                        "direction": "parallel",
                        "style": "solid"
                    },
                    "poly2d": [
                        [
                            850.500004,
                            401.589475,
                            "L"
                        ],
                        [
                            1277.668428,
                            464.257898,
                            "L"
                        ]
                    ]
                },
                {
                    "category": "lane/single white",
                    "id": 26,
                    "attributes": {
                        "direction": "parallel",
                        "style": "dashed"
                    },
                    "poly2d": [
                        [
                            840.268425,
                            409.26316,
                            "L"
                        ],
                        [
                            1275.110533,
                            491.115792,
                            "L"
                        ]
                    ]
                },
                {
                    "category": "lane/single white",
                    "id": 27,
                    "attributes": {
                        "direction": "parallel",
                        "style": "dashed"
                    },
                    "poly2d": [
                        [
                            850.500004,
                            413.100002,
                            "L"
                        ],
                        [
                            1275.110533,
                            498.789475,
                            "L"
                        ]
                    ]
                },
                {
                    "category": "lane/single white",
                    "id": 28,
                    "attributes": {
                        "direction": "parallel",
                        "style": "dashed"
                    },
                    "poly2d": [
                        [
                            812.131582,
                            428.447372,
                            "L"
                        ],
                        [
                            1280.226322,
                            566.573687,
                            "L"
                        ]
                    ]
                },
                {
                    "category": "lane/single white",
                    "id": 29,
                    "attributes": {
                        "direction": "parallel",
                        "style": "dashed"
                    },
                    "poly2d": [
                        [
                            815.968425,
                            424.610529,
                            "L"
                        ],
                        [
                            1275.110533,
                            560.178951,
                            "L"
                        ]
                    ]
                },
                {
                    "category": "lane/single white",
                    "id": 30,
                    "attributes": {
                        "direction": "parallel",
                        "style": "dashed"
                    },
                    "poly2d": [
                        [
                            676.563161,
                            418.215792,
                            "L"
                        ],
                        [
                            1034.668425,
                            674.005267,
                            "L"
                        ]
                    ]
                },
                {
                    "category": "lane/single white",
                    "id": 31,
                    "attributes": {
                        "direction": "parallel",
                        "style": "dashed"
                    },
                    "poly2d": [
                        [
                            682.957898,
                            416.936845,
                            "L"
                        ],
                        [
                            1050.015795,
                            670.168425,
                            "L"
                        ]
                    ]
                },
                {
                    "category": "lane/road curb",
                    "id": 32,
                    "attributes": {
                        "direction": "parallel",
                        "style": "solid"
                    },
                    "poly2d": [
                        [
                            185.447368,
                            386.242108,
                            "L"
                        ],
                        [
                            31.973684,
                            393.915792,
                            "L"
                        ]
                    ]
                }
            ]
        }
    ],
    "attributes": {
        "weather": "undefined",
        "scene": "highway",
        "timeofday": "daytime"
    }
}