{
    "name": "1ebbc434-0983eeaf",
    "frames": [
        {
            "timestamp": 10000,
            "objects": [
                {
                    "category": "car",
                    "id": 0,
                    "attributes": {
                        "occluded": false,
                        "truncated": false,
                        "trafficLightColor": "none"
                    },
                    "box2d": {
                        "x1": 625.235021,
                        "y1": 293.762232,
                        "x2": 661.479082,
                        "y2": 322.318159
                    }
                },
                {
                    "category": "car",
                    "id": 1,
                    "attributes": {
                        "occluded": false,
                        "truncated": true,
                        "trafficLightColor": "none"
                    },
                    "box2d": {
                        "x1": 1095.309508,
                        "y1": 315.72833,
                        "x2": 1277.628117,
                        "y2": 563.945232
                    }
                },
                {
                    "category": "car",
                    "id": 2,
                    "attributes": {
                        "occluded": true,
                        "truncated": false,
                        "trafficLightColor": "none"
                    },
                    "box2d": {
                        "x1": 1066.753581,
                        "y1": 314.630025,
                        "x2": 1209.533215,
                        "y2": 380.528318
                    }
                },
                {
                    "category": "car",
                    "id": 3,
                    "attributes": {
                        "occluded": false,
                        "truncated": false,
                        "trafficLightColor": "none"
                    },
                    "box2d": {
                        "x1": 893.221411,
                        "y1": 306.941891,
                        "x2": 995.363765,
                        "y2": 367.348659
                    }
                },
                {
                    "category": "car",
                    "id": 4,
                    "attributes": {
                        "occluded": false,
                        "truncated": false,
                        "trafficLightColor": "none"
                    },
                    "box2d": {
                        "x1": 757.031607,
                        "y1": 302.548671,
                        "x2": 835.011252,
                        "y2": 356.36561
                    }
                },
                {
                    "category": "car",
                    "id": 5,
                    "attributes": {
                        "occluded": false,
                        "truncated": false,
                        "trafficLightColor": "none"
                    },
                    "box2d": {
                        "x1": 704.312972,
                        "y1": 298.155452,
                        "x2": 742.753643,
                        "y2": 324.514769
                    }
                },
                {
                    "category": "car",
                    "id": 6,
                    "attributes": {
                        "occluded": true,
                        "truncated": false,
                        "trafficLightColor": "none"
                    },
                    "box2d": {
                        "x1": 804.258716,
                        "y1": 297.057147,
                        "x2": 852.58413,
                        "y2": 334.399514
                    }
                },
                {
                    "category": "car",
                    "id": 7,
                    "attributes": {
                        "occluded": true,
                        "truncated": false,
                        "trafficLightColor": "none"
                    },
                    "box2d": {
                        "x1": 687.838399,
                        "y1": 294.860537,
                        "x2": 714.197715,
                        "y2": 316.826635
                    }
                },
                {
                    "category": "car",
                    "id": 8,
                    "attributes": {
                        "occluded": true,
                        "truncated": false,
                        "trafficLightColor": "none"
                    },
                    "box2d": {
                        "x1": 679.05196,
                        "y1": 293.762232,
                        "x2": 691.133313,
                        "y2": 311.33511
                    }
                },
                {
                    "category": "car",
                    "id": 9,
                    "attributes": {
                        "occluded": true,
                        "truncated": false,
                        "trafficLightColor": "none"
                    },
                    "box2d": {
                        "x1": 670.265521,
                        "y1": 292.663927,
                        "x2": 685.64179,
                        "y2": 305.843586
                    }
                },
                {
                    "category": "car",
                    "id": 10,
                    "attributes": {
                        "occluded": true,
                        "truncated": false,
                        "trafficLightColor": "none"
                    },
                    "box2d": {
                        "x1": 659.282473,
                        "y1": 283.877488,
                        "x2": 671.363826,
                        "y2": 300.352063
                    }
                },
                {
                    "category": "truck",
                    "id": 11,
                    "attributes": {
                        "occluded": true,
                        "truncated": false,
                        "trafficLightColor": "none"
                    },
                    "box2d": {
                        "x1": 687.838399,
                        "y1": 275.091049,
                        "x2": 714.197715,
                        "y2": 298.155452
                    }
                },
                {
                    "category": "truck",
                    "id": 12,
                    "attributes": {
                        "occluded": true,
                        "truncated": false,
                        "trafficLightColor": "none"
                    },
                    "box2d": {
                        "x1": 740.557033,
                        "y1": 291.919738,
                        "x2": 775.361845,
                        "y2": 316.826635
                    }
                },
                {
                    "category": "truck",
                    "id": 13,
                    "attributes": {
                        "occluded": true,
                        "truncated": false,
                        "trafficLightColor": "none"
                    },
                    "box2d": {
                        "x1": 463.784204,
                        "y1": 270.697829,
                        "x2": 491.241826,
                        "y2": 286.074097
                    }
                },
                {
                    "category": "truck",
                    "id": 14,
                    "attributes": {
                        "occluded": true,
                        "truncated": false,
                        "trafficLightColor": "none"
                    },
                    "box2d": {
                        "x1": 498.929961,
                        "y1": 278.385965,
                        "x2": 520.896058,
                        "y2": 287.172403
                    }
                },
                {
                    "category": "area/drivable",
                    "id": 15,
                    "attributes": {},
                    "poly2d": [
                        [
                            618.645193,
                            325.615891,
                            "L"
                        ],
                        [
                            426.441839,
                            600.194487,
                            "L"
                        ],
                        [
                            776.801095,
                            585.916399,
                            "C"
                        ],
                        [
                            930.264247,
                            600.194487,
                            "C"
                        ],
                        [
                            1180.977289,
                            618.865831,
                            "C"
                        ],
                        [
                            688.936705,
                            327.81252,
                            "L"
                        ],
                        [
                            618.645193,
                            325.615891,
                            "L"
                        ]
                    ]
                },
                {
                    "category": "area/alternative",
                    "id": 16,
                    "attributes": {},
                    "poly2d": [
                        [
                            921.477808,
                            370.646781,
                            "L"
                        ],
                        [
                            1095.009978,
                            422.267557,
                            "L"
                        ],
                        [
                            1120.27099,
                            389.318125,
                            "L"
                        ],
                        [
                            1025.816771,
                            371.745096,
                            "L"
                        ],
                        [
                            921.477808,
                            370.646781,
                            "L"
                        ]
                    ]
                },
                {
                    "category": "area/alternative",
                    "id": 17,
                    "attributes": {},
                    "poly2d": [
                        [
                            1091.715063,
                            422.267557,
                            "L"
                        ],
                        [
                            1089.518454,
                            558.45854,
                            "L"
                        ],
                        [
                            747.945637,
                            356.368694,
                            "L"
                        ],
                        [
                            872.054088,
                            359.663638,
                            "L"
                        ],
                        [
                            1091.715063,
                            422.267557,
                            "L"
                        ]
                    ]
                },
                {
                    "category": "area/alternative",
                    "id": 18,
                    "attributes": {},
                    "poly2d": [
                        [
                            393.193162,
                            607.882687,
                            "L"
                        ],
                        [
                            216.366077,
                            614.472573,
                            "C"
                        ],
                        [
                            136.189821,
                            613.374258,
                            "C"
                        ],
                        [
                            0,
                            671.584921,
                            "C"
                        ],
                        [
                            0,
                            480.478218,
                            "L"
                        ],
                        [
                            551.349064,
                            328.910834,
                            "L"
                        ],
                        [
                            621.640576,
                            301.452975,
                            "L"
                        ],
                        [
                            624.935491,
                            300.35466,
                            "L"
                        ],
                        [
                            393.193162,
                            607.882687,
                            "L"
                        ]
                    ]
                },
                {
                    "category": "lane/single white",
                    "id": 19,
                    "attributes": {
                        "direction": "parallel",
                        "style": "dashed"
                    },
                    "poly2d": [
                        [
                            1185.133021,
                            621.65836,
                            "L"
                        ],
                        [
                            664.989863,
                            305.528722,
                            "L"
                        ]
                    ]
                },
                {
                    "category": "lane/single white",
                    "id": 20,
                    "attributes": {
                        "direction": "parallel",
                        "style": "dashed"
                    },
                    "poly2d": [
                        [
                            1165.218261,
                            620.043582,
                            "L"
                        ],
                        [
                            661.994483,
                            308.524102,
                            "L"
                        ]
                    ]
                },
                {
                    "category": "lane/single yellow",
                    "id": 21,
                    "attributes": {
                        "direction": "parallel",
                        "style": "solid"
                    },
                    "poly2d": [
                        [
                            624.552238,
                            314.51486,
                            "L"
                        ],
                        [
                            414.979995,
                            611.384586,
                            "L"
                        ]
                    ]
                },
                {
                    "category": "lane/single white",
                    "id": 22,
                    "attributes": {
                        "direction": "parallel",
                        "style": "dashed"
                    },
                    "poly2d": [
                        [
                            1103.394559,
                            425.843811,
                            "L"
                        ],
                        [
                            837.440063,
                            346.690686,
                            "L"
                        ]
                    ]
                },
                {
                    "category": "lane/road curb",
                    "id": 23,
                    "attributes": {
                        "direction": "parallel",
                        "style": "solid"
                    },
                    "poly2d": [
                        [
                            137.726438,
                            440.091373,
                            "C"
                        ],
                        [
                            296.032686,
                            394.182561,
                            "C"
                        ],
                        [
                            549.322687,
                            337.192314,
                            "C"
                        ],
                        [
                            614.228248,
                            302.364937,
                            "L"
                        ]
                    ]
                },
                {
                    "category": "lane/single yellow",
                    "id": 24,
                    "attributes": {
                        "direction": "parallel",
                        "style": "solid"
                    },
                    "poly2d": [
                        [
                            617.538706,
                            314.579812,
                            "L"
                        ],
                        [
                            389.433374,
                            615.811313,
                            "L"
                        ]
                    ]
                }
            ]
        }
    ],
    "attributes": {
        "weather": "clear",
        "scene": "highway",
        "timeofday": "daytime"
    }
}