{
    "name": "1ec5355a-03e3548c",
    "frames": [
        {
            "timestamp": 10000,
            "objects": [
                {
                    "category": "person",
                    "id": 0,
                    "attributes": {
                        "occluded": false,
                        "truncated": true,
                        "trafficLightColor": "none"
                    },
                    "box2d": {
                        "x1": 0,
                        "y1": 280.744659,
                        "x2": 44.170494,
                        "y2": 386.803753
                    }
                },
                {
                    "category": "person",
                    "id": 1,
                    "attributes": {
                        "occluded": true,
                        "truncated": false,
                        "trafficLightColor": "none"
                    },
                    "box2d": {
                        "x1": 29.197443,
                        "y1": 295.717708,
                        "x2": 62.886803,
                        "y2": 369.335197
                    }
                },
                {
                    "category": "person",
                    "id": 2,
                    "attributes": {
                        "occluded": true,
                        "truncated": false,
                        "trafficLightColor": "none"
                    },
                    "box2d": {
                        "x1": 203.883011,
                        "y1": 262.028348,
                        "x2": 233.829108,
                        "y2": 354.362147
                    }
                },
                {
                    "category": "person",
                    "id": 3,
                    "attributes": {
                        "occluded": true,
                        "truncated": false,
                        "trafficLightColor": "none"
                    },
                    "box2d": {
                        "x1": 309.942105,
                        "y1": 257.037332,
                        "x2": 326.162908,
                        "y2": 296.965462
                    }
                },
                {
                    "category": "person",
                    "id": 4,
                    "attributes": {
                        "occluded": true,
                        "truncated": false,
                        "trafficLightColor": "none"
                    },
                    "box2d": {
                        "x1": 356.109003,
                        "y1": 279.496906,
                        "x2": 382.311838,
                        "y2": 308.195249
                    }
                },
                {
                    "category": "person",
                    "id": 5,
                    "attributes": {
                        "occluded": true,
                        "truncated": false,
                        "trafficLightColor": "none"
                    },
                    "box2d": {
                        "x1": 402.275903,
                        "y1": 274.505889,
                        "x2": 430.974247,
                        "y2": 301.95648
                    }
                },
                {
                    "category": "person",
                    "id": 6,
                    "attributes": {
                        "occluded": true,
                        "truncated": false,
                        "trafficLightColor": "none"
                    },
                    "box2d": {
                        "x1": 311.189858,
                        "y1": 285.735676,
                        "x2": 342.383709,
                        "y2": 354.362148
                    }
                },
                {
                    "category": "person",
                    "id": 7,
                    "attributes": {
                        "occluded": true,
                        "truncated": false,
                        "trafficLightColor": "none"
                    },
                    "box2d": {
                        "x1": 1074.066703,
                        "y1": 222.10022,
                        "x2": 1094.030767,
                        "y2": 253.294071
                    }
                },
                {
                    "category": "rider",
                    "id": 8,
                    "attributes": {
                        "occluded": true,
                        "truncated": false,
                        "trafficLightColor": "none"
                    },
                    "box2d": {
                        "x1": 227.590339,
                        "y1": 284.487922,
                        "x2": 302.45558,
                        "y2": 398.033541
                    }
                },
                {
                    "category": "bike",
                    "id": 9,
                    "attributes": {
                        "occluded": true,
                        "truncated": false,
                        "trafficLightColor": "none"
                    },
                    "box2d": {
                        "x1": 202.635257,
                        "y1": 324.416051,
                        "x2": 337.392692,
                        "y2": 400.529048
                    }
                },
                {
                    "category": "bike",
                    "id": 10,
                    "attributes": {
                        "occluded": true,
                        "truncated": false,
                        "trafficLightColor": "none"
                    },
                    "box2d": {
                        "x1": 661.808744,
                        "y1": 269.514873,
                        "x2": 699.241367,
                        "y2": 316.929527
                    }
                },
                {
                    "category": "bike",
                    "id": 11,
                    "attributes": {
                        "occluded": true,
                        "truncated": false,
                        "trafficLightColor": "none"
                    },
                    "box2d": {
                        "x1": 846.476343,
                        "y1": 265.771611,
                        "x2": 882.661208,
                        "y2": 319.425035
                    }
                },
                {
                    "category": "person",
                    "id": 12,
                    "attributes": {
                        "occluded": false,
                        "truncated": false,
                        "trafficLightColor": "none"
                    },
                    "box2d": {
                        "x1": 700.48912,
                        "y1": 242.064284,
                        "x2": 732.930725,
                        "y2": 324.416051
                    }
                },
                {
                    "category": "traffic light",
                    "id": 13,
                    "attributes": {
                        "occluded": false,
                        "truncated": false,
                        "trafficLightColor": "none"
                    },
                    "box2d": {
                        "x1": 180.175684,
                        "y1": 124.775404,
                        "x2": 210.121781,
                        "y2": 180.924338
                    }
                },
                {
                    "category": "traffic light",
                    "id": 14,
                    "attributes": {
                        "occluded": false,
                        "truncated": false,
                        "trafficLightColor": "red"
                    },
                    "box2d": {
                        "x1": 263.775206,
                        "y1": 194.64963,
                        "x2": 298.712319,
                        "y2": 229.586743
                    }
                },
                {
                    "category": "traffic sign",
                    "id": 15,
                    "attributes": {
                        "occluded": false,
                        "truncated": true,
                        "trafficLightColor": "none"
                    },
                    "box2d": {
                        "x1": 130.265522,
                        "y1": 0,
                        "x2": 172.68916,
                        "y2": 22.459572
                    }
                },
                {
                    "category": "traffic sign",
                    "id": 16,
                    "attributes": {
                        "occluded": true,
                        "truncated": true,
                        "trafficLightColor": "none"
                    },
                    "box2d": {
                        "x1": 201.387504,
                        "y1": 0,
                        "x2": 222.599322,
                        "y2": 48.662409
                    }
                },
                {
                    "category": "traffic sign",
                    "id": 17,
                    "attributes": {
                        "occluded": false,
                        "truncated": false,
                        "trafficLightColor": "none"
                    },
                    "box2d": {
                        "x1": 868.935915,
                        "y1": 162.208026,
                        "x2": 892.643242,
                        "y2": 220.852467
                    }
                },
                {
                    "category": "person",
                    "id": 18,
                    "attributes": {
                        "occluded": true,
                        "truncated": false,
                        "trafficLightColor": "none"
                    },
                    "box2d": {
                        "x1": 956.27871,
                        "y1": 225.843482,
                        "x2": 967.508496,
                        "y2": 237.073268
                    }
                },
                {
                    "category": "car",
                    "id": 19,
                    "attributes": {
                        "occluded": false,
                        "truncated": false,
                        "trafficLightColor": "none"
                    },
                    "box2d": {
                        "x1": 869.43504,
                        "y1": 230.834498,
                        "x2": 1138.949914,
                        "y2": 334.398083
                    }
                },
                {
                    "category": "car",
                    "id": 20,
                    "attributes": {
                        "occluded": true,
                        "truncated": true,
                        "trafficLightColor": "none"
                    },
                    "box2d": {
                        "x1": 1094.030768,
                        "y1": 204.631663,
                        "x2": 1278.698366,
                        "y2": 310.690757
                    }
                },
                {
                    "category": "person",
                    "id": 21,
                    "attributes": {
                        "occluded": true,
                        "truncated": false,
                        "trafficLightColor": "none"
                    },
                    "box2d": {
                        "x1": 1237.194095,
                        "y1": 208.582069,
                        "x2": 1279.306499,
                        "y2": 238.174569
                    }
                },
                {
                    "category": "traffic sign",
                    "id": 22,
                    "attributes": {
                        "occluded": false,
                        "truncated": false,
                        "trafficLightColor": "none"
                    },
                    "box2d": {
                        "x1": 221.943714,
                        "y1": 199.476684,
                        "x2": 240.154484,
                        "y2": 233.621876
                    }
                },
                {
                    "category": "area/drivable",
                    "id": 23,
                    "attributes": {},
                    "poly2d": [
                        [
                            0,
                            568.663122,
                            "L"
                        ],
                        [
                            400.792964,
                            521.061257,
                            "C"
                        ],
                        [
                            538.991925,
                            498.028097,
                            "C"
                        ],
                        [
                            819.996477,
                            507.241361,
                            "C"
                        ],
                        [
                            965.873158,
                            476.530481,
                            "C"
                        ],
                        [
                            1165.493879,
                            584.018562,
                            "C"
                        ],
                        [
                            1280.6437,
                            610.12281,
                            "C"
                        ],
                        [
                            1280.6437,
                            307.620641,
                            "L"
                        ],
                        [
                            935.162278,
                            344.473697,
                            "L"
                        ],
                        [
                            873.740518,
                            327.582713,
                            "L"
                        ],
                        [
                            347.048924,
                            384.397841,
                            "L"
                        ],
                        [
                            325.551308,
                            401.288825,
                            "L"
                        ],
                        [
                            179.674627,
                            399.753281,
                            "L"
                        ],
                        [
                            0,
                            410.502089,
                            "L"
                        ],
                        [
                            0,
                            568.663122,
                            "L"
                        ]
                    ]
                },
                {
                    "category": "lane/single white",
                    "id": 24,
                    "attributes": {
                        "direction": "parallel",
                        "style": "solid"
                    },
                    "poly2d": [
                        [
                            552.431548,
                            392.596018,
                            "C"
                        ],
                        [
                            874.10055,
                            352.637136,
                            "C"
                        ],
                        [
                            992.978224,
                            343.646387,
                            "C"
                        ],
                        [
                            829.146809,
                            341.648443,
                            "L"
                        ]
                    ]
                },
                {
                    "category": "lane/single white",
                    "id": 25,
                    "attributes": {
                        "direction": "parallel",
                        "style": "solid"
                    },
                    "poly2d": [
                        [
                            544.439771,
                            389.599103,
                            "C"
                        ],
                        [
                            968.003923,
                            335.654612,
                            "C"
                        ],
                        [
                            902.071768,
                            350.639192,
                            "C"
                        ],
                        [
                            822.154004,
                            341.648443,
                            "L"
                        ]
                    ]
                },
                {
                    "category": "lane/single white",
                    "id": 26,
                    "attributes": {
                        "direction": "parallel",
                        "style": "solid"
                    },
                    "poly2d": [
                        [
                            1002.967946,
                            335.654612,
                            "L"
                        ],
                        [
                            1279.683207,
                            301.689561,
                            "L"
                        ]
                    ]
                },
                {
                    "category": "lane/road curb",
                    "id": 27,
                    "attributes": {
                        "direction": "parallel",
                        "style": "solid"
                    },
                    "poly2d": [
                        [
                            5.993832,
                            408.579573,
                            "C"
                        ],
                        [
                            160.834501,
                            413.574432,
                            "C"
                        ],
                        [
                            621.360619,
                            355.634054,
                            "C"
                        ],
                        [
                            889.085131,
                            325.664891,
                            "L"
                        ]
                    ]
                },
                {
                    "category": "lane/crosswalk",
                    "id": 28,
                    "attributes": {
                        "direction": "vertical",
                        "style": "dashed"
                    },
                    "poly2d": [
                        [
                            16.982526,
                            412.57546,
                            "L"
                        ],
                        [
                            47.950658,
                            556.427436,
                            "L"
                        ]
                    ]
                },
                {
                    "category": "lane/crosswalk",
                    "id": 29,
                    "attributes": {
                        "direction": "vertical",
                        "style": "dashed"
                    },
                    "poly2d": [
                        [
                            455.531258,
                            379.609382,
                            "C"
                        ],
                        [
                            735.243434,
                            410.577517,
                            "C"
                        ],
                        [
                            1001.968974,
                            451.53537,
                            "C"
                        ],
                        [
                            1279.683207,
                            504.480889,
                            "L"
                        ]
                    ]
                },
                {
                    "category": "lane/single white",
                    "id": 30,
                    "attributes": {
                        "direction": "parallel",
                        "style": "solid"
                    },
                    "poly2d": [
                        [
                            717.261938,
                            409.578544,
                            "L"
                        ],
                        [
                            999.655126,
                            373.137193,
                            "L"
                        ]
                    ]
                },
                {
                    "category": "lane/single white",
                    "id": 31,
                    "attributes": {
                        "direction": "parallel",
                        "style": "solid"
                    },
                    "poly2d": [
                        [
                            998.119582,
                            366.995017,
                            "L"
                        ],
                        [
                            712.267077,
                            405.582654,
                            "L"
                        ]
                    ]
                },
                {
                    "category": "lane/single white",
                    "id": 32,
                    "attributes": {
                        "direction": "parallel",
                        "style": "solid"
                    },
                    "poly2d": [
                        [
                            1274.688346,
                            407.5806,
                            "L"
                        ],
                        [
                            1036.932997,
                            457.529202,
                            "L"
                        ]
                    ]
                },
                {
                    "category": "lane/single white",
                    "id": 33,
                    "attributes": {
                        "direction": "parallel",
                        "style": "solid"
                    },
                    "poly2d": [
                        [
                            1276.68629,
                            402.585739,
                            "L"
                        ],
                        [
                            1017.952527,
                            452.534342,
                            "L"
                        ]
                    ]
                }
            ]
        }
    ],
    "attributes": {
        "weather": "undefined",
        "scene": "city street",
        "timeofday": "daytime"
    }
}