{
    "name": "1ed7cdb8-3eac5527",
    "frames": [
        {
            "timestamp": 10000,
            "objects": [
                {
                    "category": "car",
                    "id": 0,
                    "attributes": {
                        "occluded": true,
                        "truncated": false,
                        "trafficLightColor": "none"
                    },
                    "box2d": {
                        "x1": 653.036282,
                        "y1": 572.455969,
                        "x2": 664.787578,
                        "y2": 592.601049
                    }
                },
                {
                    "category": "car",
                    "id": 1,
                    "attributes": {
                        "occluded": true,
                        "truncated": false,
                        "trafficLightColor": "none"
                    },
                    "box2d": {
                        "x1": 642.963744,
                        "y1": 579.170996,
                        "x2": 656.393796,
                        "y2": 595.958562
                    }
                },
                {
                    "category": "car",
                    "id": 2,
                    "attributes": {
                        "occluded": true,
                        "truncated": false,
                        "trafficLightColor": "none"
                    },
                    "box2d": {
                        "x1": 634.56996,
                        "y1": 572.455969,
                        "x2": 649.678769,
                        "y2": 599.316074
                    }
                },
                {
                    "category": "car",
                    "id": 3,
                    "attributes": {
                        "occluded": true,
                        "truncated": false,
                        "trafficLightColor": "none"
                    },
                    "box2d": {
                        "x1": 480.124363,
                        "y1": 545.595867,
                        "x2": 585.886024,
                        "y2": 654.71504
                    }
                },
                {
                    "category": "car",
                    "id": 4,
                    "attributes": {
                        "occluded": true,
                        "truncated": false,
                        "trafficLightColor": "none"
                    },
                    "box2d": {
                        "x1": 686.611413,
                        "y1": 577.49224,
                        "x2": 691.647684,
                        "y2": 597.637318
                    }
                },
                {
                    "category": "car",
                    "id": 5,
                    "attributes": {
                        "occluded": true,
                        "truncated": false,
                        "trafficLightColor": "none"
                    },
                    "box2d": {
                        "x1": 693.32644,
                        "y1": 575.813483,
                        "x2": 703.39898,
                        "y2": 597.637318
                    }
                },
                {
                    "category": "car",
                    "id": 6,
                    "attributes": {
                        "occluded": false,
                        "truncated": false,
                        "trafficLightColor": "none"
                    },
                    "box2d": {
                        "x1": 592.601049,
                        "y1": 569.098458,
                        "x2": 641.284987,
                        "y2": 616.10364
                    }
                },
                {
                    "category": "car",
                    "id": 7,
                    "attributes": {
                        "occluded": false,
                        "truncated": false,
                        "trafficLightColor": "none"
                    },
                    "box2d": {
                        "x1": 701.720222,
                        "y1": 575.813483,
                        "x2": 742.010378,
                        "y2": 614.424882
                    }
                },
                {
                    "category": "car",
                    "id": 8,
                    "attributes": {
                        "occluded": false,
                        "truncated": false,
                        "trafficLightColor": "none"
                    },
                    "box2d": {
                        "x1": 396.186536,
                        "y1": 559.025918,
                        "x2": 559.025918,
                        "y2": 696.683953
                    }
                },
                {
                    "category": "car",
                    "id": 9,
                    "attributes": {
                        "occluded": false,
                        "truncated": true,
                        "trafficLightColor": "none"
                    },
                    "box2d": {
                        "x1": 972.000019,
                        "y1": 572.455969,
                        "x2": 1280,
                        "y2": 718.507786
                    }
                },
                {
                    "category": "person",
                    "id": 10,
                    "attributes": {
                        "occluded": false,
                        "truncated": false,
                        "trafficLightColor": "none"
                    },
                    "box2d": {
                        "x1": 344.145085,
                        "y1": 545.595867,
                        "x2": 362.611406,
                        "y2": 589.243538
                    }
                },
                {
                    "category": "person",
                    "id": 11,
                    "attributes": {
                        "occluded": false,
                        "truncated": false,
                        "trafficLightColor": "none"
                    },
                    "box2d": {
                        "x1": 785.658046,
                        "y1": 585.886022,
                        "x2": 804.124368,
                        "y2": 637.927474
                    }
                },
                {
                    "category": "person",
                    "id": 12,
                    "attributes": {
                        "occluded": false,
                        "truncated": false,
                        "trafficLightColor": "none"
                    },
                    "box2d": {
                        "x1": 869.595873,
                        "y1": 585.886022,
                        "x2": 889.74095,
                        "y2": 642.963744
                    }
                },
                {
                    "category": "person",
                    "id": 13,
                    "attributes": {
                        "occluded": false,
                        "truncated": false,
                        "trafficLightColor": "none"
                    },
                    "box2d": {
                        "x1": 914.922299,
                        "y1": 577.49224,
                        "x2": 946.818672,
                        "y2": 683.2539
                    }
                },
                {
                    "category": "bike",
                    "id": 14,
                    "attributes": {
                        "occluded": true,
                        "truncated": false,
                        "trafficLightColor": "none"
                    },
                    "box2d": {
                        "x1": 99.046633,
                        "y1": 560.704676,
                        "x2": 223.274615,
                        "y2": 701.720222
                    }
                },
                {
                    "category": "traffic sign",
                    "id": 15,
                    "attributes": {
                        "occluded": false,
                        "truncated": false,
                        "trafficLightColor": "none"
                    },
                    "box2d": {
                        "x1": 819.233177,
                        "y1": 502.787576,
                        "x2": 851.129551,
                        "y2": 514.538871
                    }
                },
                {
                    "category": "traffic sign",
                    "id": 16,
                    "attributes": {
                        "occluded": false,
                        "truncated": false,
                        "trafficLightColor": "none"
                    },
                    "box2d": {
                        "x1": 789.01556,
                        "y1": 507.823845,
                        "x2": 814.196908,
                        "y2": 519.57514
                    }
                },
                {
                    "category": "traffic sign",
                    "id": 17,
                    "attributes": {
                        "occluded": false,
                        "truncated": false,
                        "trafficLightColor": "none"
                    },
                    "box2d": {
                        "x1": 609.388613,
                        "y1": 541.398976,
                        "x2": 624.497422,
                        "y2": 556.507785
                    }
                },
                {
                    "category": "traffic sign",
                    "id": 18,
                    "attributes": {
                        "occluded": false,
                        "truncated": false,
                        "trafficLightColor": "none"
                    },
                    "box2d": {
                        "x1": 224.953373,
                        "y1": 301.336794,
                        "x2": 276.994824,
                        "y2": 344.984463
                    }
                },
                {
                    "category": "area/drivable",
                    "id": 19,
                    "attributes": {},
                    "poly2d": [
                        [
                            606.923811,
                            622.712244,
                            "L"
                        ],
                        [
                            646.436009,
                            622.712244,
                            "L"
                        ],
                        [
                            652.757961,
                            603.746389,
                            "L"
                        ],
                        [
                            681.273707,
                            603.912957,
                            "L"
                        ],
                        [
                            690.007986,
                            616.390497,
                            "L"
                        ],
                        [
                            757.070164,
                            622.712244,
                            "L"
                        ],
                        [
                            779.196995,
                            644.839075,
                            "C"
                        ],
                        [
                            889.814704,
                            687.512249,
                            "C"
                        ],
                        [
                            957.79213,
                            719.122007,
                            "C"
                        ],
                        [
                            548.445758,
                            720.702496,
                            "L"
                        ],
                        [
                            606.923811,
                            622.712244,
                            "L"
                        ]
                    ]
                },
                {
                    "category": "lane/road curb",
                    "id": 20,
                    "attributes": {
                        "direction": "parallel",
                        "style": "solid"
                    },
                    "poly2d": [
                        [
                            391.597047,
                            666.314363,
                            "L"
                        ],
                        [
                            228.764601,
                            720.258854,
                            "L"
                        ]
                    ]
                },
                {
                    "category": "lane/road curb",
                    "id": 21,
                    "attributes": {
                        "direction": "parallel",
                        "style": "solid"
                    },
                    "poly2d": [
                        [
                            814.162227,
                            651.329782,
                            "L"
                        ],
                        [
                            958.014203,
                            720.258854,
                            "L"
                        ]
                    ]
                },
                {
                    "category": "lane/road curb",
                    "id": 22,
                    "attributes": {
                        "direction": "parallel",
                        "style": "solid"
                    },
                    "poly2d": [
                        [
                            738.240351,
                            612.369871,
                            "C"
                        ],
                        [
                            772.205401,
                            637.344173,
                            "C"
                        ],
                        [
                            780.197177,
                            634.347257,
                            "C"
                        ],
                        [
                            914.059433,
                            644.336977,
                            "L"
                        ]
                    ]
                },
                {
                    "category": "lane/crosswalk",
                    "id": 23,
                    "attributes": {
                        "direction": "vertical",
                        "style": "dashed"
                    },
                    "poly2d": [
                        [
                            593.389402,
                            616.36576,
                            "L"
                        ],
                        [
                            756.221848,
                            631.35034,
                            "L"
                        ]
                    ]
                },
                {
                    "category": "lane/crosswalk",
                    "id": 24,
                    "attributes": {
                        "direction": "vertical",
                        "style": "dashed"
                    },
                    "poly2d": [
                        [
                            640.341089,
                            616.36576,
                            "L"
                        ],
                        [
                            748.230071,
                            624.357536,
                            "L"
                        ]
                    ]
                },
                {
                    "category": "lane/crosswalk",
                    "id": 25,
                    "attributes": {
                        "direction": "vertical",
                        "style": "dashed"
                    },
                    "poly2d": [
                        [
                            799.177646,
                            636.345201,
                            "L"
                        ],
                        [
                            811.165311,
                            651.329782,
                            "L"
                        ]
                    ]
                }
            ]
        }
    ],
    "attributes": {
        "weather": "undefined",
        "scene": "city street",
        "timeofday": "daytime"
    }
}