{
    "name": "1ef540fd-353b94e8",
    "frames": [
        {
            "timestamp": 10000,
            "objects": [
                {
                    "category": "bus",
                    "id": 0,
                    "attributes": {
                        "occluded": true,
                        "truncated": false,
                        "trafficLightColor": "none"
                    },
                    "box2d": {
                        "x1": 653.502464,
                        "y1": 190.732247,
                        "x2": 673.676067,
                        "y2": 212.739815
                    }
                },
                {
                    "category": "bus",
                    "id": 1,
                    "attributes": {
                        "occluded": true,
                        "truncated": false,
                        "trafficLightColor": "none"
                    },
                    "box2d": {
                        "x1": 673.676067,
                        "y1": 188.286957,
                        "x2": 697.517598,
                        "y2": 213.962451
                    }
                },
                {
                    "category": "car",
                    "id": 2,
                    "attributes": {
                        "occluded": true,
                        "truncated": false,
                        "trafficLightColor": "none"
                    },
                    "box2d": {
                        "x1": 690.181742,
                        "y1": 197.456776,
                        "x2": 714.023273,
                        "y2": 217.63038
                    }
                },
                {
                    "category": "car",
                    "id": 3,
                    "attributes": {
                        "occluded": true,
                        "truncated": false,
                        "trafficLightColor": "none"
                    },
                    "box2d": {
                        "x1": 704.853455,
                        "y1": 198.068102,
                        "x2": 730.528949,
                        "y2": 218.241706
                    }
                },
                {
                    "category": "car",
                    "id": 4,
                    "attributes": {
                        "occluded": false,
                        "truncated": false,
                        "trafficLightColor": "none"
                    },
                    "box2d": {
                        "x1": 715.857237,
                        "y1": 198.068102,
                        "x2": 750.702551,
                        "y2": 225.577561
                    }
                },
                {
                    "category": "car",
                    "id": 5,
                    "attributes": {
                        "occluded": true,
                        "truncated": false,
                        "trafficLightColor": "none"
                    },
                    "box2d": {
                        "x1": 620.491114,
                        "y1": 195.622814,
                        "x2": 642.498681,
                        "y2": 213.962453
                    }
                },
                {
                    "category": "car",
                    "id": 6,
                    "attributes": {
                        "occluded": true,
                        "truncated": false,
                        "trafficLightColor": "none"
                    },
                    "box2d": {
                        "x1": 559.970304,
                        "y1": 193.788849,
                        "x2": 578.309944,
                        "y2": 210.294524
                    }
                },
                {
                    "category": "car",
                    "id": 7,
                    "attributes": {
                        "occluded": true,
                        "truncated": false,
                        "trafficLightColor": "none"
                    },
                    "box2d": {
                        "x1": 548.966521,
                        "y1": 197.456776,
                        "x2": 563.638233,
                        "y2": 210.294524
                    }
                },
                {
                    "category": "car",
                    "id": 8,
                    "attributes": {
                        "occluded": true,
                        "truncated": false,
                        "trafficLightColor": "none"
                    },
                    "box2d": {
                        "x1": 530.626881,
                        "y1": 195.622814,
                        "x2": 552.634449,
                        "y2": 217.63038
                    }
                },
                {
                    "category": "car",
                    "id": 9,
                    "attributes": {
                        "occluded": true,
                        "truncated": false,
                        "trafficLightColor": "none"
                    },
                    "box2d": {
                        "x1": 508.619315,
                        "y1": 195.622814,
                        "x2": 536.128774,
                        "y2": 221.298308
                    }
                },
                {
                    "category": "car",
                    "id": 10,
                    "attributes": {
                        "occluded": true,
                        "truncated": false,
                        "trafficLightColor": "none"
                    },
                    "box2d": {
                        "x1": 484.777785,
                        "y1": 197.456776,
                        "x2": 514.121206,
                        "y2": 215.796416
                    }
                },
                {
                    "category": "car",
                    "id": 11,
                    "attributes": {
                        "occluded": true,
                        "truncated": false,
                        "trafficLightColor": "none"
                    },
                    "box2d": {
                        "x1": 459.10229,
                        "y1": 195.622814,
                        "x2": 482.94382,
                        "y2": 206.626596
                    }
                },
                {
                    "category": "car",
                    "id": 12,
                    "attributes": {
                        "occluded": true,
                        "truncated": false,
                        "trafficLightColor": "none"
                    },
                    "box2d": {
                        "x1": 429.758867,
                        "y1": 191.954885,
                        "x2": 462.770219,
                        "y2": 224.966235
                    }
                },
                {
                    "category": "truck",
                    "id": 13,
                    "attributes": {
                        "occluded": true,
                        "truncated": false,
                        "trafficLightColor": "none"
                    },
                    "box2d": {
                        "x1": 372.905986,
                        "y1": 171.781282,
                        "x2": 426.09094,
                        "y2": 224.966235
                    }
                },
                {
                    "category": "car",
                    "id": 14,
                    "attributes": {
                        "occluded": true,
                        "truncated": false,
                        "trafficLightColor": "none"
                    },
                    "box2d": {
                        "x1": 264.702115,
                        "y1": 201.124705,
                        "x2": 292.211574,
                        "y2": 230.468128
                    }
                },
                {
                    "category": "car",
                    "id": 15,
                    "attributes": {
                        "occluded": true,
                        "truncated": false,
                        "trafficLightColor": "none"
                    },
                    "box2d": {
                        "x1": 272.037972,
                        "y1": 195.622814,
                        "x2": 343.562563,
                        "y2": 246.973803
                    }
                },
                {
                    "category": "car",
                    "id": 16,
                    "attributes": {
                        "occluded": false,
                        "truncated": false,
                        "trafficLightColor": "none"
                    },
                    "box2d": {
                        "x1": 314.219142,
                        "y1": 197.456776,
                        "x2": 404.083372,
                        "y2": 250.64173
                    }
                },
                {
                    "category": "car",
                    "id": 17,
                    "attributes": {
                        "occluded": true,
                        "truncated": true,
                        "trafficLightColor": "none"
                    },
                    "box2d": {
                        "x1": 0.611312,
                        "y1": 199.29074,
                        "x2": 44.626446,
                        "y2": 239.637946
                    }
                },
                {
                    "category": "bus",
                    "id": 18,
                    "attributes": {
                        "occluded": false,
                        "truncated": false,
                        "trafficLightColor": "none"
                    },
                    "box2d": {
                        "x1": 37.290589,
                        "y1": 156.498243,
                        "x2": 259.200222,
                        "y2": 253.698331
                    }
                },
                {
                    "category": "car",
                    "id": 19,
                    "attributes": {
                        "occluded": false,
                        "truncated": false,
                        "trafficLightColor": "none"
                    },
                    "box2d": {
                        "x1": 442.596615,
                        "y1": 199.902066,
                        "x2": 523.291028,
                        "y2": 256.754949
                    }
                },
                {
                    "category": "car",
                    "id": 20,
                    "attributes": {
                        "occluded": false,
                        "truncated": false,
                        "trafficLightColor": "none"
                    },
                    "box2d": {
                        "x1": 589.313728,
                        "y1": 201.124705,
                        "x2": 629.660935,
                        "y2": 232.302092
                    }
                },
                {
                    "category": "car",
                    "id": 21,
                    "attributes": {
                        "occluded": true,
                        "truncated": false,
                        "trafficLightColor": "none"
                    },
                    "box2d": {
                        "x1": 932.264978,
                        "y1": 195.622814,
                        "x2": 1038.634886,
                        "y2": 235.970019
                    }
                },
                {
                    "category": "car",
                    "id": 22,
                    "attributes": {
                        "occluded": true,
                        "truncated": false,
                        "trafficLightColor": "none"
                    },
                    "box2d": {
                        "x1": 1080.816055,
                        "y1": 202.958667,
                        "x2": 1132.167045,
                        "y2": 235.970019
                    }
                },
                {
                    "category": "car",
                    "id": 23,
                    "attributes": {
                        "occluded": false,
                        "truncated": true,
                        "trafficLightColor": "none"
                    },
                    "box2d": {
                        "x1": 1172.514252,
                        "y1": 201.124705,
                        "x2": 1278.884159,
                        "y2": 298.324792
                    }
                },
                {
                    "category": "truck",
                    "id": 24,
                    "attributes": {
                        "occluded": false,
                        "truncated": false,
                        "trafficLightColor": "none"
                    },
                    "box2d": {
                        "x1": 747.034624,
                        "y1": 177.283173,
                        "x2": 816.725253,
                        "y2": 232.302091
                    }
                },
                {
                    "category": "traffic sign",
                    "id": 25,
                    "attributes": {
                        "occluded": false,
                        "truncated": false,
                        "trafficLightColor": "none"
                    },
                    "box2d": {
                        "x1": 61.132121,
                        "y1": 102.090653,
                        "x2": 114.317075,
                        "y2": 120.430292
                    }
                },
                {
                    "category": "traffic sign",
                    "id": 26,
                    "attributes": {
                        "occluded": false,
                        "truncated": false,
                        "trafficLightColor": "none"
                    },
                    "box2d": {
                        "x1": 394.913552,
                        "y1": 135.713329,
                        "x2": 416.92112,
                        "y2": 150.385041
                    }
                },
                {
                    "category": "traffic sign",
                    "id": 27,
                    "attributes": {
                        "occluded": false,
                        "truncated": false,
                        "trafficLightColor": "none"
                    },
                    "box2d": {
                        "x1": 569.140124,
                        "y1": 168.724681,
                        "x2": 581.977872,
                        "y2": 183.396391
                    }
                },
                {
                    "category": "traffic sign",
                    "id": 28,
                    "attributes": {
                        "occluded": false,
                        "truncated": false,
                        "trafficLightColor": "none"
                    },
                    "box2d": {
                        "x1": 569.140124,
                        "y1": 177.894499,
                        "x2": 581.977872,
                        "y2": 194.400175
                    }
                },
                {
                    "category": "traffic light",
                    "id": 29,
                    "attributes": {
                        "occluded": false,
                        "truncated": false,
                        "trafficLightColor": "none"
                    },
                    "box2d": {
                        "x1": 970.778221,
                        "y1": 161.388824,
                        "x2": 992.785789,
                        "y2": 179.728463
                    }
                },
                {
                    "category": "traffic light",
                    "id": 30,
                    "attributes": {
                        "occluded": false,
                        "truncated": false,
                        "trafficLightColor": "none"
                    },
                    "box2d": {
                        "x1": 957.940475,
                        "y1": 130.211438,
                        "x2": 970.778221,
                        "y2": 157.720895
                    }
                },
                {
                    "category": "traffic light",
                    "id": 31,
                    "attributes": {
                        "occluded": false,
                        "truncated": false,
                        "trafficLightColor": "none"
                    },
                    "box2d": {
                        "x1": 807.555433,
                        "y1": 115.539725,
                        "x2": 816.725253,
                        "y2": 132.045402
                    }
                },
                {
                    "category": "traffic light",
                    "id": 32,
                    "attributes": {
                        "occluded": false,
                        "truncated": false,
                        "trafficLightColor": "none"
                    },
                    "box2d": {
                        "x1": 792.883723,
                        "y1": 113.705763,
                        "x2": 802.053542,
                        "y2": 135.713331
                    }
                },
                {
                    "category": "traffic light",
                    "id": 33,
                    "attributes": {
                        "occluded": false,
                        "truncated": false,
                        "trafficLightColor": "none"
                    },
                    "box2d": {
                        "x1": 215.18509,
                        "y1": 69.690629,
                        "x2": 229.8568,
                        "y2": 106.369907
                    }
                },
                {
                    "category": "traffic light",
                    "id": 34,
                    "attributes": {
                        "occluded": false,
                        "truncated": false,
                        "trafficLightColor": "none"
                    },
                    "box2d": {
                        "x1": 156.498243,
                        "y1": 95.366123,
                        "x2": 171.169956,
                        "y2": 121.041618
                    }
                },
                {
                    "category": "traffic light",
                    "id": 35,
                    "attributes": {
                        "occluded": false,
                        "truncated": false,
                        "trafficLightColor": "none"
                    },
                    "box2d": {
                        "x1": 173.00392,
                        "y1": 95.366123,
                        "x2": 187.675631,
                        "y2": 117.373691
                    }
                },
                {
                    "category": "traffic light",
                    "id": 36,
                    "attributes": {
                        "occluded": false,
                        "truncated": false,
                        "trafficLightColor": "green"
                    },
                    "box2d": {
                        "x1": 409.585263,
                        "y1": 80.694413,
                        "x2": 427.924903,
                        "y2": 143.049186
                    }
                },
                {
                    "category": "traffic light",
                    "id": 37,
                    "attributes": {
                        "occluded": false,
                        "truncated": false,
                        "trafficLightColor": "green"
                    },
                    "box2d": {
                        "x1": 552.634449,
                        "y1": 141.215222,
                        "x2": 563.638233,
                        "y2": 172.392609
                    }
                },
                {
                    "category": "traffic light",
                    "id": 38,
                    "attributes": {
                        "occluded": false,
                        "truncated": false,
                        "trafficLightColor": "green"
                    },
                    "box2d": {
                        "x1": 651.668499,
                        "y1": 124.709547,
                        "x2": 666.340212,
                        "y2": 146.717114
                    }
                },
                {
                    "category": "traffic light",
                    "id": 39,
                    "attributes": {
                        "occluded": false,
                        "truncated": false,
                        "trafficLightColor": "green"
                    },
                    "box2d": {
                        "x1": 798.385614,
                        "y1": 111.871798,
                        "x2": 809.389398,
                        "y2": 139.381256
                    }
                },
                {
                    "category": "traffic light",
                    "id": 40,
                    "attributes": {
                        "occluded": false,
                        "truncated": false,
                        "trafficLightColor": "none"
                    },
                    "box2d": {
                        "x1": 854.145773,
                        "y1": 172.392607,
                        "x2": 872.485412,
                        "y2": 188.898282
                    }
                },
                {
                    "category": "area/drivable",
                    "id": 41,
                    "attributes": {},
                    "poly2d": [
                        [
                            102.788462,
                            530.907392,
                            "L"
                        ],
                        [
                            421.133307,
                            481.010081,
                            "C"
                        ],
                        [
                            571.823187,
                            493.983381,
                            "C"
                        ],
                        [
                            827.297422,
                            504.960791,
                            "C"
                        ],
                        [
                            857.235808,
                            494.981327,
                            "C"
                        ],
                        [
                            894.159819,
                            493.983381,
                            "C"
                        ],
                        [
                            927.092045,
                            493.983381,
                            "C"
                        ],
                        [
                            631.737289,
                            234.729211,
                            "L"
                        ],
                        [
                            571.873464,
                            233.153847,
                            "L"
                        ],
                        [
                            102.788462,
                            530.907392,
                            "L"
                        ]
                    ]
                },
                {
                    "category": "area/alternative",
                    "id": 42,
                    "attributes": {},
                    "poly2d": [
                        [
                            420.135362,
                            257.470126,
                            "L"
                        ],
                        [
                            510.948468,
                            262.459858,
                            "L"
                        ],
                        [
                            46.903473,
                            537.893015,
                            "L"
                        ],
                        [
                            0,
                            541.884802,
                            "L"
                        ],
                        [
                            0,
                            358.262695,
                            "L"
                        ],
                        [
                            420.135362,
                            257.470126,
                            "L"
                        ]
                    ]
                },
                {
                    "category": "area/alternative",
                    "id": 43,
                    "attributes": {},
                    "poly2d": [
                        [
                            630.702015,
                            224.537902,
                            "L"
                        ],
                        [
                            637.687638,
                            219.54817,
                            "L"
                        ],
                        [
                            1280.365009,
                            385.207242,
                            "L"
                        ],
                        [
                            1280.365009,
                            522.923823,
                            "L"
                        ],
                        [
                            1218.492344,
                            501.966952,
                            "C"
                        ],
                        [
                            1057.823,
                            503.962843,
                            "C"
                        ],
                        [
                            947.050969,
                            493.983381,
                            "C"
                        ],
                        [
                            630.702015,
                            224.537902,
                            "L"
                        ]
                    ]
                },
                {
                    "category": "area/alternative",
                    "id": 44,
                    "attributes": {},
                    "poly2d": [
                        [
                            647.6671,
                            213.560492,
                            "L"
                        ],
                        [
                            665.630133,
                            213.560492,
                            "L"
                        ],
                        [
                            769.41654,
                            235.515309,
                            "L"
                        ],
                        [
                            829.293314,
                            235.515309,
                            "L"
                        ],
                        [
                            1165.601193,
                            276.431105,
                            "L"
                        ],
                        [
                            1181.568331,
                            293.396191,
                            "L"
                        ],
                        [
                            1280.365009,
                            306.369492,
                            "L"
                        ],
                        [
                            1280.365009,
                            377.223673,
                            "L"
                        ],
                        [
                            647.6671,
                            213.560492,
                            "L"
                        ]
                    ]
                },
                {
                    "category": "lane/single white",
                    "id": 45,
                    "attributes": {
                        "direction": "parallel",
                        "style": "solid"
                    },
                    "poly2d": [
                        [
                            546.669645,
                            248.758129,
                            "L"
                        ],
                        [
                            96.75525,
                            534.369314,
                            "L"
                        ]
                    ]
                },
                {
                    "category": "lane/single white",
                    "id": 46,
                    "attributes": {
                        "direction": "parallel",
                        "style": "solid"
                    },
                    "poly2d": [
                        [
                            529.778661,
                            251.829217,
                            "L"
                        ],
                        [
                            41.475667,
                            540.511489,
                            "L"
                        ]
                    ]
                },
                {
                    "category": "lane/single white",
                    "id": 47,
                    "attributes": {
                        "direction": "parallel",
                        "style": "dashed"
                    },
                    "poly2d": [
                        [
                            654.157725,
                            247.222584,
                            "L"
                        ],
                        [
                            843.029638,
                            405.383617,
                            "L"
                        ]
                    ]
                },
                {
                    "category": "lane/single white",
                    "id": 48,
                    "attributes": {
                        "direction": "parallel",
                        "style": "dashed"
                    },
                    "poly2d": [
                        [
                            646.881576,
                            248.062329,
                            "L"
                        ],
                        [
                            827.674196,
                            402.312528,
                            "L"
                        ]
                    ]
                },
                {
                    "category": "lane/single white",
                    "id": 49,
                    "attributes": {
                        "direction": "parallel",
                        "style": "dashed"
                    },
                    "poly2d": [
                        [
                            757.039174,
                            250.293674,
                            "L"
                        ],
                        [
                            1053.399166,
                            317.857609,
                            "L"
                        ]
                    ]
                },
                {
                    "category": "lane/road curb",
                    "id": 50,
                    "attributes": {
                        "direction": "parallel",
                        "style": "solid"
                    },
                    "poly2d": [
                        [
                            953.588805,
                            248.758129,
                            "L"
                        ],
                        [
                            1179.313775,
                            276.397921,
                            "L"
                        ]
                    ]
                },
                {
                    "category": "lane/crosswalk",
                    "id": 51,
                    "attributes": {
                        "direction": "vertical",
                        "style": "dashed"
                    },
                    "poly2d": [
                        [
                            520.565396,
                            247.222584,
                            "L"
                        ],
                        [
                            939.768911,
                            250.293674,
                            "L"
                        ]
                    ]
                },
                {
                    "category": "lane/crosswalk",
                    "id": 52,
                    "attributes": {
                        "direction": "vertical",
                        "style": "dashed"
                    },
                    "poly2d": [
                        [
                            899.844765,
                            238.009322,
                            "L"
                        ],
                        [
                            515.958764,
                            238.009322,
                            "L"
                        ]
                    ]
                },
                {
                    "category": "lane/crosswalk",
                    "id": 53,
                    "attributes": {
                        "direction": "vertical",
                        "style": "dashed"
                    },
                    "poly2d": [
                        [
                            752.432541,
                            228.796057,
                            "L"
                        ],
                        [
                            525.38166,
                            229.499842,
                            "L"
                        ]
                    ]
                },
                {
                    "category": "lane/road curb",
                    "id": 54,
                    "attributes": {
                        "direction": "parallel",
                        "style": "solid"
                    },
                    "poly2d": [
                        [
                            442.252652,
                            248.758129,
                            "L"
                        ],
                        [
                            3.087067,
                            356.246209,
                            "L"
                        ]
                    ]
                },
                {
                    "category": "lane/road curb",
                    "id": 55,
                    "attributes": {
                        "direction": "parallel",
                        "style": "solid"
                    },
                    "poly2d": [
                        [
                            55.295564,
                            248.758129,
                            "L"
                        ],
                        [
                            0,
                            257.971394,
                            "L"
                        ]
                    ]
                },
                {
                    "category": "lane/single white",
                    "id": 56,
                    "attributes": {
                        "direction": "parallel",
                        "style": "dashed"
                    },
                    "poly2d": [
                        [
                            239.560844,
                            254.900304,
                            "L"
                        ],
                        [
                            35.33349,
                            282.540098,
                            "L"
                        ]
                    ]
                },
                {
                    "category": "lane/crosswalk",
                    "id": 57,
                    "attributes": {
                        "direction": "vertical",
                        "style": "dashed"
                    },
                    "poly2d": [
                        [
                            182.745714,
                            245.687042,
                            "L"
                        ],
                        [
                            320.944675,
                            242.615952,
                            "L"
                        ]
                    ]
                }
            ]
        }
    ],
    "attributes": {
        "weather": "overcast",
        "scene": "city street",
        "timeofday": "daytime"
    }
}