{
    "name": "1f0fbe36-cea49f67",
    "frames": [
        {
            "timestamp": 10000,
            "objects": [
                {
                    "category": "car",
                    "id": 0,
                    "attributes": {
                        "occluded": true,
                        "truncated": false,
                        "trafficLightColor": "none"
                    },
                    "box2d": {
                        "x1": 377.99974,
                        "y1": 349.312259,
                        "x2": 399.937225,
                        "y2": 361.124753
                    }
                },
                {
                    "category": "car",
                    "id": 1,
                    "attributes": {
                        "occluded": false,
                        "truncated": false,
                        "trafficLightColor": "none"
                    },
                    "box2d": {
                        "x1": 366.187248,
                        "y1": 357.749755,
                        "x2": 384.749734,
                        "y2": 371.249745
                    }
                },
                {
                    "category": "car",
                    "id": 2,
                    "attributes": {
                        "occluded": false,
                        "truncated": false,
                        "trafficLightColor": "none"
                    },
                    "box2d": {
                        "x1": 303.749789,
                        "y1": 369.562246,
                        "x2": 334.124769,
                        "y2": 389.812231
                    }
                },
                {
                    "category": "car",
                    "id": 3,
                    "attributes": {
                        "occluded": true,
                        "truncated": false,
                        "trafficLightColor": "none"
                    },
                    "box2d": {
                        "x1": 264.937318,
                        "y1": 366.187248,
                        "x2": 291.937299,
                        "y2": 391.499732
                    }
                },
                {
                    "category": "car",
                    "id": 4,
                    "attributes": {
                        "occluded": false,
                        "truncated": false,
                        "trafficLightColor": "none"
                    },
                    "box2d": {
                        "x1": 234.562339,
                        "y1": 369.562246,
                        "x2": 278.437308,
                        "y2": 396.562226
                    }
                },
                {
                    "category": "car",
                    "id": 5,
                    "attributes": {
                        "occluded": true,
                        "truncated": false,
                        "trafficLightColor": "none"
                    },
                    "box2d": {
                        "x1": 381.374739,
                        "y1": 361.124751,
                        "x2": 408.37472,
                        "y2": 379.687237
                    }
                },
                {
                    "category": "car",
                    "id": 6,
                    "attributes": {
                        "occluded": true,
                        "truncated": false,
                        "trafficLightColor": "none"
                    },
                    "box2d": {
                        "x1": 453.937188,
                        "y1": 362.812251,
                        "x2": 479.249672,
                        "y2": 379.687239
                    }
                },
                {
                    "category": "car",
                    "id": 7,
                    "attributes": {
                        "occluded": true,
                        "truncated": false,
                        "trafficLightColor": "none"
                    },
                    "box2d": {
                        "x1": 474.187173,
                        "y1": 354.374756,
                        "x2": 504.562152,
                        "y2": 381.37474
                    }
                },
                {
                    "category": "bus",
                    "id": 8,
                    "attributes": {
                        "occluded": true,
                        "truncated": false,
                        "trafficLightColor": "none"
                    },
                    "box2d": {
                        "x1": 33.749977,
                        "y1": 312.187285,
                        "x2": 229.499842,
                        "y2": 426.937206
                    }
                },
                {
                    "category": "car",
                    "id": 9,
                    "attributes": {
                        "occluded": false,
                        "truncated": false,
                        "trafficLightColor": "none"
                    },
                    "box2d": {
                        "x1": 401.624725,
                        "y1": 359.437252,
                        "x2": 455.624688,
                        "y2": 394.874729
                    }
                },
                {
                    "category": "car",
                    "id": 10,
                    "attributes": {
                        "occluded": true,
                        "truncated": false,
                        "trafficLightColor": "none"
                    },
                    "box2d": {
                        "x1": 568.687109,
                        "y1": 349.312259,
                        "x2": 624.37457,
                        "y2": 362.812251
                    }
                },
                {
                    "category": "car",
                    "id": 11,
                    "attributes": {
                        "occluded": true,
                        "truncated": false,
                        "trafficLightColor": "none"
                    },
                    "box2d": {
                        "x1": 593.999592,
                        "y1": 354.374756,
                        "x2": 683.437031,
                        "y2": 431.999704
                    }
                },
                {
                    "category": "car",
                    "id": 12,
                    "attributes": {
                        "occluded": false,
                        "truncated": false,
                        "trafficLightColor": "none"
                    },
                    "box2d": {
                        "x1": 464.062181,
                        "y1": 356.062256,
                        "x2": 634.499564,
                        "y2": 482.624668
                    }
                },
                {
                    "category": "car",
                    "id": 13,
                    "attributes": {
                        "occluded": false,
                        "truncated": true,
                        "trafficLightColor": "none"
                    },
                    "box2d": {
                        "x1": 0,
                        "y1": 350.99976,
                        "x2": 151.874897,
                        "y2": 489.374663
                    }
                },
                {
                    "category": "traffic light",
                    "id": 14,
                    "attributes": {
                        "occluded": false,
                        "truncated": false,
                        "trafficLightColor": "none"
                    },
                    "box2d": {
                        "x1": 1074.936762,
                        "y1": 187.312372,
                        "x2": 1139.061718,
                        "y2": 244.687333
                    }
                },
                {
                    "category": "traffic light",
                    "id": 15,
                    "attributes": {
                        "occluded": false,
                        "truncated": false,
                        "trafficLightColor": "none"
                    },
                    "box2d": {
                        "x1": 1010.811805,
                        "y1": 209.249856,
                        "x2": 1042.874285,
                        "y2": 256.499824
                    }
                },
                {
                    "category": "traffic light",
                    "id": 16,
                    "attributes": {
                        "occluded": false,
                        "truncated": false,
                        "trafficLightColor": "red"
                    },
                    "box2d": {
                        "x1": 1074.936762,
                        "y1": 8.437494,
                        "x2": 1133.999221,
                        "y2": 141.749903
                    }
                },
                {
                    "category": "traffic sign",
                    "id": 17,
                    "attributes": {
                        "occluded": false,
                        "truncated": false,
                        "trafficLightColor": "none"
                    },
                    "box2d": {
                        "x1": 850.499414,
                        "y1": 13.49999,
                        "x2": 1015.874301,
                        "y2": 57.37496
                    }
                },
                {
                    "category": "traffic light",
                    "id": 18,
                    "attributes": {
                        "occluded": false,
                        "truncated": false,
                        "trafficLightColor": "red"
                    },
                    "box2d": {
                        "x1": 440.437197,
                        "y1": 317.249782,
                        "x2": 448.874692,
                        "y2": 332.437272
                    }
                },
                {
                    "category": "traffic light",
                    "id": 19,
                    "attributes": {
                        "occluded": false,
                        "truncated": false,
                        "trafficLightColor": "red"
                    },
                    "box2d": {
                        "x1": 487.687165,
                        "y1": 337.499767,
                        "x2": 497.812159,
                        "y2": 352.687257
                    }
                },
                {
                    "category": "traffic sign",
                    "id": 20,
                    "attributes": {
                        "occluded": false,
                        "truncated": false,
                        "trafficLightColor": "none"
                    },
                    "box2d": {
                        "x1": 534.937131,
                        "y1": 332.437272,
                        "x2": 553.499618,
                        "y2": 345.937262
                    }
                },
                {
                    "category": "person",
                    "id": 21,
                    "attributes": {
                        "occluded": true,
                        "truncated": false,
                        "trafficLightColor": "none"
                    },
                    "box2d": {
                        "x1": 335.425868,
                        "y1": 370.927146,
                        "x2": 351.340234,
                        "y2": 385.61733
                    }
                },
                {
                    "category": "area/drivable",
                    "id": 22,
                    "attributes": {},
                    "poly2d": [
                        [
                            1277.544997,
                            655.988138,
                            "L"
                        ],
                        [
                            1280.52479,
                            579.605958,
                            "L"
                        ],
                        [
                            1034.919247,
                            539.168333,
                            "C"
                        ],
                        [
                            891.141024,
                            503.223777,
                            "C"
                        ],
                        [
                            693.445969,
                            437.325425,
                            "C"
                        ],
                        [
                            639.529135,
                            443.316185,
                            "L"
                        ],
                        [
                            639.529135,
                            482.25612,
                            "L"
                        ],
                        [
                            474.783256,
                            494.237639,
                            "L"
                        ],
                        [
                            456.810978,
                            404.37625,
                            "L"
                        ],
                        [
                            370.582951,
                            396.785786,
                            "L"
                        ],
                        [
                            0,
                            545.159092,
                            "L"
                        ],
                        [
                            0,
                            720.3888,
                            "L"
                        ],
                        [
                            342.986552,
                            720.3888,
                            "L"
                        ],
                        [
                            591.603061,
                            657.485828,
                            "C"
                        ],
                        [
                            925.587891,
                            654.490448,
                            "C"
                        ],
                        [
                            1277.544997,
                            655.988138,
                            "C"
                        ]
                    ]
                },
                {
                    "category": "lane/road curb",
                    "id": 23,
                    "attributes": {
                        "direction": "parallel",
                        "style": "solid"
                    },
                    "poly2d": [
                        [
                            680.299971,
                            430.556957,
                            "L"
                        ],
                        [
                            1279.683206,
                            587.39557,
                            "L"
                        ]
                    ]
                },
                {
                    "category": "lane/single white",
                    "id": 24,
                    "attributes": {
                        "direction": "vertical",
                        "style": "solid"
                    },
                    "poly2d": [
                        [
                            1.997944,
                            512.472666,
                            "L"
                        ],
                        [
                            56.941407,
                            506.478833,
                            "L"
                        ]
                    ]
                },
                {
                    "category": "lane/crosswalk",
                    "id": 25,
                    "attributes": {
                        "direction": "vertical",
                        "style": "dashed"
                    },
                    "poly2d": [
                        [
                            2.996916,
                            548.43566,
                            "C"
                        ],
                        [
                            338.651528,
                            524.46033,
                            "C"
                        ],
                        [
                            649.331838,
                            521.463414,
                            "C"
                        ],
                        [
                            971.999812,
                            516.468554,
                            "L"
                        ]
                    ]
                },
                {
                    "category": "lane/crosswalk",
                    "id": 26,
                    "attributes": {
                        "direction": "vertical",
                        "style": "dashed"
                    },
                    "poly2d": [
                        [
                            0,
                            692.287636,
                            "L"
                        ],
                        [
                            1279.683206,
                            644.336977,
                            "L"
                        ]
                    ]
                },
                {
                    "category": "lane/double yellow",
                    "id": 27,
                    "attributes": {
                        "direction": "parallel",
                        "style": "solid"
                    },
                    "poly2d": [
                        [
                            0,
                            541.442855,
                            "L"
                        ],
                        [
                            389.599103,
                            388.60013,
                            "L"
                        ]
                    ]
                },
                {
                    "category": "lane/double yellow",
                    "id": 28,
                    "attributes": {
                        "direction": "parallel",
                        "style": "solid"
                    },
                    "poly2d": [
                        [
                            3.995888,
                            527.457246,
                            "L"
                        ],
                        [
                            379.609382,
                            386.602186,
                            "L"
                        ]
                    ]
                },
                {
                    "category": "lane/single white",
                    "id": 29,
                    "attributes": {
                        "direction": "parallel",
                        "style": "solid"
                    },
                    "poly2d": [
                        [
                            310.68031,
                            681.298943,
                            "L"
                        ],
                        [
                            293.697785,
                            719.259882,
                            "L"
                        ]
                    ]
                },
                {
                    "category": "lane/single white",
                    "id": 30,
                    "attributes": {
                        "direction": "parallel",
                        "style": "solid"
                    },
                    "poly2d": [
                        [
                            367.621717,
                            682.297915,
                            "L"
                        ],
                        [
                            354.635081,
                            720.258854,
                            "L"
                        ]
                    ]
                }
            ]
        }
    ],
    "attributes": {
        "weather": "undefined",
        "scene": "city street",
        "timeofday": "daytime"
    }
}