{
    "name": "1f3c30a4-210fcb64",
    "frames": [
        {
            "timestamp": 10000,
            "objects": [
                {
                    "category": "car",
                    "id": 0,
                    "attributes": {
                        "occluded": false,
                        "truncated": false,
                        "trafficLightColor": "none"
                    },
                    "box2d": {
                        "x1": 820.999737,
                        "y1": 283.958082,
                        "x2": 1018.546658,
                        "y2": 401.087673
                    }
                },
                {
                    "category": "car",
                    "id": 1,
                    "attributes": {
                        "occluded": false,
                        "truncated": false,
                        "trafficLightColor": "none"
                    },
                    "box2d": {
                        "x1": 119.970394,
                        "y1": 271.720663,
                        "x2": 345.48856,
                        "y2": 387.102051
                    }
                },
                {
                    "category": "car",
                    "id": 2,
                    "attributes": {
                        "occluded": false,
                        "truncated": false,
                        "trafficLightColor": "none"
                    },
                    "box2d": {
                        "x1": 394.438242,
                        "y1": 280.461676,
                        "x2": 453.877138,
                        "y2": 317.173936
                    }
                },
                {
                    "category": "car",
                    "id": 3,
                    "attributes": {
                        "occluded": false,
                        "truncated": false,
                        "trafficLightColor": "none"
                    },
                    "box2d": {
                        "x1": 511.567832,
                        "y1": 278.713474,
                        "x2": 548.280091,
                        "y2": 310.181125
                    }
                },
                {
                    "category": "car",
                    "id": 4,
                    "attributes": {
                        "occluded": false,
                        "truncated": false,
                        "trafficLightColor": "none"
                    },
                    "box2d": {
                        "x1": 478.351977,
                        "y1": 285.706285,
                        "x2": 499.330411,
                        "y2": 303.188313
                    }
                },
                {
                    "category": "car",
                    "id": 5,
                    "attributes": {
                        "occluded": false,
                        "truncated": true,
                        "trafficLightColor": "none"
                    },
                    "box2d": {
                        "x1": 1.0926,
                        "y1": 282.209879,
                        "x2": 133.956017,
                        "y2": 353.886195
                    }
                },
                {
                    "category": "car",
                    "id": 6,
                    "attributes": {
                        "occluded": false,
                        "truncated": true,
                        "trafficLightColor": "none"
                    },
                    "box2d": {
                        "x1": 1153.158277,
                        "y1": 294.447299,
                        "x2": 1279.028882,
                        "y2": 423.81431
                    }
                },
                {
                    "category": "car",
                    "id": 7,
                    "attributes": {
                        "occluded": true,
                        "truncated": false,
                        "trafficLightColor": "none"
                    },
                    "box2d": {
                        "x1": 548.280091,
                        "y1": 282.209879,
                        "x2": 565.76212,
                        "y2": 304.936516
                    }
                },
                {
                    "category": "car",
                    "id": 8,
                    "attributes": {
                        "occluded": true,
                        "truncated": false,
                        "trafficLightColor": "none"
                    },
                    "box2d": {
                        "x1": 446.884326,
                        "y1": 283.958082,
                        "x2": 471.359166,
                        "y2": 308.432921
                    }
                },
                {
                    "category": "car",
                    "id": 9,
                    "attributes": {
                        "occluded": true,
                        "truncated": false,
                        "trafficLightColor": "none"
                    },
                    "box2d": {
                        "x1": 499.330412,
                        "y1": 283.958082,
                        "x2": 506.323223,
                        "y2": 301.44011
                    }
                },
                {
                    "category": "car",
                    "id": 10,
                    "attributes": {
                        "occluded": true,
                        "truncated": false,
                        "trafficLightColor": "none"
                    },
                    "box2d": {
                        "x1": 564.013918,
                        "y1": 283.958082,
                        "x2": 579.747743,
                        "y2": 301.44011
                    }
                },
                {
                    "category": "car",
                    "id": 11,
                    "attributes": {
                        "occluded": true,
                        "truncated": false,
                        "trafficLightColor": "none"
                    },
                    "box2d": {
                        "x1": 744.07881,
                        "y1": 268.224256,
                        "x2": 777.294664,
                        "y2": 327.663152
                    }
                },
                {
                    "category": "car",
                    "id": 12,
                    "attributes": {
                        "occluded": true,
                        "truncated": false,
                        "trafficLightColor": "none"
                    },
                    "box2d": {
                        "x1": 586.740554,
                        "y1": 278.713474,
                        "x2": 597.229771,
                        "y2": 296.195501
                    }
                },
                {
                    "category": "car",
                    "id": 13,
                    "attributes": {
                        "occluded": true,
                        "truncated": false,
                        "trafficLightColor": "none"
                    },
                    "box2d": {
                        "x1": 364.718791,
                        "y1": 287.454487,
                        "x2": 389.193631,
                        "y2": 306.684719
                    }
                },
                {
                    "category": "car",
                    "id": 14,
                    "attributes": {
                        "occluded": true,
                        "truncated": false,
                        "trafficLightColor": "none"
                    },
                    "box2d": {
                        "x1": 315.769113,
                        "y1": 278.713474,
                        "x2": 355.977778,
                        "y2": 313.67753
                    }
                },
                {
                    "category": "traffic sign",
                    "id": 15,
                    "attributes": {
                        "occluded": false,
                        "truncated": false,
                        "trafficLightColor": "none"
                    },
                    "box2d": {
                        "x1": 550.028294,
                        "y1": 151.094665,
                        "x2": 564.013918,
                        "y2": 180.814114
                    }
                },
                {
                    "category": "traffic sign",
                    "id": 16,
                    "attributes": {
                        "occluded": false,
                        "truncated": false,
                        "trafficLightColor": "none"
                    },
                    "box2d": {
                        "x1": 464.366354,
                        "y1": 156.339274,
                        "x2": 476.603774,
                        "y2": 186.058722
                    }
                },
                {
                    "category": "traffic sign",
                    "id": 17,
                    "attributes": {
                        "occluded": false,
                        "truncated": false,
                        "trafficLightColor": "none"
                    },
                    "box2d": {
                        "x1": 401.431053,
                        "y1": 194.799736,
                        "x2": 432.898704,
                        "y2": 205.288953
                    }
                },
                {
                    "category": "traffic sign",
                    "id": 18,
                    "attributes": {
                        "occluded": false,
                        "truncated": false,
                        "trafficLightColor": "none"
                    },
                    "box2d": {
                        "x1": 522.057049,
                        "y1": 158.087477,
                        "x2": 539.539076,
                        "y2": 172.0731
                    }
                },
                {
                    "category": "traffic light",
                    "id": 19,
                    "attributes": {
                        "occluded": false,
                        "truncated": false,
                        "trafficLightColor": "red"
                    },
                    "box2d": {
                        "x1": 590.23696,
                        "y1": 186.308471,
                        "x2": 602.474379,
                        "y2": 210.783311
                    }
                },
                {
                    "category": "traffic light",
                    "id": 20,
                    "attributes": {
                        "occluded": false,
                        "truncated": false,
                        "trafficLightColor": "red"
                    },
                    "box2d": {
                        "x1": 406.675662,
                        "y1": 242.250961,
                        "x2": 415.416676,
                        "y2": 256.236585
                    }
                },
                {
                    "category": "traffic light",
                    "id": 21,
                    "attributes": {
                        "occluded": false,
                        "truncated": false,
                        "trafficLightColor": "red"
                    },
                    "box2d": {
                        "x1": 403.179255,
                        "y1": 264.977599,
                        "x2": 417.164878,
                        "y2": 275.466816
                    }
                },
                {
                    "category": "traffic light",
                    "id": 22,
                    "attributes": {
                        "occluded": false,
                        "truncated": false,
                        "trafficLightColor": "red"
                    },
                    "box2d": {
                        "x1": 775.546462,
                        "y1": 263.229396,
                        "x2": 789.532084,
                        "y2": 273.718612
                    }
                },
                {
                    "category": "traffic light",
                    "id": 23,
                    "attributes": {
                        "occluded": false,
                        "truncated": false,
                        "trafficLightColor": "green"
                    },
                    "box2d": {
                        "x1": 663.661479,
                        "y1": 189.804877,
                        "x2": 674.150696,
                        "y2": 216.027919
                    }
                },
                {
                    "category": "traffic light",
                    "id": 24,
                    "attributes": {
                        "occluded": false,
                        "truncated": false,
                        "trafficLightColor": "green"
                    },
                    "box2d": {
                        "x1": 798.273099,
                        "y1": 223.02073,
                        "x2": 812.258721,
                        "y2": 252.740178
                    }
                },
                {
                    "category": "traffic light",
                    "id": 25,
                    "attributes": {
                        "occluded": false,
                        "truncated": false,
                        "trafficLightColor": "green"
                    },
                    "box2d": {
                        "x1": 782.539273,
                        "y1": 235.25815,
                        "x2": 787.783881,
                        "y2": 259.73299
                    }
                },
                {
                    "category": "traffic sign",
                    "id": 26,
                    "attributes": {
                        "occluded": false,
                        "truncated": false,
                        "trafficLightColor": "none"
                    },
                    "box2d": {
                        "x1": 929.388311,
                        "y1": 240.25301,
                        "x2": 948.618542,
                        "y2": 259.483243
                    }
                },
                {
                    "category": "traffic sign",
                    "id": 27,
                    "attributes": {
                        "occluded": true,
                        "truncated": false,
                        "trafficLightColor": "none"
                    },
                    "box2d": {
                        "x1": 702.121943,
                        "y1": 219.274576,
                        "x2": 735.337797,
                        "y2": 236.756605
                    }
                },
                {
                    "category": "truck",
                    "id": 28,
                    "attributes": {
                        "occluded": false,
                        "truncated": false,
                        "trafficLightColor": "none"
                    },
                    "box2d": {
                        "x1": 597.229771,
                        "y1": 219.274576,
                        "x2": 744.07881,
                        "y2": 373.116426
                    }
                },
                {
                    "category": "car",
                    "id": 29,
                    "attributes": {
                        "occluded": true,
                        "truncated": false,
                        "trafficLightColor": "none"
                    },
                    "box2d": {
                        "x1": 119.965248,
                        "y1": 292.878949,
                        "x2": 159.612617,
                        "y2": 312.06316
                    }
                },
                {
                    "category": "area/drivable",
                    "id": 30,
                    "attributes": {},
                    "poly2d": [
                        [
                            0,
                            618.299784,
                            "L"
                        ],
                        [
                            0,
                            719.954082,
                            "L"
                        ],
                        [
                            54.901177,
                            719.954082,
                            "L"
                        ],
                        [
                            396.785786,
                            512.826913,
                            "C"
                        ],
                        [
                            752.395688,
                            527.79996,
                            "C"
                        ],
                        [
                            1139.199441,
                            575.214613,
                            "C"
                        ],
                        [
                            798.562587,
                            376.82172,
                            "L"
                        ],
                        [
                            406.767818,
                            361.848672,
                            "L"
                        ],
                        [
                            257.037333,
                            426.731883,
                            "C"
                        ],
                        [
                            138.500699,
                            525.304452,
                            "C"
                        ],
                        [
                            0,
                            618.299784,
                            "C"
                        ]
                    ]
                },
                {
                    "category": "area/alternative",
                    "id": 31,
                    "attributes": {},
                    "poly2d": [
                        [
                            845.97724,
                            396.785786,
                            "L"
                        ],
                        [
                            1029.397085,
                            404.27231,
                            "L"
                        ],
                        [
                            1280.195647,
                            484.128569,
                            "L"
                        ],
                        [
                            1279.799552,
                            565.649802,
                            "L"
                        ],
                        [
                            1151.676982,
                            576.462368,
                            "L"
                        ],
                        [
                            845.97724,
                            396.785786,
                            "L"
                        ]
                    ]
                },
                {
                    "category": "lane/road curb",
                    "id": 32,
                    "attributes": {
                        "direction": "parallel",
                        "style": "solid"
                    },
                    "poly2d": [
                        [
                            1159.227501,
                            387.901662,
                            "L"
                        ],
                        [
                            1018.468924,
                            361.29089,
                            "L"
                        ]
                    ]
                },
                {
                    "category": "lane/road curb",
                    "id": 33,
                    "attributes": {
                        "direction": "parallel",
                        "style": "solid"
                    },
                    "poly2d": [
                        [
                            828.238052,
                            323.501,
                            "L"
                        ],
                        [
                            784.805047,
                            316.012551,
                            "L"
                        ]
                    ]
                },
                {
                    "category": "lane/single white",
                    "id": 34,
                    "attributes": {
                        "direction": "parallel",
                        "style": "dashed"
                    },
                    "poly2d": [
                        [
                            1076.854561,
                            540.666023,
                            "L"
                        ],
                        [
                            741.372043,
                            344.468657,
                            "L"
                        ]
                    ]
                },
                {
                    "category": "lane/single yellow",
                    "id": 35,
                    "attributes": {
                        "direction": "parallel",
                        "style": "solid"
                    },
                    "poly2d": [
                        [
                            2.452916,
                            614.377911,
                            "L"
                        ],
                        [
                            145.502101,
                            509.841967,
                            "L"
                        ]
                    ]
                },
                {
                    "category": "lane/single yellow",
                    "id": 36,
                    "attributes": {
                        "direction": "parallel",
                        "style": "solid"
                    },
                    "poly2d": [
                        [
                            0.618952,
                            594.204307,
                            "L"
                        ],
                        [
                            132.664353,
                            509.841967,
                            "L"
                        ]
                    ]
                },
                {
                    "category": "lane/double yellow",
                    "id": 37,
                    "attributes": {
                        "direction": "parallel",
                        "style": "solid"
                    },
                    "poly2d": [
                        [
                            0.618952,
                            474.996654,
                            "L"
                        ],
                        [
                            354.573987,
                            366.792783,
                            "L"
                        ]
                    ]
                },
                {
                    "category": "lane/double yellow",
                    "id": 38,
                    "attributes": {
                        "direction": "parallel",
                        "style": "solid"
                    },
                    "poly2d": [
                        [
                            4.286879,
                            487.8344,
                            "L"
                        ],
                        [
                            297.721105,
                            397.970169,
                            "L"
                        ]
                    ]
                },
                {
                    "category": "lane/single white",
                    "id": 39,
                    "attributes": {
                        "direction": "parallel",
                        "style": "solid"
                    },
                    "poly2d": [
                        [
                            0.618952,
                            399.804134,
                            "L"
                        ],
                        [
                            128.996427,
                            374.128638,
                            "L"
                        ]
                    ]
                },
                {
                    "category": "lane/single white",
                    "id": 40,
                    "attributes": {
                        "direction": "parallel",
                        "style": "dashed"
                    },
                    "poly2d": [
                        [
                            342.970967,
                            336.231363,
                            "L"
                        ],
                        [
                            453.608038,
                            313.607828,
                            "L"
                        ]
                    ]
                },
                {
                    "category": "lane/single white",
                    "id": 41,
                    "attributes": {
                        "direction": "parallel",
                        "style": "dashed"
                    },
                    "poly2d": [
                        [
                            1091.831459,
                            533.177574,
                            "L"
                        ],
                        [
                            744.367422,
                            335.482518,
                            "L"
                        ]
                    ]
                },
                {
                    "category": "lane/single white",
                    "id": 42,
                    "attributes": {
                        "direction": "parallel",
                        "style": "solid"
                    },
                    "poly2d": [
                        [
                            1157.729811,
                            395.390112,
                            "L"
                        ],
                        [
                            1018.444658,
                            365.436313,
                            "L"
                        ]
                    ]
                },
                {
                    "category": "lane/single white",
                    "id": 43,
                    "attributes": {
                        "direction": "parallel",
                        "style": "solid"
                    },
                    "poly2d": [
                        [
                            822.247294,
                            327.994069,
                            "L"
                        ],
                        [
                            781.809668,
                            319.007929,
                            "L"
                        ]
                    ]
                },
                {
                    "category": "lane/double yellow",
                    "id": 44,
                    "attributes": {
                        "direction": "parallel",
                        "style": "solid"
                    },
                    "poly2d": [
                        [
                            543.676987,
                            308.524102,
                            "C"
                        ],
                        [
                            420.866423,
                            339.975588,
                            "C"
                        ],
                        [
                            256.120543,
                            395.390111,
                            "C"
                        ],
                        [
                            97.365423,
                            516.702986,
                            "L"
                        ]
                    ]
                },
                {
                    "category": "lane/double yellow",
                    "id": 45,
                    "attributes": {
                        "direction": "parallel",
                        "style": "solid"
                    },
                    "poly2d": [
                        [
                            160.268395,
                            513.707606,
                            "C"
                        ],
                        [
                            307.041997,
                            395.390111,
                            "C"
                        ],
                        [
                            417.871043,
                            356.450176,
                            "C"
                        ],
                        [
                            555.658506,
                            314.514861,
                            "L"
                        ]
                    ]
                }
            ]
        }
    ],
    "attributes": {
        "weather": "partly cloudy",
        "scene": "highway",
        "timeofday": "daytime"
    }
}