{
    "name": "1f42f14e-383d615c",
    "frames": [
        {
            "timestamp": 10000,
            "objects": [
                {
                    "category": "traffic light",
                    "id": 0,
                    "attributes": {
                        "occluded": false,
                        "truncated": false,
                        "trafficLightColor": "green"
                    },
                    "box2d": {
                        "x1": 389.299261,
                        "y1": 229.586743,
                        "x2": 406.767819,
                        "y2": 270.762626
                    }
                },
                {
                    "category": "traffic light",
                    "id": 1,
                    "attributes": {
                        "occluded": false,
                        "truncated": false,
                        "trafficLightColor": "green"
                    },
                    "box2d": {
                        "x1": 1036.88361,
                        "y1": 316.929527,
                        "x2": 1051.856657,
                        "y2": 341.884607
                    }
                },
                {
                    "category": "person",
                    "id": 2,
                    "attributes": {
                        "occluded": false,
                        "truncated": false,
                        "trafficLightColor": "none"
                    },
                    "box2d": {
                        "x1": 1202.834897,
                        "y1": 355.609903,
                        "x2": 1237.77201,
                        "y2": 441.704932
                    }
                },
                {
                    "category": "person",
                    "id": 3,
                    "attributes": {
                        "occluded": false,
                        "truncated": false,
                        "trafficLightColor": "none"
                    },
                    "box2d": {
                        "x1": 1245.258535,
                        "y1": 356.857656,
                        "x2": 1272.606151,
                        "y2": 440.457177
                    }
                },
                {
                    "category": "motor",
                    "id": 4,
                    "attributes": {
                        "occluded": true,
                        "truncated": false,
                        "trafficLightColor": "none"
                    },
                    "box2d": {
                        "x1": 1136.703933,
                        "y1": 385.555999,
                        "x2": 1249.001797,
                        "y2": 437.961668
                    }
                },
                {
                    "category": "rider",
                    "id": 5,
                    "attributes": {
                        "occluded": true,
                        "truncated": false,
                        "trafficLightColor": "none"
                    },
                    "box2d": {
                        "x1": 1091.784787,
                        "y1": 363.096425,
                        "x2": 1112.996605,
                        "y2": 436.713915
                    }
                },
                {
                    "category": "car",
                    "id": 6,
                    "attributes": {
                        "occluded": true,
                        "truncated": false,
                        "trafficLightColor": "none"
                    },
                    "box2d": {
                        "x1": 485.376322,
                        "y1": 373.078459,
                        "x2": 539.029746,
                        "y2": 417.997604
                    }
                },
                {
                    "category": "car",
                    "id": 7,
                    "attributes": {
                        "occluded": true,
                        "truncated": false,
                        "trafficLightColor": "none"
                    },
                    "box2d": {
                        "x1": 461.668995,
                        "y1": 371.830705,
                        "x2": 484.128569,
                        "y2": 404.27231
                    }
                },
                {
                    "category": "car",
                    "id": 8,
                    "attributes": {
                        "occluded": false,
                        "truncated": false,
                        "trafficLightColor": "none"
                    },
                    "box2d": {
                        "x1": 411.758834,
                        "y1": 368.087443,
                        "x2": 461.668997,
                        "y2": 413.006588
                    }
                },
                {
                    "category": "traffic sign",
                    "id": 9,
                    "attributes": {
                        "occluded": false,
                        "truncated": false,
                        "trafficLightColor": "none"
                    },
                    "box2d": {
                        "x1": 606.408464,
                        "y1": 348.123378,
                        "x2": 625.124774,
                        "y2": 361.848672
                    }
                },
                {
                    "category": "car",
                    "id": 10,
                    "attributes": {
                        "occluded": false,
                        "truncated": false,
                        "trafficLightColor": "none"
                    },
                    "box2d": {
                        "x1": 516.570174,
                        "y1": 365.591936,
                        "x2": 680.025952,
                        "y2": 496.606109
                    }
                },
                {
                    "category": "motor",
                    "id": 11,
                    "attributes": {
                        "occluded": true,
                        "truncated": false,
                        "trafficLightColor": "none"
                    },
                    "box2d": {
                        "x1": 1064.334197,
                        "y1": 379.31723,
                        "x2": 1151.676981,
                        "y2": 432.970653
                    }
                },
                {
                    "category": "traffic light",
                    "id": 12,
                    "attributes": {
                        "occluded": false,
                        "truncated": false,
                        "trafficLightColor": "none"
                    },
                    "box2d": {
                        "x1": 1054.918801,
                        "y1": 299.024789,
                        "x2": 1071.793789,
                        "y2": 337.837263
                    }
                },
                {
                    "category": "car",
                    "id": 13,
                    "attributes": {
                        "occluded": true,
                        "truncated": true,
                        "trafficLightColor": "none"
                    },
                    "box2d": {
                        "x1": 1262.481158,
                        "y1": 385.762235,
                        "x2": 1279.356147,
                        "y2": 436.3872
                    }
                },
                {
                    "category": "area/drivable",
                    "id": 14,
                    "attributes": {},
                    "poly2d": [
                        [
                            498.381678,
                            428.624706,
                            "L"
                        ],
                        [
                            0,
                            435.374701,
                            "L"
                        ],
                        [
                            0,
                            673.312037,
                            "L"
                        ],
                        [
                            322.881799,
                            629.437067,
                            "C"
                        ],
                        [
                            699.194039,
                            641.24956,
                            "C"
                        ],
                        [
                            920.256389,
                            720.562005,
                            "C"
                        ],
                        [
                            1280.811619,
                            720.562005,
                            "L"
                        ],
                        [
                            1280.811619,
                            458.999684,
                            "L"
                        ],
                        [
                            1082.256277,
                            455.624687,
                            "L"
                        ],
                        [
                            1009.693827,
                            435.374701,
                            "L"
                        ],
                        [
                            697.506542,
                            430.312204,
                            "L"
                        ],
                        [
                            684.006551,
                            509.624649,
                            "L"
                        ],
                        [
                            511.881669,
                            502.874654,
                            "L"
                        ],
                        [
                            498.381678,
                            428.624706,
                            "L"
                        ]
                    ]
                },
                {
                    "category": "lane/road curb",
                    "id": 15,
                    "attributes": {
                        "direction": "parallel",
                        "style": "solid"
                    },
                    "poly2d": [
                        [
                            1.278947,
                            437.400002,
                            "C"
                        ],
                        [
                            157.310527,
                            423.331581,
                            "C"
                        ],
                        [
                            323.573686,
                            448.910529,
                            "C"
                        ],
                        [
                            405.426318,
                            406.705265,
                            "L"
                        ]
                    ]
                },
                {
                    "category": "lane/road curb",
                    "id": 16,
                    "attributes": {
                        "direction": "parallel",
                        "style": "solid"
                    },
                    "poly2d": [
                        [
                            805.736847,
                            422.052634,
                            "L"
                        ],
                        [
                            1066.642111,
                            427.168422,
                            "L"
                        ]
                    ]
                },
                {
                    "category": "lane/road curb",
                    "id": 17,
                    "attributes": {
                        "direction": "parallel",
                        "style": "solid"
                    },
                    "poly2d": [
                        [
                            1087.105269,
                            448.910529,
                            "L"
                        ],
                        [
                            1280.226322,
                            454.026318,
                            "L"
                        ]
                    ]
                },
                {
                    "category": "lane/crosswalk",
                    "id": 18,
                    "attributes": {
                        "direction": "vertical",
                        "style": "dashed"
                    },
                    "poly2d": [
                        [
                            676.563161,
                            428.447371,
                            "L"
                        ],
                        [
                            789.11053,
                            423.331581,
                            "L"
                        ]
                    ]
                },
                {
                    "category": "lane/crosswalk",
                    "id": 19,
                    "attributes": {
                        "direction": "vertical",
                        "style": "dashed"
                    },
                    "poly2d": [
                        [
                            676.563161,
                            418.215792,
                            "L"
                        ],
                        [
                            743.068425,
                            416.936844,
                            "L"
                        ]
                    ]
                },
                {
                    "category": "lane/crosswalk",
                    "id": 20,
                    "attributes": {
                        "direction": "vertical",
                        "style": "dashed"
                    },
                    "poly2d": [
                        [
                            372.173686,
                            427.168422,
                            "L"
                        ],
                        [
                            519.252634,
                            427.168422,
                            "L"
                        ]
                    ]
                },
                {
                    "category": "lane/crosswalk",
                    "id": 21,
                    "attributes": {
                        "direction": "vertical",
                        "style": "dashed"
                    },
                    "poly2d": [
                        [
                            387.521055,
                            418.215792,
                            "L"
                        ],
                        [
                            524.368424,
                            418.215792,
                            "L"
                        ]
                    ]
                },
                {
                    "category": "lane/single white",
                    "id": 22,
                    "attributes": {
                        "direction": "vertical",
                        "style": "solid"
                    },
                    "poly2d": [
                        [
                            964.326321,
                            428.447371,
                            "L"
                        ],
                        [
                            1076.87369,
                            432.284213,
                            "L"
                        ]
                    ]
                }
            ]
        }
    ],
    "attributes": {
        "weather": "rainy",
        "scene": "city street",
        "timeofday": "dawn/dusk"
    }
}