{
    "name": "1f44d8f2-d8226ba4",
    "frames": [
        {
            "timestamp": 10000,
            "objects": [
                {
                    "category": "car",
                    "id": 0,
                    "attributes": {
                        "occluded": false,
                        "truncated": true,
                        "trafficLightColor": "none"
                    },
                    "box2d": {
                        "x1": 0,
                        "y1": 373.116427,
                        "x2": 286.049663,
                        "y2": 614.36842
                    }
                },
                {
                    "category": "car",
                    "id": 1,
                    "attributes": {
                        "occluded": false,
                        "truncated": true,
                        "trafficLightColor": "none"
                    },
                    "box2d": {
                        "x1": 1210.848971,
                        "y1": 329.411357,
                        "x2": 1279.356147,
                        "y2": 547.936712
                    }
                },
                {
                    "category": "car",
                    "id": 2,
                    "attributes": {
                        "occluded": false,
                        "truncated": false,
                        "trafficLightColor": "none"
                    },
                    "box2d": {
                        "x1": 535.169158,
                        "y1": 266.476054,
                        "x2": 855.963793,
                        "y2": 561.262114
                    }
                },
                {
                    "category": "car",
                    "id": 3,
                    "attributes": {
                        "occluded": true,
                        "truncated": false,
                        "trafficLightColor": "none"
                    },
                    "box2d": {
                        "x1": 516.81244,
                        "y1": 367.871818,
                        "x2": 553.524699,
                        "y2": 411.576888
                    }
                },
                {
                    "category": "car",
                    "id": 4,
                    "attributes": {
                        "occluded": true,
                        "truncated": false,
                        "trafficLightColor": "none"
                    },
                    "box2d": {
                        "x1": 820.999737,
                        "y1": 320.67034,
                        "x2": 911.906285,
                        "y2": 362.62721
                    }
                },
                {
                    "category": "car",
                    "id": 5,
                    "attributes": {
                        "occluded": true,
                        "truncated": false,
                        "trafficLightColor": "none"
                    },
                    "box2d": {
                        "x1": 889.179648,
                        "y1": 310.181124,
                        "x2": 943.373936,
                        "y2": 348.641587
                    }
                },
                {
                    "category": "car",
                    "id": 6,
                    "attributes": {
                        "occluded": true,
                        "truncated": false,
                        "trafficLightColor": "none"
                    },
                    "box2d": {
                        "x1": 925.891906,
                        "y1": 296.195502,
                        "x2": 1058.755323,
                        "y2": 352.137994
                    }
                },
                {
                    "category": "car",
                    "id": 7,
                    "attributes": {
                        "occluded": true,
                        "truncated": false,
                        "trafficLightColor": "none"
                    },
                    "box2d": {
                        "x1": 1079.733757,
                        "y1": 283.958083,
                        "x2": 1167.143898,
                        "y2": 331.159558
                    }
                },
                {
                    "category": "car",
                    "id": 8,
                    "attributes": {
                        "occluded": true,
                        "truncated": false,
                        "trafficLightColor": "none"
                    },
                    "box2d": {
                        "x1": 1126.935234,
                        "y1": 269.972458,
                        "x2": 1277.668648,
                        "y2": 320.67034
                    }
                },
                {
                    "category": "traffic light",
                    "id": 9,
                    "attributes": {
                        "occluded": false,
                        "truncated": false,
                        "trafficLightColor": "green"
                    },
                    "box2d": {
                        "x1": 352.481373,
                        "y1": 175.569506,
                        "x2": 371.711605,
                        "y2": 215.778172
                    }
                },
                {
                    "category": "traffic light",
                    "id": 10,
                    "attributes": {
                        "occluded": false,
                        "truncated": false,
                        "trafficLightColor": "green"
                    },
                    "box2d": {
                        "x1": 798.2731,
                        "y1": 63.684524,
                        "x2": 822.747938,
                        "y2": 117.878812
                    }
                },
                {
                    "category": "traffic light",
                    "id": 11,
                    "attributes": {
                        "occluded": false,
                        "truncated": false,
                        "trafficLightColor": "none"
                    },
                    "box2d": {
                        "x1": 772.050056,
                        "y1": 68.929132,
                        "x2": 800.021301,
                        "y2": 121.375217
                    }
                },
                {
                    "category": "traffic light",
                    "id": 12,
                    "attributes": {
                        "occluded": false,
                        "truncated": false,
                        "trafficLightColor": "none"
                    },
                    "box2d": {
                        "x1": 941.625731,
                        "y1": 130.116232,
                        "x2": 959.10776,
                        "y2": 163.332086
                    }
                },
                {
                    "category": "traffic sign",
                    "id": 13,
                    "attributes": {
                        "occluded": false,
                        "truncated": false,
                        "trafficLightColor": "none"
                    },
                    "box2d": {
                        "x1": 955.611356,
                        "y1": 95.152174,
                        "x2": 987.079007,
                        "y2": 156.339273
                    }
                },
                {
                    "category": "traffic sign",
                    "id": 14,
                    "attributes": {
                        "occluded": false,
                        "truncated": true,
                        "trafficLightColor": "none"
                    },
                    "box2d": {
                        "x1": 1135.676248,
                        "y1": 26.972263,
                        "x2": 1226.582796,
                        "y2": 114.382404
                    }
                },
                {
                    "category": "traffic sign",
                    "id": 15,
                    "attributes": {
                        "occluded": false,
                        "truncated": false,
                        "trafficLightColor": "none"
                    },
                    "box2d": {
                        "x1": 334.999344,
                        "y1": 327.663153,
                        "x2": 355.977777,
                        "y2": 348.641587
                    }
                },
                {
                    "category": "traffic sign",
                    "id": 16,
                    "attributes": {
                        "occluded": false,
                        "truncated": false,
                        "trafficLightColor": "none"
                    },
                    "box2d": {
                        "x1": 305.279895,
                        "y1": 282.209879,
                        "x2": 338.49575,
                        "y2": 296.195502
                    }
                },
                {
                    "category": "traffic sign",
                    "id": 17,
                    "attributes": {
                        "occluded": false,
                        "truncated": false,
                        "trafficLightColor": "none"
                    },
                    "box2d": {
                        "x1": 328.006532,
                        "y1": 304.936516,
                        "x2": 357.725981,
                        "y2": 329.411357
                    }
                },
                {
                    "category": "traffic light",
                    "id": 18,
                    "attributes": {
                        "occluded": false,
                        "truncated": false,
                        "trafficLightColor": "none"
                    },
                    "box2d": {
                        "x1": 1086.726568,
                        "y1": 257.735039,
                        "x2": 1104.208597,
                        "y2": 271.720662
                    }
                },
                {
                    "category": "traffic light",
                    "id": 19,
                    "attributes": {
                        "occluded": false,
                        "truncated": false,
                        "trafficLightColor": "none"
                    },
                    "box2d": {
                        "x1": 1069.244541,
                        "y1": 261.231446,
                        "x2": 1086.726568,
                        "y2": 278.713473
                    }
                },
                {
                    "category": "area/alternative",
                    "id": 20,
                    "attributes": {},
                    "poly2d": [
                        [
                            869.631423,
                            569.024604,
                            "L"
                        ],
                        [
                            977.631349,
                            558.899611,
                            "C"
                        ],
                        [
                            1117.693752,
                            536.962126,
                            "C"
                        ],
                        [
                            1210.506189,
                            547.087119,
                            "C"
                        ],
                        [
                            1200.381196,
                            434.024697,
                            "L"
                        ],
                        [
                            1180.13121,
                            428.962201,
                            "C"
                        ],
                        [
                            925.318885,
                            422.212206,
                            "C"
                        ],
                        [
                            1207.131191,
                            363.149745,
                            "C"
                        ],
                        [
                            1148.068733,
                            326.02477,
                            "L"
                        ],
                        [
                            857.818931,
                            366.524743,
                            "L"
                        ],
                        [
                            869.631423,
                            569.024604,
                            "L"
                        ]
                    ]
                },
                {
                    "category": "area/alternative",
                    "id": 21,
                    "attributes": {},
                    "poly2d": [
                        [
                            262.131841,
                            658.462042,
                            "L"
                        ],
                        [
                            387.006755,
                            629.774562,
                            "C"
                        ],
                        [
                            469.694198,
                            616.274571,
                            "C"
                        ],
                        [
                            559.131637,
                            604.46208,
                            "C"
                        ],
                        [
                            532.131656,
                            415.462209,
                            "L"
                        ],
                        [
                            307.69431,
                            442.462191,
                            "L"
                        ],
                        [
                            262.131841,
                            658.462042,
                            "L"
                        ]
                    ]
                },
                {
                    "category": "lane/road curb",
                    "id": 22,
                    "attributes": {
                        "direction": "parallel",
                        "style": "solid"
                    },
                    "poly2d": [
                        [
                            460.421242,
                            417.997604,
                            "L"
                        ],
                        [
                            275.753643,
                            440.457177,
                            "L"
                        ]
                    ]
                },
                {
                    "category": "lane/road curb",
                    "id": 23,
                    "attributes": {
                        "direction": "parallel",
                        "style": "solid"
                    },
                    "poly2d": [
                        [
                            1223.004262,
                            315.035653,
                            "L"
                        ],
                        [
                            877.171093,
                            363.096427,
                            "L"
                        ]
                    ]
                },
                {
                    "category": "lane/road curb",
                    "id": 24,
                    "attributes": {
                        "direction": "parallel",
                        "style": "solid"
                    },
                    "poly2d": [
                        [
                            1209.073667,
                            436.713916,
                            "L"
                        ],
                        [
                            1122.978638,
                            425.484129,
                            "L"
                        ]
                    ]
                },
                {
                    "category": "lane/crosswalk",
                    "id": 25,
                    "attributes": {
                        "direction": "vertical",
                        "style": "dashed"
                    },
                    "poly2d": [
                        [
                            550.259533,
                            501.597124,
                            "L"
                        ],
                        [
                            240.81653,
                            551.507287,
                            "L"
                        ]
                    ]
                },
                {
                    "category": "lane/crosswalk",
                    "id": 26,
                    "attributes": {
                        "direction": "vertical",
                        "style": "dashed"
                    },
                    "poly2d": [
                        [
                            1098.023559,
                            413.006588,
                            "L"
                        ],
                        [
                            853.463764,
                            446.695947,
                            "L"
                        ]
                    ]
                },
                {
                    "category": "lane/crosswalk",
                    "id": 27,
                    "attributes": {
                        "direction": "vertical",
                        "style": "dashed"
                    },
                    "poly2d": [
                        [
                            1211.569175,
                            462.91675,
                            "L"
                        ],
                        [
                            645.08884,
                            596.426431,
                            "L"
                        ]
                    ]
                },
                {
                    "category": "lane/crosswalk",
                    "id": 28,
                    "attributes": {
                        "direction": "vertical",
                        "style": "dashed"
                    },
                    "poly2d": [
                        [
                            1185.36634,
                            451.686963,
                            "L"
                        ],
                        [
                            647.584348,
                            575.214614,
                            "L"
                        ]
                    ]
                },
                {
                    "category": "lane/crosswalk",
                    "id": 29,
                    "attributes": {
                        "direction": "vertical",
                        "style": "dashed"
                    },
                    "poly2d": [
                        [
                            555.250549,
                            611.399481,
                            "L"
                        ],
                        [
                            214.613695,
                            670.043921,
                            "L"
                        ]
                    ]
                },
                {
                    "category": "lane/crosswalk",
                    "id": 30,
                    "attributes": {
                        "direction": "vertical",
                        "style": "dashed"
                    },
                    "poly2d": [
                        [
                            1066.829707,
                            396.785786,
                            "L"
                        ],
                        [
                            935.815533,
                            358.10541,
                            "L"
                        ]
                    ]
                },
                {
                    "category": "lane/crosswalk",
                    "id": 31,
                    "attributes": {
                        "direction": "vertical",
                        "style": "dashed"
                    },
                    "poly2d": [
                        [
                            1209.073667,
                            354.362148,
                            "L"
                        ],
                        [
                            1094.280295,
                            336.893592,
                            "L"
                        ]
                    ]
                }
            ]
        }
    ],
    "attributes": {
        "weather": "snowy",
        "scene": "city street",
        "timeofday": "dawn/dusk"
    }
}