{
    "name": "1f45df68-26795801",
    "frames": [
        {
            "timestamp": 10000,
            "objects": [
                {
                    "category": "traffic light",
                    "id": 0,
                    "attributes": {
                        "occluded": false,
                        "truncated": false,
                        "trafficLightColor": "green"
                    },
                    "box2d": {
                        "x1": 738.422862,
                        "y1": 252.406484,
                        "x2": 746.261572,
                        "y2": 274.354873
                    }
                },
                {
                    "category": "traffic light",
                    "id": 1,
                    "attributes": {
                        "occluded": false,
                        "truncated": false,
                        "trafficLightColor": "green"
                    },
                    "box2d": {
                        "x1": 655.332528,
                        "y1": 222.619384,
                        "x2": 663.171238,
                        "y2": 244.567772
                    }
                },
                {
                    "category": "traffic light",
                    "id": 2,
                    "attributes": {
                        "occluded": false,
                        "truncated": false,
                        "trafficLightColor": "green"
                    },
                    "box2d": {
                        "x1": 528.345414,
                        "y1": 266.516163,
                        "x2": 534.616383,
                        "y2": 280.625843
                    }
                },
                {
                    "category": "traffic light",
                    "id": 3,
                    "attributes": {
                        "occluded": false,
                        "truncated": false,
                        "trafficLightColor": "none"
                    },
                    "box2d": {
                        "x1": 663.17124,
                        "y1": 225.754868,
                        "x2": 672.577693,
                        "y2": 249.271
                    }
                },
                {
                    "category": "traffic light",
                    "id": 4,
                    "attributes": {
                        "occluded": false,
                        "truncated": false,
                        "trafficLightColor": "none"
                    },
                    "box2d": {
                        "x1": 647.493818,
                        "y1": 222.372415,
                        "x2": 655.332528,
                        "y2": 244.567773
                    }
                },
                {
                    "category": "traffic sign",
                    "id": 5,
                    "attributes": {
                        "occluded": false,
                        "truncated": false,
                        "trafficLightColor": "none"
                    },
                    "box2d": {
                        "x1": 475.865558,
                        "y1": 263.380679,
                        "x2": 506.397023,
                        "y2": 271.21939
                    }
                },
                {
                    "category": "traffic sign",
                    "id": 6,
                    "attributes": {
                        "occluded": false,
                        "truncated": false,
                        "trafficLightColor": "none"
                    },
                    "box2d": {
                        "x1": 523.64219,
                        "y1": 282.193585,
                        "x2": 536.184126,
                        "y2": 305.709717
                    }
                },
                {
                    "category": "traffic light",
                    "id": 7,
                    "attributes": {
                        "occluded": false,
                        "truncated": false,
                        "trafficLightColor": "none"
                    },
                    "box2d": {
                        "x1": 856.003523,
                        "y1": 288.464553,
                        "x2": 876.384172,
                        "y2": 304.141976
                    }
                },
                {
                    "category": "traffic light",
                    "id": 8,
                    "attributes": {
                        "occluded": true,
                        "truncated": false,
                        "trafficLightColor": "green"
                    },
                    "box2d": {
                        "x1": 213.229245,
                        "y1": 222.619384,
                        "x2": 222.635696,
                        "y2": 243.00003
                    }
                },
                {
                    "category": "traffic sign",
                    "id": 9,
                    "attributes": {
                        "occluded": false,
                        "truncated": false,
                        "trafficLightColor": "none"
                    },
                    "box2d": {
                        "x1": 48.616321,
                        "y1": 247.703258,
                        "x2": 87.809875,
                        "y2": 260.245194
                    }
                },
                {
                    "category": "traffic sign",
                    "id": 10,
                    "attributes": {
                        "occluded": false,
                        "truncated": false,
                        "trafficLightColor": "none"
                    },
                    "box2d": {
                        "x1": 921.848693,
                        "y1": 247.703258,
                        "x2": 943.797082,
                        "y2": 269.651647
                    }
                },
                {
                    "category": "car",
                    "id": 11,
                    "attributes": {
                        "occluded": true,
                        "truncated": false,
                        "trafficLightColor": "none"
                    },
                    "box2d": {
                        "x1": 868.545458,
                        "y1": 329.225849,
                        "x2": 950.068049,
                        "y2": 369.987144
                    }
                },
                {
                    "category": "car",
                    "id": 12,
                    "attributes": {
                        "occluded": true,
                        "truncated": false,
                        "trafficLightColor": "none"
                    },
                    "box2d": {
                        "x1": 528.345414,
                        "y1": 321.387138,
                        "x2": 545.590577,
                        "y2": 340.200044
                    }
                },
                {
                    "category": "car",
                    "id": 13,
                    "attributes": {
                        "occluded": true,
                        "truncated": false,
                        "trafficLightColor": "none"
                    },
                    "box2d": {
                        "x1": 462.500245,
                        "y1": 319.819396,
                        "x2": 473.47444,
                        "y2": 351.174238
                    }
                },
                {
                    "category": "bus",
                    "id": 14,
                    "attributes": {
                        "occluded": true,
                        "truncated": false,
                        "trafficLightColor": "none"
                    },
                    "box2d": {
                        "x1": 280.642157,
                        "y1": 250.838742,
                        "x2": 468.771213,
                        "y2": 391.935535
                    }
                },
                {
                    "category": "truck",
                    "id": 15,
                    "attributes": {
                        "occluded": true,
                        "truncated": false,
                        "trafficLightColor": "none"
                    },
                    "box2d": {
                        "x1": 94.080844,
                        "y1": 235.161321,
                        "x2": 288.480869,
                        "y2": 387.232308
                    }
                },
                {
                    "category": "car",
                    "id": 16,
                    "attributes": {
                        "occluded": false,
                        "truncated": true,
                        "trafficLightColor": "none"
                    },
                    "box2d": {
                        "x1": 0.016315,
                        "y1": 313.548428,
                        "x2": 79.971166,
                        "y2": 380.961337
                    }
                },
                {
                    "category": "car",
                    "id": 17,
                    "attributes": {
                        "occluded": true,
                        "truncated": false,
                        "trafficLightColor": "none"
                    },
                    "box2d": {
                        "x1": 70.564712,
                        "y1": 321.387138,
                        "x2": 97.216328,
                        "y2": 351.174239
                    }
                },
                {
                    "category": "car",
                    "id": 18,
                    "attributes": {
                        "occluded": true,
                        "truncated": false,
                        "trafficLightColor": "none"
                    },
                    "box2d": {
                        "x1": 772.913189,
                        "y1": 341.767786,
                        "x2": 953.203533,
                        "y2": 435.832314
                    }
                },
                {
                    "category": "car",
                    "id": 19,
                    "attributes": {
                        "occluded": false,
                        "truncated": false,
                        "trafficLightColor": "none"
                    },
                    "box2d": {
                        "x1": 511.100252,
                        "y1": 280.625843,
                        "x2": 794.86158,
                        "y2": 534.600069
                    }
                },
                {
                    "category": "car",
                    "id": 20,
                    "attributes": {
                        "occluded": true,
                        "truncated": true,
                        "trafficLightColor": "none"
                    },
                    "box2d": {
                        "x1": 904.603527,
                        "y1": 345.382562,
                        "x2": 1277.628118,
                        "y2": 531.464585
                    }
                },
                {
                    "category": "car",
                    "id": 21,
                    "attributes": {
                        "occluded": false,
                        "truncated": true,
                        "trafficLightColor": "none"
                    },
                    "box2d": {
                        "x1": 1227.558409,
                        "y1": 446.806509,
                        "x2": 1277.726157,
                        "y2": 636.503308
                    }
                },
                {
                    "category": "traffic sign",
                    "id": 22,
                    "attributes": {
                        "occluded": false,
                        "truncated": false,
                        "trafficLightColor": "none"
                    },
                    "box2d": {
                        "x1": 683.44518,
                        "y1": 237.748684,
                        "x2": 705.411277,
                        "y2": 250.928342
                    }
                },
                {
                    "category": "traffic light",
                    "id": 23,
                    "attributes": {
                        "occluded": false,
                        "truncated": false,
                        "trafficLightColor": "none"
                    },
                    "box2d": {
                        "x1": 845.994302,
                        "y1": 288.270708,
                        "x2": 856.97735,
                        "y2": 304.745281
                    }
                },
                {
                    "category": "area/drivable",
                    "id": 24,
                    "attributes": {},
                    "poly2d": [
                        [
                            410.631739,
                            550.124622,
                            "L"
                        ],
                        [
                            847.693938,
                            553.499619,
                            "L"
                        ],
                        [
                            977.631349,
                            707.062015,
                            "L"
                        ],
                        [
                            846.006438,
                            693.562023,
                            "C"
                        ],
                        [
                            695.819043,
                            703.687016,
                            "C"
                        ],
                        [
                            547.319146,
                            720.562005,
                            "C"
                        ],
                        [
                            243.569354,
                            720.562005,
                            "L"
                        ],
                        [
                            410.631739,
                            550.124622,
                            "L"
                        ]
                    ]
                },
                {
                    "category": "lane/single white",
                    "id": 25,
                    "attributes": {
                        "direction": "parallel",
                        "style": "dashed"
                    },
                    "poly2d": [
                        [
                            183.130481,
                            404.679944,
                            "L"
                        ],
                        [
                            0,
                            437.630041,
                            "L"
                        ]
                    ]
                },
                {
                    "category": "lane/single white",
                    "id": 26,
                    "attributes": {
                        "direction": "parallel",
                        "style": "solid"
                    },
                    "poly2d": [
                        [
                            138.214939,
                            383.886001,
                            "L"
                        ],
                        [
                            0,
                            399.241442,
                            "L"
                        ]
                    ]
                }
            ]
        }
    ],
    "attributes": {
        "weather": "snowy",
        "scene": "city street",
        "timeofday": "daytime"
    }
}