{
    "name": "1f4b8e7d-82f7e836",
    "frames": [
        {
            "timestamp": 10000,
            "objects": [
                {
                    "category": "car",
                    "id": 0,
                    "attributes": {
                        "occluded": false,
                        "truncated": false,
                        "trafficLightColor": "none"
                    },
                    "box2d": {
                        "x1": 88.64158,
                        "y1": 193.177522,
                        "x2": 350.898418,
                        "y2": 363.736165
                    }
                },
                {
                    "category": "car",
                    "id": 1,
                    "attributes": {
                        "occluded": false,
                        "truncated": false,
                        "trafficLightColor": "none"
                    },
                    "box2d": {
                        "x1": 406.354002,
                        "y1": 174.226572,
                        "x2": 424.693641,
                        "y2": 187.064319
                    }
                },
                {
                    "category": "car",
                    "id": 2,
                    "attributes": {
                        "occluded": false,
                        "truncated": false,
                        "trafficLightColor": "none"
                    },
                    "box2d": {
                        "x1": 259.636891,
                        "y1": 163.222787,
                        "x2": 276.142565,
                        "y2": 176.060536
                    }
                },
                {
                    "category": "car",
                    "id": 3,
                    "attributes": {
                        "occluded": false,
                        "truncated": false,
                        "trafficLightColor": "none"
                    },
                    "box2d": {
                        "x1": 276.142566,
                        "y1": 150.385041,
                        "x2": 292.648241,
                        "y2": 161.388823
                    }
                },
                {
                    "category": "traffic sign",
                    "id": 4,
                    "attributes": {
                        "occluded": false,
                        "truncated": false,
                        "trafficLightColor": "none"
                    },
                    "box2d": {
                        "x1": 45.957982,
                        "y1": 127.894796,
                        "x2": 59.420591,
                        "y2": 142.703668
                    }
                },
                {
                    "category": "area/drivable",
                    "id": 5,
                    "attributes": {},
                    "poly2d": [
                        [
                            295.649897,
                            515.69982,
                            "L"
                        ],
                        [
                            573.315161,
                            496.952934,
                            "C"
                        ],
                        [
                            863.26765,
                            526.607423,
                            "C"
                        ],
                        [
                            1034.603209,
                            593.6046,
                            "C"
                        ],
                        [
                            842.399856,
                            456.315302,
                            "C"
                        ],
                        [
                            688.499759,
                            284.8499,
                            "C"
                        ],
                        [
                            447.010101,
                            193.818166,
                            "C"
                        ],
                        [
                            571.0498,
                            238.949916,
                            "C"
                        ],
                        [
                            356.949085,
                            404.176194,
                            "C"
                        ],
                        [
                            295.649897,
                            515.69982,
                            "C"
                        ]
                    ]
                },
                {
                    "category": "area/alternative",
                    "id": 6,
                    "attributes": {},
                    "poly2d": [
                        [
                            473.369418,
                            191.621537,
                            "L"
                        ],
                        [
                            726.299746,
                            318.599888,
                            "C"
                        ],
                        [
                            890.725255,
                            473.369402,
                            "C"
                        ],
                        [
                            1075.949623,
                            598.049791,
                            "C"
                        ],
                        [
                            1278.426891,
                            690.256265,
                            "L"
                        ],
                        [
                            1279.799552,
                            465.749837,
                            "L"
                        ],
                        [
                            1011.538808,
                            370.646781,
                            "C"
                        ],
                        [
                            751.240552,
                            278.388373,
                            "C"
                        ],
                        [
                            473.369418,
                            191.621537,
                            "C"
                        ]
                    ]
                },
                {
                    "category": "area/alternative",
                    "id": 7,
                    "attributes": {},
                    "poly2d": [
                        [
                            1.6e-05,
                            367.351838,
                            "L"
                        ],
                        [
                            0,
                            532.098995,
                            "L"
                        ],
                        [
                            76.881358,
                            512.329336,
                            "C"
                        ],
                        [
                            213.071163,
                            510.132708,
                            "C"
                        ],
                        [
                            276.749903,
                            511.649821,
                            "C"
                        ],
                        [
                            372.59987,
                            380.699867,
                            "L"
                        ],
                        [
                            25.261029,
                            359.663638,
                            "L"
                        ],
                        [
                            1.6e-05,
                            367.351838,
                            "L"
                        ]
                    ]
                },
                {
                    "category": "area/alternative",
                    "id": 8,
                    "attributes": {},
                    "poly2d": [
                        [
                            0,
                            289.371517,
                            "L"
                        ],
                        [
                            0,
                            359.663638,
                            "L"
                        ],
                        [
                            85.667798,
                            334.402407,
                            "L"
                        ],
                        [
                            87.864407,
                            275.093429,
                            "L"
                        ],
                        [
                            0,
                            289.371517,
                            "L"
                        ]
                    ]
                },
                {
                    "category": "lane/single white",
                    "id": 9,
                    "attributes": {
                        "direction": "parallel",
                        "style": "dashed"
                    },
                    "poly2d": [
                        [
                            464.164503,
                            210.870433,
                            "C"
                        ],
                        [
                            529.047713,
                            242.064284,
                            "C"
                        ],
                        [
                            447.9437,
                            318.177282,
                            "C"
                        ],
                        [
                            308.195249,
                            506.588141,
                            "L"
                        ]
                    ]
                },
                {
                    "category": "lane/single white",
                    "id": 10,
                    "attributes": {
                        "direction": "parallel",
                        "style": "dashed"
                    },
                    "poly2d": [
                        [
                            465.412259,
                            215.861449,
                            "C"
                        ],
                        [
                            515.32242,
                            243.312038,
                            "C"
                        ],
                        [
                            403.024556,
                            341.884607,
                            "C"
                        ],
                        [
                            274.50589,
                            504.092634,
                            "L"
                        ]
                    ]
                },
                {
                    "category": "lane/single white",
                    "id": 11,
                    "attributes": {
                        "direction": "parallel",
                        "style": "dashed"
                    },
                    "poly2d": [
                        [
                            427.979637,
                            222.100219,
                            "C"
                        ],
                        [
                            408.015571,
                            238.321022,
                            "C"
                        ],
                        [
                            385.555999,
                            247.055301,
                            "C"
                        ],
                        [
                            345.627871,
                            260.780594,
                            "L"
                        ]
                    ]
                },
                {
                    "category": "lane/single white",
                    "id": 12,
                    "attributes": {
                        "direction": "parallel",
                        "style": "solid"
                    },
                    "poly2d": [
                        [
                            567.728088,
                            247.055301,
                            "C"
                        ],
                        [
                            711.219804,
                            336.893592,
                            "C"
                        ],
                        [
                            875.923338,
                            472.898782,
                            "C"
                        ],
                        [
                            1039.379118,
                            596.426433,
                            "L"
                        ]
                    ]
                },
                {
                    "category": "lane/single white",
                    "id": 13,
                    "attributes": {
                        "direction": "parallel",
                        "style": "solid"
                    },
                    "poly2d": [
                        [
                            577.710122,
                            245.807545,
                            "C"
                        ],
                        [
                            747.404671,
                            351.86664,
                            "C"
                        ],
                        [
                            904.621681,
                            467.907766,
                            "C"
                        ],
                        [
                            1093.03254,
                            610.151726,
                            "L"
                        ]
                    ]
                },
                {
                    "category": "lane/road curb",
                    "id": 14,
                    "attributes": {
                        "direction": "parallel",
                        "style": "solid"
                    },
                    "poly2d": [
                        [
                            81.104013,
                            275.753644,
                            "L"
                        ],
                        [
                            0,
                            288.231183,
                            "L"
                        ]
                    ]
                }
            ]
        }
    ],
    "attributes": {
        "weather": "snowy",
        "scene": "highway",
        "timeofday": "daytime"
    }
}