{
    "name": "1f77fb7b-d1d8dfee",
    "frames": [
        {
            "timestamp": 10000,
            "objects": [
                {
                    "category": "car",
                    "id": 0,
                    "attributes": {
                        "occluded": false,
                        "truncated": true,
                        "trafficLightColor": "none"
                    },
                    "box2d": {
                        "x1": 0,
                        "y1": 454.283006,
                        "x2": 348.984966,
                        "y2": 718.261635
                    }
                },
                {
                    "category": "car",
                    "id": 1,
                    "attributes": {
                        "occluded": false,
                        "truncated": true,
                        "trafficLightColor": "none"
                    },
                    "box2d": {
                        "x1": 887.431443,
                        "y1": 428.059962,
                        "x2": 1277.280678,
                        "y2": 718.261635
                    }
                },
                {
                    "category": "car",
                    "id": 2,
                    "attributes": {
                        "occluded": false,
                        "truncated": false,
                        "trafficLightColor": "none"
                    },
                    "box2d": {
                        "x1": 717.855768,
                        "y1": 449.038396,
                        "x2": 871.697618,
                        "y2": 567.916189
                    }
                },
                {
                    "category": "car",
                    "id": 3,
                    "attributes": {
                        "occluded": false,
                        "truncated": false,
                        "trafficLightColor": "none"
                    },
                    "box2d": {
                        "x1": 581.495945,
                        "y1": 464.772221,
                        "x2": 651.424059,
                        "y2": 520.714713
                    }
                },
                {
                    "category": "car",
                    "id": 4,
                    "attributes": {
                        "occluded": true,
                        "truncated": false,
                        "trafficLightColor": "none"
                    },
                    "box2d": {
                        "x1": 230.107173,
                        "y1": 444.792744,
                        "x2": 452.128934,
                        "y2": 598.634594
                    }
                },
                {
                    "category": "car",
                    "id": 5,
                    "attributes": {
                        "occluded": true,
                        "truncated": false,
                        "trafficLightColor": "none"
                    },
                    "box2d": {
                        "x1": 432.898704,
                        "y1": 472.763989,
                        "x2": 516.81244,
                        "y2": 554.929523
                    }
                },
                {
                    "category": "car",
                    "id": 6,
                    "attributes": {
                        "occluded": true,
                        "truncated": false,
                        "trafficLightColor": "none"
                    },
                    "box2d": {
                        "x1": 485.344789,
                        "y1": 467.519381,
                        "x2": 555.272904,
                        "y2": 535.699293
                    }
                },
                {
                    "category": "car",
                    "id": 7,
                    "attributes": {
                        "occluded": true,
                        "truncated": false,
                        "trafficLightColor": "none"
                    },
                    "box2d": {
                        "x1": 520.308847,
                        "y1": 465.771178,
                        "x2": 562.265714,
                        "y2": 525.210076
                    }
                },
                {
                    "category": "car",
                    "id": 8,
                    "attributes": {
                        "occluded": true,
                        "truncated": false,
                        "trafficLightColor": "none"
                    },
                    "box2d": {
                        "x1": 560.517511,
                        "y1": 467.519381,
                        "x2": 586.740555,
                        "y2": 505.979844
                    }
                },
                {
                    "category": "traffic sign",
                    "id": 9,
                    "attributes": {
                        "occluded": false,
                        "truncated": false,
                        "trafficLightColor": "none"
                    },
                    "box2d": {
                        "x1": 247.589202,
                        "y1": 345.145181,
                        "x2": 280.805056,
                        "y2": 367.871818
                    }
                },
                {
                    "category": "traffic sign",
                    "id": 10,
                    "attributes": {
                        "occluded": false,
                        "truncated": false,
                        "trafficLightColor": "none"
                    },
                    "box2d": {
                        "x1": 441.639719,
                        "y1": 411.576889,
                        "x2": 466.114559,
                        "y2": 439.548135
                    }
                },
                {
                    "category": "traffic sign",
                    "id": 11,
                    "attributes": {
                        "occluded": false,
                        "truncated": false,
                        "trafficLightColor": "none"
                    },
                    "box2d": {
                        "x1": 735.337796,
                        "y1": 415.073296,
                        "x2": 765.057243,
                        "y2": 443.044542
                    }
                },
                {
                    "category": "traffic sign",
                    "id": 12,
                    "attributes": {
                        "occluded": false,
                        "truncated": false,
                        "trafficLightColor": "none"
                    },
                    "box2d": {
                        "x1": 436.395109,
                        "y1": 394.290278,
                        "x2": 474.855571,
                        "y2": 409.263325
                    }
                },
                {
                    "category": "traffic sign",
                    "id": 13,
                    "attributes": {
                        "occluded": false,
                        "truncated": false,
                        "trafficLightColor": "none"
                    },
                    "box2d": {
                        "x1": 284.301461,
                        "y1": 395.843064,
                        "x2": 314.02091,
                        "y2": 415.073294
                    }
                },
                {
                    "category": "car",
                    "id": 14,
                    "attributes": {
                        "occluded": true,
                        "truncated": false,
                        "trafficLightColor": "none"
                    },
                    "box2d": {
                        "x1": 702.121941,
                        "y1": 464.022975,
                        "x2": 749.323419,
                        "y2": 542.692103
                    }
                },
                {
                    "category": "car",
                    "id": 15,
                    "attributes": {
                        "occluded": true,
                        "truncated": false,
                        "trafficLightColor": "none"
                    },
                    "box2d": {
                        "x1": 686.388116,
                        "y1": 458.778366,
                        "x2": 723.100376,
                        "y2": 530.454684
                    }
                },
                {
                    "category": "car",
                    "id": 16,
                    "attributes": {
                        "occluded": true,
                        "truncated": false,
                        "trafficLightColor": "none"
                    },
                    "box2d": {
                        "x1": 672.402494,
                        "y1": 453.533757,
                        "x2": 707.366549,
                        "y2": 519.965466
                    }
                },
                {
                    "category": "area/drivable",
                    "id": 17,
                    "attributes": {},
                    "poly2d": [
                        [
                            569.699801,
                            527.849815,
                            "L"
                        ],
                        [
                            676.349763,
                            525.149816,
                            "L"
                        ],
                        [
                            922.049677,
                            719.549748,
                            "L"
                        ],
                        [
                            209.622679,
                            719.954082,
                            "L"
                        ],
                        [
                            569.699801,
                            527.849815,
                            "L"
                        ]
                    ]
                },
                {
                    "category": "lane/road curb",
                    "id": 18,
                    "attributes": {
                        "direction": "parallel",
                        "style": "solid"
                    },
                    "poly2d": [
                        [
                            854.481194,
                            559.656705,
                            "L"
                        ],
                        [
                            892.921863,
                            573.934791,
                            "L"
                        ]
                    ]
                }
            ]
        }
    ],
    "attributes": {
        "weather": "partly cloudy",
        "scene": "residential",
        "timeofday": "daytime"
    }
}