{
    "name": "1f8ea4b0-73e92d58",
    "frames": [
        {
            "timestamp": 10000,
            "objects": [
                {
                    "category": "car",
                    "id": 0,
                    "attributes": {
                        "occluded": false,
                        "truncated": true,
                        "trafficLightColor": "none"
                    },
                    "box2d": {
                        "x1": 2.204049,
                        "y1": 155.885271,
                        "x2": 117.918387,
                        "y2": 284.824103
                    }
                },
                {
                    "category": "car",
                    "id": 1,
                    "attributes": {
                        "occluded": true,
                        "truncated": false,
                        "trafficLightColor": "none"
                    },
                    "box2d": {
                        "x1": 89.265312,
                        "y1": 172.41589,
                        "x2": 276.447141,
                        "y2": 282.430442
                    }
                },
                {
                    "category": "car",
                    "id": 2,
                    "attributes": {
                        "occluded": true,
                        "truncated": false,
                        "trafficLightColor": "none"
                    },
                    "box2d": {
                        "x1": 246.85722,
                        "y1": 177.50639,
                        "x2": 344.938898,
                        "y2": 244.048578
                    }
                },
                {
                    "category": "car",
                    "id": 3,
                    "attributes": {
                        "occluded": false,
                        "truncated": false,
                        "trafficLightColor": "none"
                    },
                    "box2d": {
                        "x1": 390.122591,
                        "y1": 168.007725,
                        "x2": 554.326746,
                        "y2": 295.844517
                    }
                },
                {
                    "category": "truck",
                    "id": 4,
                    "attributes": {
                        "occluded": true,
                        "truncated": false,
                        "trafficLightColor": "none"
                    },
                    "box2d": {
                        "x1": 368.081764,
                        "y1": 114.007701,
                        "x2": 563.143075,
                        "y2": 208.783253
                    }
                },
                {
                    "category": "bike",
                    "id": 5,
                    "attributes": {
                        "occluded": false,
                        "truncated": false,
                        "trafficLightColor": "none"
                    },
                    "box2d": {
                        "x1": 598.408398,
                        "y1": 168.007725,
                        "x2": 645.796175,
                        "y2": 262.783277
                    }
                },
                {
                    "category": "bike",
                    "id": 6,
                    "attributes": {
                        "occluded": true,
                        "truncated": false,
                        "trafficLightColor": "none"
                    },
                    "box2d": {
                        "x1": 636.979845,
                        "y1": 184.538344,
                        "x2": 707.510489,
                        "y2": 276.007772
                    }
                },
                {
                    "category": "person",
                    "id": 7,
                    "attributes": {
                        "occluded": true,
                        "truncated": false,
                        "trafficLightColor": "none"
                    },
                    "box2d": {
                        "x1": 618.245142,
                        "y1": 138.252608,
                        "x2": 634.775763,
                        "y2": 173.51793
                    }
                },
                {
                    "category": "person",
                    "id": 8,
                    "attributes": {
                        "occluded": true,
                        "truncated": false,
                        "trafficLightColor": "none"
                    },
                    "box2d": {
                        "x1": 650.20434,
                        "y1": 160.293436,
                        "x2": 657.918631,
                        "y2": 179.028139
                    }
                },
                {
                    "category": "person",
                    "id": 9,
                    "attributes": {
                        "occluded": true,
                        "truncated": false,
                        "trafficLightColor": "none"
                    },
                    "box2d": {
                        "x1": 779.143174,
                        "y1": 117.313824,
                        "x2": 798.979918,
                        "y2": 145.966899
                    }
                },
                {
                    "category": "person",
                    "id": 10,
                    "attributes": {
                        "occluded": true,
                        "truncated": false,
                        "trafficLightColor": "none"
                    },
                    "box2d": {
                        "x1": 760.408471,
                        "y1": 138.252608,
                        "x2": 771.428885,
                        "y2": 168.007725
                    }
                },
                {
                    "category": "person",
                    "id": 11,
                    "attributes": {
                        "occluded": true,
                        "truncated": false,
                        "trafficLightColor": "none"
                    },
                    "box2d": {
                        "x1": 775.837049,
                        "y1": 144.864855,
                        "x2": 786.857464,
                        "y2": 171.313848
                    }
                },
                {
                    "category": "person",
                    "id": 12,
                    "attributes": {
                        "occluded": true,
                        "truncated": false,
                        "trafficLightColor": "none"
                    },
                    "box2d": {
                        "x1": 784.653381,
                        "y1": 141.558734,
                        "x2": 807.796248,
                        "y2": 177.926097
                    }
                },
                {
                    "category": "person",
                    "id": 13,
                    "attributes": {
                        "occluded": true,
                        "truncated": false,
                        "trafficLightColor": "none"
                    },
                    "box2d": {
                        "x1": 895.959552,
                        "y1": 125.028115,
                        "x2": 918.000378,
                        "y2": 161.395478
                    }
                },
                {
                    "category": "person",
                    "id": 14,
                    "attributes": {
                        "occluded": true,
                        "truncated": false,
                        "trafficLightColor": "none"
                    },
                    "box2d": {
                        "x1": 921.306501,
                        "y1": 119.517908,
                        "x2": 953.265699,
                        "y2": 151.477106
                    }
                },
                {
                    "category": "person",
                    "id": 15,
                    "attributes": {
                        "occluded": true,
                        "truncated": false,
                        "trafficLightColor": "none"
                    },
                    "box2d": {
                        "x1": 949.959578,
                        "y1": 120.619948,
                        "x2": 973.102442,
                        "y2": 140.456692
                    }
                },
                {
                    "category": "person",
                    "id": 16,
                    "attributes": {
                        "occluded": true,
                        "truncated": false,
                        "trafficLightColor": "none"
                    },
                    "box2d": {
                        "x1": 963.184071,
                        "y1": 118.415866,
                        "x2": 986.326939,
                        "y2": 143.762815
                    }
                },
                {
                    "category": "person",
                    "id": 17,
                    "attributes": {
                        "occluded": false,
                        "truncated": false,
                        "trafficLightColor": "none"
                    },
                    "box2d": {
                        "x1": 807.796247,
                        "y1": 109.599536,
                        "x2": 897.061596,
                        "y2": 370.783326
                    }
                },
                {
                    "category": "person",
                    "id": 18,
                    "attributes": {
                        "occluded": false,
                        "truncated": true,
                        "trafficLightColor": "none"
                    },
                    "box2d": {
                        "x1": 1115.265774,
                        "y1": 43.477058,
                        "x2": 1278.367888,
                        "y2": 414.86498
                    }
                },
                {
                    "category": "truck",
                    "id": 19,
                    "attributes": {
                        "occluded": true,
                        "truncated": false,
                        "trafficLightColor": "none"
                    },
                    "box2d": {
                        "x1": 652.408424,
                        "y1": 87.55871,
                        "x2": 775.83705,
                        "y2": 168.007726
                    }
                },
                {
                    "category": "person",
                    "id": 20,
                    "attributes": {
                        "occluded": true,
                        "truncated": false,
                        "trafficLightColor": "none"
                    },
                    "box2d": {
                        "x1": 367.2546,
                        "y1": 172.609663,
                        "x2": 383.168967,
                        "y2": 207.237922
                    }
                },
                {
                    "category": "area/drivable",
                    "id": 21,
                    "attributes": {},
                    "poly2d": [
                        [
                            56.256982,
                            293.624798,
                            "L"
                        ],
                        [
                            392.069252,
                            275.062312,
                            "L"
                        ],
                        [
                            392.069252,
                            303.74979,
                            "L"
                        ],
                        [
                            596.256611,
                            295.312297,
                            "L"
                        ],
                        [
                            700.881539,
                            440.437197,
                            "L"
                        ],
                        [
                            484.128569,
                            436.713915,
                            "C"
                        ],
                        [
                            257.069344,
                            443.812196,
                            "C"
                        ],
                        [
                            0,
                            494.437161,
                            "C"
                        ],
                        [
                            0,
                            312.187285,
                            "L"
                        ],
                        [
                            56.256982,
                            293.624798,
                            "L"
                        ]
                    ]
                },
                {
                    "category": "lane/road curb",
                    "id": 22,
                    "attributes": {
                        "direction": "parallel",
                        "style": "solid"
                    },
                    "poly2d": [
                        [
                            546.669645,
                            224.189425,
                            "L"
                        ],
                        [
                            704.830677,
                            442.236673,
                            "L"
                        ]
                    ]
                },
                {
                    "category": "lane/single white",
                    "id": 23,
                    "attributes": {
                        "direction": "parallel",
                        "style": "dashed"
                    },
                    "poly2d": [
                        [
                            90.613075,
                            284.075641,
                            "L"
                        ],
                        [
                            0,
                            308.644345,
                            "L"
                        ]
                    ]
                }
            ]
        }
    ],
    "attributes": {
        "weather": "undefined",
        "scene": "city street",
        "timeofday": "daytime"
    }
}